GHO (CODE),GHO (DISPLAY),GHO (URL),PUBLISHSTATE (CODE),PUBLISHSTATE (DISPLAY),PUBLISHSTATE (URL),YEAR (CODE),YEAR (DISPLAY),YEAR (URL),REGION (CODE),REGION (DISPLAY),REGION (URL),Display Value,Numeric,Low,High,StdErr,StdDev,Comments
CC_1,Climate change attributable deaths,https://www.who.int/data/gho/indicator-metadata-registry/imr-details/2391,PUBLISHED,Published,,2004,2004,,WHO_LMI_AFR,Low-and-middle-income countries of the African Region,1_Afr_LM,57.0,56.64,,,,,
CC_1,Climate change attributable deaths,https://www.who.int/data/gho/indicator-metadata-registry/imr-details/2391,PUBLISHED,Published,,2004,2004,,WHO_LMI_AMR,Low-and-middle-income countries of the Americas,2_Amr_LM,2.0,1.75,,,,,
CC_1,Climate change attributable deaths,https://www.who.int/data/gho/indicator-metadata-registry/imr-details/2391,PUBLISHED,Published,,2004,2004,,WHO_LMI_EMR,Low-and-middle-income countries of the Eastern Mediterranean Region,5_Emr_LM,20.0,19.91,,,,,
CC_1,Climate change attributable deaths,https://www.who.int/data/gho/indicator-metadata-registry/imr-details/2391,PUBLISHED,Published,,2004,2004,,WHO_LMI_EUR,Low-and-middle-income countries of the European Region,4_Eur_LM,0.67,0.67,,,,,
CC_1,Climate change attributable deaths,https://www.who.int/data/gho/indicator-metadata-registry/imr-details/2391,PUBLISHED,Published,,2004,2004,,WHO_LMI_SEAR,Low-and-middle-income countries of the South-East Asia Region,3_Sear_LM,58.0,57.98,,,,,
CC_1,Climate change attributable deaths,https://www.who.int/data/gho/indicator-metadata-registry/imr-details/2391,PUBLISHED,Published,,2004,2004,,WHO_LMI_WPR,Low-and-middle-income countries of the Western Pacific Region,6_Wpr_LM,4.0,4.1,,,,,
CC_1,Climate change attributable deaths,https://www.who.int/data/gho/indicator-metadata-registry/imr-details/2391,PUBLISHED,Published,,2004,2004,,WHO_LMI_HIC,High income countries,7_MS_HIC,0.23,0.23,,,,,
CC_1,Climate change attributable deaths,https://www.who.int/data/gho/indicator-metadata-registry/imr-details/2391,PUBLISHED,Published,,2004,2004,,WHO_LMI_WORLD,Global,0_World,141.0,141.28,,,,,
