GHO (CODE),GHO (DISPLAY),GHO (URL),PUBLISHSTATE (CODE),PUBLISHSTATE (DISPLAY),PUBLISHSTATE (URL),YEAR (CODE),YEAR (DISPLAY),YEAR (URL),REGION (CODE),REGION (DISPLAY),REGION (URL),UNREGION (CODE),UNREGION (DISPLAY),UNREGION (URL),WORLDBANKINCOMEGROUP (CODE),WORLDBANKINCOMEGROUP (DISPLAY),WORLDBANKINCOMEGROUP (URL),WORLDBANKREGION (CODE),WORLDBANKREGION (DISPLAY),WORLDBANKREGION (URL),UNSDGREGION (CODE),UNSDGREGION (DISPLAY),UNSDGREGION (URL),Display Value,Numeric,Low,High,StdErr,StdDev,Comments
FINPROTECTION_CATA_TOT_10_LEVEL_SH,Total population with household expenditures on health greater than 10% of total household expenditure or income (SDG indicator 3.8.2) (%),https://www.who.int/data/gho/indicator-metadata-registry/imr-details/4844,PUBLISHED,Published,,2015,2015,,AMR,Americas,,,,,,,,,,,,,,11.25,11.25406,,,,,
FINPROTECTION_CATA_TOT_10_LEVEL_SH,Total population with household expenditures on health greater than 10% of total household expenditure or income (SDG indicator 3.8.2) (%),https://www.who.int/data/gho/indicator-metadata-registry/imr-details/4844,PUBLISHED,Published,,2015,2015,,EUR,Europe,,,,,,,,,,,,,,7.38,7.37621,,,,,
FINPROTECTION_CATA_TOT_10_LEVEL_SH,Total population with household expenditures on health greater than 10% of total household expenditure or income (SDG indicator 3.8.2) (%),https://www.who.int/data/gho/indicator-metadata-registry/imr-details/4844,PUBLISHED,Published,,2015,2015,,,,,,,,,,,,,,UNSDG_EASTERNASIASOUTHEASTERNASIA,Eastern Asia and South-eastern Asia,,14.07,14.07281,,,,,
FINPROTECTION_CATA_TOT_10_LEVEL_SH,Total population with household expenditures on health greater than 10% of total household expenditure or income (SDG indicator 3.8.2) (%),https://www.who.int/data/gho/indicator-metadata-registry/imr-details/4844,PUBLISHED,Published,,2015,2015,,,,,,,,,,,,,,UNSDG_LAC,Latin America and the Caribbean,,15.15,15.146529999999998,,,,,
FINPROTECTION_CATA_TOT_10_LEVEL_SH,Total population with household expenditures on health greater than 10% of total household expenditure or income (SDG indicator 3.8.2) (%),https://www.who.int/data/gho/indicator-metadata-registry/imr-details/4844,PUBLISHED,Published,,2015,2015,,,,,UN_Europe,Europe,,,,,,,,,,,7.56,7.559880000000001,,,,,
FINPROTECTION_CATA_TOT_10_LEVEL_SH,Total population with household expenditures on health greater than 10% of total household expenditure or income (SDG indicator 3.8.2) (%),https://www.who.int/data/gho/indicator-metadata-registry/imr-details/4844,PUBLISHED,Published,,2015,2015,,,,,UN_Northern_America,Northern America,,,,,,,,,,,4.42,4.42415,,,,,
FINPROTECTION_CATA_TOT_10_LEVEL_SH,Total population with household expenditures on health greater than 10% of total household expenditure or income (SDG indicator 3.8.2) (%),https://www.who.int/data/gho/indicator-metadata-registry/imr-details/4844,PUBLISHED,Published,,2015,2015,,,,,,,,,,,WB_ECA,Europe & Central Asia,,,,,7.38,7.37788,,,,,
FINPROTECTION_CATA_TOT_10_LEVEL_SH,Total population with household expenditures on health greater than 10% of total household expenditure or income (SDG indicator 3.8.2) (%),https://www.who.int/data/gho/indicator-metadata-registry/imr-details/4844,PUBLISHED,Published,,2015,2015,,,,,,,,,,,WB_MNA,Middle East & North Africa,,,,,13.52,13.520660000000001,,,,,
FINPROTECTION_CATA_TOT_10_LEVEL_SH,Total population with household expenditures on health greater than 10% of total household expenditure or income (SDG indicator 3.8.2) (%),https://www.who.int/data/gho/indicator-metadata-registry/imr-details/4844,PUBLISHED,Published,,2010,2010,,AMR,Americas,,,,,,,,,,,,,,13.43,13.432179999999999,,,,,
FINPROTECTION_CATA_TOT_10_LEVEL_SH,Total population with household expenditures on health greater than 10% of total household expenditure or income (SDG indicator 3.8.2) (%),https://www.who.int/data/gho/indicator-metadata-registry/imr-details/4844,PUBLISHED,Published,,2010,2010,,EUR,Europe,,,,,,,,,,,,,,6.59,6.5890699999999995,,,,,
FINPROTECTION_CATA_TOT_10_LEVEL_SH,Total population with household expenditures on health greater than 10% of total household expenditure or income (SDG indicator 3.8.2) (%),https://www.who.int/data/gho/indicator-metadata-registry/imr-details/4844,PUBLISHED,Published,,2010,2010,,,,,,,,,,,,,,UNSDG_LAC,Latin America and the Caribbean,,18.56,18.55761,,,,,
FINPROTECTION_CATA_TOT_10_LEVEL_SH,Total population with household expenditures on health greater than 10% of total household expenditure or income (SDG indicator 3.8.2) (%),https://www.who.int/data/gho/indicator-metadata-registry/imr-details/4844,PUBLISHED,Published,,2010,2010,,,,,,,,,,,,,,UNSDG_OCEANIA,Oceania,,3.52,3.5227199999999996,,,,,
FINPROTECTION_CATA_TOT_10_LEVEL_SH,Total population with household expenditures on health greater than 10% of total household expenditure or income (SDG indicator 3.8.2) (%),https://www.who.int/data/gho/indicator-metadata-registry/imr-details/4844,PUBLISHED,Published,,2010,2010,,,,,UN_Northern_America,Northern America,,,,,,,,,,,4.55,4.55317,,,,,
FINPROTECTION_CATA_TOT_10_LEVEL_SH,Total population with household expenditures on health greater than 10% of total household expenditure or income (SDG indicator 3.8.2) (%),https://www.who.int/data/gho/indicator-metadata-registry/imr-details/4844,PUBLISHED,Published,,2010,2010,,,,,,,,WB_HI,High-income,,,,,,,,6.48,6.47885,,,,,
FINPROTECTION_CATA_TOT_10_LEVEL_SH,Total population with household expenditures on health greater than 10% of total household expenditure or income (SDG indicator 3.8.2) (%),https://www.who.int/data/gho/indicator-metadata-registry/imr-details/4844,PUBLISHED,Published,,2010,2010,,,,,,,,,,,WB_ECA,Europe & Central Asia,,,,,6.59,6.590960000000001,,,,,
FINPROTECTION_CATA_TOT_10_LEVEL_SH,Total population with household expenditures on health greater than 10% of total household expenditure or income (SDG indicator 3.8.2) (%),https://www.who.int/data/gho/indicator-metadata-registry/imr-details/4844,PUBLISHED,Published,,2010,2010,,,,,,,,,,,WB_MNA,Middle East & North Africa,,,,,12.62,12.623560000000001,,,,,
FINPROTECTION_CATA_TOT_10_LEVEL_SH,Total population with household expenditures on health greater than 10% of total household expenditure or income (SDG indicator 3.8.2) (%),https://www.who.int/data/gho/indicator-metadata-registry/imr-details/4844,PUBLISHED,Published,,2005,2005,,EUR,Europe,,,,,,,,,,,,,,6.41,6.41131,,,,,
FINPROTECTION_CATA_TOT_10_LEVEL_SH,Total population with household expenditures on health greater than 10% of total household expenditure or income (SDG indicator 3.8.2) (%),https://www.who.int/data/gho/indicator-metadata-registry/imr-details/4844,PUBLISHED,Published,,2005,2005,,SEAR,South-East Asia,,,,,,,,,,,,,,12.88,12.87723,,,,,
FINPROTECTION_CATA_TOT_10_LEVEL_SH,Total population with household expenditures on health greater than 10% of total household expenditure or income (SDG indicator 3.8.2) (%),https://www.who.int/data/gho/indicator-metadata-registry/imr-details/4844,PUBLISHED,Published,,2005,2005,,,,,,,,,,,,,,UNSDG_OCEANIA,Oceania,,3.1,3.09998,,,,,
FINPROTECTION_CATA_TOT_10_LEVEL_SH,Total population with household expenditures on health greater than 10% of total household expenditure or income (SDG indicator 3.8.2) (%),https://www.who.int/data/gho/indicator-metadata-registry/imr-details/4844,PUBLISHED,Published,,2005,2005,,,,,,,,,,,,,,UNSDG_WESTERNASIANORTHERNAFR,Western Asia and Northern Africa,,10.26,10.26051,,,,,
FINPROTECTION_CATA_TOT_10_LEVEL_SH,Total population with household expenditures on health greater than 10% of total household expenditure or income (SDG indicator 3.8.2) (%),https://www.who.int/data/gho/indicator-metadata-registry/imr-details/4844,PUBLISHED,Published,,2005,2005,,,,,UN_Northern_America,Northern America,,,,,,,,,,,5.31,5.31158,,,,,
FINPROTECTION_CATA_TOT_10_LEVEL_SH,Total population with household expenditures on health greater than 10% of total household expenditure or income (SDG indicator 3.8.2) (%),https://www.who.int/data/gho/indicator-metadata-registry/imr-details/4844,PUBLISHED,Published,,2005,2005,,,,,,,,WB_HI,High-income,,,,,,,,6.11,6.11045,,,,,
FINPROTECTION_CATA_TOT_10_LEVEL_SH,Total population with household expenditures on health greater than 10% of total household expenditure or income (SDG indicator 3.8.2) (%),https://www.who.int/data/gho/indicator-metadata-registry/imr-details/4844,PUBLISHED,Published,,2005,2005,,,,,,,,,,,WB_MNA,Middle East & North Africa,,,,,10.95,10.95076,,,,,
FINPROTECTION_CATA_TOT_10_LEVEL_SH,Total population with household expenditures on health greater than 10% of total household expenditure or income (SDG indicator 3.8.2) (%),https://www.who.int/data/gho/indicator-metadata-registry/imr-details/4844,PUBLISHED,Published,,2005,2005,,,,,,,,,,,WB_SAR,South Asia,,,,,14.08,14.07632,,,,,
FINPROTECTION_CATA_TOT_10_LEVEL_SH,Total population with household expenditures on health greater than 10% of total household expenditure or income (SDG indicator 3.8.2) (%),https://www.who.int/data/gho/indicator-metadata-registry/imr-details/4844,PUBLISHED,Published,,2000,2000,,SEAR,South-East Asia,,,,,,,,,,,,,,11.45,11.45098,,,,,
FINPROTECTION_CATA_TOT_10_LEVEL_SH,Total population with household expenditures on health greater than 10% of total household expenditure or income (SDG indicator 3.8.2) (%),https://www.who.int/data/gho/indicator-metadata-registry/imr-details/4844,PUBLISHED,Published,,2000,2000,,,,,,,,,,,,,,UNSDG_CENTRALASIASOUTHERNASIA,Central Asia and Southern Asia,,12.45,12.44908,,,,,
FINPROTECTION_CATA_TOT_10_LEVEL_SH,Total population with household expenditures on health greater than 10% of total household expenditure or income (SDG indicator 3.8.2) (%),https://www.who.int/data/gho/indicator-metadata-registry/imr-details/4844,PUBLISHED,Published,,2000,2000,,,,,,,,,,,,,,UNSDG_OCEANIA,Oceania,,3.14,3.14468,,,,,
FINPROTECTION_CATA_TOT_10_LEVEL_SH,Total population with household expenditures on health greater than 10% of total household expenditure or income (SDG indicator 3.8.2) (%),https://www.who.int/data/gho/indicator-metadata-registry/imr-details/4844,PUBLISHED,Published,,2000,2000,,,,,,,,,,,,,,UNSDG_WESTERNASIANORTHERNAFR,Western Asia and Northern Africa,,8.27,8.26817,,,,,
FINPROTECTION_CATA_TOT_10_LEVEL_SH,Total population with household expenditures on health greater than 10% of total household expenditure or income (SDG indicator 3.8.2) (%),https://www.who.int/data/gho/indicator-metadata-registry/imr-details/4844,PUBLISHED,Published,,2000,2000,,,,,UN_Asia,Asia,,,,,,,,,,,10.74,10.73598,,,,,
FINPROTECTION_CATA_TOT_10_LEVEL_SH,Total population with household expenditures on health greater than 10% of total household expenditure or income (SDG indicator 3.8.2) (%),https://www.who.int/data/gho/indicator-metadata-registry/imr-details/4844,PUBLISHED,Published,,2000,2000,,,,,,,,WB_HI,High-income,,,,,,,,5.24,5.24159,,,,,
FINPROTECTION_CATA_TOT_10_LEVEL_SH,Total population with household expenditures on health greater than 10% of total household expenditure or income (SDG indicator 3.8.2) (%),https://www.who.int/data/gho/indicator-metadata-registry/imr-details/4844,PUBLISHED,Published,,2000,2000,,,,,,,,WB_LMI,Lower-middle-income,,,,,,,,9.99,9.98812,,,,,
FINPROTECTION_CATA_TOT_10_LEVEL_SH,Total population with household expenditures on health greater than 10% of total household expenditure or income (SDG indicator 3.8.2) (%),https://www.who.int/data/gho/indicator-metadata-registry/imr-details/4844,PUBLISHED,Published,,2000,2000,,,,,,,,,,,WB_SAR,South Asia,,,,,12.8,12.80299,,,,,
FINPROTECTION_CATA_TOT_10_LEVEL_SH,Total population with household expenditures on health greater than 10% of total household expenditure or income (SDG indicator 3.8.2) (%),https://www.who.int/data/gho/indicator-metadata-registry/imr-details/4844,PUBLISHED,Published,,2015,2015,,,,,,,,,,,,,,UNSDG_OCEANIA,Oceania,,3.65,3.6545300000000003,,,,,
FINPROTECTION_CATA_TOT_10_LEVEL_SH,Total population with household expenditures on health greater than 10% of total household expenditure or income (SDG indicator 3.8.2) (%),https://www.who.int/data/gho/indicator-metadata-registry/imr-details/4844,PUBLISHED,Published,,2015,2015,,,,,,,,,,,,,,UNSDG_SUBSAHARANAFRICA,Sub-Saharan Africa,,7.3,7.30404,,,,,
FINPROTECTION_CATA_TOT_10_LEVEL_SH,Total population with household expenditures on health greater than 10% of total household expenditure or income (SDG indicator 3.8.2) (%),https://www.who.int/data/gho/indicator-metadata-registry/imr-details/4844,PUBLISHED,Published,,2015,2015,,,,,,,,,,,,,,UNSDG_WESTERNASIANORTHERNAFR,Western Asia and Northern Africa,,12.07,12.067960000000001,,,,,
FINPROTECTION_CATA_TOT_10_LEVEL_SH,Total population with household expenditures on health greater than 10% of total household expenditure or income (SDG indicator 3.8.2) (%),https://www.who.int/data/gho/indicator-metadata-registry/imr-details/4844,PUBLISHED,Published,,2015,2015,,,,,UN_Africa,Africa,,,,,,,,,,,9.29,9.28872,,,,,
FINPROTECTION_CATA_TOT_10_LEVEL_SH,Total population with household expenditures on health greater than 10% of total household expenditure or income (SDG indicator 3.8.2) (%),https://www.who.int/data/gho/indicator-metadata-registry/imr-details/4844,PUBLISHED,Published,,2015,2015,,,,,,,,,,,WB_NAR,North America,,,,,4.42,4.424169999999999,,,,,
FINPROTECTION_CATA_TOT_10_LEVEL_SH,Total population with household expenditures on health greater than 10% of total household expenditure or income (SDG indicator 3.8.2) (%),https://www.who.int/data/gho/indicator-metadata-registry/imr-details/4844,PUBLISHED,Published,,2015,2015,,,,,,,,,,,WB_SAR,South Asia,,,,,17.24,17.236639999999998,,,,,
FINPROTECTION_CATA_TOT_10_LEVEL_SH,Total population with household expenditures on health greater than 10% of total household expenditure or income (SDG indicator 3.8.2) (%),https://www.who.int/data/gho/indicator-metadata-registry/imr-details/4844,PUBLISHED,Published,,2015,2015,,,,,,,,,,,WB_SSA,Sub-Saharan Africa,,,,,7.72,7.71679,,,,,
FINPROTECTION_CATA_TOT_10_LEVEL_SH,Total population with household expenditures on health greater than 10% of total household expenditure or income (SDG indicator 3.8.2) (%),https://www.who.int/data/gho/indicator-metadata-registry/imr-details/4844,PUBLISHED,Published,,2010,2010,,AFR,Africa,,,,,,,,,,,,,,7.37,7.36722,,,,,
FINPROTECTION_CATA_TOT_10_LEVEL_SH,Total population with household expenditures on health greater than 10% of total household expenditure or income (SDG indicator 3.8.2) (%),https://www.who.int/data/gho/indicator-metadata-registry/imr-details/4844,PUBLISHED,Published,,2010,2010,,,,,,,,,,,,,,UNSDG_WESTERNASIANORTHERNAFR,Western Asia and Northern Africa,,11.44,11.43777,,,,,
FINPROTECTION_CATA_TOT_10_LEVEL_SH,Total population with household expenditures on health greater than 10% of total household expenditure or income (SDG indicator 3.8.2) (%),https://www.who.int/data/gho/indicator-metadata-registry/imr-details/4844,PUBLISHED,Published,,2010,2010,,,,,UN_Africa,Africa,,,,,,,,,,,9.25,9.25227,,,,,
FINPROTECTION_CATA_TOT_10_LEVEL_SH,Total population with household expenditures on health greater than 10% of total household expenditure or income (SDG indicator 3.8.2) (%),https://www.who.int/data/gho/indicator-metadata-registry/imr-details/4844,PUBLISHED,Published,,2010,2010,,,,,UN_Asia,Asia,,,,,,,,,,,13.4,13.39885,,,,,
FINPROTECTION_CATA_TOT_10_LEVEL_SH,Total population with household expenditures on health greater than 10% of total household expenditure or income (SDG indicator 3.8.2) (%),https://www.who.int/data/gho/indicator-metadata-registry/imr-details/4844,PUBLISHED,Published,,2010,2010,,,,,UN_Europe,Europe,,,,,,,,,,,6.68,6.68393,,,,,
FINPROTECTION_CATA_TOT_10_LEVEL_SH,Total population with household expenditures on health greater than 10% of total household expenditure or income (SDG indicator 3.8.2) (%),https://www.who.int/data/gho/indicator-metadata-registry/imr-details/4844,PUBLISHED,Published,,2010,2010,,,,,,,,,,,WB_SAR,South Asia,,,,,13.82,13.82066,,,,,
FINPROTECTION_CATA_TOT_10_LEVEL_SH,Total population with household expenditures on health greater than 10% of total household expenditure or income (SDG indicator 3.8.2) (%),https://www.who.int/data/gho/indicator-metadata-registry/imr-details/4844,PUBLISHED,Published,,2010,2010,,,,,,,,,,,WB_SSA,Sub-Saharan Africa,,,,,7.86,7.8577,,,,,
FINPROTECTION_CATA_TOT_10_LEVEL_SH,Total population with household expenditures on health greater than 10% of total household expenditure or income (SDG indicator 3.8.2) (%),https://www.who.int/data/gho/indicator-metadata-registry/imr-details/4844,PUBLISHED,Published,,2005,2005,,AFR,Africa,,,,,,,,,,,,,,7.0,7.0007,,,,,
FINPROTECTION_CATA_TOT_10_LEVEL_SH,Total population with household expenditures on health greater than 10% of total household expenditure or income (SDG indicator 3.8.2) (%),https://www.who.int/data/gho/indicator-metadata-registry/imr-details/4844,PUBLISHED,Published,,2005,2005,,AMR,Americas,,,,,,,,,,,,,,11.84,11.83596,,,,,
FINPROTECTION_CATA_TOT_10_LEVEL_SH,Total population with household expenditures on health greater than 10% of total household expenditure or income (SDG indicator 3.8.2) (%),https://www.who.int/data/gho/indicator-metadata-registry/imr-details/4844,PUBLISHED,Published,,2005,2005,,EMR,Eastern Mediterranean,,,,,,,,,,,,,,8.85,8.84925,,,,,
FINPROTECTION_CATA_TOT_10_LEVEL_SH,Total population with household expenditures on health greater than 10% of total household expenditure or income (SDG indicator 3.8.2) (%),https://www.who.int/data/gho/indicator-metadata-registry/imr-details/4844,PUBLISHED,Published,,2005,2005,,,,,UN_Africa,Africa,,,,,,,,,,,8.37,8.365969999999999,,,,,
FINPROTECTION_CATA_TOT_10_LEVEL_SH,Total population with household expenditures on health greater than 10% of total household expenditure or income (SDG indicator 3.8.2) (%),https://www.who.int/data/gho/indicator-metadata-registry/imr-details/4844,PUBLISHED,Published,,2005,2005,,,,,UN_Asia,Asia,,,,,,,,,,,12.97,12.968630000000001,,,,,
FINPROTECTION_CATA_TOT_10_LEVEL_SH,Total population with household expenditures on health greater than 10% of total household expenditure or income (SDG indicator 3.8.2) (%),https://www.who.int/data/gho/indicator-metadata-registry/imr-details/4844,PUBLISHED,Published,,2005,2005,,,,,UN_Europe,Europe,,,,,,,,,,,6.43,6.42531,,,,,
FINPROTECTION_CATA_TOT_10_LEVEL_SH,Total population with household expenditures on health greater than 10% of total household expenditure or income (SDG indicator 3.8.2) (%),https://www.who.int/data/gho/indicator-metadata-registry/imr-details/4844,PUBLISHED,Published,,2005,2005,,,,,UN_Latin America_Caribbean,Latin America and Caribbean,,,,,,,,,,,15.65,15.645679999999999,,,,,
FINPROTECTION_CATA_TOT_10_LEVEL_SH,Total population with household expenditures on health greater than 10% of total household expenditure or income (SDG indicator 3.8.2) (%),https://www.who.int/data/gho/indicator-metadata-registry/imr-details/4844,PUBLISHED,Published,,2000,2000,,AFR,Africa,,,,,,,,,,,,,,6.03,6.02606,,,,,
FINPROTECTION_CATA_TOT_10_LEVEL_SH,Total population with household expenditures on health greater than 10% of total household expenditure or income (SDG indicator 3.8.2) (%),https://www.who.int/data/gho/indicator-metadata-registry/imr-details/4844,PUBLISHED,Published,,2000,2000,,AMR,Americas,,,,,,,,,,,,,,9.08,9.07823,,,,,
FINPROTECTION_CATA_TOT_10_LEVEL_SH,Total population with household expenditures on health greater than 10% of total household expenditure or income (SDG indicator 3.8.2) (%),https://www.who.int/data/gho/indicator-metadata-registry/imr-details/4844,PUBLISHED,Published,,2000,2000,,EMR,Eastern Mediterranean,,,,,,,,,,,,,,8.03,8.031460000000001,,,,,
FINPROTECTION_CATA_TOT_10_LEVEL_SH,Total population with household expenditures on health greater than 10% of total household expenditure or income (SDG indicator 3.8.2) (%),https://www.who.int/data/gho/indicator-metadata-registry/imr-details/4844,PUBLISHED,Published,,2000,2000,,EUR,Europe,,,,,,,,,,,,,,6.27,6.27215,,,,,
FINPROTECTION_CATA_TOT_10_LEVEL_SH,Total population with household expenditures on health greater than 10% of total household expenditure or income (SDG indicator 3.8.2) (%),https://www.who.int/data/gho/indicator-metadata-registry/imr-details/4844,PUBLISHED,Published,,2000,2000,,,,,UN_Europe,Europe,,,,,,,,,,,6.06,6.0634,,,,,
FINPROTECTION_CATA_TOT_10_LEVEL_SH,Total population with household expenditures on health greater than 10% of total household expenditure or income (SDG indicator 3.8.2) (%),https://www.who.int/data/gho/indicator-metadata-registry/imr-details/4844,PUBLISHED,Published,,2000,2000,,,,,UN_Latin America_Caribbean,Latin America and Caribbean,,,,,,,,,,,11.21,11.211780000000001,,,,,
FINPROTECTION_CATA_TOT_10_LEVEL_SH,Total population with household expenditures on health greater than 10% of total household expenditure or income (SDG indicator 3.8.2) (%),https://www.who.int/data/gho/indicator-metadata-registry/imr-details/4844,PUBLISHED,Published,,2000,2000,,,,,UN_Northern_America,Northern America,,,,,,,,,,,5.5,5.5009,,,,,
FINPROTECTION_CATA_TOT_10_LEVEL_SH,Total population with household expenditures on health greater than 10% of total household expenditure or income (SDG indicator 3.8.2) (%),https://www.who.int/data/gho/indicator-metadata-registry/imr-details/4844,PUBLISHED,Published,,2000,2000,,,,,UN_Oceania,Oceania,,,,,,,,,,,3.14,3.14468,,,,,
FINPROTECTION_CATA_TOT_10_LEVEL_SH,Total population with household expenditures on health greater than 10% of total household expenditure or income (SDG indicator 3.8.2) (%),https://www.who.int/data/gho/indicator-metadata-registry/imr-details/4844,PUBLISHED,Published,,2015,2015,,GLOBAL,GlobalGlobal,,UN_World,Global,,WB_WORLD_INCOME,Global,,GLOBAL,GlobalGlobal,,UNSDG_WORLD,World,,12.67,12.669139999999999,,,,,
FINPROTECTION_CATA_TOT_10_LEVEL_SH,Total population with household expenditures on health greater than 10% of total household expenditure or income (SDG indicator 3.8.2) (%),https://www.who.int/data/gho/indicator-metadata-registry/imr-details/4844,PUBLISHED,Published,,2015,2015,,SEAR,South-East Asia,,,,,,,,,,,,,,16.0,15.996260000000001,,,,,
FINPROTECTION_CATA_TOT_10_LEVEL_SH,Total population with household expenditures on health greater than 10% of total household expenditure or income (SDG indicator 3.8.2) (%),https://www.who.int/data/gho/indicator-metadata-registry/imr-details/4844,PUBLISHED,Published,,2015,2015,,WPR,Western Pacific,,,,,,,,,,,,,,15.86,15.864289999999999,,,,,
FINPROTECTION_CATA_TOT_10_LEVEL_SH,Total population with household expenditures on health greater than 10% of total household expenditure or income (SDG indicator 3.8.2) (%),https://www.who.int/data/gho/indicator-metadata-registry/imr-details/4844,PUBLISHED,Published,,2015,2015,,,,,,,,,,,,,,UNSDG_CENTRALASIASOUTHERNASIA,Central Asia and Southern Asia,,16.8,16.8042,,,,,
FINPROTECTION_CATA_TOT_10_LEVEL_SH,Total population with household expenditures on health greater than 10% of total household expenditure or income (SDG indicator 3.8.2) (%),https://www.who.int/data/gho/indicator-metadata-registry/imr-details/4844,PUBLISHED,Published,,2015,2015,,,,,,,,WB_HI,High-income,,,,,,,,6.9,6.895989999999999,,,,,
FINPROTECTION_CATA_TOT_10_LEVEL_SH,Total population with household expenditures on health greater than 10% of total household expenditure or income (SDG indicator 3.8.2) (%),https://www.who.int/data/gho/indicator-metadata-registry/imr-details/4844,PUBLISHED,Published,,2015,2015,,,,,,,,WB_LI,Low-income,,,,,,,,6.89,6.89042,,,,,
FINPROTECTION_CATA_TOT_10_LEVEL_SH,Total population with household expenditures on health greater than 10% of total household expenditure or income (SDG indicator 3.8.2) (%),https://www.who.int/data/gho/indicator-metadata-registry/imr-details/4844,PUBLISHED,Published,,2015,2015,,,,,,,,WB_LMI,Lower-middle-income,,,,,,,,14.24,14.239920000000001,,,,,
FINPROTECTION_CATA_TOT_10_LEVEL_SH,Total population with household expenditures on health greater than 10% of total household expenditure or income (SDG indicator 3.8.2) (%),https://www.who.int/data/gho/indicator-metadata-registry/imr-details/4844,PUBLISHED,Published,,2015,2015,,,,,,,,WB_UMI,Upper-middle-income,,,,,,,,14.88,14.88216,,,,,
FINPROTECTION_CATA_TOT_10_LEVEL_SH,Total population with household expenditures on health greater than 10% of total household expenditure or income (SDG indicator 3.8.2) (%),https://www.who.int/data/gho/indicator-metadata-registry/imr-details/4844,PUBLISHED,Published,,2010,2010,,SEAR,South-East Asia,,,,,,,,,,,,,,12.81,12.806289999999999,,,,,
FINPROTECTION_CATA_TOT_10_LEVEL_SH,Total population with household expenditures on health greater than 10% of total household expenditure or income (SDG indicator 3.8.2) (%),https://www.who.int/data/gho/indicator-metadata-registry/imr-details/4844,PUBLISHED,Published,,2010,2010,,WPR,Western Pacific,,,,,,,,,,,,,,15.99,15.987779999999999,,,,,
FINPROTECTION_CATA_TOT_10_LEVEL_SH,Total population with household expenditures on health greater than 10% of total household expenditure or income (SDG indicator 3.8.2) (%),https://www.who.int/data/gho/indicator-metadata-registry/imr-details/4844,PUBLISHED,Published,,2010,2010,,,,,,,,,,,,,,UNSDG_CENTRALASIASOUTHERNASIA,Central Asia and Southern Asia,,13.59,13.585020000000002,,,,,
FINPROTECTION_CATA_TOT_10_LEVEL_SH,Total population with household expenditures on health greater than 10% of total household expenditure or income (SDG indicator 3.8.2) (%),https://www.who.int/data/gho/indicator-metadata-registry/imr-details/4844,PUBLISHED,Published,,2010,2010,,,,,,,,,,,,,,UNSDG_EASTERNASIASOUTHEASTERNASIA,Eastern Asia and South-eastern Asia,,13.96,13.9603,,,,,
FINPROTECTION_CATA_TOT_10_LEVEL_SH,Total population with household expenditures on health greater than 10% of total household expenditure or income (SDG indicator 3.8.2) (%),https://www.who.int/data/gho/indicator-metadata-registry/imr-details/4844,PUBLISHED,Published,,2010,2010,,,,,,,,,,,,,,UNSDG_EUROPE,Europe,,6.68,6.68393,,,,,
FINPROTECTION_CATA_TOT_10_LEVEL_SH,Total population with household expenditures on health greater than 10% of total household expenditure or income (SDG indicator 3.8.2) (%),https://www.who.int/data/gho/indicator-metadata-registry/imr-details/4844,PUBLISHED,Published,,2010,2010,,,,,,,,WB_LI,Low-income,,,,,,,,8.57,8.57157,,,,,
FINPROTECTION_CATA_TOT_10_LEVEL_SH,Total population with household expenditures on health greater than 10% of total household expenditure or income (SDG indicator 3.8.2) (%),https://www.who.int/data/gho/indicator-metadata-registry/imr-details/4844,PUBLISHED,Published,,2010,2010,,,,,,,,WB_LMI,Lower-middle-income,,,,,,,,11.84,11.8387,,,,,
FINPROTECTION_CATA_TOT_10_LEVEL_SH,Total population with household expenditures on health greater than 10% of total household expenditure or income (SDG indicator 3.8.2) (%),https://www.who.int/data/gho/indicator-metadata-registry/imr-details/4844,PUBLISHED,Published,,2010,2010,,,,,,,,WB_UMI,Upper-middle-income,,,,,,,,15.81,15.807939999999999,,,,,
FINPROTECTION_CATA_TOT_10_LEVEL_SH,Total population with household expenditures on health greater than 10% of total household expenditure or income (SDG indicator 3.8.2) (%),https://www.who.int/data/gho/indicator-metadata-registry/imr-details/4844,PUBLISHED,Published,,2010,2010,,,,,,,,,,,WB_EAP,East Asia & Pacific,,,,,13.78,13.784970000000001,,,,,
FINPROTECTION_CATA_TOT_10_LEVEL_SH,Total population with household expenditures on health greater than 10% of total household expenditure or income (SDG indicator 3.8.2) (%),https://www.who.int/data/gho/indicator-metadata-registry/imr-details/4844,PUBLISHED,Published,,2005,2005,,,,,,,,,,,,,,UNSDG_CENTRALASIASOUTHERNASIA,Central Asia and Southern Asia,,13.68,13.67876,,,,,
FINPROTECTION_CATA_TOT_10_LEVEL_SH,Total population with household expenditures on health greater than 10% of total household expenditure or income (SDG indicator 3.8.2) (%),https://www.who.int/data/gho/indicator-metadata-registry/imr-details/4844,PUBLISHED,Published,,2005,2005,,,,,,,,,,,,,,UNSDG_EASTERNASIASOUTHEASTERNASIA,Eastern Asia and South-eastern Asia,,12.96,12.96355,,,,,
FINPROTECTION_CATA_TOT_10_LEVEL_SH,Total population with household expenditures on health greater than 10% of total household expenditure or income (SDG indicator 3.8.2) (%),https://www.who.int/data/gho/indicator-metadata-registry/imr-details/4844,PUBLISHED,Published,,2005,2005,,,,,,,,,,,,,,UNSDG_EUROPE,Europe,,6.43,6.42531,,,,,
FINPROTECTION_CATA_TOT_10_LEVEL_SH,Total population with household expenditures on health greater than 10% of total household expenditure or income (SDG indicator 3.8.2) (%),https://www.who.int/data/gho/indicator-metadata-registry/imr-details/4844,PUBLISHED,Published,,2005,2005,,,,,,,,,,,,,,UNSDG_LAC,Latin America and the Caribbean,,15.65,15.645679999999999,,,,,
FINPROTECTION_CATA_TOT_10_LEVEL_SH,Total population with household expenditures on health greater than 10% of total household expenditure or income (SDG indicator 3.8.2) (%),https://www.who.int/data/gho/indicator-metadata-registry/imr-details/4844,PUBLISHED,Published,,2005,2005,,,,,,,,WB_LMI,Lower-middle-income,,,,,,,,14.18,14.17583,,,,,
FINPROTECTION_CATA_TOT_10_LEVEL_SH,Total population with household expenditures on health greater than 10% of total household expenditure or income (SDG indicator 3.8.2) (%),https://www.who.int/data/gho/indicator-metadata-registry/imr-details/4844,PUBLISHED,Published,,2005,2005,,,,,,,,WB_UMI,Upper-middle-income,,,,,,,,6.17,6.16659,,,,,
FINPROTECTION_CATA_TOT_10_LEVEL_SH,Total population with household expenditures on health greater than 10% of total household expenditure or income (SDG indicator 3.8.2) (%),https://www.who.int/data/gho/indicator-metadata-registry/imr-details/4844,PUBLISHED,Published,,2005,2005,,,,,,,,,,,WB_EAP,East Asia & Pacific,,,,,12.81,12.80518,,,,,
FINPROTECTION_CATA_TOT_10_LEVEL_SH,Total population with household expenditures on health greater than 10% of total household expenditure or income (SDG indicator 3.8.2) (%),https://www.who.int/data/gho/indicator-metadata-registry/imr-details/4844,PUBLISHED,Published,,2005,2005,,,,,,,,,,,WB_ECA,Europe & Central Asia,,,,,6.39,6.39269,,,,,
FINPROTECTION_CATA_TOT_10_LEVEL_SH,Total population with household expenditures on health greater than 10% of total household expenditure or income (SDG indicator 3.8.2) (%),https://www.who.int/data/gho/indicator-metadata-registry/imr-details/4844,PUBLISHED,Published,,2005,2005,,,,,,,,,,,WB_LAC,Latin America & Caribbean,,,,,15.65,15.645679999999999,,,,,
FINPROTECTION_CATA_TOT_10_LEVEL_SH,Total population with household expenditures on health greater than 10% of total household expenditure or income (SDG indicator 3.8.2) (%),https://www.who.int/data/gho/indicator-metadata-registry/imr-details/4844,PUBLISHED,Published,,2000,2000,,,,,,,,,,,,,,UNSDG_EASTERNASIASOUTHEASTERNASIA,Eastern Asia and South-eastern Asia,,9.71,9.71243,,,,,
FINPROTECTION_CATA_TOT_10_LEVEL_SH,Total population with household expenditures on health greater than 10% of total household expenditure or income (SDG indicator 3.8.2) (%),https://www.who.int/data/gho/indicator-metadata-registry/imr-details/4844,PUBLISHED,Published,,2000,2000,,,,,,,,,,,,,,UNSDG_EUROPE,Europe,,6.06,6.0634,,,,,
FINPROTECTION_CATA_TOT_10_LEVEL_SH,Total population with household expenditures on health greater than 10% of total household expenditure or income (SDG indicator 3.8.2) (%),https://www.who.int/data/gho/indicator-metadata-registry/imr-details/4844,PUBLISHED,Published,,2000,2000,,,,,,,,,,,,,,UNSDG_LAC,Latin America and the Caribbean,,11.21,11.211780000000001,,,,,
FINPROTECTION_CATA_TOT_10_LEVEL_SH,Total population with household expenditures on health greater than 10% of total household expenditure or income (SDG indicator 3.8.2) (%),https://www.who.int/data/gho/indicator-metadata-registry/imr-details/4844,PUBLISHED,Published,,2000,2000,,,,,,,,,,,,,,UNSDG_NORTHERNAMR,Northern America,,5.5,5.5009,,,,,
FINPROTECTION_CATA_TOT_10_LEVEL_SH,Total population with household expenditures on health greater than 10% of total household expenditure or income (SDG indicator 3.8.2) (%),https://www.who.int/data/gho/indicator-metadata-registry/imr-details/4844,PUBLISHED,Published,,2000,2000,,,,,,,,,,,WB_EAP,East Asia & Pacific,,,,,9.61,9.61017,,,,,
FINPROTECTION_CATA_TOT_10_LEVEL_SH,Total population with household expenditures on health greater than 10% of total household expenditure or income (SDG indicator 3.8.2) (%),https://www.who.int/data/gho/indicator-metadata-registry/imr-details/4844,PUBLISHED,Published,,2000,2000,,,,,,,,,,,WB_ECA,Europe & Central Asia,,,,,6.26,6.25913,,,,,
FINPROTECTION_CATA_TOT_10_LEVEL_SH,Total population with household expenditures on health greater than 10% of total household expenditure or income (SDG indicator 3.8.2) (%),https://www.who.int/data/gho/indicator-metadata-registry/imr-details/4844,PUBLISHED,Published,,2000,2000,,,,,,,,,,,WB_LAC,Latin America & Caribbean,,,,,11.21,11.211780000000001,,,,,
FINPROTECTION_CATA_TOT_10_LEVEL_SH,Total population with household expenditures on health greater than 10% of total household expenditure or income (SDG indicator 3.8.2) (%),https://www.who.int/data/gho/indicator-metadata-registry/imr-details/4844,PUBLISHED,Published,,2000,2000,,,,,,,,,,,WB_MNA,Middle East & North Africa,,,,,8.53,8.52985,,,,,
FINPROTECTION_CATA_TOT_10_LEVEL_SH,Total population with household expenditures on health greater than 10% of total household expenditure or income (SDG indicator 3.8.2) (%),https://www.who.int/data/gho/indicator-metadata-registry/imr-details/4844,PUBLISHED,Published,,2015,2015,,AFR,Africa,,,,,,,,,,,,,,7.26,7.257630000000001,,,,,
FINPROTECTION_CATA_TOT_10_LEVEL_SH,Total population with household expenditures on health greater than 10% of total household expenditure or income (SDG indicator 3.8.2) (%),https://www.who.int/data/gho/indicator-metadata-registry/imr-details/4844,PUBLISHED,Published,,2015,2015,,EMR,Eastern Mediterranean,,,,,,,,,,,,,,11.66,11.6564,,,,,
FINPROTECTION_CATA_TOT_10_LEVEL_SH,Total population with household expenditures on health greater than 10% of total household expenditure or income (SDG indicator 3.8.2) (%),https://www.who.int/data/gho/indicator-metadata-registry/imr-details/4844,PUBLISHED,Published,,2015,2015,,,,,,,,,,,,,,UNSDG_EUROPE,Europe,,7.56,7.559880000000001,,,,,
FINPROTECTION_CATA_TOT_10_LEVEL_SH,Total population with household expenditures on health greater than 10% of total household expenditure or income (SDG indicator 3.8.2) (%),https://www.who.int/data/gho/indicator-metadata-registry/imr-details/4844,PUBLISHED,Published,,2015,2015,,,,,,,,,,,,,,UNSDG_NORTHERNAMR,Northern America,,4.42,4.42415,,,,,
FINPROTECTION_CATA_TOT_10_LEVEL_SH,Total population with household expenditures on health greater than 10% of total household expenditure or income (SDG indicator 3.8.2) (%),https://www.who.int/data/gho/indicator-metadata-registry/imr-details/4844,PUBLISHED,Published,,2015,2015,,,,,UN_Asia,Asia,,,,,,,,,,,14.85,14.853620000000001,,,,,
FINPROTECTION_CATA_TOT_10_LEVEL_SH,Total population with household expenditures on health greater than 10% of total household expenditure or income (SDG indicator 3.8.2) (%),https://www.who.int/data/gho/indicator-metadata-registry/imr-details/4844,PUBLISHED,Published,,2015,2015,,,,,UN_Latin America_Caribbean,Latin America and Caribbean,,,,,,,,,,,15.15,15.146529999999998,,,,,
FINPROTECTION_CATA_TOT_10_LEVEL_SH,Total population with household expenditures on health greater than 10% of total household expenditure or income (SDG indicator 3.8.2) (%),https://www.who.int/data/gho/indicator-metadata-registry/imr-details/4844,PUBLISHED,Published,,2015,2015,,,,,UN_Oceania,Oceania,,,,,,,,,,,3.65,3.6545300000000003,,,,,
FINPROTECTION_CATA_TOT_10_LEVEL_SH,Total population with household expenditures on health greater than 10% of total household expenditure or income (SDG indicator 3.8.2) (%),https://www.who.int/data/gho/indicator-metadata-registry/imr-details/4844,PUBLISHED,Published,,2015,2015,,,,,,,,,,,WB_EAP,East Asia & Pacific,,,,,13.89,13.889829999999998,,,,,
FINPROTECTION_CATA_TOT_10_LEVEL_SH,Total population with household expenditures on health greater than 10% of total household expenditure or income (SDG indicator 3.8.2) (%),https://www.who.int/data/gho/indicator-metadata-registry/imr-details/4844,PUBLISHED,Published,,2015,2015,,,,,,,,,,,WB_LAC,Latin America & Caribbean,,,,,15.15,15.146529999999998,,,,,
FINPROTECTION_CATA_TOT_10_LEVEL_SH,Total population with household expenditures on health greater than 10% of total household expenditure or income (SDG indicator 3.8.2) (%),https://www.who.int/data/gho/indicator-metadata-registry/imr-details/4844,PUBLISHED,Published,,2010,2010,,EMR,Eastern Mediterranean,,,,,,,,,,,,,,10.33,10.32756,,,,,
FINPROTECTION_CATA_TOT_10_LEVEL_SH,Total population with household expenditures on health greater than 10% of total household expenditure or income (SDG indicator 3.8.2) (%),https://www.who.int/data/gho/indicator-metadata-registry/imr-details/4844,PUBLISHED,Published,,2010,2010,,GLOBAL,GlobalGlobal,,UN_World,Global,,WB_WORLD_INCOME,Global,,GLOBAL,GlobalGlobal,,UNSDG_WORLD,World,,12.0,12.0043,,,,,
FINPROTECTION_CATA_TOT_10_LEVEL_SH,Total population with household expenditures on health greater than 10% of total household expenditure or income (SDG indicator 3.8.2) (%),https://www.who.int/data/gho/indicator-metadata-registry/imr-details/4844,PUBLISHED,Published,,2010,2010,,,,,,,,,,,,,,UNSDG_NORTHERNAMR,Northern America,,4.55,4.55317,,,,,
FINPROTECTION_CATA_TOT_10_LEVEL_SH,Total population with household expenditures on health greater than 10% of total household expenditure or income (SDG indicator 3.8.2) (%),https://www.who.int/data/gho/indicator-metadata-registry/imr-details/4844,PUBLISHED,Published,,2010,2010,,,,,,,,,,,,,,UNSDG_SUBSAHARANAFRICA,Sub-Saharan Africa,,7.41,7.409960000000001,,,,,
FINPROTECTION_CATA_TOT_10_LEVEL_SH,Total population with household expenditures on health greater than 10% of total household expenditure or income (SDG indicator 3.8.2) (%),https://www.who.int/data/gho/indicator-metadata-registry/imr-details/4844,PUBLISHED,Published,,2010,2010,,,,,UN_Latin America_Caribbean,Latin America and Caribbean,,,,,,,,,,,18.56,18.55761,,,,,
FINPROTECTION_CATA_TOT_10_LEVEL_SH,Total population with household expenditures on health greater than 10% of total household expenditure or income (SDG indicator 3.8.2) (%),https://www.who.int/data/gho/indicator-metadata-registry/imr-details/4844,PUBLISHED,Published,,2010,2010,,,,,UN_Oceania,Oceania,,,,,,,,,,,3.52,3.5227199999999996,,,,,
FINPROTECTION_CATA_TOT_10_LEVEL_SH,Total population with household expenditures on health greater than 10% of total household expenditure or income (SDG indicator 3.8.2) (%),https://www.who.int/data/gho/indicator-metadata-registry/imr-details/4844,PUBLISHED,Published,,2010,2010,,,,,,,,,,,WB_LAC,Latin America & Caribbean,,,,,18.56,18.55761,,,,,
FINPROTECTION_CATA_TOT_10_LEVEL_SH,Total population with household expenditures on health greater than 10% of total household expenditure or income (SDG indicator 3.8.2) (%),https://www.who.int/data/gho/indicator-metadata-registry/imr-details/4844,PUBLISHED,Published,,2010,2010,,,,,,,,,,,WB_NAR,North America,,,,,4.55,4.55322,,,,,
FINPROTECTION_CATA_TOT_10_LEVEL_SH,Total population with household expenditures on health greater than 10% of total household expenditure or income (SDG indicator 3.8.2) (%),https://www.who.int/data/gho/indicator-metadata-registry/imr-details/4844,PUBLISHED,Published,,2005,2005,,GLOBAL,GlobalGlobal,,UN_World,Global,,WB_WORLD_INCOME,Global,,GLOBAL,GlobalGlobal,,UNSDG_WORLD,World,,11.37,11.372530000000001,,,,,
FINPROTECTION_CATA_TOT_10_LEVEL_SH,Total population with household expenditures on health greater than 10% of total household expenditure or income (SDG indicator 3.8.2) (%),https://www.who.int/data/gho/indicator-metadata-registry/imr-details/4844,PUBLISHED,Published,,2005,2005,,WPR,Western Pacific,,,,,,,,,,,,,,14.88,14.88466,,,,,
FINPROTECTION_CATA_TOT_10_LEVEL_SH,Total population with household expenditures on health greater than 10% of total household expenditure or income (SDG indicator 3.8.2) (%),https://www.who.int/data/gho/indicator-metadata-registry/imr-details/4844,PUBLISHED,Published,,2005,2005,,,,,,,,,,,,,,UNSDG_NORTHERNAMR,Northern America,,5.31,5.31158,,,,,
FINPROTECTION_CATA_TOT_10_LEVEL_SH,Total population with household expenditures on health greater than 10% of total household expenditure or income (SDG indicator 3.8.2) (%),https://www.who.int/data/gho/indicator-metadata-registry/imr-details/4844,PUBLISHED,Published,,2005,2005,,,,,,,,,,,,,,UNSDG_SUBSAHARANAFRICA,Sub-Saharan Africa,,7.03,7.03413,,,,,
FINPROTECTION_CATA_TOT_10_LEVEL_SH,Total population with household expenditures on health greater than 10% of total household expenditure or income (SDG indicator 3.8.2) (%),https://www.who.int/data/gho/indicator-metadata-registry/imr-details/4844,PUBLISHED,Published,,2005,2005,,,,,UN_Oceania,Oceania,,,,,,,,,,,3.1,3.09998,,,,,
FINPROTECTION_CATA_TOT_10_LEVEL_SH,Total population with household expenditures on health greater than 10% of total household expenditure or income (SDG indicator 3.8.2) (%),https://www.who.int/data/gho/indicator-metadata-registry/imr-details/4844,PUBLISHED,Published,,2005,2005,,,,,,,,WB_LI,Low-income,,,,,,,,11.99,11.98783,,,,,
FINPROTECTION_CATA_TOT_10_LEVEL_SH,Total population with household expenditures on health greater than 10% of total household expenditure or income (SDG indicator 3.8.2) (%),https://www.who.int/data/gho/indicator-metadata-registry/imr-details/4844,PUBLISHED,Published,,2005,2005,,,,,,,,,,,WB_NAR,North America,,,,,5.31,5.3118099999999995,,,,,
FINPROTECTION_CATA_TOT_10_LEVEL_SH,Total population with household expenditures on health greater than 10% of total household expenditure or income (SDG indicator 3.8.2) (%),https://www.who.int/data/gho/indicator-metadata-registry/imr-details/4844,PUBLISHED,Published,,2005,2005,,,,,,,,,,,WB_SSA,Sub-Saharan Africa,,,,,7.38,7.3806199999999995,,,,,
FINPROTECTION_CATA_TOT_10_LEVEL_SH,Total population with household expenditures on health greater than 10% of total household expenditure or income (SDG indicator 3.8.2) (%),https://www.who.int/data/gho/indicator-metadata-registry/imr-details/4844,PUBLISHED,Published,,2000,2000,,GLOBAL,GlobalGlobal,,UN_World,Global,,WB_WORLD_INCOME,Global,,GLOBAL,GlobalGlobal,,UNSDG_WORLD,World,,9.36,9.362630000000001,,,,,
FINPROTECTION_CATA_TOT_10_LEVEL_SH,Total population with household expenditures on health greater than 10% of total household expenditure or income (SDG indicator 3.8.2) (%),https://www.who.int/data/gho/indicator-metadata-registry/imr-details/4844,PUBLISHED,Published,,2000,2000,,WPR,Western Pacific,,,,,,,,,,,,,,10.87,10.86598,,,,,
FINPROTECTION_CATA_TOT_10_LEVEL_SH,Total population with household expenditures on health greater than 10% of total household expenditure or income (SDG indicator 3.8.2) (%),https://www.who.int/data/gho/indicator-metadata-registry/imr-details/4844,PUBLISHED,Published,,2000,2000,,,,,,,,,,,,,,UNSDG_SUBSAHARANAFRICA,Sub-Saharan Africa,,6.02,6.0246900000000005,,,,,
FINPROTECTION_CATA_TOT_10_LEVEL_SH,Total population with household expenditures on health greater than 10% of total household expenditure or income (SDG indicator 3.8.2) (%),https://www.who.int/data/gho/indicator-metadata-registry/imr-details/4844,PUBLISHED,Published,,2000,2000,,,,,UN_Africa,Africa,,,,,,,,,,,6.63,6.6296100000000004,,,,,
FINPROTECTION_CATA_TOT_10_LEVEL_SH,Total population with household expenditures on health greater than 10% of total household expenditure or income (SDG indicator 3.8.2) (%),https://www.who.int/data/gho/indicator-metadata-registry/imr-details/4844,PUBLISHED,Published,,2000,2000,,,,,,,,WB_LI,Low-income,,,,,,,,10.11,10.11163,,,,,
FINPROTECTION_CATA_TOT_10_LEVEL_SH,Total population with household expenditures on health greater than 10% of total household expenditure or income (SDG indicator 3.8.2) (%),https://www.who.int/data/gho/indicator-metadata-registry/imr-details/4844,PUBLISHED,Published,,2000,2000,,,,,,,,WB_UMI,Upper-middle-income,,,,,,,,10.18,10.182830000000001,,,,,
FINPROTECTION_CATA_TOT_10_LEVEL_SH,Total population with household expenditures on health greater than 10% of total household expenditure or income (SDG indicator 3.8.2) (%),https://www.who.int/data/gho/indicator-metadata-registry/imr-details/4844,PUBLISHED,Published,,2000,2000,,,,,,,,,,,WB_NAR,North America,,,,,5.5,5.5012300000000005,,,,,
FINPROTECTION_CATA_TOT_10_LEVEL_SH,Total population with household expenditures on health greater than 10% of total household expenditure or income (SDG indicator 3.8.2) (%),https://www.who.int/data/gho/indicator-metadata-registry/imr-details/4844,PUBLISHED,Published,,2000,2000,,,,,,,,,,,WB_SSA,Sub-Saharan Africa,,,,,6.2,6.200130000000001,,,,,
