GHO (CODE),GHO (DISPLAY),GHO (URL),PUBLISHSTATE (CODE),PUBLISHSTATE (DISPLAY),PUBLISHSTATE (URL),YEAR (CODE),YEAR (DISPLAY),YEAR (URL),REGION (CODE),REGION (DISPLAY),REGION (URL),UNREGION (CODE),UNREGION (DISPLAY),UNREGION (URL),WORLDBANKINCOMEGROUP (CODE),WORLDBANKINCOMEGROUP (DISPLAY),WORLDBANKINCOMEGROUP (URL),WORLDBANKREGION (CODE),WORLDBANKREGION (DISPLAY),WORLDBANKREGION (URL),UNSDGREGION (CODE),UNSDGREGION (DISPLAY),UNSDGREGION (URL),Display Value,Numeric,Low,High,StdErr,StdDev,Comments
FINPROTECTION_IMP_NP_190_LEVEL_SH,Total population pushed below the $1.90 a day poverty line by household health expenditures (%),https://www.who.int/data/gho/indicator-metadata-registry/imr-details/4838,PUBLISHED,Published,,2015,2015,,AFR,Africa,,,,,,,,,,,,,,1.51,1.51461,,,,,
FINPROTECTION_IMP_NP_190_LEVEL_SH,Total population pushed below the $1.90 a day poverty line by household health expenditures (%),https://www.who.int/data/gho/indicator-metadata-registry/imr-details/4838,PUBLISHED,Published,,2015,2015,,,,,,,,,,,,,,UNSDG_CENTRALASIASOUTHERNASIA,Central Asia and Southern Asia,,2.83,2.83183,,,,,
FINPROTECTION_IMP_NP_190_LEVEL_SH,Total population pushed below the $1.90 a day poverty line by household health expenditures (%),https://www.who.int/data/gho/indicator-metadata-registry/imr-details/4838,PUBLISHED,Published,,2015,2015,,,,,,,,,,,,,,UNSDG_EUROPE,Europe,,0.02,0.02074,,,,,
FINPROTECTION_IMP_NP_190_LEVEL_SH,Total population pushed below the $1.90 a day poverty line by household health expenditures (%),https://www.who.int/data/gho/indicator-metadata-registry/imr-details/4838,PUBLISHED,Published,,2015,2015,,,,,,,,,,,,,,UNSDG_WESTERNASIANORTHERNAFR,Western Asia and Northern Africa,,0.23,0.22599,,,,,
FINPROTECTION_IMP_NP_190_LEVEL_SH,Total population pushed below the $1.90 a day poverty line by household health expenditures (%),https://www.who.int/data/gho/indicator-metadata-registry/imr-details/4838,PUBLISHED,Published,,2015,2015,,,,,UN_Asia,Asia,,,,,,,,,,,1.66,1.66366,,,,,
FINPROTECTION_IMP_NP_190_LEVEL_SH,Total population pushed below the $1.90 a day poverty line by household health expenditures (%),https://www.who.int/data/gho/indicator-metadata-registry/imr-details/4838,PUBLISHED,Published,,2015,2015,,,,,,,,WB_LMI,Lower-middle-income,,,,,,,,2.15,2.15211,,,,,
FINPROTECTION_IMP_NP_190_LEVEL_SH,Total population pushed below the $1.90 a day poverty line by household health expenditures (%),https://www.who.int/data/gho/indicator-metadata-registry/imr-details/4838,PUBLISHED,Published,,2015,2015,,,,,,,,,,,WB_EAP,East Asia & Pacific,,,,,0.82,0.82206,,,,,
FINPROTECTION_IMP_NP_190_LEVEL_SH,Total population pushed below the $1.90 a day poverty line by household health expenditures (%),https://www.who.int/data/gho/indicator-metadata-registry/imr-details/4838,PUBLISHED,Published,,2010,2010,,AFR,Africa,,,,,,,,,,,,,,1.65,1.6486599999999998,,,,,
FINPROTECTION_IMP_NP_190_LEVEL_SH,Total population pushed below the $1.90 a day poverty line by household health expenditures (%),https://www.who.int/data/gho/indicator-metadata-registry/imr-details/4838,PUBLISHED,Published,,2010,2010,,EMR,Eastern Mediterranean,,,,,,,,,,,,,,0.5,0.50078,,,,,
FINPROTECTION_IMP_NP_190_LEVEL_SH,Total population pushed below the $1.90 a day poverty line by household health expenditures (%),https://www.who.int/data/gho/indicator-metadata-registry/imr-details/4838,PUBLISHED,Published,,2010,2010,,,,,,,,,,,,,,UNSDG_CENTRALASIASOUTHERNASIA,Central Asia and Southern Asia,,3.15,3.14695,,,,,
FINPROTECTION_IMP_NP_190_LEVEL_SH,Total population pushed below the $1.90 a day poverty line by household health expenditures (%),https://www.who.int/data/gho/indicator-metadata-registry/imr-details/4838,PUBLISHED,Published,,2010,2010,,,,,,,,,,,,,,UNSDG_EUROPE,Europe,,0.02,0.0223,,,,,
FINPROTECTION_IMP_NP_190_LEVEL_SH,Total population pushed below the $1.90 a day poverty line by household health expenditures (%),https://www.who.int/data/gho/indicator-metadata-registry/imr-details/4838,PUBLISHED,Published,,2010,2010,,,,,UN_Asia,Asia,,,,,,,,,,,2.06,2.05629,,,,,
FINPROTECTION_IMP_NP_190_LEVEL_SH,Total population pushed below the $1.90 a day poverty line by household health expenditures (%),https://www.who.int/data/gho/indicator-metadata-registry/imr-details/4838,PUBLISHED,Published,,2010,2010,,,,,UN_Latin America_Caribbean,Latin America and Caribbean,,,,,,,,,,,0.52,0.5193800000000001,,,,,
FINPROTECTION_IMP_NP_190_LEVEL_SH,Total population pushed below the $1.90 a day poverty line by household health expenditures (%),https://www.who.int/data/gho/indicator-metadata-registry/imr-details/4838,PUBLISHED,Published,,2010,2010,,,,,,,,,,,WB_EAP,East Asia & Pacific,,,,,1.32,1.31933,,,,,
FINPROTECTION_IMP_NP_190_LEVEL_SH,Total population pushed below the $1.90 a day poverty line by household health expenditures (%),https://www.who.int/data/gho/indicator-metadata-registry/imr-details/4838,PUBLISHED,Published,,2010,2010,,,,,,,,,,,WB_LAC,Latin America & Caribbean,,,,,0.52,0.5193800000000001,,,,,
FINPROTECTION_IMP_NP_190_LEVEL_SH,Total population pushed below the $1.90 a day poverty line by household health expenditures (%),https://www.who.int/data/gho/indicator-metadata-registry/imr-details/4838,PUBLISHED,Published,,2005,2005,,AFR,Africa,,,,,,,,,,,,,,1.38,1.3807399999999999,,,,,
FINPROTECTION_IMP_NP_190_LEVEL_SH,Total population pushed below the $1.90 a day poverty line by household health expenditures (%),https://www.who.int/data/gho/indicator-metadata-registry/imr-details/4838,PUBLISHED,Published,,2005,2005,,EMR,Eastern Mediterranean,,,,,,,,,,,,,,0.93,0.93271,,,,,
FINPROTECTION_IMP_NP_190_LEVEL_SH,Total population pushed below the $1.90 a day poverty line by household health expenditures (%),https://www.who.int/data/gho/indicator-metadata-registry/imr-details/4838,PUBLISHED,Published,,2005,2005,,GLOBAL,GlobalGlobal,,UN_World,Global,,WB_WORLD_INCOME,Global,,GLOBAL,GlobalGlobal,,UNSDG_WORLD,World,,1.8,1.7997400000000001,,,,,
FINPROTECTION_IMP_NP_190_LEVEL_SH,Total population pushed below the $1.90 a day poverty line by household health expenditures (%),https://www.who.int/data/gho/indicator-metadata-registry/imr-details/4838,PUBLISHED,Published,,2005,2005,,,,,,,,,,,,,,UNSDG_EUROPE,Europe,,0.05,0.050660000000000004,,,,,
FINPROTECTION_IMP_NP_190_LEVEL_SH,Total population pushed below the $1.90 a day poverty line by household health expenditures (%),https://www.who.int/data/gho/indicator-metadata-registry/imr-details/4838,PUBLISHED,Published,,2005,2005,,,,,,,,,,,,,,UNSDG_NORTHERNAMR,Northern America,,0.0,0.00252,,,,,
FINPROTECTION_IMP_NP_190_LEVEL_SH,Total population pushed below the $1.90 a day poverty line by household health expenditures (%),https://www.who.int/data/gho/indicator-metadata-registry/imr-details/4838,PUBLISHED,Published,,2005,2005,,,,,UN_Latin America_Caribbean,Latin America and Caribbean,,,,,,,,,,,0.69,0.6937,,,,,
FINPROTECTION_IMP_NP_190_LEVEL_SH,Total population pushed below the $1.90 a day poverty line by household health expenditures (%),https://www.who.int/data/gho/indicator-metadata-registry/imr-details/4838,PUBLISHED,Published,,2005,2005,,,,,UN_Oceania,Oceania,,,,,,,,,,,0.0,0.0,,,,,
FINPROTECTION_IMP_NP_190_LEVEL_SH,Total population pushed below the $1.90 a day poverty line by household health expenditures (%),https://www.who.int/data/gho/indicator-metadata-registry/imr-details/4838,PUBLISHED,Published,,2005,2005,,,,,,,,,,,WB_EAP,East Asia & Pacific,,,,,1.79,1.78565,,,,,
FINPROTECTION_IMP_NP_190_LEVEL_SH,Total population pushed below the $1.90 a day poverty line by household health expenditures (%),https://www.who.int/data/gho/indicator-metadata-registry/imr-details/4838,PUBLISHED,Published,,2005,2005,,,,,,,,,,,WB_LAC,Latin America & Caribbean,,,,,0.69,0.6937,,,,,
FINPROTECTION_IMP_NP_190_LEVEL_SH,Total population pushed below the $1.90 a day poverty line by household health expenditures (%),https://www.who.int/data/gho/indicator-metadata-registry/imr-details/4838,PUBLISHED,Published,,2005,2005,,,,,,,,,,,WB_NAR,North America,,,,,0.0,0.00252,,,,,
FINPROTECTION_IMP_NP_190_LEVEL_SH,Total population pushed below the $1.90 a day poverty line by household health expenditures (%),https://www.who.int/data/gho/indicator-metadata-registry/imr-details/4838,PUBLISHED,Published,,2000,2000,,EMR,Eastern Mediterranean,,,,,,,,,,,,,,1.34,1.34273,,,,,
FINPROTECTION_IMP_NP_190_LEVEL_SH,Total population pushed below the $1.90 a day poverty line by household health expenditures (%),https://www.who.int/data/gho/indicator-metadata-registry/imr-details/4838,PUBLISHED,Published,,2000,2000,,GLOBAL,GlobalGlobal,,UN_World,Global,,WB_WORLD_INCOME,Global,,GLOBAL,GlobalGlobal,,UNSDG_WORLD,World,,2.03,2.03418,,,,,
FINPROTECTION_IMP_NP_190_LEVEL_SH,Total population pushed below the $1.90 a day poverty line by household health expenditures (%),https://www.who.int/data/gho/indicator-metadata-registry/imr-details/4838,PUBLISHED,Published,,2000,2000,,,,,,,,,,,,,,UNSDG_NORTHERNAMR,Northern America,,0.01,0.007640000000000001,,,,,
FINPROTECTION_IMP_NP_190_LEVEL_SH,Total population pushed below the $1.90 a day poverty line by household health expenditures (%),https://www.who.int/data/gho/indicator-metadata-registry/imr-details/4838,PUBLISHED,Published,,2000,2000,,,,,,,,,,,,,,UNSDG_SUBSAHARANAFRICA,Sub-Saharan Africa,,3.32,3.3231,,,,,
FINPROTECTION_IMP_NP_190_LEVEL_SH,Total population pushed below the $1.90 a day poverty line by household health expenditures (%),https://www.who.int/data/gho/indicator-metadata-registry/imr-details/4838,PUBLISHED,Published,,2000,2000,,,,,UN_Latin America_Caribbean,Latin America and Caribbean,,,,,,,,,,,0.64,0.64169,,,,,
FINPROTECTION_IMP_NP_190_LEVEL_SH,Total population pushed below the $1.90 a day poverty line by household health expenditures (%),https://www.who.int/data/gho/indicator-metadata-registry/imr-details/4838,PUBLISHED,Published,,2000,2000,,,,,UN_Oceania,Oceania,,,,,,,,,,,0.0,0.0,,,,,
FINPROTECTION_IMP_NP_190_LEVEL_SH,Total population pushed below the $1.90 a day poverty line by household health expenditures (%),https://www.who.int/data/gho/indicator-metadata-registry/imr-details/4838,PUBLISHED,Published,,2000,2000,,,,,,,,WB_LI,Low-income,,,,,,,,3.3,3.29546,,,,,
FINPROTECTION_IMP_NP_190_LEVEL_SH,Total population pushed below the $1.90 a day poverty line by household health expenditures (%),https://www.who.int/data/gho/indicator-metadata-registry/imr-details/4838,PUBLISHED,Published,,2000,2000,,,,,,,,,,,WB_LAC,Latin America & Caribbean,,,,,0.64,0.64169,,,,,
FINPROTECTION_IMP_NP_190_LEVEL_SH,Total population pushed below the $1.90 a day poverty line by household health expenditures (%),https://www.who.int/data/gho/indicator-metadata-registry/imr-details/4838,PUBLISHED,Published,,2000,2000,,,,,,,,,,,WB_NAR,North America,,,,,0.01,0.007640000000000001,,,,,
FINPROTECTION_IMP_NP_190_LEVEL_SH,Total population pushed below the $1.90 a day poverty line by household health expenditures (%),https://www.who.int/data/gho/indicator-metadata-registry/imr-details/4838,PUBLISHED,Published,,2015,2015,,,,,,,,,,,,,,UNSDG_LAC,Latin America and the Caribbean,,0.23,0.23468000000000003,,,,,
FINPROTECTION_IMP_NP_190_LEVEL_SH,Total population pushed below the $1.90 a day poverty line by household health expenditures (%),https://www.who.int/data/gho/indicator-metadata-registry/imr-details/4838,PUBLISHED,Published,,2015,2015,,,,,,,,,,,,,,UNSDG_NORTHERNAMR,Northern America,,0.0,0.00286,,,,,
FINPROTECTION_IMP_NP_190_LEVEL_SH,Total population pushed below the $1.90 a day poverty line by household health expenditures (%),https://www.who.int/data/gho/indicator-metadata-registry/imr-details/4838,PUBLISHED,Published,,2015,2015,,,,,,,,,,,,,,UNSDG_OCEANIA,Oceania,,0.0,0.0,,,,,
FINPROTECTION_IMP_NP_190_LEVEL_SH,Total population pushed below the $1.90 a day poverty line by household health expenditures (%),https://www.who.int/data/gho/indicator-metadata-registry/imr-details/4838,PUBLISHED,Published,,2015,2015,,,,,,,,,,,,,,UNSDG_SUBSAHARANAFRICA,Sub-Saharan Africa,,1.54,1.53975,,,,,
FINPROTECTION_IMP_NP_190_LEVEL_SH,Total population pushed below the $1.90 a day poverty line by household health expenditures (%),https://www.who.int/data/gho/indicator-metadata-registry/imr-details/4838,PUBLISHED,Published,,2015,2015,,,,,,,,,,,WB_LAC,Latin America & Caribbean,,,,,0.23,0.23468000000000003,,,,,
FINPROTECTION_IMP_NP_190_LEVEL_SH,Total population pushed below the $1.90 a day poverty line by household health expenditures (%),https://www.who.int/data/gho/indicator-metadata-registry/imr-details/4838,PUBLISHED,Published,,2015,2015,,,,,,,,,,,WB_MNA,Middle East & North Africa,,,,,0.17,0.16707,,,,,
FINPROTECTION_IMP_NP_190_LEVEL_SH,Total population pushed below the $1.90 a day poverty line by household health expenditures (%),https://www.who.int/data/gho/indicator-metadata-registry/imr-details/4838,PUBLISHED,Published,,2015,2015,,,,,,,,,,,WB_NAR,North America,,,,,0.0,0.00286,,,,,
FINPROTECTION_IMP_NP_190_LEVEL_SH,Total population pushed below the $1.90 a day poverty line by household health expenditures (%),https://www.who.int/data/gho/indicator-metadata-registry/imr-details/4838,PUBLISHED,Published,,2015,2015,,,,,,,,,,,WB_SAR,South Asia,,,,,3.06,3.06467,,,,,
FINPROTECTION_IMP_NP_190_LEVEL_SH,Total population pushed below the $1.90 a day poverty line by household health expenditures (%),https://www.who.int/data/gho/indicator-metadata-registry/imr-details/4838,PUBLISHED,Published,,2010,2010,,,,,,,,,,,,,,UNSDG_NORTHERNAMR,Northern America,,0.0,0.00314,,,,,
FINPROTECTION_IMP_NP_190_LEVEL_SH,Total population pushed below the $1.90 a day poverty line by household health expenditures (%),https://www.who.int/data/gho/indicator-metadata-registry/imr-details/4838,PUBLISHED,Published,,2010,2010,,,,,,,,,,,,,,UNSDG_OCEANIA,Oceania,,0.0,0.0,,,,,
FINPROTECTION_IMP_NP_190_LEVEL_SH,Total population pushed below the $1.90 a day poverty line by household health expenditures (%),https://www.who.int/data/gho/indicator-metadata-registry/imr-details/4838,PUBLISHED,Published,,2010,2010,,,,,,,,,,,,,,UNSDG_SUBSAHARANAFRICA,Sub-Saharan Africa,,1.67,1.6744599999999998,,,,,
FINPROTECTION_IMP_NP_190_LEVEL_SH,Total population pushed below the $1.90 a day poverty line by household health expenditures (%),https://www.who.int/data/gho/indicator-metadata-registry/imr-details/4838,PUBLISHED,Published,,2010,2010,,,,,,,,,,,,,,UNSDG_WESTERNASIANORTHERNAFR,Western Asia and Northern Africa,,0.35,0.34661,,,,,
FINPROTECTION_IMP_NP_190_LEVEL_SH,Total population pushed below the $1.90 a day poverty line by household health expenditures (%),https://www.who.int/data/gho/indicator-metadata-registry/imr-details/4838,PUBLISHED,Published,,2010,2010,,,,,UN_Africa,Africa,,,,,,,,,,,1.42,1.42317,,,,,
FINPROTECTION_IMP_NP_190_LEVEL_SH,Total population pushed below the $1.90 a day poverty line by household health expenditures (%),https://www.who.int/data/gho/indicator-metadata-registry/imr-details/4838,PUBLISHED,Published,,2010,2010,,,,,,,,,,,WB_MNA,Middle East & North Africa,,,,,0.26,0.26015,,,,,
FINPROTECTION_IMP_NP_190_LEVEL_SH,Total population pushed below the $1.90 a day poverty line by household health expenditures (%),https://www.who.int/data/gho/indicator-metadata-registry/imr-details/4838,PUBLISHED,Published,,2010,2010,,,,,,,,,,,WB_NAR,North America,,,,,0.0,0.00314,,,,,
FINPROTECTION_IMP_NP_190_LEVEL_SH,Total population pushed below the $1.90 a day poverty line by household health expenditures (%),https://www.who.int/data/gho/indicator-metadata-registry/imr-details/4838,PUBLISHED,Published,,2010,2010,,,,,,,,,,,WB_SAR,South Asia,,,,,3.39,3.3881300000000003,,,,,
FINPROTECTION_IMP_NP_190_LEVEL_SH,Total population pushed below the $1.90 a day poverty line by household health expenditures (%),https://www.who.int/data/gho/indicator-metadata-registry/imr-details/4838,PUBLISHED,Published,,2010,2010,,,,,,,,,,,WB_SSA,Sub-Saharan Africa,,,,,1.64,1.63727,,,,,
FINPROTECTION_IMP_NP_190_LEVEL_SH,Total population pushed below the $1.90 a day poverty line by household health expenditures (%),https://www.who.int/data/gho/indicator-metadata-registry/imr-details/4838,PUBLISHED,Published,,2005,2005,,,,,,,,,,,,,,UNSDG_SUBSAHARANAFRICA,Sub-Saharan Africa,,1.39,1.38983,,,,,
FINPROTECTION_IMP_NP_190_LEVEL_SH,Total population pushed below the $1.90 a day poverty line by household health expenditures (%),https://www.who.int/data/gho/indicator-metadata-registry/imr-details/4838,PUBLISHED,Published,,2005,2005,,,,,,,,,,,,,,UNSDG_WESTERNASIANORTHERNAFR,Western Asia and Northern Africa,,0.56,0.55734,,,,,
FINPROTECTION_IMP_NP_190_LEVEL_SH,Total population pushed below the $1.90 a day poverty line by household health expenditures (%),https://www.who.int/data/gho/indicator-metadata-registry/imr-details/4838,PUBLISHED,Published,,2005,2005,,,,,UN_Africa,Africa,,,,,,,,,,,1.22,1.22079,,,,,
FINPROTECTION_IMP_NP_190_LEVEL_SH,Total population pushed below the $1.90 a day poverty line by household health expenditures (%),https://www.who.int/data/gho/indicator-metadata-registry/imr-details/4838,PUBLISHED,Published,,2005,2005,,,,,UN_Asia,Asia,,,,,,,,,,,2.58,2.5834599999999996,,,,,
FINPROTECTION_IMP_NP_190_LEVEL_SH,Total population pushed below the $1.90 a day poverty line by household health expenditures (%),https://www.who.int/data/gho/indicator-metadata-registry/imr-details/4838,PUBLISHED,Published,,2005,2005,,,,,,,,,,,WB_SAR,South Asia,,,,,4.08,4.08281,,,,,
FINPROTECTION_IMP_NP_190_LEVEL_SH,Total population pushed below the $1.90 a day poverty line by household health expenditures (%),https://www.who.int/data/gho/indicator-metadata-registry/imr-details/4838,PUBLISHED,Published,,2005,2005,,,,,,,,,,,WB_SSA,Sub-Saharan Africa,,,,,1.38,1.3774600000000001,,,,,
FINPROTECTION_IMP_NP_190_LEVEL_SH,Total population pushed below the $1.90 a day poverty line by household health expenditures (%),https://www.who.int/data/gho/indicator-metadata-registry/imr-details/4838,PUBLISHED,Published,,2000,2000,,AFR,Africa,,,,,,,,,,,,,,3.26,3.25515,,,,,
FINPROTECTION_IMP_NP_190_LEVEL_SH,Total population pushed below the $1.90 a day poverty line by household health expenditures (%),https://www.who.int/data/gho/indicator-metadata-registry/imr-details/4838,PUBLISHED,Published,,2000,2000,,AMR,Americas,,,,,,,,,,,,,,0.4,0.40292,,,,,
FINPROTECTION_IMP_NP_190_LEVEL_SH,Total population pushed below the $1.90 a day poverty line by household health expenditures (%),https://www.who.int/data/gho/indicator-metadata-registry/imr-details/4838,PUBLISHED,Published,,2000,2000,,,,,,,,,,,,,,UNSDG_WESTERNASIANORTHERNAFR,Western Asia and Northern Africa,,0.62,0.62398,,,,,
FINPROTECTION_IMP_NP_190_LEVEL_SH,Total population pushed below the $1.90 a day poverty line by household health expenditures (%),https://www.who.int/data/gho/indicator-metadata-registry/imr-details/4838,PUBLISHED,Published,,2000,2000,,,,,UN_Africa,Africa,,,,,,,,,,,2.77,2.77238,,,,,
FINPROTECTION_IMP_NP_190_LEVEL_SH,Total population pushed below the $1.90 a day poverty line by household health expenditures (%),https://www.who.int/data/gho/indicator-metadata-registry/imr-details/4838,PUBLISHED,Published,,2000,2000,,,,,UN_Asia,Asia,,,,,,,,,,,2.64,2.63959,,,,,
FINPROTECTION_IMP_NP_190_LEVEL_SH,Total population pushed below the $1.90 a day poverty line by household health expenditures (%),https://www.who.int/data/gho/indicator-metadata-registry/imr-details/4838,PUBLISHED,Published,,2000,2000,,,,,UN_Europe,Europe,,,,,,,,,,,0.1,0.09912,,,,,
FINPROTECTION_IMP_NP_190_LEVEL_SH,Total population pushed below the $1.90 a day poverty line by household health expenditures (%),https://www.who.int/data/gho/indicator-metadata-registry/imr-details/4838,PUBLISHED,Published,,2000,2000,,,,,,,,,,,WB_SSA,Sub-Saharan Africa,,,,,3.24,3.23962,,,,,
FINPROTECTION_IMP_NP_190_LEVEL_SH,Total population pushed below the $1.90 a day poverty line by household health expenditures (%),https://www.who.int/data/gho/indicator-metadata-registry/imr-details/4838,PUBLISHED,Published,,2015,2015,,EMR,Eastern Mediterranean,,,,,,,,,,,,,,0.39,0.38797,,,,,
FINPROTECTION_IMP_NP_190_LEVEL_SH,Total population pushed below the $1.90 a day poverty line by household health expenditures (%),https://www.who.int/data/gho/indicator-metadata-registry/imr-details/4838,PUBLISHED,Published,,2015,2015,,EUR,Europe,,,,,,,,,,,,,,0.05,0.04553,,,,,
FINPROTECTION_IMP_NP_190_LEVEL_SH,Total population pushed below the $1.90 a day poverty line by household health expenditures (%),https://www.who.int/data/gho/indicator-metadata-registry/imr-details/4838,PUBLISHED,Published,,2015,2015,,GLOBAL,GlobalGlobal,,UN_World,Global,,WB_WORLD_INCOME,Global,,GLOBAL,GlobalGlobal,,UNSDG_WORLD,World,,1.23,1.22633,,,,,
FINPROTECTION_IMP_NP_190_LEVEL_SH,Total population pushed below the $1.90 a day poverty line by household health expenditures (%),https://www.who.int/data/gho/indicator-metadata-registry/imr-details/4838,PUBLISHED,Published,,2015,2015,,SEAR,South-East Asia,,,,,,,,,,,,,,2.76,2.75801,,,,,
FINPROTECTION_IMP_NP_190_LEVEL_SH,Total population pushed below the $1.90 a day poverty line by household health expenditures (%),https://www.who.int/data/gho/indicator-metadata-registry/imr-details/4838,PUBLISHED,Published,,2015,2015,,,,,UN_Latin America_Caribbean,Latin America and Caribbean,,,,,,,,,,,0.23,0.23468000000000003,,,,,
FINPROTECTION_IMP_NP_190_LEVEL_SH,Total population pushed below the $1.90 a day poverty line by household health expenditures (%),https://www.who.int/data/gho/indicator-metadata-registry/imr-details/4838,PUBLISHED,Published,,2015,2015,,,,,UN_Northern_America,Northern America,,,,,,,,,,,0.0,0.00286,,,,,
FINPROTECTION_IMP_NP_190_LEVEL_SH,Total population pushed below the $1.90 a day poverty line by household health expenditures (%),https://www.who.int/data/gho/indicator-metadata-registry/imr-details/4838,PUBLISHED,Published,,2015,2015,,,,,UN_Oceania,Oceania,,,,,,,,,,,0.0,0.0,,,,,
FINPROTECTION_IMP_NP_190_LEVEL_SH,Total population pushed below the $1.90 a day poverty line by household health expenditures (%),https://www.who.int/data/gho/indicator-metadata-registry/imr-details/4838,PUBLISHED,Published,,2015,2015,,,,,,,,WB_HI,High-income,,,,,,,,0.04,0.035910000000000004,,,,,
FINPROTECTION_IMP_NP_190_LEVEL_SH,Total population pushed below the $1.90 a day poverty line by household health expenditures (%),https://www.who.int/data/gho/indicator-metadata-registry/imr-details/4838,PUBLISHED,Published,,2015,2015,,,,,,,,WB_LI,Low-income,,,,,,,,1.21,1.2114200000000002,,,,,
FINPROTECTION_IMP_NP_190_LEVEL_SH,Total population pushed below the $1.90 a day poverty line by household health expenditures (%),https://www.who.int/data/gho/indicator-metadata-registry/imr-details/4838,PUBLISHED,Published,,2010,2010,,EUR,Europe,,,,,,,,,,,,,,0.09,0.08628,,,,,
FINPROTECTION_IMP_NP_190_LEVEL_SH,Total population pushed below the $1.90 a day poverty line by household health expenditures (%),https://www.who.int/data/gho/indicator-metadata-registry/imr-details/4838,PUBLISHED,Published,,2010,2010,,GLOBAL,GlobalGlobal,,UN_World,Global,,WB_WORLD_INCOME,Global,,GLOBAL,GlobalGlobal,,UNSDG_WORLD,World,,1.5,1.49888,,,,,
FINPROTECTION_IMP_NP_190_LEVEL_SH,Total population pushed below the $1.90 a day poverty line by household health expenditures (%),https://www.who.int/data/gho/indicator-metadata-registry/imr-details/4838,PUBLISHED,Published,,2010,2010,,SEAR,South-East Asia,,,,,,,,,,,,,,3.04,3.04193,,,,,
FINPROTECTION_IMP_NP_190_LEVEL_SH,Total population pushed below the $1.90 a day poverty line by household health expenditures (%),https://www.who.int/data/gho/indicator-metadata-registry/imr-details/4838,PUBLISHED,Published,,2010,2010,,WPR,Western Pacific,,,,,,,,,,,,,,1.52,1.51924,,,,,
FINPROTECTION_IMP_NP_190_LEVEL_SH,Total population pushed below the $1.90 a day poverty line by household health expenditures (%),https://www.who.int/data/gho/indicator-metadata-registry/imr-details/4838,PUBLISHED,Published,,2010,2010,,,,,UN_Oceania,Oceania,,,,,,,,,,,0.0,0.0,,,,,
FINPROTECTION_IMP_NP_190_LEVEL_SH,Total population pushed below the $1.90 a day poverty line by household health expenditures (%),https://www.who.int/data/gho/indicator-metadata-registry/imr-details/4838,PUBLISHED,Published,,2010,2010,,,,,,,,WB_HI,High-income,,,,,,,,0.06,0.058320000000000004,,,,,
FINPROTECTION_IMP_NP_190_LEVEL_SH,Total population pushed below the $1.90 a day poverty line by household health expenditures (%),https://www.who.int/data/gho/indicator-metadata-registry/imr-details/4838,PUBLISHED,Published,,2010,2010,,,,,,,,WB_LI,Low-income,,,,,,,,1.72,1.72085,,,,,
FINPROTECTION_IMP_NP_190_LEVEL_SH,Total population pushed below the $1.90 a day poverty line by household health expenditures (%),https://www.who.int/data/gho/indicator-metadata-registry/imr-details/4838,PUBLISHED,Published,,2010,2010,,,,,,,,WB_LMI,Lower-middle-income,,,,,,,,2.37,2.37221,,,,,
FINPROTECTION_IMP_NP_190_LEVEL_SH,Total population pushed below the $1.90 a day poverty line by household health expenditures (%),https://www.who.int/data/gho/indicator-metadata-registry/imr-details/4838,PUBLISHED,Published,,2005,2005,,SEAR,South-East Asia,,,,,,,,,,,,,,3.64,3.6414800000000005,,,,,
FINPROTECTION_IMP_NP_190_LEVEL_SH,Total population pushed below the $1.90 a day poverty line by household health expenditures (%),https://www.who.int/data/gho/indicator-metadata-registry/imr-details/4838,PUBLISHED,Published,,2005,2005,,WPR,Western Pacific,,,,,,,,,,,,,,2.01,2.00765,,,,,
FINPROTECTION_IMP_NP_190_LEVEL_SH,Total population pushed below the $1.90 a day poverty line by household health expenditures (%),https://www.who.int/data/gho/indicator-metadata-registry/imr-details/4838,PUBLISHED,Published,,2005,2005,,,,,,,,,,,,,,UNSDG_CENTRALASIASOUTHERNASIA,Central Asia and Southern Asia,,3.8,3.8018099999999997,,,,,
FINPROTECTION_IMP_NP_190_LEVEL_SH,Total population pushed below the $1.90 a day poverty line by household health expenditures (%),https://www.who.int/data/gho/indicator-metadata-registry/imr-details/4838,PUBLISHED,Published,,2005,2005,,,,,,,,,,,,,,UNSDG_EASTERNASIASOUTHEASTERNASIA,Eastern Asia and South-eastern Asia,,1.81,1.8147900000000001,,,,,
FINPROTECTION_IMP_NP_190_LEVEL_SH,Total population pushed below the $1.90 a day poverty line by household health expenditures (%),https://www.who.int/data/gho/indicator-metadata-registry/imr-details/4838,PUBLISHED,Published,,2005,2005,,,,,,,,WB_HI,High-income,,,,,,,,0.05,0.052779999999999994,,,,,
FINPROTECTION_IMP_NP_190_LEVEL_SH,Total population pushed below the $1.90 a day poverty line by household health expenditures (%),https://www.who.int/data/gho/indicator-metadata-registry/imr-details/4838,PUBLISHED,Published,,2005,2005,,,,,,,,WB_LI,Low-income,,,,,,,,3.15,3.1533599999999997,,,,,
FINPROTECTION_IMP_NP_190_LEVEL_SH,Total population pushed below the $1.90 a day poverty line by household health expenditures (%),https://www.who.int/data/gho/indicator-metadata-registry/imr-details/4838,PUBLISHED,Published,,2005,2005,,,,,,,,WB_LMI,Lower-middle-income,,,,,,,,1.59,1.58535,,,,,
FINPROTECTION_IMP_NP_190_LEVEL_SH,Total population pushed below the $1.90 a day poverty line by household health expenditures (%),https://www.who.int/data/gho/indicator-metadata-registry/imr-details/4838,PUBLISHED,Published,,2005,2005,,,,,,,,WB_UMI,Upper-middle-income,,,,,,,,0.18,0.17772000000000002,,,,,
FINPROTECTION_IMP_NP_190_LEVEL_SH,Total population pushed below the $1.90 a day poverty line by household health expenditures (%),https://www.who.int/data/gho/indicator-metadata-registry/imr-details/4838,PUBLISHED,Published,,2000,2000,,WPR,Western Pacific,,,,,,,,,,,,,,2.38,2.38435,,,,,
FINPROTECTION_IMP_NP_190_LEVEL_SH,Total population pushed below the $1.90 a day poverty line by household health expenditures (%),https://www.who.int/data/gho/indicator-metadata-registry/imr-details/4838,PUBLISHED,Published,,2000,2000,,,,,,,,,,,,,,UNSDG_CENTRALASIASOUTHERNASIA,Central Asia and Southern Asia,,3.48,3.48006,,,,,
FINPROTECTION_IMP_NP_190_LEVEL_SH,Total population pushed below the $1.90 a day poverty line by household health expenditures (%),https://www.who.int/data/gho/indicator-metadata-registry/imr-details/4838,PUBLISHED,Published,,2000,2000,,,,,,,,,,,,,,UNSDG_EASTERNASIASOUTHEASTERNASIA,Eastern Asia and South-eastern Asia,,2.2,2.19664,,,,,
FINPROTECTION_IMP_NP_190_LEVEL_SH,Total population pushed below the $1.90 a day poverty line by household health expenditures (%),https://www.who.int/data/gho/indicator-metadata-registry/imr-details/4838,PUBLISHED,Published,,2000,2000,,,,,,,,,,,,,,UNSDG_EUROPE,Europe,,0.1,0.09912,,,,,
FINPROTECTION_IMP_NP_190_LEVEL_SH,Total population pushed below the $1.90 a day poverty line by household health expenditures (%),https://www.who.int/data/gho/indicator-metadata-registry/imr-details/4838,PUBLISHED,Published,,2000,2000,,,,,,,,WB_LMI,Lower-middle-income,,,,,,,,1.88,1.8839700000000001,,,,,
FINPROTECTION_IMP_NP_190_LEVEL_SH,Total population pushed below the $1.90 a day poverty line by household health expenditures (%),https://www.who.int/data/gho/indicator-metadata-registry/imr-details/4838,PUBLISHED,Published,,2000,2000,,,,,,,,WB_UMI,Upper-middle-income,,,,,,,,0.38,0.37901999999999997,,,,,
FINPROTECTION_IMP_NP_190_LEVEL_SH,Total population pushed below the $1.90 a day poverty line by household health expenditures (%),https://www.who.int/data/gho/indicator-metadata-registry/imr-details/4838,PUBLISHED,Published,,2000,2000,,,,,,,,,,,WB_EAP,East Asia & Pacific,,,,,2.16,2.16244,,,,,
FINPROTECTION_IMP_NP_190_LEVEL_SH,Total population pushed below the $1.90 a day poverty line by household health expenditures (%),https://www.who.int/data/gho/indicator-metadata-registry/imr-details/4838,PUBLISHED,Published,,2000,2000,,,,,,,,,,,WB_ECA,Europe & Central Asia,,,,,0.23,0.22719,,,,,
FINPROTECTION_IMP_NP_190_LEVEL_SH,Total population pushed below the $1.90 a day poverty line by household health expenditures (%),https://www.who.int/data/gho/indicator-metadata-registry/imr-details/4838,PUBLISHED,Published,,2015,2015,,AMR,Americas,,,,,,,,,,,,,,0.15,0.15020999999999998,,,,,
FINPROTECTION_IMP_NP_190_LEVEL_SH,Total population pushed below the $1.90 a day poverty line by household health expenditures (%),https://www.who.int/data/gho/indicator-metadata-registry/imr-details/4838,PUBLISHED,Published,,2015,2015,,WPR,Western Pacific,,,,,,,,,,,,,,0.94,0.94186,,,,,
FINPROTECTION_IMP_NP_190_LEVEL_SH,Total population pushed below the $1.90 a day poverty line by household health expenditures (%),https://www.who.int/data/gho/indicator-metadata-registry/imr-details/4838,PUBLISHED,Published,,2015,2015,,,,,,,,,,,,,,UNSDG_EASTERNASIASOUTHEASTERNASIA,Eastern Asia and South-eastern Asia,,0.84,0.8367600000000001,,,,,
FINPROTECTION_IMP_NP_190_LEVEL_SH,Total population pushed below the $1.90 a day poverty line by household health expenditures (%),https://www.who.int/data/gho/indicator-metadata-registry/imr-details/4838,PUBLISHED,Published,,2015,2015,,,,,UN_Africa,Africa,,,,,,,,,,,1.3,1.30036,,,,,
FINPROTECTION_IMP_NP_190_LEVEL_SH,Total population pushed below the $1.90 a day poverty line by household health expenditures (%),https://www.who.int/data/gho/indicator-metadata-registry/imr-details/4838,PUBLISHED,Published,,2015,2015,,,,,UN_Europe,Europe,,,,,,,,,,,0.02,0.02074,,,,,
FINPROTECTION_IMP_NP_190_LEVEL_SH,Total population pushed below the $1.90 a day poverty line by household health expenditures (%),https://www.who.int/data/gho/indicator-metadata-registry/imr-details/4838,PUBLISHED,Published,,2015,2015,,,,,,,,WB_UMI,Upper-middle-income,,,,,,,,0.71,0.7148100000000001,,,,,
FINPROTECTION_IMP_NP_190_LEVEL_SH,Total population pushed below the $1.90 a day poverty line by household health expenditures (%),https://www.who.int/data/gho/indicator-metadata-registry/imr-details/4838,PUBLISHED,Published,,2015,2015,,,,,,,,,,,WB_ECA,Europe & Central Asia,,,,,0.05,0.04591,,,,,
FINPROTECTION_IMP_NP_190_LEVEL_SH,Total population pushed below the $1.90 a day poverty line by household health expenditures (%),https://www.who.int/data/gho/indicator-metadata-registry/imr-details/4838,PUBLISHED,Published,,2015,2015,,,,,,,,,,,WB_SSA,Sub-Saharan Africa,,,,,1.5,1.50207,,,,,
FINPROTECTION_IMP_NP_190_LEVEL_SH,Total population pushed below the $1.90 a day poverty line by household health expenditures (%),https://www.who.int/data/gho/indicator-metadata-registry/imr-details/4838,PUBLISHED,Published,,2010,2010,,AMR,Americas,,,,,,,,,,,,,,0.33,0.32981,,,,,
FINPROTECTION_IMP_NP_190_LEVEL_SH,Total population pushed below the $1.90 a day poverty line by household health expenditures (%),https://www.who.int/data/gho/indicator-metadata-registry/imr-details/4838,PUBLISHED,Published,,2010,2010,,,,,,,,,,,,,,UNSDG_EASTERNASIASOUTHEASTERNASIA,Eastern Asia and South-eastern Asia,,1.34,1.3418700000000001,,,,,
FINPROTECTION_IMP_NP_190_LEVEL_SH,Total population pushed below the $1.90 a day poverty line by household health expenditures (%),https://www.who.int/data/gho/indicator-metadata-registry/imr-details/4838,PUBLISHED,Published,,2010,2010,,,,,,,,,,,,,,UNSDG_LAC,Latin America and the Caribbean,,0.52,0.5193800000000001,,,,,
FINPROTECTION_IMP_NP_190_LEVEL_SH,Total population pushed below the $1.90 a day poverty line by household health expenditures (%),https://www.who.int/data/gho/indicator-metadata-registry/imr-details/4838,PUBLISHED,Published,,2010,2010,,,,,UN_Europe,Europe,,,,,,,,,,,0.02,0.0223,,,,,
FINPROTECTION_IMP_NP_190_LEVEL_SH,Total population pushed below the $1.90 a day poverty line by household health expenditures (%),https://www.who.int/data/gho/indicator-metadata-registry/imr-details/4838,PUBLISHED,Published,,2010,2010,,,,,UN_Northern_America,Northern America,,,,,,,,,,,0.0,0.00314,,,,,
FINPROTECTION_IMP_NP_190_LEVEL_SH,Total population pushed below the $1.90 a day poverty line by household health expenditures (%),https://www.who.int/data/gho/indicator-metadata-registry/imr-details/4838,PUBLISHED,Published,,2010,2010,,,,,,,,WB_UMI,Upper-middle-income,,,,,,,,1.18,1.17649,,,,,
FINPROTECTION_IMP_NP_190_LEVEL_SH,Total population pushed below the $1.90 a day poverty line by household health expenditures (%),https://www.who.int/data/gho/indicator-metadata-registry/imr-details/4838,PUBLISHED,Published,,2010,2010,,,,,,,,,,,WB_ECA,Europe & Central Asia,,,,,0.09,0.08725,,,,,
FINPROTECTION_IMP_NP_190_LEVEL_SH,Total population pushed below the $1.90 a day poverty line by household health expenditures (%),https://www.who.int/data/gho/indicator-metadata-registry/imr-details/4838,PUBLISHED,Published,,2005,2005,,AMR,Americas,,,,,,,,,,,,,,0.44,0.43768999999999997,,,,,
FINPROTECTION_IMP_NP_190_LEVEL_SH,Total population pushed below the $1.90 a day poverty line by household health expenditures (%),https://www.who.int/data/gho/indicator-metadata-registry/imr-details/4838,PUBLISHED,Published,,2005,2005,,EUR,Europe,,,,,,,,,,,,,,0.1,0.10207999999999999,,,,,
FINPROTECTION_IMP_NP_190_LEVEL_SH,Total population pushed below the $1.90 a day poverty line by household health expenditures (%),https://www.who.int/data/gho/indicator-metadata-registry/imr-details/4838,PUBLISHED,Published,,2005,2005,,,,,,,,,,,,,,UNSDG_LAC,Latin America and the Caribbean,,0.69,0.6937,,,,,
FINPROTECTION_IMP_NP_190_LEVEL_SH,Total population pushed below the $1.90 a day poverty line by household health expenditures (%),https://www.who.int/data/gho/indicator-metadata-registry/imr-details/4838,PUBLISHED,Published,,2005,2005,,,,,,,,,,,,,,UNSDG_OCEANIA,Oceania,,0.0,0.0,,,,,
FINPROTECTION_IMP_NP_190_LEVEL_SH,Total population pushed below the $1.90 a day poverty line by household health expenditures (%),https://www.who.int/data/gho/indicator-metadata-registry/imr-details/4838,PUBLISHED,Published,,2005,2005,,,,,UN_Europe,Europe,,,,,,,,,,,0.05,0.050660000000000004,,,,,
FINPROTECTION_IMP_NP_190_LEVEL_SH,Total population pushed below the $1.90 a day poverty line by household health expenditures (%),https://www.who.int/data/gho/indicator-metadata-registry/imr-details/4838,PUBLISHED,Published,,2005,2005,,,,,UN_Northern_America,Northern America,,,,,,,,,,,0.0,0.00252,,,,,
FINPROTECTION_IMP_NP_190_LEVEL_SH,Total population pushed below the $1.90 a day poverty line by household health expenditures (%),https://www.who.int/data/gho/indicator-metadata-registry/imr-details/4838,PUBLISHED,Published,,2005,2005,,,,,,,,,,,WB_ECA,Europe & Central Asia,,,,,0.1,0.1039,,,,,
FINPROTECTION_IMP_NP_190_LEVEL_SH,Total population pushed below the $1.90 a day poverty line by household health expenditures (%),https://www.who.int/data/gho/indicator-metadata-registry/imr-details/4838,PUBLISHED,Published,,2005,2005,,,,,,,,,,,WB_MNA,Middle East & North Africa,,,,,0.55,0.55009,,,,,
FINPROTECTION_IMP_NP_190_LEVEL_SH,Total population pushed below the $1.90 a day poverty line by household health expenditures (%),https://www.who.int/data/gho/indicator-metadata-registry/imr-details/4838,PUBLISHED,Published,,2000,2000,,EUR,Europe,,,,,,,,,,,,,,0.23,0.22580999999999998,,,,,
FINPROTECTION_IMP_NP_190_LEVEL_SH,Total population pushed below the $1.90 a day poverty line by household health expenditures (%),https://www.who.int/data/gho/indicator-metadata-registry/imr-details/4838,PUBLISHED,Published,,2000,2000,,SEAR,South-East Asia,,,,,,,,,,,,,,3.23,3.2295,,,,,
FINPROTECTION_IMP_NP_190_LEVEL_SH,Total population pushed below the $1.90 a day poverty line by household health expenditures (%),https://www.who.int/data/gho/indicator-metadata-registry/imr-details/4838,PUBLISHED,Published,,2000,2000,,,,,,,,,,,,,,UNSDG_LAC,Latin America and the Caribbean,,0.64,0.64169,,,,,
FINPROTECTION_IMP_NP_190_LEVEL_SH,Total population pushed below the $1.90 a day poverty line by household health expenditures (%),https://www.who.int/data/gho/indicator-metadata-registry/imr-details/4838,PUBLISHED,Published,,2000,2000,,,,,,,,,,,,,,UNSDG_OCEANIA,Oceania,,0.0,0.0,,,,,
FINPROTECTION_IMP_NP_190_LEVEL_SH,Total population pushed below the $1.90 a day poverty line by household health expenditures (%),https://www.who.int/data/gho/indicator-metadata-registry/imr-details/4838,PUBLISHED,Published,,2000,2000,,,,,UN_Northern_America,Northern America,,,,,,,,,,,0.01,0.007640000000000001,,,,,
FINPROTECTION_IMP_NP_190_LEVEL_SH,Total population pushed below the $1.90 a day poverty line by household health expenditures (%),https://www.who.int/data/gho/indicator-metadata-registry/imr-details/4838,PUBLISHED,Published,,2000,2000,,,,,,,,WB_HI,High-income,,,,,,,,0.07,0.06765,,,,,
FINPROTECTION_IMP_NP_190_LEVEL_SH,Total population pushed below the $1.90 a day poverty line by household health expenditures (%),https://www.who.int/data/gho/indicator-metadata-registry/imr-details/4838,PUBLISHED,Published,,2000,2000,,,,,,,,,,,WB_MNA,Middle East & North Africa,,,,,0.61,0.6063,,,,,
FINPROTECTION_IMP_NP_190_LEVEL_SH,Total population pushed below the $1.90 a day poverty line by household health expenditures (%),https://www.who.int/data/gho/indicator-metadata-registry/imr-details/4838,PUBLISHED,Published,,2000,2000,,,,,,,,,,,WB_SAR,South Asia,,,,,3.69,3.69173,,,,,
