GHO (CODE),GHO (DISPLAY),GHO (URL),PUBLISHSTATE (CODE),PUBLISHSTATE (DISPLAY),PUBLISHSTATE (URL),YEAR (CODE),YEAR (DISPLAY),YEAR (URL),REGION (CODE),REGION (DISPLAY),REGION (URL),COUNTRY (CODE),COUNTRY (DISPLAY),COUNTRY (URL),Display Value,Numeric,Low,High,StdErr,StdDev,Comments
GDO_q12x2x1x1_3PRV,Majority provider of respite care for dementia carers (Private sector),https://www.who.int/data/gho/indicator-metadata-registry/imr-details/5177,PUBLISHED,Published,,2017,2017,,AMR,Americas,,DOM,Dominican Republic,,not applicable,,,,,,
GDO_q12x2x1x1_3PRV,Majority provider of respite care for dementia carers (Private sector),https://www.who.int/data/gho/indicator-metadata-registry/imr-details/5177,PUBLISHED,Published,,2017,2017,,SEAR,South-East Asia,,BGD,Bangladesh,,Yes,,,,,,
GDO_q12x2x1x1_3PRV,Majority provider of respite care for dementia carers (Private sector),https://www.who.int/data/gho/indicator-metadata-registry/imr-details/5177,PUBLISHED,Published,,2017,2017,,EMR,Eastern Mediterranean,,TUN,Tunisia,,not applicable,,,,,,
GDO_q12x2x1x1_3PRV,Majority provider of respite care for dementia carers (Private sector),https://www.who.int/data/gho/indicator-metadata-registry/imr-details/5177,PUBLISHED,Published,,2017,2017,,EUR,Europe,,FRA,France,,No,,,,,,
GDO_q12x2x1x1_3PRV,Majority provider of respite care for dementia carers (Private sector),https://www.who.int/data/gho/indicator-metadata-registry/imr-details/5177,PUBLISHED,Published,,2017,2017,,EUR,Europe,,SWE,Sweden,,No,,,,,,
GDO_q12x2x1x1_3PRV,Majority provider of respite care for dementia carers (Private sector),https://www.who.int/data/gho/indicator-metadata-registry/imr-details/5177,PUBLISHED,Published,,2017,2017,,WPR,Western Pacific,,JPN,Japan,,Yes,,,,,,
GDO_q12x2x1x1_3PRV,Majority provider of respite care for dementia carers (Private sector),https://www.who.int/data/gho/indicator-metadata-registry/imr-details/5177,PUBLISHED,Published,,2017,2017,,EUR,Europe,,NLD,Netherlands,,Yes,,,,,,
GDO_q12x2x1x1_3PRV,Majority provider of respite care for dementia carers (Private sector),https://www.who.int/data/gho/indicator-metadata-registry/imr-details/5177,PUBLISHED,Published,,2017,2017,,AFR,Africa,,MUS,Mauritius,,No,,,,,,
GDO_q12x2x1x1_3PRV,Majority provider of respite care for dementia carers (Private sector),https://www.who.int/data/gho/indicator-metadata-registry/imr-details/5177,PUBLISHED,Published,,2017,2017,,SEAR,South-East Asia,,MDV,Maldives,,not applicable,,,,,,
GDO_q12x2x1x1_3PRV,Majority provider of respite care for dementia carers (Private sector),https://www.who.int/data/gho/indicator-metadata-registry/imr-details/5177,PUBLISHED,Published,,2017,2017,,WPR,Western Pacific,,FJI,Fiji,,not applicable,,,,,,
GDO_q12x2x1x1_3PRV,Majority provider of respite care for dementia carers (Private sector),https://www.who.int/data/gho/indicator-metadata-registry/imr-details/5177,PUBLISHED,Published,,2017,2017,,EMR,Eastern Mediterranean,,QAT,Qatar,,not applicable,,,,,,
GDO_q12x2x1x1_3PRV,Majority provider of respite care for dementia carers (Private sector),https://www.who.int/data/gho/indicator-metadata-registry/imr-details/5177,PUBLISHED,Published,,2017,2017,,SEAR,South-East Asia,,MMR,Myanmar,,not applicable,,,,,,
GDO_q12x2x1x1_3PRV,Majority provider of respite care for dementia carers (Private sector),https://www.who.int/data/gho/indicator-metadata-registry/imr-details/5177,PUBLISHED,Published,,2017,2017,,EMR,Eastern Mediterranean,,JOR,Jordan,,not applicable,,,,,,
GDO_q12x2x1x1_3PRV,Majority provider of respite care for dementia carers (Private sector),https://www.who.int/data/gho/indicator-metadata-registry/imr-details/5177,PUBLISHED,Published,,2017,2017,,AFR,Africa,,SWZ,Eswatini,,not applicable,,,,,,
GDO_q12x2x1x1_3PRV,Majority provider of respite care for dementia carers (Private sector),https://www.who.int/data/gho/indicator-metadata-registry/imr-details/5177,PUBLISHED,Published,,2017,2017,,EUR,Europe,,CHE,Switzerland,,No,,,,,,
GDO_q12x2x1x1_3PRV,Majority provider of respite care for dementia carers (Private sector),https://www.who.int/data/gho/indicator-metadata-registry/imr-details/5177,PUBLISHED,Published,,2017,2017,,AMR,Americas,,CRI,Costa Rica,,Yes,,,,,,
GDO_q12x2x1x1_3PRV,Majority provider of respite care for dementia carers (Private sector),https://www.who.int/data/gho/indicator-metadata-registry/imr-details/5177,PUBLISHED,Published,,2017,2017,,AFR,Africa,,TGO,Togo,,No,,,,,,
GDO_q12x2x1x1_3PRV,Majority provider of respite care for dementia carers (Private sector),https://www.who.int/data/gho/indicator-metadata-registry/imr-details/5177,PUBLISHED,Published,,2017,2017,,EUR,Europe,,ITA,Italy,,No,,,,,,
GDO_q12x2x1x1_3PRV,Majority provider of respite care for dementia carers (Private sector),https://www.who.int/data/gho/indicator-metadata-registry/imr-details/5177,PUBLISHED,Published,,2017,2017,,AMR,Americas,,CHL,Chile,,No,,,,,,
GDO_q12x2x1x1_3PRV,Majority provider of respite care for dementia carers (Private sector),https://www.who.int/data/gho/indicator-metadata-registry/imr-details/5177,PUBLISHED,Published,,2017,2017,,WPR,Western Pacific,,AUS,Australia,,No,,,,,,
GDO_q12x2x1x1_3PRV,Majority provider of respite care for dementia carers (Private sector),https://www.who.int/data/gho/indicator-metadata-registry/imr-details/5177,PUBLISHED,Published,,2017,2017,,EUR,Europe,,HUN,Hungary,,not applicable,,,,,,
