GHO (CODE),GHO (DISPLAY),GHO (URL),PUBLISHSTATE (CODE),PUBLISHSTATE (DISPLAY),PUBLISHSTATE (URL),YEAR (CODE),YEAR (DISPLAY),YEAR (URL),REGION (CODE),REGION (DISPLAY),REGION (URL),COUNTRY (CODE),COUNTRY (DISPLAY),COUNTRY (URL),Display Value,Numeric,Low,High,StdErr,StdDev,Comments
GDO_q15x2_2,Existence of dementia training for police and fire services,https://www.who.int/data/gho/indicator-metadata-registry/imr-details/5219,PUBLISHED,Published,,2017,2017,,SEAR,South-East Asia,,BGD,Bangladesh,,No,,,,,,
GDO_q15x2_2,Existence of dementia training for police and fire services,https://www.who.int/data/gho/indicator-metadata-registry/imr-details/5219,PUBLISHED,Published,,2017,2017,,AFR,Africa,,MUS,Mauritius,,Yes,,,,,,
GDO_q15x2_2,Existence of dementia training for police and fire services,https://www.who.int/data/gho/indicator-metadata-registry/imr-details/5219,PUBLISHED,Published,,2017,2017,,EUR,Europe,,SWE,Sweden,,Yes,,,,,,
GDO_q15x2_2,Existence of dementia training for police and fire services,https://www.who.int/data/gho/indicator-metadata-registry/imr-details/5219,PUBLISHED,Published,,2017,2017,,EUR,Europe,,CHE,Switzerland,,Yes,,,,,,
GDO_q15x2_2,Existence of dementia training for police and fire services,https://www.who.int/data/gho/indicator-metadata-registry/imr-details/5219,PUBLISHED,Published,,2017,2017,,AMR,Americas,,DOM,Dominican Republic,,No,,,,,,
GDO_q15x2_2,Existence of dementia training for police and fire services,https://www.who.int/data/gho/indicator-metadata-registry/imr-details/5219,PUBLISHED,Published,,2017,2017,,EUR,Europe,,ITA,Italy,,Yes,,,,,,
GDO_q15x2_2,Existence of dementia training for police and fire services,https://www.who.int/data/gho/indicator-metadata-registry/imr-details/5219,PUBLISHED,Published,,2017,2017,,EUR,Europe,,NLD,Netherlands,,Yes,,,,,,
GDO_q15x2_2,Existence of dementia training for police and fire services,https://www.who.int/data/gho/indicator-metadata-registry/imr-details/5219,PUBLISHED,Published,,2017,2017,,EUR,Europe,,FRA,France,,not applicable,,,,,,
GDO_q15x2_2,Existence of dementia training for police and fire services,https://www.who.int/data/gho/indicator-metadata-registry/imr-details/5219,PUBLISHED,Published,,2017,2017,,WPR,Western Pacific,,FJI,Fiji,,not applicable,,,,,,
GDO_q15x2_2,Existence of dementia training for police and fire services,https://www.who.int/data/gho/indicator-metadata-registry/imr-details/5219,PUBLISHED,Published,,2017,2017,,SEAR,South-East Asia,,MMR,Myanmar,,not applicable,,,,,,
GDO_q15x2_2,Existence of dementia training for police and fire services,https://www.who.int/data/gho/indicator-metadata-registry/imr-details/5219,PUBLISHED,Published,,2017,2017,,WPR,Western Pacific,,JPN,Japan,,Yes,,,,,,
GDO_q15x2_2,Existence of dementia training for police and fire services,https://www.who.int/data/gho/indicator-metadata-registry/imr-details/5219,PUBLISHED,Published,,2017,2017,,WPR,Western Pacific,,AUS,Australia,,Yes,,,,,,
GDO_q15x2_2,Existence of dementia training for police and fire services,https://www.who.int/data/gho/indicator-metadata-registry/imr-details/5219,PUBLISHED,Published,,2017,2017,,AFR,Africa,,SWZ,Eswatini,,Yes,,,,,,
GDO_q15x2_2,Existence of dementia training for police and fire services,https://www.who.int/data/gho/indicator-metadata-registry/imr-details/5219,PUBLISHED,Published,,2017,2017,,SEAR,South-East Asia,,MDV,Maldives,,not applicable,,,,,,
GDO_q15x2_2,Existence of dementia training for police and fire services,https://www.who.int/data/gho/indicator-metadata-registry/imr-details/5219,PUBLISHED,Published,,2017,2017,,EMR,Eastern Mediterranean,,QAT,Qatar,,No,,,,,,
GDO_q15x2_2,Existence of dementia training for police and fire services,https://www.who.int/data/gho/indicator-metadata-registry/imr-details/5219,PUBLISHED,Published,,2017,2017,,AFR,Africa,,TGO,Togo,,No,,,,,,
GDO_q15x2_2,Existence of dementia training for police and fire services,https://www.who.int/data/gho/indicator-metadata-registry/imr-details/5219,PUBLISHED,Published,,2017,2017,,AMR,Americas,,CHL,Chile,,not applicable,,,,,,
GDO_q15x2_2,Existence of dementia training for police and fire services,https://www.who.int/data/gho/indicator-metadata-registry/imr-details/5219,PUBLISHED,Published,,2017,2017,,EMR,Eastern Mediterranean,,JOR,Jordan,,not applicable,,,,,,
GDO_q15x2_2,Existence of dementia training for police and fire services,https://www.who.int/data/gho/indicator-metadata-registry/imr-details/5219,PUBLISHED,Published,,2017,2017,,EMR,Eastern Mediterranean,,TUN,Tunisia,,Not available,,,,,,
GDO_q15x2_2,Existence of dementia training for police and fire services,https://www.who.int/data/gho/indicator-metadata-registry/imr-details/5219,PUBLISHED,Published,,2017,2017,,EUR,Europe,,HUN,Hungary,,not applicable,,,,,,
GDO_q15x2_2,Existence of dementia training for police and fire services,https://www.who.int/data/gho/indicator-metadata-registry/imr-details/5219,PUBLISHED,Published,,2017,2017,,AMR,Americas,,CRI,Costa Rica,,Not applicable,,,,,,
