GHO (CODE),GHO (DISPLAY),GHO (URL),PUBLISHSTATE (CODE),PUBLISHSTATE (DISPLAY),PUBLISHSTATE (URL),YEAR (CODE),YEAR (DISPLAY),YEAR (URL),REGION (CODE),REGION (DISPLAY),REGION (URL),COUNTRY (CODE),COUNTRY (DISPLAY),COUNTRY (URL),Display Value,Numeric,Low,High,StdErr,StdDev,Comments
GDO_q4x2_4,Existence of standards/ guidelines/ protocols for other post-diagnostic supports of people with dementia,https://www.who.int/data/gho/indicator-metadata-registry/imr-details/5050,PUBLISHED,Published,,2017,2017,,EMR,Eastern Mediterranean,,QAT,Qatar,,No,,,,,,
GDO_q4x2_4,Existence of standards/ guidelines/ protocols for other post-diagnostic supports of people with dementia,https://www.who.int/data/gho/indicator-metadata-registry/imr-details/5050,PUBLISHED,Published,,2017,2017,,SEAR,South-East Asia,,MMR,Myanmar,,no,,,,,,
GDO_q4x2_4,Existence of standards/ guidelines/ protocols for other post-diagnostic supports of people with dementia,https://www.who.int/data/gho/indicator-metadata-registry/imr-details/5050,PUBLISHED,Published,,2017,2017,,EMR,Eastern Mediterranean,,JOR,Jordan,,Not applicable,,,,,,
GDO_q4x2_4,Existence of standards/ guidelines/ protocols for other post-diagnostic supports of people with dementia,https://www.who.int/data/gho/indicator-metadata-registry/imr-details/5050,PUBLISHED,Published,,2017,2017,,AFR,Africa,,SWZ,Eswatini,,Yes,,,,,,
GDO_q4x2_4,Existence of standards/ guidelines/ protocols for other post-diagnostic supports of people with dementia,https://www.who.int/data/gho/indicator-metadata-registry/imr-details/5050,PUBLISHED,Published,,2017,2017,,AMR,Americas,,CRI,Costa Rica,,Not applicable,,,,,,
GDO_q4x2_4,Existence of standards/ guidelines/ protocols for other post-diagnostic supports of people with dementia,https://www.who.int/data/gho/indicator-metadata-registry/imr-details/5050,PUBLISHED,Published,,2017,2017,,AMR,Americas,,DOM,Dominican Republic,,Not applicable,,,,,,
GDO_q4x2_4,Existence of standards/ guidelines/ protocols for other post-diagnostic supports of people with dementia,https://www.who.int/data/gho/indicator-metadata-registry/imr-details/5050,PUBLISHED,Published,,2017,2017,,SEAR,South-East Asia,,BGD,Bangladesh,,Not applicable,,,,,,
GDO_q4x2_4,Existence of standards/ guidelines/ protocols for other post-diagnostic supports of people with dementia,https://www.who.int/data/gho/indicator-metadata-registry/imr-details/5050,PUBLISHED,Published,,2017,2017,,EUR,Europe,,ITA,Italy,,Yes,,,,,,
GDO_q4x2_4,Existence of standards/ guidelines/ protocols for other post-diagnostic supports of people with dementia,https://www.who.int/data/gho/indicator-metadata-registry/imr-details/5050,PUBLISHED,Published,,2017,2017,,EUR,Europe,,FRA,France,,Yes,,,,,,
GDO_q4x2_4,Existence of standards/ guidelines/ protocols for other post-diagnostic supports of people with dementia,https://www.who.int/data/gho/indicator-metadata-registry/imr-details/5050,PUBLISHED,Published,,2017,2017,,EUR,Europe,,SWE,Sweden,,Yes,,,,,,
GDO_q4x2_4,Existence of standards/ guidelines/ protocols for other post-diagnostic supports of people with dementia,https://www.who.int/data/gho/indicator-metadata-registry/imr-details/5050,PUBLISHED,Published,,2017,2017,,AFR,Africa,,TGO,Togo,,Not applicable,,,,,,
GDO_q4x2_4,Existence of standards/ guidelines/ protocols for other post-diagnostic supports of people with dementia,https://www.who.int/data/gho/indicator-metadata-registry/imr-details/5050,PUBLISHED,Published,,2017,2017,,WPR,Western Pacific,,JPN,Japan,,Yes,,,,,,
GDO_q4x2_4,Existence of standards/ guidelines/ protocols for other post-diagnostic supports of people with dementia,https://www.who.int/data/gho/indicator-metadata-registry/imr-details/5050,PUBLISHED,Published,,2017,2017,,EMR,Eastern Mediterranean,,TUN,Tunisia,,Yes,,,,,,
GDO_q4x2_4,Existence of standards/ guidelines/ protocols for other post-diagnostic supports of people with dementia,https://www.who.int/data/gho/indicator-metadata-registry/imr-details/5050,PUBLISHED,Published,,2017,2017,,WPR,Western Pacific,,AUS,Australia,,Yes,,,,,,
GDO_q4x2_4,Existence of standards/ guidelines/ protocols for other post-diagnostic supports of people with dementia,https://www.who.int/data/gho/indicator-metadata-registry/imr-details/5050,PUBLISHED,Published,,2017,2017,,SEAR,South-East Asia,,MDV,Maldives,,Not applicable,,,,,,
GDO_q4x2_4,Existence of standards/ guidelines/ protocols for other post-diagnostic supports of people with dementia,https://www.who.int/data/gho/indicator-metadata-registry/imr-details/5050,PUBLISHED,Published,,2017,2017,,EUR,Europe,,HUN,Hungary,,Yes,,,,,,
GDO_q4x2_4,Existence of standards/ guidelines/ protocols for other post-diagnostic supports of people with dementia,https://www.who.int/data/gho/indicator-metadata-registry/imr-details/5050,PUBLISHED,Published,,2017,2017,,EUR,Europe,,NLD,Netherlands,,Yes,,,,,,
GDO_q4x2_4,Existence of standards/ guidelines/ protocols for other post-diagnostic supports of people with dementia,https://www.who.int/data/gho/indicator-metadata-registry/imr-details/5050,PUBLISHED,Published,,2017,2017,,AFR,Africa,,MUS,Mauritius,,Not applicable,,,,,,
GDO_q4x2_4,Existence of standards/ guidelines/ protocols for other post-diagnostic supports of people with dementia,https://www.who.int/data/gho/indicator-metadata-registry/imr-details/5050,PUBLISHED,Published,,2017,2017,,AMR,Americas,,CHL,Chile,,Yes,,,,,,
GDO_q4x2_4,Existence of standards/ guidelines/ protocols for other post-diagnostic supports of people with dementia,https://www.who.int/data/gho/indicator-metadata-registry/imr-details/5050,PUBLISHED,Published,,2017,2017,,WPR,Western Pacific,,FJI,Fiji,,Not applicable,,,,,,
GDO_q4x2_4,Existence of standards/ guidelines/ protocols for other post-diagnostic supports of people with dementia,https://www.who.int/data/gho/indicator-metadata-registry/imr-details/5050,PUBLISHED,Published,,2017,2017,,EUR,Europe,,CHE,Switzerland,,Yes,,,,,,
