GHO (CODE),GHO (DISPLAY),GHO (URL),PUBLISHSTATE (CODE),PUBLISHSTATE (DISPLAY),PUBLISHSTATE (URL),YEAR (CODE),YEAR (DISPLAY),YEAR (URL),REGION (CODE),REGION (DISPLAY),REGION (URL),COUNTRY (CODE),COUNTRY (DISPLAY),COUNTRY (URL),GOEQUESTION (CODE),GOEQUESTION (DISPLAY),GOEQUESTION (URL),Display Value,Numeric,Low,High,StdErr,StdDev,Comments
GOE_Q008,Private funding for eHealth,https://www.who.int/data/gho/indicator-metadata-registry/imr-details/4766,PUBLISHED,Published,,2015,2015,,AMR,Americas,,ARG,Argentina,,GOEQUESTION002,Source of funding for eHealth,,No,,,,,,
GOE_Q008,Private funding for eHealth,https://www.who.int/data/gho/indicator-metadata-registry/imr-details/4766,PUBLISHED,Published,,2015,2015,,WPR,Western Pacific,,AUS,Australia,,GOEQUESTION002,Source of funding for eHealth,,No,,,,,,
GOE_Q008,Private funding for eHealth,https://www.who.int/data/gho/indicator-metadata-registry/imr-details/4766,PUBLISHED,Published,,2015,2015,,AMR,Americas,,CUB,Cuba,,GOEQUESTION002,Source of funding for eHealth,,No response,,,,,,
GOE_Q008,Private funding for eHealth,https://www.who.int/data/gho/indicator-metadata-registry/imr-details/4766,PUBLISHED,Published,,2015,2015,,EUR,Europe,,CZE,Czechia,,GOEQUESTION002,Source of funding for eHealth,,Don't know,,,,,,
GOE_Q008,Private funding for eHealth,https://www.who.int/data/gho/indicator-metadata-registry/imr-details/4766,PUBLISHED,Published,,2015,2015,,EUR,Europe,,FIN,Finland,,GOEQUESTION002,Source of funding for eHealth,,No,,,,,,
GOE_Q008,Private funding for eHealth,https://www.who.int/data/gho/indicator-metadata-registry/imr-details/4766,PUBLISHED,Published,,2015,2015,,EUR,Europe,,GEO,Georgia,,GOEQUESTION002,Source of funding for eHealth,,Yes,,,,,,
GOE_Q008,Private funding for eHealth,https://www.who.int/data/gho/indicator-metadata-registry/imr-details/4766,PUBLISHED,Published,,2015,2015,,WPR,Western Pacific,,KIR,Kiribati,,GOEQUESTION002,Source of funding for eHealth,,No,,,,,,
GOE_Q008,Private funding for eHealth,https://www.who.int/data/gho/indicator-metadata-registry/imr-details/4766,PUBLISHED,Published,,2015,2015,,EMR,Eastern Mediterranean,,LBN,Lebanon,,GOEQUESTION002,Source of funding for eHealth,,No,,,,,,
GOE_Q008,Private funding for eHealth,https://www.who.int/data/gho/indicator-metadata-registry/imr-details/4766,PUBLISHED,Published,,2015,2015,,AFR,Africa,,MDG,Madagascar,,GOEQUESTION002,Source of funding for eHealth,,No,,,,,,
GOE_Q008,Private funding for eHealth,https://www.who.int/data/gho/indicator-metadata-registry/imr-details/4766,PUBLISHED,Published,,2015,2015,,AMR,Americas,,MEX,Mexico,,GOEQUESTION002,Source of funding for eHealth,,Yes,,,,,,
GOE_Q008,Private funding for eHealth,https://www.who.int/data/gho/indicator-metadata-registry/imr-details/4766,PUBLISHED,Published,,2015,2015,,AFR,Africa,,RWA,Rwanda,,GOEQUESTION002,Source of funding for eHealth,,No,,,,,,
GOE_Q008,Private funding for eHealth,https://www.who.int/data/gho/indicator-metadata-registry/imr-details/4766,PUBLISHED,Published,,2015,2015,,WPR,Western Pacific,,SGP,Singapore,,GOEQUESTION002,Source of funding for eHealth,,No,,,,,,
GOE_Q008,Private funding for eHealth,https://www.who.int/data/gho/indicator-metadata-registry/imr-details/4766,PUBLISHED,Published,,2015,2015,,AFR,Africa,,SSD,South Sudan,,GOEQUESTION002,Source of funding for eHealth,,No,,,,,,
GOE_Q008,Private funding for eHealth,https://www.who.int/data/gho/indicator-metadata-registry/imr-details/4766,PUBLISHED,Published,,2015,2015,,EUR,Europe,,SWE,Sweden,,GOEQUESTION002,Source of funding for eHealth,,No,,,,,,
GOE_Q008,Private funding for eHealth,https://www.who.int/data/gho/indicator-metadata-registry/imr-details/4766,PUBLISHED,Published,,2015,2015,,EUR,Europe,,AZE,Azerbaijan,,GOEQUESTION002,Source of funding for eHealth,,Yes,,,,,,
GOE_Q008,Private funding for eHealth,https://www.who.int/data/gho/indicator-metadata-registry/imr-details/4766,PUBLISHED,Published,,2015,2015,,EUR,Europe,,BEL,Belgium,,GOEQUESTION002,Source of funding for eHealth,,Yes,,,,,,
GOE_Q008,Private funding for eHealth,https://www.who.int/data/gho/indicator-metadata-registry/imr-details/4766,PUBLISHED,Published,,2015,2015,,AMR,Americas,,COL,Colombia,,GOEQUESTION002,Source of funding for eHealth,,No response,,,,,,
GOE_Q008,Private funding for eHealth,https://www.who.int/data/gho/indicator-metadata-registry/imr-details/4766,PUBLISHED,Published,,2015,2015,,AFR,Africa,,CPV,Cabo Verde,,GOEQUESTION002,Source of funding for eHealth,,No,,,,,,
GOE_Q008,Private funding for eHealth,https://www.who.int/data/gho/indicator-metadata-registry/imr-details/4766,PUBLISHED,Published,,2015,2015,,AFR,Africa,,GMB,Gambia,,GOEQUESTION002,Source of funding for eHealth,,No,,,,,,
GOE_Q008,Private funding for eHealth,https://www.who.int/data/gho/indicator-metadata-registry/imr-details/4766,PUBLISHED,Published,,2015,2015,,AFR,Africa,,GNQ,Equatorial Guinea,,GOEQUESTION002,Source of funding for eHealth,,No,,,,,,
GOE_Q008,Private funding for eHealth,https://www.who.int/data/gho/indicator-metadata-registry/imr-details/4766,PUBLISHED,Published,,2015,2015,,EUR,Europe,,KAZ,Kazakhstan,,GOEQUESTION002,Source of funding for eHealth,,No,,,,,,
GOE_Q008,Private funding for eHealth,https://www.who.int/data/gho/indicator-metadata-registry/imr-details/4766,PUBLISHED,Published,,2015,2015,,EUR,Europe,,KGZ,Kyrgyzstan,,GOEQUESTION002,Source of funding for eHealth,,Yes,,,,,,
GOE_Q008,Private funding for eHealth,https://www.who.int/data/gho/indicator-metadata-registry/imr-details/4766,PUBLISHED,Published,,2015,2015,,EUR,Europe,,MLT,Malta,,GOEQUESTION002,Source of funding for eHealth,,No,,,,,,
GOE_Q008,Private funding for eHealth,https://www.who.int/data/gho/indicator-metadata-registry/imr-details/4766,PUBLISHED,Published,,2015,2015,,WPR,Western Pacific,,MNG,Mongolia,,GOEQUESTION002,Source of funding for eHealth,,Yes,,,,,,
GOE_Q008,Private funding for eHealth,https://www.who.int/data/gho/indicator-metadata-registry/imr-details/4766,PUBLISHED,Published,,2015,2015,,SEAR,South-East Asia,,PRK,Democratic People's Republic of Korea,,GOEQUESTION002,Source of funding for eHealth,,No,,,,,,
GOE_Q008,Private funding for eHealth,https://www.who.int/data/gho/indicator-metadata-registry/imr-details/4766,PUBLISHED,Published,,2015,2015,,AMR,Americas,,PRY,Paraguay,,GOEQUESTION002,Source of funding for eHealth,,Yes,,,,,,
GOE_Q008,Private funding for eHealth,https://www.who.int/data/gho/indicator-metadata-registry/imr-details/4766,PUBLISHED,Published,,2015,2015,,EUR,Europe,,ROU,Romania,,GOEQUESTION002,Source of funding for eHealth,,No response,,,,,,
GOE_Q008,Private funding for eHealth,https://www.who.int/data/gho/indicator-metadata-registry/imr-details/4766,PUBLISHED,Published,,2015,2015,,EMR,Eastern Mediterranean,,SYR,Syrian Arab Republic,,GOEQUESTION002,Source of funding for eHealth,,No,,,,,,
GOE_Q008,Private funding for eHealth,https://www.who.int/data/gho/indicator-metadata-registry/imr-details/4766,PUBLISHED,Published,,2015,2015,,EUR,Europe,,TKM,Turkmenistan,,GOEQUESTION002,Source of funding for eHealth,,Don't know,,,,,,
GOE_Q008,Private funding for eHealth,https://www.who.int/data/gho/indicator-metadata-registry/imr-details/4766,PUBLISHED,Published,,2015,2015,,EMR,Eastern Mediterranean,,AFG,Afghanistan,,GOEQUESTION002,Source of funding for eHealth,,Yes,,,,,,
GOE_Q008,Private funding for eHealth,https://www.who.int/data/gho/indicator-metadata-registry/imr-details/4766,PUBLISHED,Published,,2015,2015,,EUR,Europe,,BIH,Bosnia and Herzegovina,,GOEQUESTION002,Source of funding for eHealth,,No,,,,,,
GOE_Q008,Private funding for eHealth,https://www.who.int/data/gho/indicator-metadata-registry/imr-details/4766,PUBLISHED,Published,,2015,2015,,AFR,Africa,,CAF,Central African Republic,,GOEQUESTION002,Source of funding for eHealth,,No,,,,,,
GOE_Q008,Private funding for eHealth,https://www.who.int/data/gho/indicator-metadata-registry/imr-details/4766,PUBLISHED,Published,,2015,2015,,AMR,Americas,,DOM,Dominican Republic,,GOEQUESTION002,Source of funding for eHealth,,No,,,,,,
GOE_Q008,Private funding for eHealth,https://www.who.int/data/gho/indicator-metadata-registry/imr-details/4766,PUBLISHED,Published,,2015,2015,,AFR,Africa,,DZA,Algeria,,GOEQUESTION002,Source of funding for eHealth,,Yes,,,,,,
GOE_Q008,Private funding for eHealth,https://www.who.int/data/gho/indicator-metadata-registry/imr-details/4766,PUBLISHED,Published,,2015,2015,,EMR,Eastern Mediterranean,,IRN,Iran (Islamic Republic of),,GOEQUESTION002,Source of funding for eHealth,,No,,,,,,
GOE_Q008,Private funding for eHealth,https://www.who.int/data/gho/indicator-metadata-registry/imr-details/4766,PUBLISHED,Published,,2015,2015,,EMR,Eastern Mediterranean,,IRQ,Iraq,,GOEQUESTION002,Source of funding for eHealth,,Don't know,,,,,,
GOE_Q008,Private funding for eHealth,https://www.who.int/data/gho/indicator-metadata-registry/imr-details/4766,PUBLISHED,Published,,2015,2015,,AFR,Africa,,LSO,Lesotho,,GOEQUESTION002,Source of funding for eHealth,,No,,,,,,
GOE_Q008,Private funding for eHealth,https://www.who.int/data/gho/indicator-metadata-registry/imr-details/4766,PUBLISHED,Published,,2015,2015,,EUR,Europe,,LVA,Latvia,,GOEQUESTION002,Source of funding for eHealth,,No,,,,,,
GOE_Q008,Private funding for eHealth,https://www.who.int/data/gho/indicator-metadata-registry/imr-details/4766,PUBLISHED,Published,,2015,2015,,EMR,Eastern Mediterranean,,MAR,Morocco,,GOEQUESTION002,Source of funding for eHealth,,Yes,,,,,,
GOE_Q008,Private funding for eHealth,https://www.who.int/data/gho/indicator-metadata-registry/imr-details/4766,PUBLISHED,Published,,2015,2015,,EUR,Europe,,NLD,Netherlands,,GOEQUESTION002,Source of funding for eHealth,,Yes,,,,,,
GOE_Q008,Private funding for eHealth,https://www.who.int/data/gho/indicator-metadata-registry/imr-details/4766,PUBLISHED,Published,,2015,2015,,EUR,Europe,,NOR,Norway,,GOEQUESTION002,Source of funding for eHealth,,Yes,,,,,,
GOE_Q008,Private funding for eHealth,https://www.who.int/data/gho/indicator-metadata-registry/imr-details/4766,PUBLISHED,Published,,2015,2015,,EUR,Europe,,SMR,San Marino,,GOEQUESTION002,Source of funding for eHealth,,No,,,,,,
GOE_Q008,Private funding for eHealth,https://www.who.int/data/gho/indicator-metadata-registry/imr-details/4766,PUBLISHED,Published,,2015,2015,,EMR,Eastern Mediterranean,,SOM,Somalia,,GOEQUESTION002,Source of funding for eHealth,,No,,,,,,
GOE_Q008,Private funding for eHealth,https://www.who.int/data/gho/indicator-metadata-registry/imr-details/4766,PUBLISHED,Published,,2015,2015,,WPR,Western Pacific,,VNM,Viet Nam,,GOEQUESTION002,Source of funding for eHealth,,Yes,,,,,,
GOE_Q008,Private funding for eHealth,https://www.who.int/data/gho/indicator-metadata-registry/imr-details/4766,PUBLISHED,Published,,2015,2015,,AFR,Africa,,ZAF,South Africa,,GOEQUESTION002,Source of funding for eHealth,,No,,,,,,
GOE_Q008,Private funding for eHealth,https://www.who.int/data/gho/indicator-metadata-registry/imr-details/4766,PUBLISHED,Published,,2015,2015,,EUR,Europe,,AUT,Austria,,GOEQUESTION002,Source of funding for eHealth,,Yes,,,,,,
GOE_Q008,Private funding for eHealth,https://www.who.int/data/gho/indicator-metadata-registry/imr-details/4766,PUBLISHED,Published,,2015,2015,,EUR,Europe,,BGR,Bulgaria,,GOEQUESTION002,Source of funding for eHealth,,No,,,,,,
GOE_Q008,Private funding for eHealth,https://www.who.int/data/gho/indicator-metadata-registry/imr-details/4766,PUBLISHED,Published,,2015,2015,,EUR,Europe,,CHE,Switzerland,,GOEQUESTION002,Source of funding for eHealth,,Yes,,,,,,
GOE_Q008,Private funding for eHealth,https://www.who.int/data/gho/indicator-metadata-registry/imr-details/4766,PUBLISHED,Published,,2015,2015,,EUR,Europe,,DNK,Denmark,,GOEQUESTION002,Source of funding for eHealth,,Yes,,,,,,
GOE_Q008,Private funding for eHealth,https://www.who.int/data/gho/indicator-metadata-registry/imr-details/4766,PUBLISHED,Published,,2015,2015,,EUR,Europe,,GBR,United Kingdom of Great Britain and Northern Ireland,,GOEQUESTION002,Source of funding for eHealth,,No,,,,,,
GOE_Q008,Private funding for eHealth,https://www.who.int/data/gho/indicator-metadata-registry/imr-details/4766,PUBLISHED,Published,,2015,2015,,AMR,Americas,,GTM,Guatemala,,GOEQUESTION002,Source of funding for eHealth,,No,,,,,,
GOE_Q008,Private funding for eHealth,https://www.who.int/data/gho/indicator-metadata-registry/imr-details/4766,PUBLISHED,Published,,2015,2015,,EMR,Eastern Mediterranean,,JOR,Jordan,,GOEQUESTION002,Source of funding for eHealth,,Yes,,,,,,
GOE_Q008,Private funding for eHealth,https://www.who.int/data/gho/indicator-metadata-registry/imr-details/4766,PUBLISHED,Published,,2015,2015,,WPR,Western Pacific,,LAO,Lao People's Democratic Republic,,GOEQUESTION002,Source of funding for eHealth,,No,,,,,,
GOE_Q008,Private funding for eHealth,https://www.who.int/data/gho/indicator-metadata-registry/imr-details/4766,PUBLISHED,Published,,2015,2015,,EUR,Europe,,MDA,Republic of Moldova,,GOEQUESTION002,Source of funding for eHealth,,Yes,,,,,,
GOE_Q008,Private funding for eHealth,https://www.who.int/data/gho/indicator-metadata-registry/imr-details/4766,PUBLISHED,Published,,2015,2015,,AFR,Africa,,NER,Niger,,GOEQUESTION002,Source of funding for eHealth,,No,,,,,,
GOE_Q008,Private funding for eHealth,https://www.who.int/data/gho/indicator-metadata-registry/imr-details/4766,PUBLISHED,Published,,2015,2015,,WPR,Western Pacific,,PHL,Philippines,,GOEQUESTION002,Source of funding for eHealth,,Yes,,,,,,
GOE_Q008,Private funding for eHealth,https://www.who.int/data/gho/indicator-metadata-registry/imr-details/4766,PUBLISHED,Published,,2015,2015,,EUR,Europe,,RUS,Russian Federation,,GOEQUESTION002,Source of funding for eHealth,,Yes,,,,,,
GOE_Q008,Private funding for eHealth,https://www.who.int/data/gho/indicator-metadata-registry/imr-details/4766,PUBLISHED,Published,,2015,2015,,AFR,Africa,,SYC,Seychelles,,GOEQUESTION002,Source of funding for eHealth,,Yes,,,,,,
GOE_Q008,Private funding for eHealth,https://www.who.int/data/gho/indicator-metadata-registry/imr-details/4766,PUBLISHED,Published,,2015,2015,,AFR,Africa,,UGA,Uganda,,GOEQUESTION002,Source of funding for eHealth,,No,,,,,,
GOE_Q008,Private funding for eHealth,https://www.who.int/data/gho/indicator-metadata-registry/imr-details/4766,PUBLISHED,Published,,2015,2015,,AFR,Africa,,ZMB,Zambia,,GOEQUESTION002,Source of funding for eHealth,,No,,,,,,
GOE_Q008,Private funding for eHealth,https://www.who.int/data/gho/indicator-metadata-registry/imr-details/4766,PUBLISHED,Published,,2015,2015,,EUR,Europe,,ALB,Albania,,GOEQUESTION002,Source of funding for eHealth,,Don't know,,,,,,
GOE_Q008,Private funding for eHealth,https://www.who.int/data/gho/indicator-metadata-registry/imr-details/4766,PUBLISHED,Published,,2015,2015,,EUR,Europe,,BLR,Belarus,,GOEQUESTION002,Source of funding for eHealth,,No,,,,,,
GOE_Q008,Private funding for eHealth,https://www.who.int/data/gho/indicator-metadata-registry/imr-details/4766,PUBLISHED,Published,,2015,2015,,SEAR,South-East Asia,,BTN,Bhutan,,GOEQUESTION002,Source of funding for eHealth,,No,,,,,,
GOE_Q008,Private funding for eHealth,https://www.who.int/data/gho/indicator-metadata-registry/imr-details/4766,PUBLISHED,Published,,2015,2015,,EUR,Europe,,ESP,Spain,,GOEQUESTION002,Source of funding for eHealth,,Yes,,,,,,
GOE_Q008,Private funding for eHealth,https://www.who.int/data/gho/indicator-metadata-registry/imr-details/4766,PUBLISHED,Published,,2015,2015,,EUR,Europe,,EST,Estonia,,GOEQUESTION002,Source of funding for eHealth,,Yes,,,,,,
GOE_Q008,Private funding for eHealth,https://www.who.int/data/gho/indicator-metadata-registry/imr-details/4766,PUBLISHED,Published,,2015,2015,,EUR,Europe,,IRL,Ireland,,GOEQUESTION002,Source of funding for eHealth,,No,,,,,,
GOE_Q008,Private funding for eHealth,https://www.who.int/data/gho/indicator-metadata-registry/imr-details/4766,PUBLISHED,Published,,2015,2015,,EUR,Europe,,ISL,Iceland,,GOEQUESTION002,Source of funding for eHealth,,No,,,,,,
GOE_Q008,Private funding for eHealth,https://www.who.int/data/gho/indicator-metadata-registry/imr-details/4766,PUBLISHED,Published,,2015,2015,,EUR,Europe,,LTU,Lithuania,,GOEQUESTION002,Source of funding for eHealth,,Don't know,,,,,,
GOE_Q008,Private funding for eHealth,https://www.who.int/data/gho/indicator-metadata-registry/imr-details/4766,PUBLISHED,Published,,2015,2015,,EUR,Europe,,LUX,Luxembourg,,GOEQUESTION002,Source of funding for eHealth,,No,,,,,,
GOE_Q008,Private funding for eHealth,https://www.who.int/data/gho/indicator-metadata-registry/imr-details/4766,PUBLISHED,Published,,2015,2015,,EMR,Eastern Mediterranean,,OMN,Oman,,GOEQUESTION002,Source of funding for eHealth,,No,,,,,,
GOE_Q008,Private funding for eHealth,https://www.who.int/data/gho/indicator-metadata-registry/imr-details/4766,PUBLISHED,Published,,2015,2015,,EMR,Eastern Mediterranean,,PAK,Pakistan,,GOEQUESTION002,Source of funding for eHealth,,No,,,,,,
GOE_Q008,Private funding for eHealth,https://www.who.int/data/gho/indicator-metadata-registry/imr-details/4766,PUBLISHED,Published,,2015,2015,,AMR,Americas,,SLV,El Salvador,,GOEQUESTION002,Source of funding for eHealth,,No,,,,,,
GOE_Q008,Private funding for eHealth,https://www.who.int/data/gho/indicator-metadata-registry/imr-details/4766,PUBLISHED,Published,,2015,2015,,EUR,Europe,,SRB,Serbia,,GOEQUESTION002,Source of funding for eHealth,,No,,,,,,
GOE_Q008,Private funding for eHealth,https://www.who.int/data/gho/indicator-metadata-registry/imr-details/4766,PUBLISHED,Published,,2015,2015,,AMR,Americas,,USA,United States of America,,GOEQUESTION002,Source of funding for eHealth,,Yes,,,,,,
GOE_Q008,Private funding for eHealth,https://www.who.int/data/gho/indicator-metadata-registry/imr-details/4766,PUBLISHED,Published,,2015,2015,,EUR,Europe,,UZB,Uzbekistan,,GOEQUESTION002,Source of funding for eHealth,,Yes,,,,,,
GOE_Q008,Private funding for eHealth,https://www.who.int/data/gho/indicator-metadata-registry/imr-details/4766,PUBLISHED,Published,,2015,2015,,AFR,Africa,,BDI,Burundi,,GOEQUESTION002,Source of funding for eHealth,,Yes,,,,,,
GOE_Q008,Private funding for eHealth,https://www.who.int/data/gho/indicator-metadata-registry/imr-details/4766,PUBLISHED,Published,,2015,2015,,AFR,Africa,,BEN,Benin,,GOEQUESTION002,Source of funding for eHealth,,No,,,,,,
GOE_Q008,Private funding for eHealth,https://www.who.int/data/gho/indicator-metadata-registry/imr-details/4766,PUBLISHED,Published,,2015,2015,,AFR,Africa,,COM,Comoros,,GOEQUESTION002,Source of funding for eHealth,,No,,,,,,
GOE_Q008,Private funding for eHealth,https://www.who.int/data/gho/indicator-metadata-registry/imr-details/4766,PUBLISHED,Published,,2015,2015,,AMR,Americas,,CRI,Costa Rica,,GOEQUESTION002,Source of funding for eHealth,,No,,,,,,
GOE_Q008,Private funding for eHealth,https://www.who.int/data/gho/indicator-metadata-registry/imr-details/4766,PUBLISHED,Published,,2015,2015,,AFR,Africa,,GHA,Ghana,,GOEQUESTION002,Source of funding for eHealth,,Yes,,,,,,
GOE_Q008,Private funding for eHealth,https://www.who.int/data/gho/indicator-metadata-registry/imr-details/4766,PUBLISHED,Published,,2015,2015,,AFR,Africa,,GNB,Guinea-Bissau,,GOEQUESTION002,Source of funding for eHealth,,No,,,,,,
GOE_Q008,Private funding for eHealth,https://www.who.int/data/gho/indicator-metadata-registry/imr-details/4766,PUBLISHED,Published,,2015,2015,,WPR,Western Pacific,,JPN,Japan,,GOEQUESTION002,Source of funding for eHealth,,Yes,,,,,,
GOE_Q008,Private funding for eHealth,https://www.who.int/data/gho/indicator-metadata-registry/imr-details/4766,PUBLISHED,Published,,2015,2015,,AFR,Africa,,KEN,Kenya,,GOEQUESTION002,Source of funding for eHealth,,No,,,,,,
GOE_Q008,Private funding for eHealth,https://www.who.int/data/gho/indicator-metadata-registry/imr-details/4766,PUBLISHED,Published,,2015,2015,,AFR,Africa,,MLI,Mali,,GOEQUESTION002,Source of funding for eHealth,,Yes,,,,,,
GOE_Q008,Private funding for eHealth,https://www.who.int/data/gho/indicator-metadata-registry/imr-details/4766,PUBLISHED,Published,,2015,2015,,EUR,Europe,,MNE,Montenegro,,GOEQUESTION002,Source of funding for eHealth,,No,,,,,,
GOE_Q008,Private funding for eHealth,https://www.who.int/data/gho/indicator-metadata-registry/imr-details/4766,PUBLISHED,Published,,2015,2015,,EUR,Europe,,PRT,Portugal,,GOEQUESTION002,Source of funding for eHealth,,Yes,,,,,,
GOE_Q008,Private funding for eHealth,https://www.who.int/data/gho/indicator-metadata-registry/imr-details/4766,PUBLISHED,Published,,2015,2015,,EMR,Eastern Mediterranean,,QAT,Qatar,,GOEQUESTION002,Source of funding for eHealth,,Don't know,,,,,,
GOE_Q008,Private funding for eHealth,https://www.who.int/data/gho/indicator-metadata-registry/imr-details/4766,PUBLISHED,Published,,2015,2015,,EUR,Europe,,TJK,Tajikistan,,GOEQUESTION002,Source of funding for eHealth,,No,,,,,,
GOE_Q008,Private funding for eHealth,https://www.who.int/data/gho/indicator-metadata-registry/imr-details/4766,PUBLISHED,Published,,2015,2015,,SEAR,South-East Asia,,TLS,Timor-Leste,,GOEQUESTION002,Source of funding for eHealth,,Yes,,,,,,
GOE_Q008,Private funding for eHealth,https://www.who.int/data/gho/indicator-metadata-registry/imr-details/4766,PUBLISHED,Published,,2015,2015,,SEAR,South-East Asia,,BGD,Bangladesh,,GOEQUESTION002,Source of funding for eHealth,,Yes,,,,,,
GOE_Q008,Private funding for eHealth,https://www.who.int/data/gho/indicator-metadata-registry/imr-details/4766,PUBLISHED,Published,,2015,2015,,EMR,Eastern Mediterranean,,BHR,Bahrain,,GOEQUESTION002,Source of funding for eHealth,,No,,,,,,
GOE_Q008,Private funding for eHealth,https://www.who.int/data/gho/indicator-metadata-registry/imr-details/4766,PUBLISHED,Published,,2015,2015,,AMR,Americas,,CAN,Canada,,GOEQUESTION002,Source of funding for eHealth,,Yes,,,,,,
GOE_Q008,Private funding for eHealth,https://www.who.int/data/gho/indicator-metadata-registry/imr-details/4766,PUBLISHED,Published,,2015,2015,,AMR,Americas,,CHL,Chile,,GOEQUESTION002,Source of funding for eHealth,,No,,,,,,
GOE_Q008,Private funding for eHealth,https://www.who.int/data/gho/indicator-metadata-registry/imr-details/4766,PUBLISHED,Published,,2015,2015,,AFR,Africa,,CIV,Côte d'Ivoire,,GOEQUESTION002,Source of funding for eHealth,,Yes,,,,,,
GOE_Q008,Private funding for eHealth,https://www.who.int/data/gho/indicator-metadata-registry/imr-details/4766,PUBLISHED,Published,,2015,2015,,EUR,Europe,,GRC,Greece,,GOEQUESTION002,Source of funding for eHealth,,Yes,,,,,,
GOE_Q008,Private funding for eHealth,https://www.who.int/data/gho/indicator-metadata-registry/imr-details/4766,PUBLISHED,Published,,2015,2015,,AMR,Americas,,HND,Honduras,,GOEQUESTION002,Source of funding for eHealth,,Yes,,,,,,
GOE_Q008,Private funding for eHealth,https://www.who.int/data/gho/indicator-metadata-registry/imr-details/4766,PUBLISHED,Published,,2015,2015,,EUR,Europe,,HUN,Hungary,,GOEQUESTION002,Source of funding for eHealth,,Yes,,,,,,
GOE_Q008,Private funding for eHealth,https://www.who.int/data/gho/indicator-metadata-registry/imr-details/4766,PUBLISHED,Published,,2015,2015,,EUR,Europe,,ISR,Israel,,GOEQUESTION002,Source of funding for eHealth,,Yes,,,,,,
GOE_Q008,Private funding for eHealth,https://www.who.int/data/gho/indicator-metadata-registry/imr-details/4766,PUBLISHED,Published,,2015,2015,,AMR,Americas,,JAM,Jamaica,,GOEQUESTION002,Source of funding for eHealth,,Yes,,,,,,
GOE_Q008,Private funding for eHealth,https://www.who.int/data/gho/indicator-metadata-registry/imr-details/4766,PUBLISHED,Published,,2015,2015,,AFR,Africa,,MRT,Mauritania,,GOEQUESTION002,Source of funding for eHealth,,No,,,,,,
GOE_Q008,Private funding for eHealth,https://www.who.int/data/gho/indicator-metadata-registry/imr-details/4766,PUBLISHED,Published,,2015,2015,,WPR,Western Pacific,,MYS,Malaysia,,GOEQUESTION002,Source of funding for eHealth,,Yes,,,,,,
GOE_Q008,Private funding for eHealth,https://www.who.int/data/gho/indicator-metadata-registry/imr-details/4766,PUBLISHED,Published,,2015,2015,,AMR,Americas,,PER,Peru,,GOEQUESTION002,Source of funding for eHealth,,No,,,,,,
GOE_Q008,Private funding for eHealth,https://www.who.int/data/gho/indicator-metadata-registry/imr-details/4766,PUBLISHED,Published,,2015,2015,,EUR,Europe,,POL,Poland,,GOEQUESTION002,Source of funding for eHealth,,Yes,,,,,,
GOE_Q008,Private funding for eHealth,https://www.who.int/data/gho/indicator-metadata-registry/imr-details/4766,PUBLISHED,Published,,2015,2015,,EUR,Europe,,TUR,Turkey,,GOEQUESTION002,Source of funding for eHealth,,No,,,,,,
GOE_Q008,Private funding for eHealth,https://www.who.int/data/gho/indicator-metadata-registry/imr-details/4766,PUBLISHED,Published,,2015,2015,,EUR,Europe,,UKR,Ukraine,,GOEQUESTION002,Source of funding for eHealth,,Yes,,,,,,
GOE_Q008,Private funding for eHealth,https://www.who.int/data/gho/indicator-metadata-registry/imr-details/4766,PUBLISHED,Published,,2015,2015,,AFR,Africa,,ZWE,Zimbabwe,,GOEQUESTION002,Source of funding for eHealth,,Yes,,,,,,
GOE_Q008,Private funding for eHealth,https://www.who.int/data/gho/indicator-metadata-registry/imr-details/4766,PUBLISHED,Published,,2015,2015,,EUR,Europe,,ARM,Armenia,,GOEQUESTION002,Source of funding for eHealth,,Yes,,,,,,
GOE_Q008,Private funding for eHealth,https://www.who.int/data/gho/indicator-metadata-registry/imr-details/4766,PUBLISHED,Published,,2015,2015,,AFR,Africa,,BFA,Burkina Faso,,GOEQUESTION002,Source of funding for eHealth,,No,,,,,,
GOE_Q008,Private funding for eHealth,https://www.who.int/data/gho/indicator-metadata-registry/imr-details/4766,PUBLISHED,Published,,2015,2015,,WPR,Western Pacific,,CHN,China,,GOEQUESTION002,Source of funding for eHealth,,Yes,,,,,,
GOE_Q008,Private funding for eHealth,https://www.who.int/data/gho/indicator-metadata-registry/imr-details/4766,PUBLISHED,Published,,2015,2015,,EUR,Europe,,CYP,Cyprus,,GOEQUESTION002,Source of funding for eHealth,,No,,,,,,
GOE_Q008,Private funding for eHealth,https://www.who.int/data/gho/indicator-metadata-registry/imr-details/4766,PUBLISHED,Published,,2015,2015,,AFR,Africa,,ETH,Ethiopia,,GOEQUESTION002,Source of funding for eHealth,,No,,,,,,
GOE_Q008,Private funding for eHealth,https://www.who.int/data/gho/indicator-metadata-registry/imr-details/4766,PUBLISHED,Published,,2015,2015,,EUR,Europe,,HRV,Croatia,,GOEQUESTION002,Source of funding for eHealth,,No,,,,,,
GOE_Q008,Private funding for eHealth,https://www.who.int/data/gho/indicator-metadata-registry/imr-details/4766,PUBLISHED,Published,,2015,2015,,EUR,Europe,,ITA,Italy,,GOEQUESTION002,Source of funding for eHealth,,Yes,,,,,,
GOE_Q008,Private funding for eHealth,https://www.who.int/data/gho/indicator-metadata-registry/imr-details/4766,PUBLISHED,Published,,2015,2015,,WPR,Western Pacific,,KHM,Cambodia,,GOEQUESTION002,Source of funding for eHealth,,Don't know,,,,,,
GOE_Q008,Private funding for eHealth,https://www.who.int/data/gho/indicator-metadata-registry/imr-details/4766,PUBLISHED,Published,,2015,2015,,SEAR,South-East Asia,,MDV,Maldives,,GOEQUESTION002,Source of funding for eHealth,,No,,,,,,
GOE_Q008,Private funding for eHealth,https://www.who.int/data/gho/indicator-metadata-registry/imr-details/4766,PUBLISHED,Published,,2015,2015,,AFR,Africa,,MWI,Malawi,,GOEQUESTION002,Source of funding for eHealth,,Yes,,,,,,
GOE_Q008,Private funding for eHealth,https://www.who.int/data/gho/indicator-metadata-registry/imr-details/4766,PUBLISHED,Published,,2015,2015,,AMR,Americas,,PAN,Panama,,GOEQUESTION002,Source of funding for eHealth,,No,,,,,,
GOE_Q008,Private funding for eHealth,https://www.who.int/data/gho/indicator-metadata-registry/imr-details/4766,PUBLISHED,Published,,2015,2015,,AFR,Africa,,SEN,Senegal,,GOEQUESTION002,Source of funding for eHealth,,Yes,,,,,,
GOE_Q008,Private funding for eHealth,https://www.who.int/data/gho/indicator-metadata-registry/imr-details/4766,PUBLISHED,Published,,2015,2015,,EUR,Europe,,SVN,Slovenia,,GOEQUESTION002,Source of funding for eHealth,,No,,,,,,
GOE_Q008,Private funding for eHealth,https://www.who.int/data/gho/indicator-metadata-registry/imr-details/4766,PUBLISHED,Published,,2015,2015,,AMR,Americas,,TTO,Trinidad and Tobago,,GOEQUESTION002,Source of funding for eHealth,,Don't know,,,,,,
GOE_Q008,Private funding for eHealth,https://www.who.int/data/gho/indicator-metadata-registry/imr-details/4766,PUBLISHED,Published,,2015,2015,,AMR,Americas,,URY,Uruguay,,GOEQUESTION002,Source of funding for eHealth,,No,,,,,,
GOE_Q008,Private funding for eHealth,https://www.who.int/data/gho/indicator-metadata-registry/imr-details/4766,PUBLISHED,Published,,2015,2015,,WPR,Western Pacific,,NZL,New Zealand,,GOEQUESTION002,Source of funding for eHealth,,Yes,,,,,,
