GHO (CODE),GHO (DISPLAY),GHO (URL),PUBLISHSTATE (CODE),PUBLISHSTATE (DISPLAY),PUBLISHSTATE (URL),YEAR (CODE),YEAR (DISPLAY),YEAR (URL),REGION (CODE),REGION (DISPLAY),REGION (URL),COUNTRY (CODE),COUNTRY (DISPLAY),COUNTRY (URL),GOEQUESTION (CODE),GOEQUESTION (DISPLAY),GOEQUESTION (URL),Display Value,Numeric,Low,High,StdErr,StdDev,Comments
GOE_Q155,Lack of funding,https://www.who.int/data/gho/indicator-metadata-registry/imr-details/4793,PUBLISHED,Published,,2015,2015,,EUR,Europe,,BLR,Belarus,,GOEQUESTION015,Barriers to implementing electronic health records,,Very important barrier,,,,,,
GOE_Q155,Lack of funding,https://www.who.int/data/gho/indicator-metadata-registry/imr-details/4793,PUBLISHED,Published,,2015,2015,,WPR,Western Pacific,,PHL,Philippines,,GOEQUESTION015,Barriers to implementing electronic health records,,Very important barrier,,,,,,
GOE_Q155,Lack of funding,https://www.who.int/data/gho/indicator-metadata-registry/imr-details/4793,PUBLISHED,Published,,2015,2015,,EUR,Europe,,TUR,Turkey,,GOEQUESTION015,Barriers to implementing electronic health records,,Slightly important barrier,,,,,,
GOE_Q155,Lack of funding,https://www.who.int/data/gho/indicator-metadata-registry/imr-details/4793,PUBLISHED,Published,,2015,2015,,EUR,Europe,,TKM,Turkmenistan,,GOEQUESTION015,Barriers to implementing electronic health records,,Not a barrier,,,,,,
GOE_Q155,Lack of funding,https://www.who.int/data/gho/indicator-metadata-registry/imr-details/4793,PUBLISHED,Published,,2015,2015,,EUR,Europe,,GEO,Georgia,,GOEQUESTION015,Barriers to implementing electronic health records,,Extremely important barrier,,,,,,
GOE_Q155,Lack of funding,https://www.who.int/data/gho/indicator-metadata-registry/imr-details/4793,PUBLISHED,Published,,2015,2015,,AFR,Africa,,MDG,Madagascar,,GOEQUESTION015,Barriers to implementing electronic health records,,Very important barrier,,,,,,
GOE_Q155,Lack of funding,https://www.who.int/data/gho/indicator-metadata-registry/imr-details/4793,PUBLISHED,Published,,2015,2015,,AFR,Africa,,RWA,Rwanda,,GOEQUESTION015,Barriers to implementing electronic health records,,No response,,,,,,
GOE_Q155,Lack of funding,https://www.who.int/data/gho/indicator-metadata-registry/imr-details/4793,PUBLISHED,Published,,2015,2015,,AFR,Africa,,CIV,Côte d'Ivoire,,GOEQUESTION015,Barriers to implementing electronic health records,,Extremely important barrier,,,,,,
GOE_Q155,Lack of funding,https://www.who.int/data/gho/indicator-metadata-registry/imr-details/4793,PUBLISHED,Published,,2015,2015,,AMR,Americas,,TTO,Trinidad and Tobago,,GOEQUESTION015,Barriers to implementing electronic health records,,Slightly important barrier,,,,,,
GOE_Q155,Lack of funding,https://www.who.int/data/gho/indicator-metadata-registry/imr-details/4793,PUBLISHED,Published,,2015,2015,,EMR,Eastern Mediterranean,,AFG,Afghanistan,,GOEQUESTION015,Barriers to implementing electronic health records,,Extremely important barrier,,,,,,
GOE_Q155,Lack of funding,https://www.who.int/data/gho/indicator-metadata-registry/imr-details/4793,PUBLISHED,Published,,2015,2015,,EUR,Europe,,NOR,Norway,,GOEQUESTION015,Barriers to implementing electronic health records,,Not a barrier,,,,,,
GOE_Q155,Lack of funding,https://www.who.int/data/gho/indicator-metadata-registry/imr-details/4793,PUBLISHED,Published,,2015,2015,,AFR,Africa,,BEN,Benin,,GOEQUESTION015,Barriers to implementing electronic health records,,Very important barrier,,,,,,
GOE_Q155,Lack of funding,https://www.who.int/data/gho/indicator-metadata-registry/imr-details/4793,PUBLISHED,Published,,2015,2015,,EUR,Europe,,NLD,Netherlands,,GOEQUESTION015,Barriers to implementing electronic health records,,Not a barrier,,,,,,
GOE_Q155,Lack of funding,https://www.who.int/data/gho/indicator-metadata-registry/imr-details/4793,PUBLISHED,Published,,2015,2015,,EMR,Eastern Mediterranean,,SOM,Somalia,,GOEQUESTION015,Barriers to implementing electronic health records,,Extremely important barrier,,,,,,
GOE_Q155,Lack of funding,https://www.who.int/data/gho/indicator-metadata-registry/imr-details/4793,PUBLISHED,Published,,2015,2015,,EUR,Europe,,BIH,Bosnia and Herzegovina,,GOEQUESTION015,Barriers to implementing electronic health records,,Very important barrier,,,,,,
GOE_Q155,Lack of funding,https://www.who.int/data/gho/indicator-metadata-registry/imr-details/4793,PUBLISHED,Published,,2015,2015,,WPR,Western Pacific,,LAO,Lao People's Democratic Republic,,GOEQUESTION015,Barriers to implementing electronic health records,,Very important barrier,,,,,,
GOE_Q155,Lack of funding,https://www.who.int/data/gho/indicator-metadata-registry/imr-details/4793,PUBLISHED,Published,,2015,2015,,AFR,Africa,,GNB,Guinea-Bissau,,GOEQUESTION015,Barriers to implementing electronic health records,,Extremely important barrier,,,,,,
GOE_Q155,Lack of funding,https://www.who.int/data/gho/indicator-metadata-registry/imr-details/4793,PUBLISHED,Published,,2015,2015,,EUR,Europe,,ISR,Israel,,GOEQUESTION015,Barriers to implementing electronic health records,,Moderately important barrier,,,,,,
GOE_Q155,Lack of funding,https://www.who.int/data/gho/indicator-metadata-registry/imr-details/4793,PUBLISHED,Published,,2015,2015,,EUR,Europe,,HRV,Croatia,,GOEQUESTION015,Barriers to implementing electronic health records,,Moderately important barrier,,,,,,
GOE_Q155,Lack of funding,https://www.who.int/data/gho/indicator-metadata-registry/imr-details/4793,PUBLISHED,Published,,2015,2015,,AMR,Americas,,CUB,Cuba,,GOEQUESTION015,Barriers to implementing electronic health records,,Extremely important barrier,,,,,,
GOE_Q155,Lack of funding,https://www.who.int/data/gho/indicator-metadata-registry/imr-details/4793,PUBLISHED,Published,,2015,2015,,EUR,Europe,,TJK,Tajikistan,,GOEQUESTION015,Barriers to implementing electronic health records,,Very important barrier,,,,,,
GOE_Q155,Lack of funding,https://www.who.int/data/gho/indicator-metadata-registry/imr-details/4793,PUBLISHED,Published,,2015,2015,,WPR,Western Pacific,,KHM,Cambodia,,GOEQUESTION015,Barriers to implementing electronic health records,,Extremely important barrier,,,,,,
GOE_Q155,Lack of funding,https://www.who.int/data/gho/indicator-metadata-registry/imr-details/4793,PUBLISHED,Published,,2015,2015,,EUR,Europe,,MDA,Republic of Moldova,,GOEQUESTION015,Barriers to implementing electronic health records,,Extremely important barrier,,,,,,
GOE_Q155,Lack of funding,https://www.who.int/data/gho/indicator-metadata-registry/imr-details/4793,PUBLISHED,Published,,2015,2015,,AFR,Africa,,DZA,Algeria,,GOEQUESTION015,Barriers to implementing electronic health records,,Moderately important barrier,,,,,,
GOE_Q155,Lack of funding,https://www.who.int/data/gho/indicator-metadata-registry/imr-details/4793,PUBLISHED,Published,,2015,2015,,WPR,Western Pacific,,AUS,Australia,,GOEQUESTION015,Barriers to implementing electronic health records,,Not a barrier,,,,,,
GOE_Q155,Lack of funding,https://www.who.int/data/gho/indicator-metadata-registry/imr-details/4793,PUBLISHED,Published,,2015,2015,,EMR,Eastern Mediterranean,,MAR,Morocco,,GOEQUESTION015,Barriers to implementing electronic health records,,Not a barrier,,,,,,
GOE_Q155,Lack of funding,https://www.who.int/data/gho/indicator-metadata-registry/imr-details/4793,PUBLISHED,Published,,2015,2015,,AFR,Africa,,UGA,Uganda,,GOEQUESTION015,Barriers to implementing electronic health records,,Extremely important barrier,,,,,,
GOE_Q155,Lack of funding,https://www.who.int/data/gho/indicator-metadata-registry/imr-details/4793,PUBLISHED,Published,,2015,2015,,WPR,Western Pacific,,VNM,Viet Nam,,GOEQUESTION015,Barriers to implementing electronic health records,,Extremely important barrier,,,,,,
GOE_Q155,Lack of funding,https://www.who.int/data/gho/indicator-metadata-registry/imr-details/4793,PUBLISHED,Published,,2015,2015,,AMR,Americas,,JAM,Jamaica,,GOEQUESTION015,Barriers to implementing electronic health records,,Extremely important barrier,,,,,,
GOE_Q155,Lack of funding,https://www.who.int/data/gho/indicator-metadata-registry/imr-details/4793,PUBLISHED,Published,,2015,2015,,AMR,Americas,,PRY,Paraguay,,GOEQUESTION015,Barriers to implementing electronic health records,,Extremely important barrier,,,,,,
GOE_Q155,Lack of funding,https://www.who.int/data/gho/indicator-metadata-registry/imr-details/4793,PUBLISHED,Published,,2015,2015,,SEAR,South-East Asia,,TLS,Timor-Leste,,GOEQUESTION015,Barriers to implementing electronic health records,,Moderately important barrier,,,,,,
GOE_Q155,Lack of funding,https://www.who.int/data/gho/indicator-metadata-registry/imr-details/4793,PUBLISHED,Published,,2015,2015,,EMR,Eastern Mediterranean,,BHR,Bahrain,,GOEQUESTION015,Barriers to implementing electronic health records,,Not a barrier,,,,,,
GOE_Q155,Lack of funding,https://www.who.int/data/gho/indicator-metadata-registry/imr-details/4793,PUBLISHED,Published,,2015,2015,,EUR,Europe,,CZE,Czechia,,GOEQUESTION015,Barriers to implementing electronic health records,,Extremely important barrier,,,,,,
GOE_Q155,Lack of funding,https://www.who.int/data/gho/indicator-metadata-registry/imr-details/4793,PUBLISHED,Published,,2015,2015,,AFR,Africa,,SYC,Seychelles,,GOEQUESTION015,Barriers to implementing electronic health records,,Extremely important barrier,,,,,,
GOE_Q155,Lack of funding,https://www.who.int/data/gho/indicator-metadata-registry/imr-details/4793,PUBLISHED,Published,,2015,2015,,AFR,Africa,,GNQ,Equatorial Guinea,,GOEQUESTION015,Barriers to implementing electronic health records,,Very important barrier,,,,,,
GOE_Q155,Lack of funding,https://www.who.int/data/gho/indicator-metadata-registry/imr-details/4793,PUBLISHED,Published,,2015,2015,,AMR,Americas,,MEX,Mexico,,GOEQUESTION015,Barriers to implementing electronic health records,,Very important barrier,,,,,,
GOE_Q155,Lack of funding,https://www.who.int/data/gho/indicator-metadata-registry/imr-details/4793,PUBLISHED,Published,,2015,2015,,AFR,Africa,,SEN,Senegal,,GOEQUESTION015,Barriers to implementing electronic health records,,Very important barrier,,,,,,
GOE_Q155,Lack of funding,https://www.who.int/data/gho/indicator-metadata-registry/imr-details/4793,PUBLISHED,Published,,2015,2015,,EUR,Europe,,ARM,Armenia,,GOEQUESTION015,Barriers to implementing electronic health records,,Extremely important barrier,,,,,,
GOE_Q155,Lack of funding,https://www.who.int/data/gho/indicator-metadata-registry/imr-details/4793,PUBLISHED,Published,,2015,2015,,EUR,Europe,,ISL,Iceland,,GOEQUESTION015,Barriers to implementing electronic health records,,Extremely important barrier,,,,,,
GOE_Q155,Lack of funding,https://www.who.int/data/gho/indicator-metadata-registry/imr-details/4793,PUBLISHED,Published,,2015,2015,,EUR,Europe,,UZB,Uzbekistan,,GOEQUESTION015,Barriers to implementing electronic health records,,Extremely important barrier,,,,,,
GOE_Q155,Lack of funding,https://www.who.int/data/gho/indicator-metadata-registry/imr-details/4793,PUBLISHED,Published,,2015,2015,,AFR,Africa,,COM,Comoros,,GOEQUESTION015,Barriers to implementing electronic health records,,Very important barrier,,,,,,
GOE_Q155,Lack of funding,https://www.who.int/data/gho/indicator-metadata-registry/imr-details/4793,PUBLISHED,Published,,2015,2015,,SEAR,South-East Asia,,PRK,Democratic People's Republic of Korea,,GOEQUESTION015,Barriers to implementing electronic health records,,Very important barrier,,,,,,
GOE_Q155,Lack of funding,https://www.who.int/data/gho/indicator-metadata-registry/imr-details/4793,PUBLISHED,Published,,2015,2015,,EUR,Europe,,SRB,Serbia,,GOEQUESTION015,Barriers to implementing electronic health records,,Slightly important barrier,,,,,,
GOE_Q155,Lack of funding,https://www.who.int/data/gho/indicator-metadata-registry/imr-details/4793,PUBLISHED,Published,,2015,2015,,EMR,Eastern Mediterranean,,SYR,Syrian Arab Republic,,GOEQUESTION015,Barriers to implementing electronic health records,,Extremely important barrier,,,,,,
GOE_Q155,Lack of funding,https://www.who.int/data/gho/indicator-metadata-registry/imr-details/4793,PUBLISHED,Published,,2015,2015,,AMR,Americas,,URY,Uruguay,,GOEQUESTION015,Barriers to implementing electronic health records,,Very important barrier,,,,,,
GOE_Q155,Lack of funding,https://www.who.int/data/gho/indicator-metadata-registry/imr-details/4793,PUBLISHED,Published,,2015,2015,,EUR,Europe,,AZE,Azerbaijan,,GOEQUESTION015,Barriers to implementing electronic health records,,Very important barrier,,,,,,
GOE_Q155,Lack of funding,https://www.who.int/data/gho/indicator-metadata-registry/imr-details/4793,PUBLISHED,Published,,2015,2015,,AFR,Africa,,MWI,Malawi,,GOEQUESTION015,Barriers to implementing electronic health records,,Moderately important barrier,,,,,,
GOE_Q155,Lack of funding,https://www.who.int/data/gho/indicator-metadata-registry/imr-details/4793,PUBLISHED,Published,,2015,2015,,SEAR,South-East Asia,,BGD,Bangladesh,,GOEQUESTION015,Barriers to implementing electronic health records,,Very important barrier,,,,,,
GOE_Q155,Lack of funding,https://www.who.int/data/gho/indicator-metadata-registry/imr-details/4793,PUBLISHED,Published,,2015,2015,,AFR,Africa,,NER,Niger,,GOEQUESTION015,Barriers to implementing electronic health records,,Very important barrier,,,,,,
GOE_Q155,Lack of funding,https://www.who.int/data/gho/indicator-metadata-registry/imr-details/4793,PUBLISHED,Published,,2015,2015,,EMR,Eastern Mediterranean,,OMN,Oman,,GOEQUESTION015,Barriers to implementing electronic health records,,Very important barrier,,,,,,
GOE_Q155,Lack of funding,https://www.who.int/data/gho/indicator-metadata-registry/imr-details/4793,PUBLISHED,Published,,2015,2015,,EMR,Eastern Mediterranean,,TUN,Tunisia,,GOEQUESTION015,Barriers to implementing electronic health records,,No response,,,,,,
GOE_Q155,Lack of funding,https://www.who.int/data/gho/indicator-metadata-registry/imr-details/4793,PUBLISHED,Published,,2015,2015,,AFR,Africa,,BDI,Burundi,,GOEQUESTION015,Barriers to implementing electronic health records,,Extremely important barrier,,,,,,
GOE_Q155,Lack of funding,https://www.who.int/data/gho/indicator-metadata-registry/imr-details/4793,PUBLISHED,Published,,2015,2015,,EMR,Eastern Mediterranean,,JOR,Jordan,,GOEQUESTION015,Barriers to implementing electronic health records,,Slightly important barrier,,,,,,
GOE_Q155,Lack of funding,https://www.who.int/data/gho/indicator-metadata-registry/imr-details/4793,PUBLISHED,Published,,2015,2015,,EMR,Eastern Mediterranean,,PAK,Pakistan,,GOEQUESTION015,Barriers to implementing electronic health records,,Moderately important barrier,,,,,,
GOE_Q155,Lack of funding,https://www.who.int/data/gho/indicator-metadata-registry/imr-details/4793,PUBLISHED,Published,,2015,2015,,EUR,Europe,,FIN,Finland,,GOEQUESTION015,Barriers to implementing electronic health records,,Not a barrier,,,,,,
GOE_Q155,Lack of funding,https://www.who.int/data/gho/indicator-metadata-registry/imr-details/4793,PUBLISHED,Published,,2015,2015,,EUR,Europe,,DNK,Denmark,,GOEQUESTION015,Barriers to implementing electronic health records,,Moderately important barrier,,,,,,
GOE_Q155,Lack of funding,https://www.who.int/data/gho/indicator-metadata-registry/imr-details/4793,PUBLISHED,Published,,2015,2015,,EUR,Europe,,KGZ,Kyrgyzstan,,GOEQUESTION015,Barriers to implementing electronic health records,,Very important barrier,,,,,,
GOE_Q155,Lack of funding,https://www.who.int/data/gho/indicator-metadata-registry/imr-details/4793,PUBLISHED,Published,,2015,2015,,AMR,Americas,,CHL,Chile,,GOEQUESTION015,Barriers to implementing electronic health records,,Extremely important barrier,,,,,,
GOE_Q155,Lack of funding,https://www.who.int/data/gho/indicator-metadata-registry/imr-details/4793,PUBLISHED,Published,,2015,2015,,EMR,Eastern Mediterranean,,IRN,Iran (Islamic Republic of),,GOEQUESTION015,Barriers to implementing electronic health records,,Slightly important barrier,,,,,,
GOE_Q155,Lack of funding,https://www.who.int/data/gho/indicator-metadata-registry/imr-details/4793,PUBLISHED,Published,,2015,2015,,AFR,Africa,,MRT,Mauritania,,GOEQUESTION015,Barriers to implementing electronic health records,,Very important barrier,,,,,,
GOE_Q155,Lack of funding,https://www.who.int/data/gho/indicator-metadata-registry/imr-details/4793,PUBLISHED,Published,,2015,2015,,AMR,Americas,,CAN,Canada,,GOEQUESTION015,Barriers to implementing electronic health records,,Very important barrier,,,,,,
GOE_Q155,Lack of funding,https://www.who.int/data/gho/indicator-metadata-registry/imr-details/4793,PUBLISHED,Published,,2015,2015,,WPR,Western Pacific,,KIR,Kiribati,,GOEQUESTION015,Barriers to implementing electronic health records,,No response,,,,,,
GOE_Q155,Lack of funding,https://www.who.int/data/gho/indicator-metadata-registry/imr-details/4793,PUBLISHED,Published,,2015,2015,,AFR,Africa,,KEN,Kenya,,GOEQUESTION015,Barriers to implementing electronic health records,,Extremely important barrier,,,,,,
GOE_Q155,Lack of funding,https://www.who.int/data/gho/indicator-metadata-registry/imr-details/4793,PUBLISHED,Published,,2015,2015,,EUR,Europe,,SVN,Slovenia,,GOEQUESTION015,Barriers to implementing electronic health records,,Moderately important barrier,,,,,,
GOE_Q155,Lack of funding,https://www.who.int/data/gho/indicator-metadata-registry/imr-details/4793,PUBLISHED,Published,,2015,2015,,AMR,Americas,,PAN,Panama,,GOEQUESTION015,Barriers to implementing electronic health records,,Moderately important barrier,,,,,,
GOE_Q155,Lack of funding,https://www.who.int/data/gho/indicator-metadata-registry/imr-details/4793,PUBLISHED,Published,,2015,2015,,AFR,Africa,,GHA,Ghana,,GOEQUESTION015,Barriers to implementing electronic health records,,Extremely important barrier,,,,,,
GOE_Q155,Lack of funding,https://www.who.int/data/gho/indicator-metadata-registry/imr-details/4793,PUBLISHED,Published,,2015,2015,,AMR,Americas,,USA,United States of America,,GOEQUESTION015,Barriers to implementing electronic health records,,Very important barrier,,,,,,
GOE_Q155,Lack of funding,https://www.who.int/data/gho/indicator-metadata-registry/imr-details/4793,PUBLISHED,Published,,2015,2015,,AMR,Americas,,DOM,Dominican Republic,,GOEQUESTION015,Barriers to implementing electronic health records,,Moderately important barrier,,,,,,
GOE_Q155,Lack of funding,https://www.who.int/data/gho/indicator-metadata-registry/imr-details/4793,PUBLISHED,Published,,2015,2015,,EUR,Europe,,MLT,Malta,,GOEQUESTION015,Barriers to implementing electronic health records,,Extremely important barrier,,,,,,
GOE_Q155,Lack of funding,https://www.who.int/data/gho/indicator-metadata-registry/imr-details/4793,PUBLISHED,Published,,2015,2015,,AMR,Americas,,SLV,El Salvador,,GOEQUESTION015,Barriers to implementing electronic health records,,Extremely important barrier,,,,,,
GOE_Q155,Lack of funding,https://www.who.int/data/gho/indicator-metadata-registry/imr-details/4793,PUBLISHED,Published,,2015,2015,,EUR,Europe,,ESP,Spain,,GOEQUESTION015,Barriers to implementing electronic health records,,Very important barrier,,,,,,
GOE_Q155,Lack of funding,https://www.who.int/data/gho/indicator-metadata-registry/imr-details/4793,PUBLISHED,Published,,2015,2015,,AFR,Africa,,ZAF,South Africa,,GOEQUESTION015,Barriers to implementing electronic health records,,Moderately important barrier,,,,,,
GOE_Q155,Lack of funding,https://www.who.int/data/gho/indicator-metadata-registry/imr-details/4793,PUBLISHED,Published,,2015,2015,,EUR,Europe,,GBR,United Kingdom of Great Britain and Northern Ireland,,GOEQUESTION015,Barriers to implementing electronic health records,,Moderately important barrier,,,,,,
GOE_Q155,Lack of funding,https://www.who.int/data/gho/indicator-metadata-registry/imr-details/4793,PUBLISHED,Published,,2015,2015,,EUR,Europe,,CYP,Cyprus,,GOEQUESTION015,Barriers to implementing electronic health records,,Extremely important barrier,,,,,,
GOE_Q155,Lack of funding,https://www.who.int/data/gho/indicator-metadata-registry/imr-details/4793,PUBLISHED,Published,,2015,2015,,AFR,Africa,,BFA,Burkina Faso,,GOEQUESTION015,Barriers to implementing electronic health records,,Extremely important barrier,,,,,,
GOE_Q155,Lack of funding,https://www.who.int/data/gho/indicator-metadata-registry/imr-details/4793,PUBLISHED,Published,,2015,2015,,EUR,Europe,,KAZ,Kazakhstan,,GOEQUESTION015,Barriers to implementing electronic health records,,Very important barrier,,,,,,
GOE_Q155,Lack of funding,https://www.who.int/data/gho/indicator-metadata-registry/imr-details/4793,PUBLISHED,Published,,2015,2015,,EUR,Europe,,IRL,Ireland,,GOEQUESTION015,Barriers to implementing electronic health records,,Very important barrier,,,,,,
GOE_Q155,Lack of funding,https://www.who.int/data/gho/indicator-metadata-registry/imr-details/4793,PUBLISHED,Published,,2015,2015,,EUR,Europe,,PRT,Portugal,,GOEQUESTION015,Barriers to implementing electronic health records,,Very important barrier,,,,,,
GOE_Q155,Lack of funding,https://www.who.int/data/gho/indicator-metadata-registry/imr-details/4793,PUBLISHED,Published,,2015,2015,,WPR,Western Pacific,,MYS,Malaysia,,GOEQUESTION015,Barriers to implementing electronic health records,,Extremely important barrier,,,,,,
GOE_Q155,Lack of funding,https://www.who.int/data/gho/indicator-metadata-registry/imr-details/4793,PUBLISHED,Published,,2015,2015,,AMR,Americas,,CRI,Costa Rica,,GOEQUESTION015,Barriers to implementing electronic health records,,Very important barrier,,,,,,
GOE_Q155,Lack of funding,https://www.who.int/data/gho/indicator-metadata-registry/imr-details/4793,PUBLISHED,Published,,2015,2015,,AFR,Africa,,ZWE,Zimbabwe,,GOEQUESTION015,Barriers to implementing electronic health records,,Extremely important barrier,,,,,,
GOE_Q155,Lack of funding,https://www.who.int/data/gho/indicator-metadata-registry/imr-details/4793,PUBLISHED,Published,,2015,2015,,AFR,Africa,,GMB,Gambia,,GOEQUESTION015,Barriers to implementing electronic health records,,Extremely important barrier,,,,,,
GOE_Q155,Lack of funding,https://www.who.int/data/gho/indicator-metadata-registry/imr-details/4793,PUBLISHED,Published,,2015,2015,,EUR,Europe,,SMR,San Marino,,GOEQUESTION015,Barriers to implementing electronic health records,,Not a barrier,,,,,,
GOE_Q155,Lack of funding,https://www.who.int/data/gho/indicator-metadata-registry/imr-details/4793,PUBLISHED,Published,,2015,2015,,SEAR,South-East Asia,,BTN,Bhutan,,GOEQUESTION015,Barriers to implementing electronic health records,,Extremely important barrier,,,,,,
GOE_Q155,Lack of funding,https://www.who.int/data/gho/indicator-metadata-registry/imr-details/4793,PUBLISHED,Published,,2015,2015,,WPR,Western Pacific,,NZL,New Zealand,,GOEQUESTION015,Barriers to implementing electronic health records,,Very important barrier,,,,,,
GOE_Q155,Lack of funding,https://www.who.int/data/gho/indicator-metadata-registry/imr-details/4793,PUBLISHED,Published,,2015,2015,,EMR,Eastern Mediterranean,,QAT,Qatar,,GOEQUESTION015,Barriers to implementing electronic health records,,Not a barrier,,,,,,
GOE_Q155,Lack of funding,https://www.who.int/data/gho/indicator-metadata-registry/imr-details/4793,PUBLISHED,Published,,2015,2015,,AFR,Africa,,CPV,Cabo Verde,,GOEQUESTION015,Barriers to implementing electronic health records,,Moderately important barrier,,,,,,
GOE_Q155,Lack of funding,https://www.who.int/data/gho/indicator-metadata-registry/imr-details/4793,PUBLISHED,Published,,2015,2015,,WPR,Western Pacific,,JPN,Japan,,GOEQUESTION015,Barriers to implementing electronic health records,,No response,,,,,,
GOE_Q155,Lack of funding,https://www.who.int/data/gho/indicator-metadata-registry/imr-details/4793,PUBLISHED,Published,,2015,2015,,EUR,Europe,,POL,Poland,,GOEQUESTION015,Barriers to implementing electronic health records,,Very important barrier,,,,,,
GOE_Q155,Lack of funding,https://www.who.int/data/gho/indicator-metadata-registry/imr-details/4793,PUBLISHED,Published,,2015,2015,,EMR,Eastern Mediterranean,,IRQ,Iraq,,GOEQUESTION015,Barriers to implementing electronic health records,,Very important barrier,,,,,,
GOE_Q155,Lack of funding,https://www.who.int/data/gho/indicator-metadata-registry/imr-details/4793,PUBLISHED,Published,,2015,2015,,EUR,Europe,,AUT,Austria,,GOEQUESTION015,Barriers to implementing electronic health records,,Moderately important barrier,,,,,,
GOE_Q155,Lack of funding,https://www.who.int/data/gho/indicator-metadata-registry/imr-details/4793,PUBLISHED,Published,,2015,2015,,EUR,Europe,,RUS,Russian Federation,,GOEQUESTION015,Barriers to implementing electronic health records,,Extremely important barrier,,,,,,
GOE_Q155,Lack of funding,https://www.who.int/data/gho/indicator-metadata-registry/imr-details/4793,PUBLISHED,Published,,2015,2015,,AMR,Americas,,ARG,Argentina,,GOEQUESTION015,Barriers to implementing electronic health records,,Slightly important barrier,,,,,,
GOE_Q155,Lack of funding,https://www.who.int/data/gho/indicator-metadata-registry/imr-details/4793,PUBLISHED,Published,,2015,2015,,WPR,Western Pacific,,CHN,China,,GOEQUESTION015,Barriers to implementing electronic health records,,Slightly important barrier,,,,,,
GOE_Q155,Lack of funding,https://www.who.int/data/gho/indicator-metadata-registry/imr-details/4793,PUBLISHED,Published,,2015,2015,,EMR,Eastern Mediterranean,,LBN,Lebanon,,GOEQUESTION015,Barriers to implementing electronic health records,,Extremely important barrier,,,,,,
GOE_Q155,Lack of funding,https://www.who.int/data/gho/indicator-metadata-registry/imr-details/4793,PUBLISHED,Published,,2015,2015,,AFR,Africa,,MLI,Mali,,GOEQUESTION015,Barriers to implementing electronic health records,,Very important barrier,,,,,,
GOE_Q155,Lack of funding,https://www.who.int/data/gho/indicator-metadata-registry/imr-details/4793,PUBLISHED,Published,,2015,2015,,AMR,Americas,,HND,Honduras,,GOEQUESTION015,Barriers to implementing electronic health records,,Extremely important barrier,,,,,,
GOE_Q155,Lack of funding,https://www.who.int/data/gho/indicator-metadata-registry/imr-details/4793,PUBLISHED,Published,,2015,2015,,EUR,Europe,,ROU,Romania,,GOEQUESTION015,Barriers to implementing electronic health records,,Moderately important barrier,,,,,,
GOE_Q155,Lack of funding,https://www.who.int/data/gho/indicator-metadata-registry/imr-details/4793,PUBLISHED,Published,,2015,2015,,EUR,Europe,,EST,Estonia,,GOEQUESTION015,Barriers to implementing electronic health records,,Moderately important barrier,,,,,,
GOE_Q155,Lack of funding,https://www.who.int/data/gho/indicator-metadata-registry/imr-details/4793,PUBLISHED,Published,,2015,2015,,EUR,Europe,,GRC,Greece,,GOEQUESTION015,Barriers to implementing electronic health records,,Very important barrier,,,,,,
GOE_Q155,Lack of funding,https://www.who.int/data/gho/indicator-metadata-registry/imr-details/4793,PUBLISHED,Published,,2015,2015,,EUR,Europe,,LVA,Latvia,,GOEQUESTION015,Barriers to implementing electronic health records,,Moderately important barrier,,,,,,
GOE_Q155,Lack of funding,https://www.who.int/data/gho/indicator-metadata-registry/imr-details/4793,PUBLISHED,Published,,2015,2015,,AMR,Americas,,PER,Peru,,GOEQUESTION015,Barriers to implementing electronic health records,,Very important barrier,,,,,,
GOE_Q155,Lack of funding,https://www.who.int/data/gho/indicator-metadata-registry/imr-details/4793,PUBLISHED,Published,,2015,2015,,WPR,Western Pacific,,SGP,Singapore,,GOEQUESTION015,Barriers to implementing electronic health records,,Slightly important barrier,,,,,,
GOE_Q155,Lack of funding,https://www.who.int/data/gho/indicator-metadata-registry/imr-details/4793,PUBLISHED,Published,,2015,2015,,EUR,Europe,,BEL,Belgium,,GOEQUESTION015,Barriers to implementing electronic health records,,Moderately important barrier,,,,,,
GOE_Q155,Lack of funding,https://www.who.int/data/gho/indicator-metadata-registry/imr-details/4793,PUBLISHED,Published,,2015,2015,,AFR,Africa,,CAF,Central African Republic,,GOEQUESTION015,Barriers to implementing electronic health records,,Extremely important barrier,,,,,,
GOE_Q155,Lack of funding,https://www.who.int/data/gho/indicator-metadata-registry/imr-details/4793,PUBLISHED,Published,,2015,2015,,EUR,Europe,,HUN,Hungary,,GOEQUESTION015,Barriers to implementing electronic health records,,Moderately important barrier,,,,,,
GOE_Q155,Lack of funding,https://www.who.int/data/gho/indicator-metadata-registry/imr-details/4793,PUBLISHED,Published,,2015,2015,,EUR,Europe,,LTU,Lithuania,,GOEQUESTION015,Barriers to implementing electronic health records,,Very important barrier,,,,,,
GOE_Q155,Lack of funding,https://www.who.int/data/gho/indicator-metadata-registry/imr-details/4793,PUBLISHED,Published,,2015,2015,,AFR,Africa,,SSD,South Sudan,,GOEQUESTION015,Barriers to implementing electronic health records,,Extremely important barrier,,,,,,
GOE_Q155,Lack of funding,https://www.who.int/data/gho/indicator-metadata-registry/imr-details/4793,PUBLISHED,Published,,2015,2015,,AFR,Africa,,ZMB,Zambia,,GOEQUESTION015,Barriers to implementing electronic health records,,Very important barrier,,,,,,
GOE_Q155,Lack of funding,https://www.who.int/data/gho/indicator-metadata-registry/imr-details/4793,PUBLISHED,Published,,2015,2015,,EUR,Europe,,MNE,Montenegro,,GOEQUESTION015,Barriers to implementing electronic health records,,Slightly important barrier,,,,,,
GOE_Q155,Lack of funding,https://www.who.int/data/gho/indicator-metadata-registry/imr-details/4793,PUBLISHED,Published,,2015,2015,,EUR,Europe,,SWE,Sweden,,GOEQUESTION015,Barriers to implementing electronic health records,,Not a barrier,,,,,,
GOE_Q155,Lack of funding,https://www.who.int/data/gho/indicator-metadata-registry/imr-details/4793,PUBLISHED,Published,,2015,2015,,EUR,Europe,,UKR,Ukraine,,GOEQUESTION015,Barriers to implementing electronic health records,,Very important barrier,,,,,,
GOE_Q155,Lack of funding,https://www.who.int/data/gho/indicator-metadata-registry/imr-details/4793,PUBLISHED,Published,,2015,2015,,AFR,Africa,,ETH,Ethiopia,,GOEQUESTION015,Barriers to implementing electronic health records,,Not a barrier,,,,,,
GOE_Q155,Lack of funding,https://www.who.int/data/gho/indicator-metadata-registry/imr-details/4793,PUBLISHED,Published,,2015,2015,,AFR,Africa,,LSO,Lesotho,,GOEQUESTION015,Barriers to implementing electronic health records,,No response,,,,,,
GOE_Q155,Lack of funding,https://www.who.int/data/gho/indicator-metadata-registry/imr-details/4793,PUBLISHED,Published,,2015,2015,,EUR,Europe,,LUX,Luxembourg,,GOEQUESTION015,Barriers to implementing electronic health records,,Slightly important barrier,,,,,,
GOE_Q155,Lack of funding,https://www.who.int/data/gho/indicator-metadata-registry/imr-details/4793,PUBLISHED,Published,,2015,2015,,SEAR,South-East Asia,,MDV,Maldives,,GOEQUESTION015,Barriers to implementing electronic health records,,Extremely important barrier,,,,,,
GOE_Q155,Lack of funding,https://www.who.int/data/gho/indicator-metadata-registry/imr-details/4793,PUBLISHED,Published,,2015,2015,,EUR,Europe,,ALB,Albania,,GOEQUESTION015,Barriers to implementing electronic health records,,Moderately important barrier,,,,,,
GOE_Q155,Lack of funding,https://www.who.int/data/gho/indicator-metadata-registry/imr-details/4793,PUBLISHED,Published,,2015,2015,,AMR,Americas,,COL,Colombia,,GOEQUESTION015,Barriers to implementing electronic health records,,Moderately important barrier,,,,,,
GOE_Q155,Lack of funding,https://www.who.int/data/gho/indicator-metadata-registry/imr-details/4793,PUBLISHED,Published,,2015,2015,,WPR,Western Pacific,,MNG,Mongolia,,GOEQUESTION015,Barriers to implementing electronic health records,,Extremely important barrier,,,,,,
GOE_Q155,Lack of funding,https://www.who.int/data/gho/indicator-metadata-registry/imr-details/4793,PUBLISHED,Published,,2015,2015,,EUR,Europe,,CHE,Switzerland,,GOEQUESTION015,Barriers to implementing electronic health records,,Slightly important barrier,,,,,,
GOE_Q155,Lack of funding,https://www.who.int/data/gho/indicator-metadata-registry/imr-details/4793,PUBLISHED,Published,,2015,2015,,EUR,Europe,,BGR,Bulgaria,,GOEQUESTION015,Barriers to implementing electronic health records,,Extremely important barrier,,,,,,
GOE_Q155,Lack of funding,https://www.who.int/data/gho/indicator-metadata-registry/imr-details/4793,PUBLISHED,Published,,2015,2015,,AMR,Americas,,GTM,Guatemala,,GOEQUESTION015,Barriers to implementing electronic health records,,Extremely important barrier,,,,,,
GOE_Q155,Lack of funding,https://www.who.int/data/gho/indicator-metadata-registry/imr-details/4793,PUBLISHED,Published,,2015,2015,,EUR,Europe,,ITA,Italy,,GOEQUESTION015,Barriers to implementing electronic health records,,Moderately important barrier,,,,,,
