GHO (CODE),GHO (DISPLAY),GHO (URL),PUBLISHSTATE (CODE),PUBLISHSTATE (DISPLAY),PUBLISHSTATE (URL),YEAR (CODE),YEAR (DISPLAY),YEAR (URL),REGION (CODE),REGION (DISPLAY),REGION (URL),COUNTRY (CODE),COUNTRY (DISPLAY),COUNTRY (URL),GOEQUESTION (CODE),GOEQUESTION (DISPLAY),GOEQUESTION (URL),Display Value,Numeric,Low,High,StdErr,StdDev,Comments
GOE_Q032,Providing incentives and guidance for innovation research and evaluation of health,https://www.who.int/data/gho/indicator-metadata-registry/imr-details/4777,PUBLISHED,Published,,2015,2015,,EUR,Europe,,ALB,Albania,,GOEQUESTION007,Role of authorities in development and adoption of mHealth,,No,,,,,,
GOE_Q032,Providing incentives and guidance for innovation research and evaluation of health,https://www.who.int/data/gho/indicator-metadata-registry/imr-details/4777,PUBLISHED,Published,,2015,2015,,WPR,Western Pacific,,AUS,Australia,,GOEQUESTION007,Role of authorities in development and adoption of mHealth,,No,,,,,,
GOE_Q032,Providing incentives and guidance for innovation research and evaluation of health,https://www.who.int/data/gho/indicator-metadata-registry/imr-details/4777,PUBLISHED,Published,,2015,2015,,EMR,Eastern Mediterranean,,BHR,Bahrain,,GOEQUESTION007,Role of authorities in development and adoption of mHealth,,Yes,,,,,,
GOE_Q032,Providing incentives and guidance for innovation research and evaluation of health,https://www.who.int/data/gho/indicator-metadata-registry/imr-details/4777,PUBLISHED,Published,,2015,2015,,AFR,Africa,,GMB,Gambia,,GOEQUESTION007,Role of authorities in development and adoption of mHealth,,Yes,,,,,,
GOE_Q032,Providing incentives and guidance for innovation research and evaluation of health,https://www.who.int/data/gho/indicator-metadata-registry/imr-details/4777,PUBLISHED,Published,,2015,2015,,AMR,Americas,,PAN,Panama,,GOEQUESTION007,Role of authorities in development and adoption of mHealth,,Yes,,,,,,
GOE_Q032,Providing incentives and guidance for innovation research and evaluation of health,https://www.who.int/data/gho/indicator-metadata-registry/imr-details/4777,PUBLISHED,Published,,2015,2015,,AMR,Americas,,COL,Colombia,,GOEQUESTION007,Role of authorities in development and adoption of mHealth,,Yes,,,,,,
GOE_Q032,Providing incentives and guidance for innovation research and evaluation of health,https://www.who.int/data/gho/indicator-metadata-registry/imr-details/4777,PUBLISHED,Published,,2015,2015,,WPR,Western Pacific,,KIR,Kiribati,,GOEQUESTION007,Role of authorities in development and adoption of mHealth,,No response,,,,,,
GOE_Q032,Providing incentives and guidance for innovation research and evaluation of health,https://www.who.int/data/gho/indicator-metadata-registry/imr-details/4777,PUBLISHED,Published,,2015,2015,,EUR,Europe,,ISL,Iceland,,GOEQUESTION007,Role of authorities in development and adoption of mHealth,,No,,,,,,
GOE_Q032,Providing incentives and guidance for innovation research and evaluation of health,https://www.who.int/data/gho/indicator-metadata-registry/imr-details/4777,PUBLISHED,Published,,2015,2015,,EUR,Europe,,SRB,Serbia,,GOEQUESTION007,Role of authorities in development and adoption of mHealth,,No,,,,,,
GOE_Q032,Providing incentives and guidance for innovation research and evaluation of health,https://www.who.int/data/gho/indicator-metadata-registry/imr-details/4777,PUBLISHED,Published,,2015,2015,,EMR,Eastern Mediterranean,,TUN,Tunisia,,GOEQUESTION007,Role of authorities in development and adoption of mHealth,,No response,,,,,,
GOE_Q032,Providing incentives and guidance for innovation research and evaluation of health,https://www.who.int/data/gho/indicator-metadata-registry/imr-details/4777,PUBLISHED,Published,,2015,2015,,EUR,Europe,,GEO,Georgia,,GOEQUESTION007,Role of authorities in development and adoption of mHealth,,Yes,,,,,,
GOE_Q032,Providing incentives and guidance for innovation research and evaluation of health,https://www.who.int/data/gho/indicator-metadata-registry/imr-details/4777,PUBLISHED,Published,,2015,2015,,AMR,Americas,,JAM,Jamaica,,GOEQUESTION007,Role of authorities in development and adoption of mHealth,,No,,,,,,
GOE_Q032,Providing incentives and guidance for innovation research and evaluation of health,https://www.who.int/data/gho/indicator-metadata-registry/imr-details/4777,PUBLISHED,Published,,2015,2015,,AFR,Africa,,DZA,Algeria,,GOEQUESTION007,Role of authorities in development and adoption of mHealth,,No,,,,,,
GOE_Q032,Providing incentives and guidance for innovation research and evaluation of health,https://www.who.int/data/gho/indicator-metadata-registry/imr-details/4777,PUBLISHED,Published,,2015,2015,,AFR,Africa,,CAF,Central African Republic,,GOEQUESTION007,Role of authorities in development and adoption of mHealth,,No,,,,,,
GOE_Q032,Providing incentives and guidance for innovation research and evaluation of health,https://www.who.int/data/gho/indicator-metadata-registry/imr-details/4777,PUBLISHED,Published,,2015,2015,,AFR,Africa,,GNQ,Equatorial Guinea,,GOEQUESTION007,Role of authorities in development and adoption of mHealth,,No,,,,,,
GOE_Q032,Providing incentives and guidance for innovation research and evaluation of health,https://www.who.int/data/gho/indicator-metadata-registry/imr-details/4777,PUBLISHED,Published,,2015,2015,,EUR,Europe,,ISR,Israel,,GOEQUESTION007,Role of authorities in development and adoption of mHealth,,Don't know,,,,,,
GOE_Q032,Providing incentives and guidance for innovation research and evaluation of health,https://www.who.int/data/gho/indicator-metadata-registry/imr-details/4777,PUBLISHED,Published,,2015,2015,,EUR,Europe,,LUX,Luxembourg,,GOEQUESTION007,Role of authorities in development and adoption of mHealth,,No,,,,,,
GOE_Q032,Providing incentives and guidance for innovation research and evaluation of health,https://www.who.int/data/gho/indicator-metadata-registry/imr-details/4777,PUBLISHED,Published,,2015,2015,,AFR,Africa,,MWI,Malawi,,GOEQUESTION007,Role of authorities in development and adoption of mHealth,,No,,,,,,
GOE_Q032,Providing incentives and guidance for innovation research and evaluation of health,https://www.who.int/data/gho/indicator-metadata-registry/imr-details/4777,PUBLISHED,Published,,2015,2015,,EUR,Europe,,NLD,Netherlands,,GOEQUESTION007,Role of authorities in development and adoption of mHealth,,Yes,,,,,,
GOE_Q032,Providing incentives and guidance for innovation research and evaluation of health,https://www.who.int/data/gho/indicator-metadata-registry/imr-details/4777,PUBLISHED,Published,,2015,2015,,WPR,Western Pacific,,VNM,Viet Nam,,GOEQUESTION007,Role of authorities in development and adoption of mHealth,,No,,,,,,
GOE_Q032,Providing incentives and guidance for innovation research and evaluation of health,https://www.who.int/data/gho/indicator-metadata-registry/imr-details/4777,PUBLISHED,Published,,2015,2015,,EUR,Europe,,IRL,Ireland,,GOEQUESTION007,Role of authorities in development and adoption of mHealth,,Don't know,,,,,,
GOE_Q032,Providing incentives and guidance for innovation research and evaluation of health,https://www.who.int/data/gho/indicator-metadata-registry/imr-details/4777,PUBLISHED,Published,,2015,2015,,EUR,Europe,,SWE,Sweden,,GOEQUESTION007,Role of authorities in development and adoption of mHealth,,Yes,,,,,,
GOE_Q032,Providing incentives and guidance for innovation research and evaluation of health,https://www.who.int/data/gho/indicator-metadata-registry/imr-details/4777,PUBLISHED,Published,,2015,2015,,EMR,Eastern Mediterranean,,AFG,Afghanistan,,GOEQUESTION007,Role of authorities in development and adoption of mHealth,,No,,,,,,
GOE_Q032,Providing incentives and guidance for innovation research and evaluation of health,https://www.who.int/data/gho/indicator-metadata-registry/imr-details/4777,PUBLISHED,Published,,2015,2015,,EUR,Europe,,EST,Estonia,,GOEQUESTION007,Role of authorities in development and adoption of mHealth,,Yes,,,,,,
GOE_Q032,Providing incentives and guidance for innovation research and evaluation of health,https://www.who.int/data/gho/indicator-metadata-registry/imr-details/4777,PUBLISHED,Published,,2015,2015,,EUR,Europe,,SVN,Slovenia,,GOEQUESTION007,Role of authorities in development and adoption of mHealth,,No,,,,,,
GOE_Q032,Providing incentives and guidance for innovation research and evaluation of health,https://www.who.int/data/gho/indicator-metadata-registry/imr-details/4777,PUBLISHED,Published,,2015,2015,,WPR,Western Pacific,,KHM,Cambodia,,GOEQUESTION007,Role of authorities in development and adoption of mHealth,,Don't know,,,,,,
GOE_Q032,Providing incentives and guidance for innovation research and evaluation of health,https://www.who.int/data/gho/indicator-metadata-registry/imr-details/4777,PUBLISHED,Published,,2015,2015,,AMR,Americas,,CRI,Costa Rica,,GOEQUESTION007,Role of authorities in development and adoption of mHealth,,No,,,,,,
GOE_Q032,Providing incentives and guidance for innovation research and evaluation of health,https://www.who.int/data/gho/indicator-metadata-registry/imr-details/4777,PUBLISHED,Published,,2015,2015,,AMR,Americas,,MEX,Mexico,,GOEQUESTION007,Role of authorities in development and adoption of mHealth,,Yes,,,,,,
GOE_Q032,Providing incentives and guidance for innovation research and evaluation of health,https://www.who.int/data/gho/indicator-metadata-registry/imr-details/4777,PUBLISHED,Published,,2015,2015,,EUR,Europe,,TJK,Tajikistan,,GOEQUESTION007,Role of authorities in development and adoption of mHealth,,Yes,,,,,,
GOE_Q032,Providing incentives and guidance for innovation research and evaluation of health,https://www.who.int/data/gho/indicator-metadata-registry/imr-details/4777,PUBLISHED,Published,,2015,2015,,AFR,Africa,,BDI,Burundi,,GOEQUESTION007,Role of authorities in development and adoption of mHealth,,No,,,,,,
GOE_Q032,Providing incentives and guidance for innovation research and evaluation of health,https://www.who.int/data/gho/indicator-metadata-registry/imr-details/4777,PUBLISHED,Published,,2015,2015,,EUR,Europe,,NOR,Norway,,GOEQUESTION007,Role of authorities in development and adoption of mHealth,,No,,,,,,
GOE_Q032,Providing incentives and guidance for innovation research and evaluation of health,https://www.who.int/data/gho/indicator-metadata-registry/imr-details/4777,PUBLISHED,Published,,2015,2015,,SEAR,South-East Asia,,MDV,Maldives,,GOEQUESTION007,Role of authorities in development and adoption of mHealth,,No,,,,,,
GOE_Q032,Providing incentives and guidance for innovation research and evaluation of health,https://www.who.int/data/gho/indicator-metadata-registry/imr-details/4777,PUBLISHED,Published,,2015,2015,,AFR,Africa,,CIV,Côte d'Ivoire,,GOEQUESTION007,Role of authorities in development and adoption of mHealth,,Yes,,,,,,
GOE_Q032,Providing incentives and guidance for innovation research and evaluation of health,https://www.who.int/data/gho/indicator-metadata-registry/imr-details/4777,PUBLISHED,Published,,2015,2015,,AMR,Americas,,CHL,Chile,,GOEQUESTION007,Role of authorities in development and adoption of mHealth,,Yes,,,,,,
GOE_Q032,Providing incentives and guidance for innovation research and evaluation of health,https://www.who.int/data/gho/indicator-metadata-registry/imr-details/4777,PUBLISHED,Published,,2015,2015,,EUR,Europe,,DNK,Denmark,,GOEQUESTION007,Role of authorities in development and adoption of mHealth,,No,,,,,,
GOE_Q032,Providing incentives and guidance for innovation research and evaluation of health,https://www.who.int/data/gho/indicator-metadata-registry/imr-details/4777,PUBLISHED,Published,,2015,2015,,WPR,Western Pacific,,JPN,Japan,,GOEQUESTION007,Role of authorities in development and adoption of mHealth,,Don't know,,,,,,
GOE_Q032,Providing incentives and guidance for innovation research and evaluation of health,https://www.who.int/data/gho/indicator-metadata-registry/imr-details/4777,PUBLISHED,Published,,2015,2015,,EUR,Europe,,ROU,Romania,,GOEQUESTION007,Role of authorities in development and adoption of mHealth,,No response,,,,,,
GOE_Q032,Providing incentives and guidance for innovation research and evaluation of health,https://www.who.int/data/gho/indicator-metadata-registry/imr-details/4777,PUBLISHED,Published,,2015,2015,,AFR,Africa,,GNB,Guinea-Bissau,,GOEQUESTION007,Role of authorities in development and adoption of mHealth,,No,,,,,,
GOE_Q032,Providing incentives and guidance for innovation research and evaluation of health,https://www.who.int/data/gho/indicator-metadata-registry/imr-details/4777,PUBLISHED,Published,,2015,2015,,WPR,Western Pacific,,MNG,Mongolia,,GOEQUESTION007,Role of authorities in development and adoption of mHealth,,No,,,,,,
GOE_Q032,Providing incentives and guidance for innovation research and evaluation of health,https://www.who.int/data/gho/indicator-metadata-registry/imr-details/4777,PUBLISHED,Published,,2015,2015,,AFR,Africa,,ZAF,South Africa,,GOEQUESTION007,Role of authorities in development and adoption of mHealth,,No,,,,,,
GOE_Q032,Providing incentives and guidance for innovation research and evaluation of health,https://www.who.int/data/gho/indicator-metadata-registry/imr-details/4777,PUBLISHED,Published,,2015,2015,,EUR,Europe,,KAZ,Kazakhstan,,GOEQUESTION007,Role of authorities in development and adoption of mHealth,,Yes,,,,,,
GOE_Q032,Providing incentives and guidance for innovation research and evaluation of health,https://www.who.int/data/gho/indicator-metadata-registry/imr-details/4777,PUBLISHED,Published,,2015,2015,,AMR,Americas,,TTO,Trinidad and Tobago,,GOEQUESTION007,Role of authorities in development and adoption of mHealth,,Don't know,,,,,,
GOE_Q032,Providing incentives and guidance for innovation research and evaluation of health,https://www.who.int/data/gho/indicator-metadata-registry/imr-details/4777,PUBLISHED,Published,,2015,2015,,EMR,Eastern Mediterranean,,OMN,Oman,,GOEQUESTION007,Role of authorities in development and adoption of mHealth,,Yes,,,,,,
GOE_Q032,Providing incentives and guidance for innovation research and evaluation of health,https://www.who.int/data/gho/indicator-metadata-registry/imr-details/4777,PUBLISHED,Published,,2015,2015,,WPR,Western Pacific,,NZL,New Zealand,,GOEQUESTION007,Role of authorities in development and adoption of mHealth,,No,,,,,,
GOE_Q032,Providing incentives and guidance for innovation research and evaluation of health,https://www.who.int/data/gho/indicator-metadata-registry/imr-details/4777,PUBLISHED,Published,,2015,2015,,EMR,Eastern Mediterranean,,PAK,Pakistan,,GOEQUESTION007,Role of authorities in development and adoption of mHealth,,No,,,,,,
GOE_Q032,Providing incentives and guidance for innovation research and evaluation of health,https://www.who.int/data/gho/indicator-metadata-registry/imr-details/4777,PUBLISHED,Published,,2015,2015,,SEAR,South-East Asia,,BGD,Bangladesh,,GOEQUESTION007,Role of authorities in development and adoption of mHealth,,Yes,,,,,,
GOE_Q032,Providing incentives and guidance for innovation research and evaluation of health,https://www.who.int/data/gho/indicator-metadata-registry/imr-details/4777,PUBLISHED,Published,,2015,2015,,EUR,Europe,,FIN,Finland,,GOEQUESTION007,Role of authorities in development and adoption of mHealth,,Don't know,,,,,,
GOE_Q032,Providing incentives and guidance for innovation research and evaluation of health,https://www.who.int/data/gho/indicator-metadata-registry/imr-details/4777,PUBLISHED,Published,,2015,2015,,AFR,Africa,,SSD,South Sudan,,GOEQUESTION007,Role of authorities in development and adoption of mHealth,,No,,,,,,
GOE_Q032,Providing incentives and guidance for innovation research and evaluation of health,https://www.who.int/data/gho/indicator-metadata-registry/imr-details/4777,PUBLISHED,Published,,2015,2015,,AFR,Africa,,KEN,Kenya,,GOEQUESTION007,Role of authorities in development and adoption of mHealth,,Yes,,,,,,
GOE_Q032,Providing incentives and guidance for innovation research and evaluation of health,https://www.who.int/data/gho/indicator-metadata-registry/imr-details/4777,PUBLISHED,Published,,2015,2015,,AFR,Africa,,UGA,Uganda,,GOEQUESTION007,Role of authorities in development and adoption of mHealth,,Yes,,,,,,
GOE_Q032,Providing incentives and guidance for innovation research and evaluation of health,https://www.who.int/data/gho/indicator-metadata-registry/imr-details/4777,PUBLISHED,Published,,2015,2015,,AFR,Africa,,ZWE,Zimbabwe,,GOEQUESTION007,Role of authorities in development and adoption of mHealth,,No,,,,,,
GOE_Q032,Providing incentives and guidance for innovation research and evaluation of health,https://www.who.int/data/gho/indicator-metadata-registry/imr-details/4777,PUBLISHED,Published,,2015,2015,,SEAR,South-East Asia,,PRK,Democratic People's Republic of Korea,,GOEQUESTION007,Role of authorities in development and adoption of mHealth,,Yes,,,,,,
GOE_Q032,Providing incentives and guidance for innovation research and evaluation of health,https://www.who.int/data/gho/indicator-metadata-registry/imr-details/4777,PUBLISHED,Published,,2015,2015,,AMR,Americas,,DOM,Dominican Republic,,GOEQUESTION007,Role of authorities in development and adoption of mHealth,,No,,,,,,
GOE_Q032,Providing incentives and guidance for innovation research and evaluation of health,https://www.who.int/data/gho/indicator-metadata-registry/imr-details/4777,PUBLISHED,Published,,2015,2015,,EMR,Eastern Mediterranean,,JOR,Jordan,,GOEQUESTION007,Role of authorities in development and adoption of mHealth,,No,,,,,,
GOE_Q032,Providing incentives and guidance for innovation research and evaluation of health,https://www.who.int/data/gho/indicator-metadata-registry/imr-details/4777,PUBLISHED,Published,,2015,2015,,EUR,Europe,,LVA,Latvia,,GOEQUESTION007,Role of authorities in development and adoption of mHealth,,No,,,,,,
GOE_Q032,Providing incentives and guidance for innovation research and evaluation of health,https://www.who.int/data/gho/indicator-metadata-registry/imr-details/4777,PUBLISHED,Published,,2015,2015,,AFR,Africa,,LSO,Lesotho,,GOEQUESTION007,Role of authorities in development and adoption of mHealth,,No,,,,,,
GOE_Q032,Providing incentives and guidance for innovation research and evaluation of health,https://www.who.int/data/gho/indicator-metadata-registry/imr-details/4777,PUBLISHED,Published,,2015,2015,,EMR,Eastern Mediterranean,,MAR,Morocco,,GOEQUESTION007,Role of authorities in development and adoption of mHealth,,Don't know,,,,,,
GOE_Q032,Providing incentives and guidance for innovation research and evaluation of health,https://www.who.int/data/gho/indicator-metadata-registry/imr-details/4777,PUBLISHED,Published,,2015,2015,,EMR,Eastern Mediterranean,,QAT,Qatar,,GOEQUESTION007,Role of authorities in development and adoption of mHealth,,Don't know,,,,,,
GOE_Q032,Providing incentives and guidance for innovation research and evaluation of health,https://www.who.int/data/gho/indicator-metadata-registry/imr-details/4777,PUBLISHED,Published,,2015,2015,,EUR,Europe,,CZE,Czechia,,GOEQUESTION007,Role of authorities in development and adoption of mHealth,,Yes,,,,,,
GOE_Q032,Providing incentives and guidance for innovation research and evaluation of health,https://www.who.int/data/gho/indicator-metadata-registry/imr-details/4777,PUBLISHED,Published,,2015,2015,,EMR,Eastern Mediterranean,,IRQ,Iraq,,GOEQUESTION007,Role of authorities in development and adoption of mHealth,,Don't know,,,,,,
GOE_Q032,Providing incentives and guidance for innovation research and evaluation of health,https://www.who.int/data/gho/indicator-metadata-registry/imr-details/4777,PUBLISHED,Published,,2015,2015,,WPR,Western Pacific,,MYS,Malaysia,,GOEQUESTION007,Role of authorities in development and adoption of mHealth,,Yes,,,,,,
GOE_Q032,Providing incentives and guidance for innovation research and evaluation of health,https://www.who.int/data/gho/indicator-metadata-registry/imr-details/4777,PUBLISHED,Published,,2015,2015,,EUR,Europe,,AZE,Azerbaijan,,GOEQUESTION007,Role of authorities in development and adoption of mHealth,,No,,,,,,
GOE_Q032,Providing incentives and guidance for innovation research and evaluation of health,https://www.who.int/data/gho/indicator-metadata-registry/imr-details/4777,PUBLISHED,Published,,2015,2015,,EUR,Europe,,BIH,Bosnia and Herzegovina,,GOEQUESTION007,Role of authorities in development and adoption of mHealth,,No,,,,,,
GOE_Q032,Providing incentives and guidance for innovation research and evaluation of health,https://www.who.int/data/gho/indicator-metadata-registry/imr-details/4777,PUBLISHED,Published,,2015,2015,,EMR,Eastern Mediterranean,,SYR,Syrian Arab Republic,,GOEQUESTION007,Role of authorities in development and adoption of mHealth,,Yes,,,,,,
GOE_Q032,Providing incentives and guidance for innovation research and evaluation of health,https://www.who.int/data/gho/indicator-metadata-registry/imr-details/4777,PUBLISHED,Published,,2015,2015,,EUR,Europe,,BGR,Bulgaria,,GOEQUESTION007,Role of authorities in development and adoption of mHealth,,No,,,,,,
GOE_Q032,Providing incentives and guidance for innovation research and evaluation of health,https://www.who.int/data/gho/indicator-metadata-registry/imr-details/4777,PUBLISHED,Published,,2015,2015,,EUR,Europe,,BEL,Belgium,,GOEQUESTION007,Role of authorities in development and adoption of mHealth,,No,,,,,,
GOE_Q032,Providing incentives and guidance for innovation research and evaluation of health,https://www.who.int/data/gho/indicator-metadata-registry/imr-details/4777,PUBLISHED,Published,,2015,2015,,AMR,Americas,,PRY,Paraguay,,GOEQUESTION007,Role of authorities in development and adoption of mHealth,,Yes,,,,,,
GOE_Q032,Providing incentives and guidance for innovation research and evaluation of health,https://www.who.int/data/gho/indicator-metadata-registry/imr-details/4777,PUBLISHED,Published,,2015,2015,,EUR,Europe,,ARM,Armenia,,GOEQUESTION007,Role of authorities in development and adoption of mHealth,,Don't know,,,,,,
GOE_Q032,Providing incentives and guidance for innovation research and evaluation of health,https://www.who.int/data/gho/indicator-metadata-registry/imr-details/4777,PUBLISHED,Published,,2015,2015,,EUR,Europe,,KGZ,Kyrgyzstan,,GOEQUESTION007,Role of authorities in development and adoption of mHealth,,No,,,,,,
GOE_Q032,Providing incentives and guidance for innovation research and evaluation of health,https://www.who.int/data/gho/indicator-metadata-registry/imr-details/4777,PUBLISHED,Published,,2015,2015,,EUR,Europe,,MNE,Montenegro,,GOEQUESTION007,Role of authorities in development and adoption of mHealth,,No,,,,,,
GOE_Q032,Providing incentives and guidance for innovation research and evaluation of health,https://www.who.int/data/gho/indicator-metadata-registry/imr-details/4777,PUBLISHED,Published,,2015,2015,,EUR,Europe,,ESP,Spain,,GOEQUESTION007,Role of authorities in development and adoption of mHealth,,Yes,,,,,,
GOE_Q032,Providing incentives and guidance for innovation research and evaluation of health,https://www.who.int/data/gho/indicator-metadata-registry/imr-details/4777,PUBLISHED,Published,,2015,2015,,AMR,Americas,,URY,Uruguay,,GOEQUESTION007,Role of authorities in development and adoption of mHealth,,Yes,,,,,,
GOE_Q032,Providing incentives and guidance for innovation research and evaluation of health,https://www.who.int/data/gho/indicator-metadata-registry/imr-details/4777,PUBLISHED,Published,,2015,2015,,AFR,Africa,,BEN,Benin,,GOEQUESTION007,Role of authorities in development and adoption of mHealth,,Yes,,,,,,
GOE_Q032,Providing incentives and guidance for innovation research and evaluation of health,https://www.who.int/data/gho/indicator-metadata-registry/imr-details/4777,PUBLISHED,Published,,2015,2015,,AFR,Africa,,CPV,Cabo Verde,,GOEQUESTION007,Role of authorities in development and adoption of mHealth,,No,,,,,,
GOE_Q032,Providing incentives and guidance for innovation research and evaluation of health,https://www.who.int/data/gho/indicator-metadata-registry/imr-details/4777,PUBLISHED,Published,,2015,2015,,AFR,Africa,,NER,Niger,,GOEQUESTION007,Role of authorities in development and adoption of mHealth,,Yes,,,,,,
GOE_Q032,Providing incentives and guidance for innovation research and evaluation of health,https://www.who.int/data/gho/indicator-metadata-registry/imr-details/4777,PUBLISHED,Published,,2015,2015,,EUR,Europe,,SMR,San Marino,,GOEQUESTION007,Role of authorities in development and adoption of mHealth,,No,,,,,,
GOE_Q032,Providing incentives and guidance for innovation research and evaluation of health,https://www.who.int/data/gho/indicator-metadata-registry/imr-details/4777,PUBLISHED,Published,,2015,2015,,EUR,Europe,,HRV,Croatia,,GOEQUESTION007,Role of authorities in development and adoption of mHealth,,Yes,,,,,,
GOE_Q032,Providing incentives and guidance for innovation research and evaluation of health,https://www.who.int/data/gho/indicator-metadata-registry/imr-details/4777,PUBLISHED,Published,,2015,2015,,EUR,Europe,,POL,Poland,,GOEQUESTION007,Role of authorities in development and adoption of mHealth,,No,,,,,,
GOE_Q032,Providing incentives and guidance for innovation research and evaluation of health,https://www.who.int/data/gho/indicator-metadata-registry/imr-details/4777,PUBLISHED,Published,,2015,2015,,EUR,Europe,,TKM,Turkmenistan,,GOEQUESTION007,Role of authorities in development and adoption of mHealth,,No,,,,,,
GOE_Q032,Providing incentives and guidance for innovation research and evaluation of health,https://www.who.int/data/gho/indicator-metadata-registry/imr-details/4777,PUBLISHED,Published,,2015,2015,,EUR,Europe,,BLR,Belarus,,GOEQUESTION007,Role of authorities in development and adoption of mHealth,,Yes,,,,,,
GOE_Q032,Providing incentives and guidance for innovation research and evaluation of health,https://www.who.int/data/gho/indicator-metadata-registry/imr-details/4777,PUBLISHED,Published,,2015,2015,,AFR,Africa,,MRT,Mauritania,,GOEQUESTION007,Role of authorities in development and adoption of mHealth,,No,,,,,,
GOE_Q032,Providing incentives and guidance for innovation research and evaluation of health,https://www.who.int/data/gho/indicator-metadata-registry/imr-details/4777,PUBLISHED,Published,,2015,2015,,EMR,Eastern Mediterranean,,SOM,Somalia,,GOEQUESTION007,Role of authorities in development and adoption of mHealth,,Don't know,,,,,,
GOE_Q032,Providing incentives and guidance for innovation research and evaluation of health,https://www.who.int/data/gho/indicator-metadata-registry/imr-details/4777,PUBLISHED,Published,,2015,2015,,EUR,Europe,,GRC,Greece,,GOEQUESTION007,Role of authorities in development and adoption of mHealth,,No,,,,,,
GOE_Q032,Providing incentives and guidance for innovation research and evaluation of health,https://www.who.int/data/gho/indicator-metadata-registry/imr-details/4777,PUBLISHED,Published,,2015,2015,,EUR,Europe,,MLT,Malta,,GOEQUESTION007,Role of authorities in development and adoption of mHealth,,Yes,,,,,,
GOE_Q032,Providing incentives and guidance for innovation research and evaluation of health,https://www.who.int/data/gho/indicator-metadata-registry/imr-details/4777,PUBLISHED,Published,,2015,2015,,WPR,Western Pacific,,CHN,China,,GOEQUESTION007,Role of authorities in development and adoption of mHealth,,No,,,,,,
GOE_Q032,Providing incentives and guidance for innovation research and evaluation of health,https://www.who.int/data/gho/indicator-metadata-registry/imr-details/4777,PUBLISHED,Published,,2015,2015,,AFR,Africa,,ETH,Ethiopia,,GOEQUESTION007,Role of authorities in development and adoption of mHealth,,Yes,,,,,,
GOE_Q032,Providing incentives and guidance for innovation research and evaluation of health,https://www.who.int/data/gho/indicator-metadata-registry/imr-details/4777,PUBLISHED,Published,,2015,2015,,EUR,Europe,,HUN,Hungary,,GOEQUESTION007,Role of authorities in development and adoption of mHealth,,No,,,,,,
GOE_Q032,Providing incentives and guidance for innovation research and evaluation of health,https://www.who.int/data/gho/indicator-metadata-registry/imr-details/4777,PUBLISHED,Published,,2015,2015,,SEAR,South-East Asia,,TLS,Timor-Leste,,GOEQUESTION007,Role of authorities in development and adoption of mHealth,,No,,,,,,
GOE_Q032,Providing incentives and guidance for innovation research and evaluation of health,https://www.who.int/data/gho/indicator-metadata-registry/imr-details/4777,PUBLISHED,Published,,2015,2015,,EUR,Europe,,GBR,United Kingdom of Great Britain and Northern Ireland,,GOEQUESTION007,Role of authorities in development and adoption of mHealth,,Yes,,,,,,
GOE_Q032,Providing incentives and guidance for innovation research and evaluation of health,https://www.who.int/data/gho/indicator-metadata-registry/imr-details/4777,PUBLISHED,Published,,2015,2015,,EUR,Europe,,LTU,Lithuania,,GOEQUESTION007,Role of authorities in development and adoption of mHealth,,Yes,,,,,,
GOE_Q032,Providing incentives and guidance for innovation research and evaluation of health,https://www.who.int/data/gho/indicator-metadata-registry/imr-details/4777,PUBLISHED,Published,,2015,2015,,EUR,Europe,,UKR,Ukraine,,GOEQUESTION007,Role of authorities in development and adoption of mHealth,,No,,,,,,
GOE_Q032,Providing incentives and guidance for innovation research and evaluation of health,https://www.who.int/data/gho/indicator-metadata-registry/imr-details/4777,PUBLISHED,Published,,2015,2015,,WPR,Western Pacific,,PHL,Philippines,,GOEQUESTION007,Role of authorities in development and adoption of mHealth,,Yes,,,,,,
GOE_Q032,Providing incentives and guidance for innovation research and evaluation of health,https://www.who.int/data/gho/indicator-metadata-registry/imr-details/4777,PUBLISHED,Published,,2015,2015,,AMR,Americas,,CAN,Canada,,GOEQUESTION007,Role of authorities in development and adoption of mHealth,,Yes,,,,,,
GOE_Q032,Providing incentives and guidance for innovation research and evaluation of health,https://www.who.int/data/gho/indicator-metadata-registry/imr-details/4777,PUBLISHED,Published,,2015,2015,,EMR,Eastern Mediterranean,,LBN,Lebanon,,GOEQUESTION007,Role of authorities in development and adoption of mHealth,,No,,,,,,
GOE_Q032,Providing incentives and guidance for innovation research and evaluation of health,https://www.who.int/data/gho/indicator-metadata-registry/imr-details/4777,PUBLISHED,Published,,2015,2015,,AMR,Americas,,USA,United States of America,,GOEQUESTION007,Role of authorities in development and adoption of mHealth,,Yes,,,,,,
GOE_Q032,Providing incentives and guidance for innovation research and evaluation of health,https://www.who.int/data/gho/indicator-metadata-registry/imr-details/4777,PUBLISHED,Published,,2015,2015,,AFR,Africa,,ZMB,Zambia,,GOEQUESTION007,Role of authorities in development and adoption of mHealth,,No,,,,,,
GOE_Q032,Providing incentives and guidance for innovation research and evaluation of health,https://www.who.int/data/gho/indicator-metadata-registry/imr-details/4777,PUBLISHED,Published,,2015,2015,,AFR,Africa,,COM,Comoros,,GOEQUESTION007,Role of authorities in development and adoption of mHealth,,No,,,,,,
GOE_Q032,Providing incentives and guidance for innovation research and evaluation of health,https://www.who.int/data/gho/indicator-metadata-registry/imr-details/4777,PUBLISHED,Published,,2015,2015,,AMR,Americas,,PER,Peru,,GOEQUESTION007,Role of authorities in development and adoption of mHealth,,Yes,,,,,,
GOE_Q032,Providing incentives and guidance for innovation research and evaluation of health,https://www.who.int/data/gho/indicator-metadata-registry/imr-details/4777,PUBLISHED,Published,,2015,2015,,EUR,Europe,,AUT,Austria,,GOEQUESTION007,Role of authorities in development and adoption of mHealth,,No,,,,,,
GOE_Q032,Providing incentives and guidance for innovation research and evaluation of health,https://www.who.int/data/gho/indicator-metadata-registry/imr-details/4777,PUBLISHED,Published,,2015,2015,,EMR,Eastern Mediterranean,,IRN,Iran (Islamic Republic of),,GOEQUESTION007,Role of authorities in development and adoption of mHealth,,No,,,,,,
GOE_Q032,Providing incentives and guidance for innovation research and evaluation of health,https://www.who.int/data/gho/indicator-metadata-registry/imr-details/4777,PUBLISHED,Published,,2015,2015,,EUR,Europe,,PRT,Portugal,,GOEQUESTION007,Role of authorities in development and adoption of mHealth,,Yes,,,,,,
GOE_Q032,Providing incentives and guidance for innovation research and evaluation of health,https://www.who.int/data/gho/indicator-metadata-registry/imr-details/4777,PUBLISHED,Published,,2015,2015,,AMR,Americas,,HND,Honduras,,GOEQUESTION007,Role of authorities in development and adoption of mHealth,,No,,,,,,
GOE_Q032,Providing incentives and guidance for innovation research and evaluation of health,https://www.who.int/data/gho/indicator-metadata-registry/imr-details/4777,PUBLISHED,Published,,2015,2015,,WPR,Western Pacific,,LAO,Lao People's Democratic Republic,,GOEQUESTION007,Role of authorities in development and adoption of mHealth,,No,,,,,,
GOE_Q032,Providing incentives and guidance for innovation research and evaluation of health,https://www.who.int/data/gho/indicator-metadata-registry/imr-details/4777,PUBLISHED,Published,,2015,2015,,AFR,Africa,,MLI,Mali,,GOEQUESTION007,Role of authorities in development and adoption of mHealth,,Yes,,,,,,
GOE_Q032,Providing incentives and guidance for innovation research and evaluation of health,https://www.who.int/data/gho/indicator-metadata-registry/imr-details/4777,PUBLISHED,Published,,2015,2015,,EUR,Europe,,ITA,Italy,,GOEQUESTION007,Role of authorities in development and adoption of mHealth,,No,,,,,,
GOE_Q032,Providing incentives and guidance for innovation research and evaluation of health,https://www.who.int/data/gho/indicator-metadata-registry/imr-details/4777,PUBLISHED,Published,,2015,2015,,AFR,Africa,,BFA,Burkina Faso,,GOEQUESTION007,Role of authorities in development and adoption of mHealth,,No,,,,,,
GOE_Q032,Providing incentives and guidance for innovation research and evaluation of health,https://www.who.int/data/gho/indicator-metadata-registry/imr-details/4777,PUBLISHED,Published,,2015,2015,,EUR,Europe,,CYP,Cyprus,,GOEQUESTION007,Role of authorities in development and adoption of mHealth,,No,,,,,,
GOE_Q032,Providing incentives and guidance for innovation research and evaluation of health,https://www.who.int/data/gho/indicator-metadata-registry/imr-details/4777,PUBLISHED,Published,,2015,2015,,AFR,Africa,,SEN,Senegal,,GOEQUESTION007,Role of authorities in development and adoption of mHealth,,Yes,,,,,,
GOE_Q032,Providing incentives and guidance for innovation research and evaluation of health,https://www.who.int/data/gho/indicator-metadata-registry/imr-details/4777,PUBLISHED,Published,,2015,2015,,WPR,Western Pacific,,SGP,Singapore,,GOEQUESTION007,Role of authorities in development and adoption of mHealth,,Yes,,,,,,
GOE_Q032,Providing incentives and guidance for innovation research and evaluation of health,https://www.who.int/data/gho/indicator-metadata-registry/imr-details/4777,PUBLISHED,Published,,2015,2015,,AMR,Americas,,SLV,El Salvador,,GOEQUESTION007,Role of authorities in development and adoption of mHealth,,No,,,,,,
GOE_Q032,Providing incentives and guidance for innovation research and evaluation of health,https://www.who.int/data/gho/indicator-metadata-registry/imr-details/4777,PUBLISHED,Published,,2015,2015,,AFR,Africa,,MDG,Madagascar,,GOEQUESTION007,Role of authorities in development and adoption of mHealth,,No,,,,,,
GOE_Q032,Providing incentives and guidance for innovation research and evaluation of health,https://www.who.int/data/gho/indicator-metadata-registry/imr-details/4777,PUBLISHED,Published,,2015,2015,,EUR,Europe,,UZB,Uzbekistan,,GOEQUESTION007,Role of authorities in development and adoption of mHealth,,Yes,,,,,,
GOE_Q032,Providing incentives and guidance for innovation research and evaluation of health,https://www.who.int/data/gho/indicator-metadata-registry/imr-details/4777,PUBLISHED,Published,,2015,2015,,AMR,Americas,,ARG,Argentina,,GOEQUESTION007,Role of authorities in development and adoption of mHealth,,Yes,,,,,,
GOE_Q032,Providing incentives and guidance for innovation research and evaluation of health,https://www.who.int/data/gho/indicator-metadata-registry/imr-details/4777,PUBLISHED,Published,,2015,2015,,AFR,Africa,,RWA,Rwanda,,GOEQUESTION007,Role of authorities in development and adoption of mHealth,,Yes,,,,,,
GOE_Q032,Providing incentives and guidance for innovation research and evaluation of health,https://www.who.int/data/gho/indicator-metadata-registry/imr-details/4777,PUBLISHED,Published,,2015,2015,,AFR,Africa,,GHA,Ghana,,GOEQUESTION007,Role of authorities in development and adoption of mHealth,,No,,,,,,
GOE_Q032,Providing incentives and guidance for innovation research and evaluation of health,https://www.who.int/data/gho/indicator-metadata-registry/imr-details/4777,PUBLISHED,Published,,2015,2015,,AMR,Americas,,GTM,Guatemala,,GOEQUESTION007,Role of authorities in development and adoption of mHealth,,No,,,,,,
GOE_Q032,Providing incentives and guidance for innovation research and evaluation of health,https://www.who.int/data/gho/indicator-metadata-registry/imr-details/4777,PUBLISHED,Published,,2015,2015,,AFR,Africa,,SYC,Seychelles,,GOEQUESTION007,Role of authorities in development and adoption of mHealth,,No,,,,,,
GOE_Q032,Providing incentives and guidance for innovation research and evaluation of health,https://www.who.int/data/gho/indicator-metadata-registry/imr-details/4777,PUBLISHED,Published,,2015,2015,,EUR,Europe,,TUR,Turkey,,GOEQUESTION007,Role of authorities in development and adoption of mHealth,,Yes,,,,,,
GOE_Q032,Providing incentives and guidance for innovation research and evaluation of health,https://www.who.int/data/gho/indicator-metadata-registry/imr-details/4777,PUBLISHED,Published,,2015,2015,,SEAR,South-East Asia,,BTN,Bhutan,,GOEQUESTION007,Role of authorities in development and adoption of mHealth,,No,,,,,,
GOE_Q032,Providing incentives and guidance for innovation research and evaluation of health,https://www.who.int/data/gho/indicator-metadata-registry/imr-details/4777,PUBLISHED,Published,,2015,2015,,AMR,Americas,,CUB,Cuba,,GOEQUESTION007,Role of authorities in development and adoption of mHealth,,Yes,,,,,,
GOE_Q032,Providing incentives and guidance for innovation research and evaluation of health,https://www.who.int/data/gho/indicator-metadata-registry/imr-details/4777,PUBLISHED,Published,,2015,2015,,EUR,Europe,,MDA,Republic of Moldova,,GOEQUESTION007,Role of authorities in development and adoption of mHealth,,No,,,,,,
GOE_Q032,Providing incentives and guidance for innovation research and evaluation of health,https://www.who.int/data/gho/indicator-metadata-registry/imr-details/4777,PUBLISHED,Published,,2015,2015,,EUR,Europe,,RUS,Russian Federation,,GOEQUESTION007,Role of authorities in development and adoption of mHealth,,Yes,,,,,,
GOE_Q032,Providing incentives and guidance for innovation research and evaluation of health,https://www.who.int/data/gho/indicator-metadata-registry/imr-details/4777,PUBLISHED,Published,,2015,2015,,EUR,Europe,,CHE,Switzerland,,GOEQUESTION007,Role of authorities in development and adoption of mHealth,,No,,,,,,
