GHO (CODE),GHO (DISPLAY),GHO (URL),PUBLISHSTATE (CODE),PUBLISHSTATE (DISPLAY),PUBLISHSTATE (URL),YEAR (CODE),YEAR (DISPLAY),YEAR (URL),REGION (CODE),REGION (DISPLAY),REGION (URL),COUNTRY (CODE),COUNTRY (DISPLAY),COUNTRY (URL),Display Value,Numeric,Low,High,StdErr,StdDev,Comments
GOE_Q197,Country has national policy or strategy regulating the use of big data by private companies,https://www.who.int/data/gho/indicator-metadata-registry/imr-details/4798,PUBLISHED,Published,,2015,2015,,EMR,Eastern Mediterranean,,AFG,Afghanistan,,No,,,,,,
GOE_Q197,Country has national policy or strategy regulating the use of big data by private companies,https://www.who.int/data/gho/indicator-metadata-registry/imr-details/4798,PUBLISHED,Published,,2015,2015,,EUR,Europe,,ALB,Albania,,No,,,,,,
GOE_Q197,Country has national policy or strategy regulating the use of big data by private companies,https://www.who.int/data/gho/indicator-metadata-registry/imr-details/4798,PUBLISHED,Published,,2015,2015,,EUR,Europe,,BGR,Bulgaria,,No,,,,,,
GOE_Q197,Country has national policy or strategy regulating the use of big data by private companies,https://www.who.int/data/gho/indicator-metadata-registry/imr-details/4798,PUBLISHED,Published,,2015,2015,,EUR,Europe,,CYP,Cyprus,,Don't know,,,,,,
GOE_Q197,Country has national policy or strategy regulating the use of big data by private companies,https://www.who.int/data/gho/indicator-metadata-registry/imr-details/4798,PUBLISHED,Published,,2015,2015,,EUR,Europe,,ISR,Israel,,No,,,,,,
GOE_Q197,Country has national policy or strategy regulating the use of big data by private companies,https://www.who.int/data/gho/indicator-metadata-registry/imr-details/4798,PUBLISHED,Published,,2015,2015,,EMR,Eastern Mediterranean,,JOR,Jordan,,Don't know,,,,,,
GOE_Q197,Country has national policy or strategy regulating the use of big data by private companies,https://www.who.int/data/gho/indicator-metadata-registry/imr-details/4798,PUBLISHED,Published,,2015,2015,,WPR,Western Pacific,,LAO,Lao People's Democratic Republic,,No,,,,,,
GOE_Q197,Country has national policy or strategy regulating the use of big data by private companies,https://www.who.int/data/gho/indicator-metadata-registry/imr-details/4798,PUBLISHED,Published,,2015,2015,,AFR,Africa,,LSO,Lesotho,,No,,,,,,
GOE_Q197,Country has national policy or strategy regulating the use of big data by private companies,https://www.who.int/data/gho/indicator-metadata-registry/imr-details/4798,PUBLISHED,Published,,2015,2015,,EUR,Europe,,POL,Poland,,No,,,,,,
GOE_Q197,Country has national policy or strategy regulating the use of big data by private companies,https://www.who.int/data/gho/indicator-metadata-registry/imr-details/4798,PUBLISHED,Published,,2015,2015,,EUR,Europe,,ROU,Romania,,No,,,,,,
GOE_Q197,Country has national policy or strategy regulating the use of big data by private companies,https://www.who.int/data/gho/indicator-metadata-registry/imr-details/4798,PUBLISHED,Published,,2015,2015,,SEAR,South-East Asia,,TLS,Timor-Leste,,Don't know,,,,,,
GOE_Q197,Country has national policy or strategy regulating the use of big data by private companies,https://www.who.int/data/gho/indicator-metadata-registry/imr-details/4798,PUBLISHED,Published,,2015,2015,,AMR,Americas,,TTO,Trinidad and Tobago,,No,,,,,,
GOE_Q197,Country has national policy or strategy regulating the use of big data by private companies,https://www.who.int/data/gho/indicator-metadata-registry/imr-details/4798,PUBLISHED,Published,,2015,2015,,EUR,Europe,,GBR,United Kingdom of Great Britain and Northern Ireland,,Yes,,,,,,
GOE_Q197,Country has national policy or strategy regulating the use of big data by private companies,https://www.who.int/data/gho/indicator-metadata-registry/imr-details/4798,PUBLISHED,Published,,2015,2015,,WPR,Western Pacific,,VNM,Viet Nam,,Yes,,,,,,
GOE_Q197,Country has national policy or strategy regulating the use of big data by private companies,https://www.who.int/data/gho/indicator-metadata-registry/imr-details/4798,PUBLISHED,Published,,2015,2015,,AFR,Africa,,BDI,Burundi,,No,,,,,,
GOE_Q197,Country has national policy or strategy regulating the use of big data by private companies,https://www.who.int/data/gho/indicator-metadata-registry/imr-details/4798,PUBLISHED,Published,,2015,2015,,AFR,Africa,,CPV,Cabo Verde,,Don't know,,,,,,
GOE_Q197,Country has national policy or strategy regulating the use of big data by private companies,https://www.who.int/data/gho/indicator-metadata-registry/imr-details/4798,PUBLISHED,Published,,2015,2015,,AMR,Americas,,GTM,Guatemala,,No,,,,,,
GOE_Q197,Country has national policy or strategy regulating the use of big data by private companies,https://www.who.int/data/gho/indicator-metadata-registry/imr-details/4798,PUBLISHED,Published,,2015,2015,,EMR,Eastern Mediterranean,,IRQ,Iraq,,No response,,,,,,
GOE_Q197,Country has national policy or strategy regulating the use of big data by private companies,https://www.who.int/data/gho/indicator-metadata-registry/imr-details/4798,PUBLISHED,Published,,2015,2015,,AMR,Americas,,JAM,Jamaica,,Don't know,,,,,,
GOE_Q197,Country has national policy or strategy regulating the use of big data by private companies,https://www.who.int/data/gho/indicator-metadata-registry/imr-details/4798,PUBLISHED,Published,,2015,2015,,AFR,Africa,,KEN,Kenya,,No,,,,,,
GOE_Q197,Country has national policy or strategy regulating the use of big data by private companies,https://www.who.int/data/gho/indicator-metadata-registry/imr-details/4798,PUBLISHED,Published,,2015,2015,,WPR,Western Pacific,,KIR,Kiribati,,No response,,,,,,
GOE_Q197,Country has national policy or strategy regulating the use of big data by private companies,https://www.who.int/data/gho/indicator-metadata-registry/imr-details/4798,PUBLISHED,Published,,2015,2015,,EUR,Europe,,NOR,Norway,,No,,,,,,
GOE_Q197,Country has national policy or strategy regulating the use of big data by private companies,https://www.who.int/data/gho/indicator-metadata-registry/imr-details/4798,PUBLISHED,Published,,2015,2015,,AMR,Americas,,PER,Peru,,No,,,,,,
GOE_Q197,Country has national policy or strategy regulating the use of big data by private companies,https://www.who.int/data/gho/indicator-metadata-registry/imr-details/4798,PUBLISHED,Published,,2015,2015,,AMR,Americas,,URY,Uruguay,,Don't know,,,,,,
GOE_Q197,Country has national policy or strategy regulating the use of big data by private companies,https://www.who.int/data/gho/indicator-metadata-registry/imr-details/4798,PUBLISHED,Published,,2015,2015,,AFR,Africa,,ZWE,Zimbabwe,,No,,,,,,
GOE_Q197,Country has national policy or strategy regulating the use of big data by private companies,https://www.who.int/data/gho/indicator-metadata-registry/imr-details/4798,PUBLISHED,Published,,2015,2015,,EUR,Europe,,BIH,Bosnia and Herzegovina,,No,,,,,,
GOE_Q197,Country has national policy or strategy regulating the use of big data by private companies,https://www.who.int/data/gho/indicator-metadata-registry/imr-details/4798,PUBLISHED,Published,,2015,2015,,WPR,Western Pacific,,KHM,Cambodia,,No,,,,,,
GOE_Q197,Country has national policy or strategy regulating the use of big data by private companies,https://www.who.int/data/gho/indicator-metadata-registry/imr-details/4798,PUBLISHED,Published,,2015,2015,,EUR,Europe,,CZE,Czechia,,No,,,,,,
GOE_Q197,Country has national policy or strategy regulating the use of big data by private companies,https://www.who.int/data/gho/indicator-metadata-registry/imr-details/4798,PUBLISHED,Published,,2015,2015,,AFR,Africa,,GNB,Guinea-Bissau,,No,,,,,,
GOE_Q197,Country has national policy or strategy regulating the use of big data by private companies,https://www.who.int/data/gho/indicator-metadata-registry/imr-details/4798,PUBLISHED,Published,,2015,2015,,EUR,Europe,,ITA,Italy,,No,,,,,,
GOE_Q197,Country has national policy or strategy regulating the use of big data by private companies,https://www.who.int/data/gho/indicator-metadata-registry/imr-details/4798,PUBLISHED,Published,,2015,2015,,EUR,Europe,,KAZ,Kazakhstan,,Don't know,,,,,,
GOE_Q197,Country has national policy or strategy regulating the use of big data by private companies,https://www.who.int/data/gho/indicator-metadata-registry/imr-details/4798,PUBLISHED,Published,,2015,2015,,EUR,Europe,,KGZ,Kyrgyzstan,,No,,,,,,
GOE_Q197,Country has national policy or strategy regulating the use of big data by private companies,https://www.who.int/data/gho/indicator-metadata-registry/imr-details/4798,PUBLISHED,Published,,2015,2015,,EMR,Eastern Mediterranean,,LBN,Lebanon,,No,,,,,,
GOE_Q197,Country has national policy or strategy regulating the use of big data by private companies,https://www.who.int/data/gho/indicator-metadata-registry/imr-details/4798,PUBLISHED,Published,,2015,2015,,AFR,Africa,,NER,Niger,,No,,,,,,
GOE_Q197,Country has national policy or strategy regulating the use of big data by private companies,https://www.who.int/data/gho/indicator-metadata-registry/imr-details/4798,PUBLISHED,Published,,2015,2015,,WPR,Western Pacific,,PHL,Philippines,,No,,,,,,
GOE_Q197,Country has national policy or strategy regulating the use of big data by private companies,https://www.who.int/data/gho/indicator-metadata-registry/imr-details/4798,PUBLISHED,Published,,2015,2015,,EUR,Europe,,PRT,Portugal,,No,,,,,,
GOE_Q197,Country has national policy or strategy regulating the use of big data by private companies,https://www.who.int/data/gho/indicator-metadata-registry/imr-details/4798,PUBLISHED,Published,,2015,2015,,EUR,Europe,,TUR,Turkey,,Don't know,,,,,,
GOE_Q197,Country has national policy or strategy regulating the use of big data by private companies,https://www.who.int/data/gho/indicator-metadata-registry/imr-details/4798,PUBLISHED,Published,,2015,2015,,AMR,Americas,,USA,United States of America,,No,,,,,,
GOE_Q197,Country has national policy or strategy regulating the use of big data by private companies,https://www.who.int/data/gho/indicator-metadata-registry/imr-details/4798,PUBLISHED,Published,,2015,2015,,AFR,Africa,,ZMB,Zambia,,No,,,,,,
GOE_Q197,Country has national policy or strategy regulating the use of big data by private companies,https://www.who.int/data/gho/indicator-metadata-registry/imr-details/4798,PUBLISHED,Published,,2015,2015,,AFR,Africa,,BFA,Burkina Faso,,No,,,,,,
GOE_Q197,Country has national policy or strategy regulating the use of big data by private companies,https://www.who.int/data/gho/indicator-metadata-registry/imr-details/4798,PUBLISHED,Published,,2015,2015,,EUR,Europe,,GRC,Greece,,No,,,,,,
GOE_Q197,Country has national policy or strategy regulating the use of big data by private companies,https://www.who.int/data/gho/indicator-metadata-registry/imr-details/4798,PUBLISHED,Published,,2015,2015,,EUR,Europe,,IRL,Ireland,,No,,,,,,
GOE_Q197,Country has national policy or strategy regulating the use of big data by private companies,https://www.who.int/data/gho/indicator-metadata-registry/imr-details/4798,PUBLISHED,Published,,2015,2015,,WPR,Western Pacific,,JPN,Japan,,Don't know,,,,,,
GOE_Q197,Country has national policy or strategy regulating the use of big data by private companies,https://www.who.int/data/gho/indicator-metadata-registry/imr-details/4798,PUBLISHED,Published,,2015,2015,,EUR,Europe,,LVA,Latvia,,No,,,,,,
GOE_Q197,Country has national policy or strategy regulating the use of big data by private companies,https://www.who.int/data/gho/indicator-metadata-registry/imr-details/4798,PUBLISHED,Published,,2015,2015,,AMR,Americas,,PRY,Paraguay,,No,,,,,,
GOE_Q197,Country has national policy or strategy regulating the use of big data by private companies,https://www.who.int/data/gho/indicator-metadata-registry/imr-details/4798,PUBLISHED,Published,,2015,2015,,EMR,Eastern Mediterranean,,QAT,Qatar,,No,,,,,,
GOE_Q197,Country has national policy or strategy regulating the use of big data by private companies,https://www.who.int/data/gho/indicator-metadata-registry/imr-details/4798,PUBLISHED,Published,,2015,2015,,EUR,Europe,,RUS,Russian Federation,,No,,,,,,
GOE_Q197,Country has national policy or strategy regulating the use of big data by private companies,https://www.who.int/data/gho/indicator-metadata-registry/imr-details/4798,PUBLISHED,Published,,2015,2015,,EMR,Eastern Mediterranean,,TUN,Tunisia,,No response,,,,,,
GOE_Q197,Country has national policy or strategy regulating the use of big data by private companies,https://www.who.int/data/gho/indicator-metadata-registry/imr-details/4798,PUBLISHED,Published,,2015,2015,,EUR,Europe,,UZB,Uzbekistan,,Don't know,,,,,,
GOE_Q197,Country has national policy or strategy regulating the use of big data by private companies,https://www.who.int/data/gho/indicator-metadata-registry/imr-details/4798,PUBLISHED,Published,,2015,2015,,WPR,Western Pacific,,AUS,Australia,,Yes,,,,,,
GOE_Q197,Country has national policy or strategy regulating the use of big data by private companies,https://www.who.int/data/gho/indicator-metadata-registry/imr-details/4798,PUBLISHED,Published,,2015,2015,,EUR,Europe,,AZE,Azerbaijan,,No,,,,,,
GOE_Q197,Country has national policy or strategy regulating the use of big data by private companies,https://www.who.int/data/gho/indicator-metadata-registry/imr-details/4798,PUBLISHED,Published,,2015,2015,,EUR,Europe,,BEL,Belgium,,No,,,,,,
GOE_Q197,Country has national policy or strategy regulating the use of big data by private companies,https://www.who.int/data/gho/indicator-metadata-registry/imr-details/4798,PUBLISHED,Published,,2015,2015,,AMR,Americas,,CAN,Canada,,No,,,,,,
GOE_Q197,Country has national policy or strategy regulating the use of big data by private companies,https://www.who.int/data/gho/indicator-metadata-registry/imr-details/4798,PUBLISHED,Published,,2015,2015,,AMR,Americas,,CRI,Costa Rica,,Yes,,,,,,
GOE_Q197,Country has national policy or strategy regulating the use of big data by private companies,https://www.who.int/data/gho/indicator-metadata-registry/imr-details/4798,PUBLISHED,Published,,2015,2015,,EUR,Europe,,DNK,Denmark,,No,,,,,,
GOE_Q197,Country has national policy or strategy regulating the use of big data by private companies,https://www.who.int/data/gho/indicator-metadata-registry/imr-details/4798,PUBLISHED,Published,,2015,2015,,AMR,Americas,,SLV,El Salvador,,No,,,,,,
GOE_Q197,Country has national policy or strategy regulating the use of big data by private companies,https://www.who.int/data/gho/indicator-metadata-registry/imr-details/4798,PUBLISHED,Published,,2015,2015,,EUR,Europe,,GEO,Georgia,,Don't know,,,,,,
GOE_Q197,Country has national policy or strategy regulating the use of big data by private companies,https://www.who.int/data/gho/indicator-metadata-registry/imr-details/4798,PUBLISHED,Published,,2015,2015,,AMR,Americas,,HND,Honduras,,No,,,,,,
GOE_Q197,Country has national policy or strategy regulating the use of big data by private companies,https://www.who.int/data/gho/indicator-metadata-registry/imr-details/4798,PUBLISHED,Published,,2015,2015,,EUR,Europe,,ISL,Iceland,,Yes,,,,,,
GOE_Q197,Country has national policy or strategy regulating the use of big data by private companies,https://www.who.int/data/gho/indicator-metadata-registry/imr-details/4798,PUBLISHED,Published,,2015,2015,,EUR,Europe,,LTU,Lithuania,,Yes,,,,,,
GOE_Q197,Country has national policy or strategy regulating the use of big data by private companies,https://www.who.int/data/gho/indicator-metadata-registry/imr-details/4798,PUBLISHED,Published,,2015,2015,,AFR,Africa,,MDG,Madagascar,,No,,,,,,
GOE_Q197,Country has national policy or strategy regulating the use of big data by private companies,https://www.who.int/data/gho/indicator-metadata-registry/imr-details/4798,PUBLISHED,Published,,2015,2015,,AFR,Africa,,MRT,Mauritania,,No,,,,,,
GOE_Q197,Country has national policy or strategy regulating the use of big data by private companies,https://www.who.int/data/gho/indicator-metadata-registry/imr-details/4798,PUBLISHED,Published,,2015,2015,,EMR,Eastern Mediterranean,,MAR,Morocco,,No,,,,,,
GOE_Q197,Country has national policy or strategy regulating the use of big data by private companies,https://www.who.int/data/gho/indicator-metadata-registry/imr-details/4798,PUBLISHED,Published,,2015,2015,,EMR,Eastern Mediterranean,,PAK,Pakistan,,No,,,,,,
GOE_Q197,Country has national policy or strategy regulating the use of big data by private companies,https://www.who.int/data/gho/indicator-metadata-registry/imr-details/4798,PUBLISHED,Published,,2015,2015,,AFR,Africa,,RWA,Rwanda,,No response,,,,,,
GOE_Q197,Country has national policy or strategy regulating the use of big data by private companies,https://www.who.int/data/gho/indicator-metadata-registry/imr-details/4798,PUBLISHED,Published,,2015,2015,,EUR,Europe,,SVN,Slovenia,,Yes,,,,,,
GOE_Q197,Country has national policy or strategy regulating the use of big data by private companies,https://www.who.int/data/gho/indicator-metadata-registry/imr-details/4798,PUBLISHED,Published,,2015,2015,,EUR,Europe,,SWE,Sweden,,No,,,,,,
GOE_Q197,Country has national policy or strategy regulating the use of big data by private companies,https://www.who.int/data/gho/indicator-metadata-registry/imr-details/4798,PUBLISHED,Published,,2015,2015,,EMR,Eastern Mediterranean,,SYR,Syrian Arab Republic,,No,,,,,,
GOE_Q197,Country has national policy or strategy regulating the use of big data by private companies,https://www.who.int/data/gho/indicator-metadata-registry/imr-details/4798,PUBLISHED,Published,,2015,2015,,EUR,Europe,,UKR,Ukraine,,No,,,,,,
GOE_Q197,Country has national policy or strategy regulating the use of big data by private companies,https://www.who.int/data/gho/indicator-metadata-registry/imr-details/4798,PUBLISHED,Published,,2015,2015,,AMR,Americas,,ARG,Argentina,,No,,,,,,
GOE_Q197,Country has national policy or strategy regulating the use of big data by private companies,https://www.who.int/data/gho/indicator-metadata-registry/imr-details/4798,PUBLISHED,Published,,2015,2015,,SEAR,South-East Asia,,BGD,Bangladesh,,No,,,,,,
GOE_Q197,Country has national policy or strategy regulating the use of big data by private companies,https://www.who.int/data/gho/indicator-metadata-registry/imr-details/4798,PUBLISHED,Published,,2015,2015,,SEAR,South-East Asia,,BTN,Bhutan,,No,,,,,,
GOE_Q197,Country has national policy or strategy regulating the use of big data by private companies,https://www.who.int/data/gho/indicator-metadata-registry/imr-details/4798,PUBLISHED,Published,,2015,2015,,AMR,Americas,,CHL,Chile,,No,,,,,,
GOE_Q197,Country has national policy or strategy regulating the use of big data by private companies,https://www.who.int/data/gho/indicator-metadata-registry/imr-details/4798,PUBLISHED,Published,,2015,2015,,AMR,Americas,,COL,Colombia,,Don't know,,,,,,
GOE_Q197,Country has national policy or strategy regulating the use of big data by private companies,https://www.who.int/data/gho/indicator-metadata-registry/imr-details/4798,PUBLISHED,Published,,2015,2015,,EUR,Europe,,HRV,Croatia,,No,,,,,,
GOE_Q197,Country has national policy or strategy regulating the use of big data by private companies,https://www.who.int/data/gho/indicator-metadata-registry/imr-details/4798,PUBLISHED,Published,,2015,2015,,EUR,Europe,,EST,Estonia,,No,,,,,,
GOE_Q197,Country has national policy or strategy regulating the use of big data by private companies,https://www.who.int/data/gho/indicator-metadata-registry/imr-details/4798,PUBLISHED,Published,,2015,2015,,EUR,Europe,,FIN,Finland,,No,,,,,,
GOE_Q197,Country has national policy or strategy regulating the use of big data by private companies,https://www.who.int/data/gho/indicator-metadata-registry/imr-details/4798,PUBLISHED,Published,,2015,2015,,WPR,Western Pacific,,MYS,Malaysia,,Yes,,,,,,
GOE_Q197,Country has national policy or strategy regulating the use of big data by private companies,https://www.who.int/data/gho/indicator-metadata-registry/imr-details/4798,PUBLISHED,Published,,2015,2015,,AFR,Africa,,MLI,Mali,,No,,,,,,
GOE_Q197,Country has national policy or strategy regulating the use of big data by private companies,https://www.who.int/data/gho/indicator-metadata-registry/imr-details/4798,PUBLISHED,Published,,2015,2015,,WPR,Western Pacific,,MNG,Mongolia,,Yes,,,,,,
GOE_Q197,Country has national policy or strategy regulating the use of big data by private companies,https://www.who.int/data/gho/indicator-metadata-registry/imr-details/4798,PUBLISHED,Published,,2015,2015,,WPR,Western Pacific,,NZL,New Zealand,,No,,,,,,
GOE_Q197,Country has national policy or strategy regulating the use of big data by private companies,https://www.who.int/data/gho/indicator-metadata-registry/imr-details/4798,PUBLISHED,Published,,2015,2015,,AFR,Africa,,SEN,Senegal,,No,,,,,,
GOE_Q197,Country has national policy or strategy regulating the use of big data by private companies,https://www.who.int/data/gho/indicator-metadata-registry/imr-details/4798,PUBLISHED,Published,,2015,2015,,AFR,Africa,,SYC,Seychelles,,No,,,,,,
GOE_Q197,Country has national policy or strategy regulating the use of big data by private companies,https://www.who.int/data/gho/indicator-metadata-registry/imr-details/4798,PUBLISHED,Published,,2015,2015,,AFR,Africa,,SSD,South Sudan,,No,,,,,,
GOE_Q197,Country has national policy or strategy regulating the use of big data by private companies,https://www.who.int/data/gho/indicator-metadata-registry/imr-details/4798,PUBLISHED,Published,,2015,2015,,EUR,Europe,,TKM,Turkmenistan,,No response,,,,,,
GOE_Q197,Country has national policy or strategy regulating the use of big data by private companies,https://www.who.int/data/gho/indicator-metadata-registry/imr-details/4798,PUBLISHED,Published,,2015,2015,,AFR,Africa,,DZA,Algeria,,No,,,,,,
GOE_Q197,Country has national policy or strategy regulating the use of big data by private companies,https://www.who.int/data/gho/indicator-metadata-registry/imr-details/4798,PUBLISHED,Published,,2015,2015,,EUR,Europe,,AUT,Austria,,No,,,,,,
GOE_Q197,Country has national policy or strategy regulating the use of big data by private companies,https://www.who.int/data/gho/indicator-metadata-registry/imr-details/4798,PUBLISHED,Published,,2015,2015,,EUR,Europe,,BLR,Belarus,,No,,,,,,
GOE_Q197,Country has national policy or strategy regulating the use of big data by private companies,https://www.who.int/data/gho/indicator-metadata-registry/imr-details/4798,PUBLISHED,Published,,2015,2015,,WPR,Western Pacific,,CHN,China,,No,,,,,,
GOE_Q197,Country has national policy or strategy regulating the use of big data by private companies,https://www.who.int/data/gho/indicator-metadata-registry/imr-details/4798,PUBLISHED,Published,,2015,2015,,AFR,Africa,,COM,Comoros,,No,,,,,,
GOE_Q197,Country has national policy or strategy regulating the use of big data by private companies,https://www.who.int/data/gho/indicator-metadata-registry/imr-details/4798,PUBLISHED,Published,,2015,2015,,AMR,Americas,,CUB,Cuba,,Don't know,,,,,,
GOE_Q197,Country has national policy or strategy regulating the use of big data by private companies,https://www.who.int/data/gho/indicator-metadata-registry/imr-details/4798,PUBLISHED,Published,,2015,2015,,SEAR,South-East Asia,,PRK,Democratic People's Republic of Korea,,No response,,,,,,
GOE_Q197,Country has national policy or strategy regulating the use of big data by private companies,https://www.who.int/data/gho/indicator-metadata-registry/imr-details/4798,PUBLISHED,Published,,2015,2015,,AFR,Africa,,GNQ,Equatorial Guinea,,No,,,,,,
GOE_Q197,Country has national policy or strategy regulating the use of big data by private companies,https://www.who.int/data/gho/indicator-metadata-registry/imr-details/4798,PUBLISHED,Published,,2015,2015,,AFR,Africa,,ETH,Ethiopia,,No,,,,,,
GOE_Q197,Country has national policy or strategy regulating the use of big data by private companies,https://www.who.int/data/gho/indicator-metadata-registry/imr-details/4798,PUBLISHED,Published,,2015,2015,,AFR,Africa,,GHA,Ghana,,No,,,,,,
GOE_Q197,Country has national policy or strategy regulating the use of big data by private companies,https://www.who.int/data/gho/indicator-metadata-registry/imr-details/4798,PUBLISHED,Published,,2015,2015,,EUR,Europe,,HUN,Hungary,,No,,,,,,
GOE_Q197,Country has national policy or strategy regulating the use of big data by private companies,https://www.who.int/data/gho/indicator-metadata-registry/imr-details/4798,PUBLISHED,Published,,2015,2015,,EMR,Eastern Mediterranean,,IRN,Iran (Islamic Republic of),,No,,,,,,
GOE_Q197,Country has national policy or strategy regulating the use of big data by private companies,https://www.who.int/data/gho/indicator-metadata-registry/imr-details/4798,PUBLISHED,Published,,2015,2015,,EUR,Europe,,LUX,Luxembourg,,Don't know,,,,,,
GOE_Q197,Country has national policy or strategy regulating the use of big data by private companies,https://www.who.int/data/gho/indicator-metadata-registry/imr-details/4798,PUBLISHED,Published,,2015,2015,,SEAR,South-East Asia,,MDV,Maldives,,No,,,,,,
GOE_Q197,Country has national policy or strategy regulating the use of big data by private companies,https://www.who.int/data/gho/indicator-metadata-registry/imr-details/4798,PUBLISHED,Published,,2015,2015,,AMR,Americas,,MEX,Mexico,,Yes,,,,,,
GOE_Q197,Country has national policy or strategy regulating the use of big data by private companies,https://www.who.int/data/gho/indicator-metadata-registry/imr-details/4798,PUBLISHED,Published,,2015,2015,,EMR,Eastern Mediterranean,,OMN,Oman,,No,,,,,,
GOE_Q197,Country has national policy or strategy regulating the use of big data by private companies,https://www.who.int/data/gho/indicator-metadata-registry/imr-details/4798,PUBLISHED,Published,,2015,2015,,EUR,Europe,,SRB,Serbia,,No,,,,,,
GOE_Q197,Country has national policy or strategy regulating the use of big data by private companies,https://www.who.int/data/gho/indicator-metadata-registry/imr-details/4798,PUBLISHED,Published,,2015,2015,,EMR,Eastern Mediterranean,,SOM,Somalia,,Don't know,,,,,,
GOE_Q197,Country has national policy or strategy regulating the use of big data by private companies,https://www.who.int/data/gho/indicator-metadata-registry/imr-details/4798,PUBLISHED,Published,,2015,2015,,EUR,Europe,,ESP,Spain,,No,,,,,,
GOE_Q197,Country has national policy or strategy regulating the use of big data by private companies,https://www.who.int/data/gho/indicator-metadata-registry/imr-details/4798,PUBLISHED,Published,,2015,2015,,AFR,Africa,,UGA,Uganda,,No,,,,,,
GOE_Q197,Country has national policy or strategy regulating the use of big data by private companies,https://www.who.int/data/gho/indicator-metadata-registry/imr-details/4798,PUBLISHED,Published,,2015,2015,,EUR,Europe,,ARM,Armenia,,Don't know,,,,,,
GOE_Q197,Country has national policy or strategy regulating the use of big data by private companies,https://www.who.int/data/gho/indicator-metadata-registry/imr-details/4798,PUBLISHED,Published,,2015,2015,,EMR,Eastern Mediterranean,,BHR,Bahrain,,No response,,,,,,
GOE_Q197,Country has national policy or strategy regulating the use of big data by private companies,https://www.who.int/data/gho/indicator-metadata-registry/imr-details/4798,PUBLISHED,Published,,2015,2015,,AFR,Africa,,BEN,Benin,,No,,,,,,
GOE_Q197,Country has national policy or strategy regulating the use of big data by private companies,https://www.who.int/data/gho/indicator-metadata-registry/imr-details/4798,PUBLISHED,Published,,2015,2015,,AFR,Africa,,CAF,Central African Republic,,No,,,,,,
GOE_Q197,Country has national policy or strategy regulating the use of big data by private companies,https://www.who.int/data/gho/indicator-metadata-registry/imr-details/4798,PUBLISHED,Published,,2015,2015,,AFR,Africa,,CIV,Côte d'Ivoire,,No,,,,,,
GOE_Q197,Country has national policy or strategy regulating the use of big data by private companies,https://www.who.int/data/gho/indicator-metadata-registry/imr-details/4798,PUBLISHED,Published,,2015,2015,,AMR,Americas,,DOM,Dominican Republic,,No,,,,,,
GOE_Q197,Country has national policy or strategy regulating the use of big data by private companies,https://www.who.int/data/gho/indicator-metadata-registry/imr-details/4798,PUBLISHED,Published,,2015,2015,,AFR,Africa,,GMB,Gambia,,No,,,,,,
GOE_Q197,Country has national policy or strategy regulating the use of big data by private companies,https://www.who.int/data/gho/indicator-metadata-registry/imr-details/4798,PUBLISHED,Published,,2015,2015,,AFR,Africa,,MWI,Malawi,,No,,,,,,
GOE_Q197,Country has national policy or strategy regulating the use of big data by private companies,https://www.who.int/data/gho/indicator-metadata-registry/imr-details/4798,PUBLISHED,Published,,2015,2015,,EUR,Europe,,MLT,Malta,,No,,,,,,
GOE_Q197,Country has national policy or strategy regulating the use of big data by private companies,https://www.who.int/data/gho/indicator-metadata-registry/imr-details/4798,PUBLISHED,Published,,2015,2015,,EUR,Europe,,MNE,Montenegro,,No,,,,,,
GOE_Q197,Country has national policy or strategy regulating the use of big data by private companies,https://www.who.int/data/gho/indicator-metadata-registry/imr-details/4798,PUBLISHED,Published,,2015,2015,,EUR,Europe,,NLD,Netherlands,,No,,,,,,
GOE_Q197,Country has national policy or strategy regulating the use of big data by private companies,https://www.who.int/data/gho/indicator-metadata-registry/imr-details/4798,PUBLISHED,Published,,2015,2015,,AMR,Americas,,PAN,Panama,,No,,,,,,
GOE_Q197,Country has national policy or strategy regulating the use of big data by private companies,https://www.who.int/data/gho/indicator-metadata-registry/imr-details/4798,PUBLISHED,Published,,2015,2015,,EUR,Europe,,MDA,Republic of Moldova,,No,,,,,,
GOE_Q197,Country has national policy or strategy regulating the use of big data by private companies,https://www.who.int/data/gho/indicator-metadata-registry/imr-details/4798,PUBLISHED,Published,,2015,2015,,EUR,Europe,,SMR,San Marino,,No,,,,,,
GOE_Q197,Country has national policy or strategy regulating the use of big data by private companies,https://www.who.int/data/gho/indicator-metadata-registry/imr-details/4798,PUBLISHED,Published,,2015,2015,,WPR,Western Pacific,,SGP,Singapore,,No,,,,,,
GOE_Q197,Country has national policy or strategy regulating the use of big data by private companies,https://www.who.int/data/gho/indicator-metadata-registry/imr-details/4798,PUBLISHED,Published,,2015,2015,,AFR,Africa,,ZAF,South Africa,,No,,,,,,
GOE_Q197,Country has national policy or strategy regulating the use of big data by private companies,https://www.who.int/data/gho/indicator-metadata-registry/imr-details/4798,PUBLISHED,Published,,2015,2015,,EUR,Europe,,CHE,Switzerland,,No,,,,,,
GOE_Q197,Country has national policy or strategy regulating the use of big data by private companies,https://www.who.int/data/gho/indicator-metadata-registry/imr-details/4798,PUBLISHED,Published,,2015,2015,,EUR,Europe,,TJK,Tajikistan,,No,,,,,,
