GHO (CODE),GHO (DISPLAY),GHO (URL),PUBLISHSTATE (CODE),PUBLISHSTATE (DISPLAY),PUBLISHSTATE (URL),YEAR (CODE),YEAR (DISPLAY),YEAR (URL),REGION (CODE),REGION (DISPLAY),REGION (URL),COUNTRY (CODE),COUNTRY (DISPLAY),COUNTRY (URL),GOEQUESTION (CODE),GOEQUESTION (DISPLAY),GOEQUESTION (URL),Display Value,Numeric,Low,High,StdErr,StdDev,Comments
GOE_Q140,Competing educational priorities,https://www.who.int/data/gho/indicator-metadata-registry/imr-details/4790,PUBLISHED,Published,,2015,2015,,AFR,Africa,,MDG,Madagascar,,GOEQUESTION014,Barriers to implementing eLearning programmes,,Moderately important barrier,,,,,,
GOE_Q140,Competing educational priorities,https://www.who.int/data/gho/indicator-metadata-registry/imr-details/4790,PUBLISHED,Published,,2015,2015,,EUR,Europe,,UZB,Uzbekistan,,GOEQUESTION014,Barriers to implementing eLearning programmes,,Moderately important barrier,,,,,,
GOE_Q140,Competing educational priorities,https://www.who.int/data/gho/indicator-metadata-registry/imr-details/4790,PUBLISHED,Published,,2015,2015,,AMR,Americas,,PRY,Paraguay,,GOEQUESTION014,Barriers to implementing eLearning programmes,,Moderately important barrier,,,,,,
GOE_Q140,Competing educational priorities,https://www.who.int/data/gho/indicator-metadata-registry/imr-details/4790,PUBLISHED,Published,,2015,2015,,EMR,Eastern Mediterranean,,AFG,Afghanistan,,GOEQUESTION014,Barriers to implementing eLearning programmes,,Not a barrier,,,,,,
GOE_Q140,Competing educational priorities,https://www.who.int/data/gho/indicator-metadata-registry/imr-details/4790,PUBLISHED,Published,,2015,2015,,EUR,Europe,,ISR,Israel,,GOEQUESTION014,Barriers to implementing eLearning programmes,,Slightly important barrier,,,,,,
GOE_Q140,Competing educational priorities,https://www.who.int/data/gho/indicator-metadata-registry/imr-details/4790,PUBLISHED,Published,,2015,2015,,AFR,Africa,,SEN,Senegal,,GOEQUESTION014,Barriers to implementing eLearning programmes,,Very important barrier,,,,,,
GOE_Q140,Competing educational priorities,https://www.who.int/data/gho/indicator-metadata-registry/imr-details/4790,PUBLISHED,Published,,2015,2015,,EUR,Europe,,MLT,Malta,,GOEQUESTION014,Barriers to implementing eLearning programmes,,Moderately important barrier,,,,,,
GOE_Q140,Competing educational priorities,https://www.who.int/data/gho/indicator-metadata-registry/imr-details/4790,PUBLISHED,Published,,2015,2015,,EUR,Europe,,MNE,Montenegro,,GOEQUESTION014,Barriers to implementing eLearning programmes,,Not a barrier,,,,,,
GOE_Q140,Competing educational priorities,https://www.who.int/data/gho/indicator-metadata-registry/imr-details/4790,PUBLISHED,Published,,2015,2015,,EUR,Europe,,TJK,Tajikistan,,GOEQUESTION014,Barriers to implementing eLearning programmes,,Slightly important barrier,,,,,,
GOE_Q140,Competing educational priorities,https://www.who.int/data/gho/indicator-metadata-registry/imr-details/4790,PUBLISHED,Published,,2015,2015,,EUR,Europe,,ROU,Romania,,GOEQUESTION014,Barriers to implementing eLearning programmes,,No response,,,,,,
GOE_Q140,Competing educational priorities,https://www.who.int/data/gho/indicator-metadata-registry/imr-details/4790,PUBLISHED,Published,,2015,2015,,EMR,Eastern Mediterranean,,MAR,Morocco,,GOEQUESTION014,Barriers to implementing eLearning programmes,,Very important barrier,,,,,,
GOE_Q140,Competing educational priorities,https://www.who.int/data/gho/indicator-metadata-registry/imr-details/4790,PUBLISHED,Published,,2015,2015,,AFR,Africa,,ETH,Ethiopia,,GOEQUESTION014,Barriers to implementing eLearning programmes,,Moderately important barrier,,,,,,
GOE_Q140,Competing educational priorities,https://www.who.int/data/gho/indicator-metadata-registry/imr-details/4790,PUBLISHED,Published,,2015,2015,,EUR,Europe,,SRB,Serbia,,GOEQUESTION014,Barriers to implementing eLearning programmes,,Not a barrier,,,,,,
GOE_Q140,Competing educational priorities,https://www.who.int/data/gho/indicator-metadata-registry/imr-details/4790,PUBLISHED,Published,,2015,2015,,AFR,Africa,,CPV,Cabo Verde,,GOEQUESTION014,Barriers to implementing eLearning programmes,,Not a barrier,,,,,,
GOE_Q140,Competing educational priorities,https://www.who.int/data/gho/indicator-metadata-registry/imr-details/4790,PUBLISHED,Published,,2015,2015,,WPR,Western Pacific,,PHL,Philippines,,GOEQUESTION014,Barriers to implementing eLearning programmes,,Very important barrier,,,,,,
GOE_Q140,Competing educational priorities,https://www.who.int/data/gho/indicator-metadata-registry/imr-details/4790,PUBLISHED,Published,,2015,2015,,AFR,Africa,,SYC,Seychelles,,GOEQUESTION014,Barriers to implementing eLearning programmes,,Extremely important barrier,,,,,,
GOE_Q140,Competing educational priorities,https://www.who.int/data/gho/indicator-metadata-registry/imr-details/4790,PUBLISHED,Published,,2015,2015,,AMR,Americas,,CAN,Canada,,GOEQUESTION014,Barriers to implementing eLearning programmes,,Very important barrier,,,,,,
GOE_Q140,Competing educational priorities,https://www.who.int/data/gho/indicator-metadata-registry/imr-details/4790,PUBLISHED,Published,,2015,2015,,AFR,Africa,,ZMB,Zambia,,GOEQUESTION014,Barriers to implementing eLearning programmes,,Not a barrier,,,,,,
GOE_Q140,Competing educational priorities,https://www.who.int/data/gho/indicator-metadata-registry/imr-details/4790,PUBLISHED,Published,,2015,2015,,EUR,Europe,,PRT,Portugal,,GOEQUESTION014,Barriers to implementing eLearning programmes,,Very important barrier,,,,,,
GOE_Q140,Competing educational priorities,https://www.who.int/data/gho/indicator-metadata-registry/imr-details/4790,PUBLISHED,Published,,2015,2015,,EUR,Europe,,ARM,Armenia,,GOEQUESTION014,Barriers to implementing eLearning programmes,,Not a barrier,,,,,,
GOE_Q140,Competing educational priorities,https://www.who.int/data/gho/indicator-metadata-registry/imr-details/4790,PUBLISHED,Published,,2015,2015,,EUR,Europe,,KGZ,Kyrgyzstan,,GOEQUESTION014,Barriers to implementing eLearning programmes,,Moderately important barrier,,,,,,
GOE_Q140,Competing educational priorities,https://www.who.int/data/gho/indicator-metadata-registry/imr-details/4790,PUBLISHED,Published,,2015,2015,,SEAR,South-East Asia,,MDV,Maldives,,GOEQUESTION014,Barriers to implementing eLearning programmes,,Not a barrier,,,,,,
GOE_Q140,Competing educational priorities,https://www.who.int/data/gho/indicator-metadata-registry/imr-details/4790,PUBLISHED,Published,,2015,2015,,EUR,Europe,,ESP,Spain,,GOEQUESTION014,Barriers to implementing eLearning programmes,,Extremely important barrier,,,,,,
GOE_Q140,Competing educational priorities,https://www.who.int/data/gho/indicator-metadata-registry/imr-details/4790,PUBLISHED,Published,,2015,2015,,EUR,Europe,,NLD,Netherlands,,GOEQUESTION014,Barriers to implementing eLearning programmes,,Not a barrier,,,,,,
GOE_Q140,Competing educational priorities,https://www.who.int/data/gho/indicator-metadata-registry/imr-details/4790,PUBLISHED,Published,,2015,2015,,EUR,Europe,,TUR,Turkey,,GOEQUESTION014,Barriers to implementing eLearning programmes,,Slightly important barrier,,,,,,
GOE_Q140,Competing educational priorities,https://www.who.int/data/gho/indicator-metadata-registry/imr-details/4790,PUBLISHED,Published,,2015,2015,,WPR,Western Pacific,,AUS,Australia,,GOEQUESTION014,Barriers to implementing eLearning programmes,,Not a barrier,,,,,,
GOE_Q140,Competing educational priorities,https://www.who.int/data/gho/indicator-metadata-registry/imr-details/4790,PUBLISHED,Published,,2015,2015,,AMR,Americas,,CRI,Costa Rica,,GOEQUESTION014,Barriers to implementing eLearning programmes,,Very important barrier,,,,,,
GOE_Q140,Competing educational priorities,https://www.who.int/data/gho/indicator-metadata-registry/imr-details/4790,PUBLISHED,Published,,2015,2015,,AMR,Americas,,HND,Honduras,,GOEQUESTION014,Barriers to implementing eLearning programmes,,Not a barrier,,,,,,
GOE_Q140,Competing educational priorities,https://www.who.int/data/gho/indicator-metadata-registry/imr-details/4790,PUBLISHED,Published,,2015,2015,,AFR,Africa,,MLI,Mali,,GOEQUESTION014,Barriers to implementing eLearning programmes,,Very important barrier,,,,,,
GOE_Q140,Competing educational priorities,https://www.who.int/data/gho/indicator-metadata-registry/imr-details/4790,PUBLISHED,Published,,2015,2015,,EUR,Europe,,LTU,Lithuania,,GOEQUESTION014,Barriers to implementing eLearning programmes,,Moderately important barrier,,,,,,
GOE_Q140,Competing educational priorities,https://www.who.int/data/gho/indicator-metadata-registry/imr-details/4790,PUBLISHED,Published,,2015,2015,,EUR,Europe,,SWE,Sweden,,GOEQUESTION014,Barriers to implementing eLearning programmes,,Very important barrier,,,,,,
GOE_Q140,Competing educational priorities,https://www.who.int/data/gho/indicator-metadata-registry/imr-details/4790,PUBLISHED,Published,,2015,2015,,EUR,Europe,,UKR,Ukraine,,GOEQUESTION014,Barriers to implementing eLearning programmes,,Not a barrier,,,,,,
GOE_Q140,Competing educational priorities,https://www.who.int/data/gho/indicator-metadata-registry/imr-details/4790,PUBLISHED,Published,,2015,2015,,AFR,Africa,,BFA,Burkina Faso,,GOEQUESTION014,Barriers to implementing eLearning programmes,,Very important barrier,,,,,,
GOE_Q140,Competing educational priorities,https://www.who.int/data/gho/indicator-metadata-registry/imr-details/4790,PUBLISHED,Published,,2015,2015,,EUR,Europe,,GRC,Greece,,GOEQUESTION014,Barriers to implementing eLearning programmes,,Moderately important barrier,,,,,,
GOE_Q140,Competing educational priorities,https://www.who.int/data/gho/indicator-metadata-registry/imr-details/4790,PUBLISHED,Published,,2015,2015,,EMR,Eastern Mediterranean,,IRQ,Iraq,,GOEQUESTION014,Barriers to implementing eLearning programmes,,Slightly important barrier,,,,,,
GOE_Q140,Competing educational priorities,https://www.who.int/data/gho/indicator-metadata-registry/imr-details/4790,PUBLISHED,Published,,2015,2015,,AFR,Africa,,GMB,Gambia,,GOEQUESTION014,Barriers to implementing eLearning programmes,,Extremely important barrier,,,,,,
GOE_Q140,Competing educational priorities,https://www.who.int/data/gho/indicator-metadata-registry/imr-details/4790,PUBLISHED,Published,,2015,2015,,AMR,Americas,,PAN,Panama,,GOEQUESTION014,Barriers to implementing eLearning programmes,,Not a barrier,,,,,,
GOE_Q140,Competing educational priorities,https://www.who.int/data/gho/indicator-metadata-registry/imr-details/4790,PUBLISHED,Published,,2015,2015,,EUR,Europe,,AZE,Azerbaijan,,GOEQUESTION014,Barriers to implementing eLearning programmes,,Not a barrier,,,,,,
GOE_Q140,Competing educational priorities,https://www.who.int/data/gho/indicator-metadata-registry/imr-details/4790,PUBLISHED,Published,,2015,2015,,EUR,Europe,,KAZ,Kazakhstan,,GOEQUESTION014,Barriers to implementing eLearning programmes,,Moderately important barrier,,,,,,
GOE_Q140,Competing educational priorities,https://www.who.int/data/gho/indicator-metadata-registry/imr-details/4790,PUBLISHED,Published,,2015,2015,,AMR,Americas,,USA,United States of America,,GOEQUESTION014,Barriers to implementing eLearning programmes,,No response,,,,,,
GOE_Q140,Competing educational priorities,https://www.who.int/data/gho/indicator-metadata-registry/imr-details/4790,PUBLISHED,Published,,2015,2015,,AMR,Americas,,TTO,Trinidad and Tobago,,GOEQUESTION014,Barriers to implementing eLearning programmes,,Extremely important barrier,,,,,,
GOE_Q140,Competing educational priorities,https://www.who.int/data/gho/indicator-metadata-registry/imr-details/4790,PUBLISHED,Published,,2015,2015,,AFR,Africa,,KEN,Kenya,,GOEQUESTION014,Barriers to implementing eLearning programmes,,Very important barrier,,,,,,
GOE_Q140,Competing educational priorities,https://www.who.int/data/gho/indicator-metadata-registry/imr-details/4790,PUBLISHED,Published,,2015,2015,,EUR,Europe,,MDA,Republic of Moldova,,GOEQUESTION014,Barriers to implementing eLearning programmes,,Extremely important barrier,,,,,,
GOE_Q140,Competing educational priorities,https://www.who.int/data/gho/indicator-metadata-registry/imr-details/4790,PUBLISHED,Published,,2015,2015,,AMR,Americas,,URY,Uruguay,,GOEQUESTION014,Barriers to implementing eLearning programmes,,Slightly important barrier,,,,,,
GOE_Q140,Competing educational priorities,https://www.who.int/data/gho/indicator-metadata-registry/imr-details/4790,PUBLISHED,Published,,2015,2015,,EUR,Europe,,BGR,Bulgaria,,GOEQUESTION014,Barriers to implementing eLearning programmes,,Very important barrier,,,,,,
GOE_Q140,Competing educational priorities,https://www.who.int/data/gho/indicator-metadata-registry/imr-details/4790,PUBLISHED,Published,,2015,2015,,AMR,Americas,,GTM,Guatemala,,GOEQUESTION014,Barriers to implementing eLearning programmes,,Moderately important barrier,,,,,,
GOE_Q140,Competing educational priorities,https://www.who.int/data/gho/indicator-metadata-registry/imr-details/4790,PUBLISHED,Published,,2015,2015,,EMR,Eastern Mediterranean,,PAK,Pakistan,,GOEQUESTION014,Barriers to implementing eLearning programmes,,Very important barrier,,,,,,
GOE_Q140,Competing educational priorities,https://www.who.int/data/gho/indicator-metadata-registry/imr-details/4790,PUBLISHED,Published,,2015,2015,,AMR,Americas,,CHL,Chile,,GOEQUESTION014,Barriers to implementing eLearning programmes,,Very important barrier,,,,,,
GOE_Q140,Competing educational priorities,https://www.who.int/data/gho/indicator-metadata-registry/imr-details/4790,PUBLISHED,Published,,2015,2015,,AMR,Americas,,SLV,El Salvador,,GOEQUESTION014,Barriers to implementing eLearning programmes,,Very important barrier,,,,,,
GOE_Q140,Competing educational priorities,https://www.who.int/data/gho/indicator-metadata-registry/imr-details/4790,PUBLISHED,Published,,2015,2015,,WPR,Western Pacific,,NZL,New Zealand,,GOEQUESTION014,Barriers to implementing eLearning programmes,,Very important barrier,,,,,,
GOE_Q140,Competing educational priorities,https://www.who.int/data/gho/indicator-metadata-registry/imr-details/4790,PUBLISHED,Published,,2015,2015,,EMR,Eastern Mediterranean,,TUN,Tunisia,,GOEQUESTION014,Barriers to implementing eLearning programmes,,No response,,,,,,
GOE_Q140,Competing educational priorities,https://www.who.int/data/gho/indicator-metadata-registry/imr-details/4790,PUBLISHED,Published,,2015,2015,,EUR,Europe,,BIH,Bosnia and Herzegovina,,GOEQUESTION014,Barriers to implementing eLearning programmes,,Very important barrier,,,,,,
GOE_Q140,Competing educational priorities,https://www.who.int/data/gho/indicator-metadata-registry/imr-details/4790,PUBLISHED,Published,,2015,2015,,AFR,Africa,,GNB,Guinea-Bissau,,GOEQUESTION014,Barriers to implementing eLearning programmes,,Not a barrier,,,,,,
GOE_Q140,Competing educational priorities,https://www.who.int/data/gho/indicator-metadata-registry/imr-details/4790,PUBLISHED,Published,,2015,2015,,WPR,Western Pacific,,KIR,Kiribati,,GOEQUESTION014,Barriers to implementing eLearning programmes,,No response,,,,,,
GOE_Q140,Competing educational priorities,https://www.who.int/data/gho/indicator-metadata-registry/imr-details/4790,PUBLISHED,Published,,2015,2015,,EUR,Europe,,EST,Estonia,,GOEQUESTION014,Barriers to implementing eLearning programmes,,Slightly important barrier,,,,,,
GOE_Q140,Competing educational priorities,https://www.who.int/data/gho/indicator-metadata-registry/imr-details/4790,PUBLISHED,Published,,2015,2015,,WPR,Western Pacific,,MNG,Mongolia,,GOEQUESTION014,Barriers to implementing eLearning programmes,,Moderately important barrier,,,,,,
GOE_Q140,Competing educational priorities,https://www.who.int/data/gho/indicator-metadata-registry/imr-details/4790,PUBLISHED,Published,,2015,2015,,AFR,Africa,,SSD,South Sudan,,GOEQUESTION014,Barriers to implementing eLearning programmes,,Moderately important barrier,,,,,,
GOE_Q140,Competing educational priorities,https://www.who.int/data/gho/indicator-metadata-registry/imr-details/4790,PUBLISHED,Published,,2015,2015,,AFR,Africa,,MWI,Malawi,,GOEQUESTION014,Barriers to implementing eLearning programmes,,Moderately important barrier,,,,,,
GOE_Q140,Competing educational priorities,https://www.who.int/data/gho/indicator-metadata-registry/imr-details/4790,PUBLISHED,Published,,2015,2015,,EMR,Eastern Mediterranean,,IRN,Iran (Islamic Republic of),,GOEQUESTION014,Barriers to implementing eLearning programmes,,Not a barrier,,,,,,
GOE_Q140,Competing educational priorities,https://www.who.int/data/gho/indicator-metadata-registry/imr-details/4790,PUBLISHED,Published,,2015,2015,,EUR,Europe,,GBR,United Kingdom of Great Britain and Northern Ireland,,GOEQUESTION014,Barriers to implementing eLearning programmes,,Very important barrier,,,,,,
GOE_Q140,Competing educational priorities,https://www.who.int/data/gho/indicator-metadata-registry/imr-details/4790,PUBLISHED,Published,,2015,2015,,WPR,Western Pacific,,VNM,Viet Nam,,GOEQUESTION014,Barriers to implementing eLearning programmes,,Moderately important barrier,,,,,,
GOE_Q140,Competing educational priorities,https://www.who.int/data/gho/indicator-metadata-registry/imr-details/4790,PUBLISHED,Published,,2015,2015,,AFR,Africa,,BDI,Burundi,,GOEQUESTION014,Barriers to implementing eLearning programmes,,Not a barrier,,,,,,
GOE_Q140,Competing educational priorities,https://www.who.int/data/gho/indicator-metadata-registry/imr-details/4790,PUBLISHED,Published,,2015,2015,,SEAR,South-East Asia,,BTN,Bhutan,,GOEQUESTION014,Barriers to implementing eLearning programmes,,Moderately important barrier,,,,,,
GOE_Q140,Competing educational priorities,https://www.who.int/data/gho/indicator-metadata-registry/imr-details/4790,PUBLISHED,Published,,2015,2015,,AFR,Africa,,COM,Comoros,,GOEQUESTION014,Barriers to implementing eLearning programmes,,Moderately important barrier,,,,,,
GOE_Q140,Competing educational priorities,https://www.who.int/data/gho/indicator-metadata-registry/imr-details/4790,PUBLISHED,Published,,2015,2015,,AMR,Americas,,JAM,Jamaica,,GOEQUESTION014,Barriers to implementing eLearning programmes,,Not a barrier,,,,,,
GOE_Q140,Competing educational priorities,https://www.who.int/data/gho/indicator-metadata-registry/imr-details/4790,PUBLISHED,Published,,2015,2015,,AFR,Africa,,ZWE,Zimbabwe,,GOEQUESTION014,Barriers to implementing eLearning programmes,,Slightly important barrier,,,,,,
GOE_Q140,Competing educational priorities,https://www.who.int/data/gho/indicator-metadata-registry/imr-details/4790,PUBLISHED,Published,,2015,2015,,AFR,Africa,,MRT,Mauritania,,GOEQUESTION014,Barriers to implementing eLearning programmes,,Moderately important barrier,,,,,,
GOE_Q140,Competing educational priorities,https://www.who.int/data/gho/indicator-metadata-registry/imr-details/4790,PUBLISHED,Published,,2015,2015,,EMR,Eastern Mediterranean,,QAT,Qatar,,GOEQUESTION014,Barriers to implementing eLearning programmes,,Slightly important barrier,,,,,,
GOE_Q140,Competing educational priorities,https://www.who.int/data/gho/indicator-metadata-registry/imr-details/4790,PUBLISHED,Published,,2015,2015,,EMR,Eastern Mediterranean,,SYR,Syrian Arab Republic,,GOEQUESTION014,Barriers to implementing eLearning programmes,,Extremely important barrier,,,,,,
GOE_Q140,Competing educational priorities,https://www.who.int/data/gho/indicator-metadata-registry/imr-details/4790,PUBLISHED,Published,,2015,2015,,EMR,Eastern Mediterranean,,LBN,Lebanon,,GOEQUESTION014,Barriers to implementing eLearning programmes,,Extremely important barrier,,,,,,
GOE_Q140,Competing educational priorities,https://www.who.int/data/gho/indicator-metadata-registry/imr-details/4790,PUBLISHED,Published,,2015,2015,,EUR,Europe,,AUT,Austria,,GOEQUESTION014,Barriers to implementing eLearning programmes,,Slightly important barrier,,,,,,
GOE_Q140,Competing educational priorities,https://www.who.int/data/gho/indicator-metadata-registry/imr-details/4790,PUBLISHED,Published,,2015,2015,,EUR,Europe,,HUN,Hungary,,GOEQUESTION014,Barriers to implementing eLearning programmes,,Moderately important barrier,,,,,,
GOE_Q140,Competing educational priorities,https://www.who.int/data/gho/indicator-metadata-registry/imr-details/4790,PUBLISHED,Published,,2015,2015,,AFR,Africa,,LSO,Lesotho,,GOEQUESTION014,Barriers to implementing eLearning programmes,,Very important barrier,,,,,,
GOE_Q140,Competing educational priorities,https://www.who.int/data/gho/indicator-metadata-registry/imr-details/4790,PUBLISHED,Published,,2015,2015,,EUR,Europe,,FIN,Finland,,GOEQUESTION014,Barriers to implementing eLearning programmes,,Not a barrier,,,,,,
GOE_Q140,Competing educational priorities,https://www.who.int/data/gho/indicator-metadata-registry/imr-details/4790,PUBLISHED,Published,,2015,2015,,AFR,Africa,,DZA,Algeria,,GOEQUESTION014,Barriers to implementing eLearning programmes,,Not a barrier,,,,,,
GOE_Q140,Competing educational priorities,https://www.who.int/data/gho/indicator-metadata-registry/imr-details/4790,PUBLISHED,Published,,2015,2015,,WPR,Western Pacific,,KHM,Cambodia,,GOEQUESTION014,Barriers to implementing eLearning programmes,,Extremely important barrier,,,,,,
GOE_Q140,Competing educational priorities,https://www.who.int/data/gho/indicator-metadata-registry/imr-details/4790,PUBLISHED,Published,,2015,2015,,EUR,Europe,,BEL,Belgium,,GOEQUESTION014,Barriers to implementing eLearning programmes,,Slightly important barrier,,,,,,
GOE_Q140,Competing educational priorities,https://www.who.int/data/gho/indicator-metadata-registry/imr-details/4790,PUBLISHED,Published,,2015,2015,,EUR,Europe,,CYP,Cyprus,,GOEQUESTION014,Barriers to implementing eLearning programmes,,Very important barrier,,,,,,
GOE_Q140,Competing educational priorities,https://www.who.int/data/gho/indicator-metadata-registry/imr-details/4790,PUBLISHED,Published,,2015,2015,,EUR,Europe,,BLR,Belarus,,GOEQUESTION014,Barriers to implementing eLearning programmes,,Not a barrier,,,,,,
GOE_Q140,Competing educational priorities,https://www.who.int/data/gho/indicator-metadata-registry/imr-details/4790,PUBLISHED,Published,,2015,2015,,EMR,Eastern Mediterranean,,OMN,Oman,,GOEQUESTION014,Barriers to implementing eLearning programmes,,Slightly important barrier,,,,,,
GOE_Q140,Competing educational priorities,https://www.who.int/data/gho/indicator-metadata-registry/imr-details/4790,PUBLISHED,Published,,2015,2015,,EUR,Europe,,SMR,San Marino,,GOEQUESTION014,Barriers to implementing eLearning programmes,,No response,,,,,,
GOE_Q140,Competing educational priorities,https://www.who.int/data/gho/indicator-metadata-registry/imr-details/4790,PUBLISHED,Published,,2015,2015,,AFR,Africa,,CAF,Central African Republic,,GOEQUESTION014,Barriers to implementing eLearning programmes,,Not a barrier,,,,,,
GOE_Q140,Competing educational priorities,https://www.who.int/data/gho/indicator-metadata-registry/imr-details/4790,PUBLISHED,Published,,2015,2015,,EMR,Eastern Mediterranean,,JOR,Jordan,,GOEQUESTION014,Barriers to implementing eLearning programmes,,Very important barrier,,,,,,
GOE_Q140,Competing educational priorities,https://www.who.int/data/gho/indicator-metadata-registry/imr-details/4790,PUBLISHED,Published,,2015,2015,,EUR,Europe,,LVA,Latvia,,GOEQUESTION014,Barriers to implementing eLearning programmes,,Slightly important barrier,,,,,,
GOE_Q140,Competing educational priorities,https://www.who.int/data/gho/indicator-metadata-registry/imr-details/4790,PUBLISHED,Published,,2015,2015,,EUR,Europe,,CHE,Switzerland,,GOEQUESTION014,Barriers to implementing eLearning programmes,,Not a barrier,,,,,,
GOE_Q140,Competing educational priorities,https://www.who.int/data/gho/indicator-metadata-registry/imr-details/4790,PUBLISHED,Published,,2015,2015,,SEAR,South-East Asia,,BGD,Bangladesh,,GOEQUESTION014,Barriers to implementing eLearning programmes,,Slightly important barrier,,,,,,
GOE_Q140,Competing educational priorities,https://www.who.int/data/gho/indicator-metadata-registry/imr-details/4790,PUBLISHED,Published,,2015,2015,,WPR,Western Pacific,,SGP,Singapore,,GOEQUESTION014,Barriers to implementing eLearning programmes,,Not a barrier,,,,,,
GOE_Q140,Competing educational priorities,https://www.who.int/data/gho/indicator-metadata-registry/imr-details/4790,PUBLISHED,Published,,2015,2015,,AMR,Americas,,CUB,Cuba,,GOEQUESTION014,Barriers to implementing eLearning programmes,,Not a barrier,,,,,,
GOE_Q140,Competing educational priorities,https://www.who.int/data/gho/indicator-metadata-registry/imr-details/4790,PUBLISHED,Published,,2015,2015,,EMR,Eastern Mediterranean,,SOM,Somalia,,GOEQUESTION014,Barriers to implementing eLearning programmes,,Not a barrier,,,,,,
GOE_Q140,Competing educational priorities,https://www.who.int/data/gho/indicator-metadata-registry/imr-details/4790,PUBLISHED,Published,,2015,2015,,AMR,Americas,,ARG,Argentina,,GOEQUESTION014,Barriers to implementing eLearning programmes,,Not a barrier,,,,,,
GOE_Q140,Competing educational priorities,https://www.who.int/data/gho/indicator-metadata-registry/imr-details/4790,PUBLISHED,Published,,2015,2015,,EUR,Europe,,IRL,Ireland,,GOEQUESTION014,Barriers to implementing eLearning programmes,,Moderately important barrier,,,,,,
GOE_Q140,Competing educational priorities,https://www.who.int/data/gho/indicator-metadata-registry/imr-details/4790,PUBLISHED,Published,,2015,2015,,WPR,Western Pacific,,LAO,Lao People's Democratic Republic,,GOEQUESTION014,Barriers to implementing eLearning programmes,,Moderately important barrier,,,,,,
GOE_Q140,Competing educational priorities,https://www.who.int/data/gho/indicator-metadata-registry/imr-details/4790,PUBLISHED,Published,,2015,2015,,EMR,Eastern Mediterranean,,BHR,Bahrain,,GOEQUESTION014,Barriers to implementing eLearning programmes,,Not a barrier,,,,,,
GOE_Q140,Competing educational priorities,https://www.who.int/data/gho/indicator-metadata-registry/imr-details/4790,PUBLISHED,Published,,2015,2015,,EUR,Europe,,CZE,Czechia,,GOEQUESTION014,Barriers to implementing eLearning programmes,,Extremely important barrier,,,,,,
GOE_Q140,Competing educational priorities,https://www.who.int/data/gho/indicator-metadata-registry/imr-details/4790,PUBLISHED,Published,,2015,2015,,EUR,Europe,,GEO,Georgia,,GOEQUESTION014,Barriers to implementing eLearning programmes,,Very important barrier,,,,,,
GOE_Q140,Competing educational priorities,https://www.who.int/data/gho/indicator-metadata-registry/imr-details/4790,PUBLISHED,Published,,2015,2015,,EUR,Europe,,ITA,Italy,,GOEQUESTION014,Barriers to implementing eLearning programmes,,Very important barrier,,,,,,
GOE_Q140,Competing educational priorities,https://www.who.int/data/gho/indicator-metadata-registry/imr-details/4790,PUBLISHED,Published,,2015,2015,,WPR,Western Pacific,,MYS,Malaysia,,GOEQUESTION014,Barriers to implementing eLearning programmes,,Moderately important barrier,,,,,,
GOE_Q140,Competing educational priorities,https://www.who.int/data/gho/indicator-metadata-registry/imr-details/4790,PUBLISHED,Published,,2015,2015,,EUR,Europe,,TKM,Turkmenistan,,GOEQUESTION014,Barriers to implementing eLearning programmes,,Not a barrier,,,,,,
GOE_Q140,Competing educational priorities,https://www.who.int/data/gho/indicator-metadata-registry/imr-details/4790,PUBLISHED,Published,,2015,2015,,AFR,Africa,,RWA,Rwanda,,GOEQUESTION014,Barriers to implementing eLearning programmes,,Slightly important barrier,,,,,,
GOE_Q140,Competing educational priorities,https://www.who.int/data/gho/indicator-metadata-registry/imr-details/4790,PUBLISHED,Published,,2015,2015,,AFR,Africa,,CIV,Côte d'Ivoire,,GOEQUESTION014,Barriers to implementing eLearning programmes,,Extremely important barrier,,,,,,
GOE_Q140,Competing educational priorities,https://www.who.int/data/gho/indicator-metadata-registry/imr-details/4790,PUBLISHED,Published,,2015,2015,,AFR,Africa,,GNQ,Equatorial Guinea,,GOEQUESTION014,Barriers to implementing eLearning programmes,,Very important barrier,,,,,,
GOE_Q140,Competing educational priorities,https://www.who.int/data/gho/indicator-metadata-registry/imr-details/4790,PUBLISHED,Published,,2015,2015,,AMR,Americas,,MEX,Mexico,,GOEQUESTION014,Barriers to implementing eLearning programmes,,Not a barrier,,,,,,
GOE_Q140,Competing educational priorities,https://www.who.int/data/gho/indicator-metadata-registry/imr-details/4790,PUBLISHED,Published,,2015,2015,,EUR,Europe,,RUS,Russian Federation,,GOEQUESTION014,Barriers to implementing eLearning programmes,,Moderately important barrier,,,,,,
GOE_Q140,Competing educational priorities,https://www.who.int/data/gho/indicator-metadata-registry/imr-details/4790,PUBLISHED,Published,,2015,2015,,EUR,Europe,,NOR,Norway,,GOEQUESTION014,Barriers to implementing eLearning programmes,,Very important barrier,,,,,,
GOE_Q140,Competing educational priorities,https://www.who.int/data/gho/indicator-metadata-registry/imr-details/4790,PUBLISHED,Published,,2015,2015,,WPR,Western Pacific,,CHN,China,,GOEQUESTION014,Barriers to implementing eLearning programmes,,Moderately important barrier,,,,,,
GOE_Q140,Competing educational priorities,https://www.who.int/data/gho/indicator-metadata-registry/imr-details/4790,PUBLISHED,Published,,2015,2015,,AMR,Americas,,PER,Peru,,GOEQUESTION014,Barriers to implementing eLearning programmes,,Not a barrier,,,,,,
GOE_Q140,Competing educational priorities,https://www.who.int/data/gho/indicator-metadata-registry/imr-details/4790,PUBLISHED,Published,,2015,2015,,WPR,Western Pacific,,JPN,Japan,,GOEQUESTION014,Barriers to implementing eLearning programmes,,Slightly important barrier,,,,,,
GOE_Q140,Competing educational priorities,https://www.who.int/data/gho/indicator-metadata-registry/imr-details/4790,PUBLISHED,Published,,2015,2015,,EUR,Europe,,DNK,Denmark,,GOEQUESTION014,Barriers to implementing eLearning programmes,,Slightly important barrier,,,,,,
GOE_Q140,Competing educational priorities,https://www.who.int/data/gho/indicator-metadata-registry/imr-details/4790,PUBLISHED,Published,,2015,2015,,EUR,Europe,,SVN,Slovenia,,GOEQUESTION014,Barriers to implementing eLearning programmes,,Moderately important barrier,,,,,,
GOE_Q140,Competing educational priorities,https://www.who.int/data/gho/indicator-metadata-registry/imr-details/4790,PUBLISHED,Published,,2015,2015,,AFR,Africa,,BEN,Benin,,GOEQUESTION014,Barriers to implementing eLearning programmes,,Moderately important barrier,,,,,,
GOE_Q140,Competing educational priorities,https://www.who.int/data/gho/indicator-metadata-registry/imr-details/4790,PUBLISHED,Published,,2015,2015,,AFR,Africa,,NER,Niger,,GOEQUESTION014,Barriers to implementing eLearning programmes,,Moderately important barrier,,,,,,
GOE_Q140,Competing educational priorities,https://www.who.int/data/gho/indicator-metadata-registry/imr-details/4790,PUBLISHED,Published,,2015,2015,,AMR,Americas,,COL,Colombia,,GOEQUESTION014,Barriers to implementing eLearning programmes,,Very important barrier,,,,,,
GOE_Q140,Competing educational priorities,https://www.who.int/data/gho/indicator-metadata-registry/imr-details/4790,PUBLISHED,Published,,2015,2015,,EUR,Europe,,HRV,Croatia,,GOEQUESTION014,Barriers to implementing eLearning programmes,,Moderately important barrier,,,,,,
GOE_Q140,Competing educational priorities,https://www.who.int/data/gho/indicator-metadata-registry/imr-details/4790,PUBLISHED,Published,,2015,2015,,EUR,Europe,,ALB,Albania,,GOEQUESTION014,Barriers to implementing eLearning programmes,,Not a barrier,,,,,,
GOE_Q140,Competing educational priorities,https://www.who.int/data/gho/indicator-metadata-registry/imr-details/4790,PUBLISHED,Published,,2015,2015,,EUR,Europe,,POL,Poland,,GOEQUESTION014,Barriers to implementing eLearning programmes,,Not a barrier,,,,,,
GOE_Q140,Competing educational priorities,https://www.who.int/data/gho/indicator-metadata-registry/imr-details/4790,PUBLISHED,Published,,2015,2015,,SEAR,South-East Asia,,TLS,Timor-Leste,,GOEQUESTION014,Barriers to implementing eLearning programmes,,Slightly important barrier,,,,,,
GOE_Q140,Competing educational priorities,https://www.who.int/data/gho/indicator-metadata-registry/imr-details/4790,PUBLISHED,Published,,2015,2015,,SEAR,South-East Asia,,PRK,Democratic People's Republic of Korea,,GOEQUESTION014,Barriers to implementing eLearning programmes,,Not a barrier,,,,,,
GOE_Q140,Competing educational priorities,https://www.who.int/data/gho/indicator-metadata-registry/imr-details/4790,PUBLISHED,Published,,2015,2015,,AMR,Americas,,DOM,Dominican Republic,,GOEQUESTION014,Barriers to implementing eLearning programmes,,Extremely important barrier,,,,,,
GOE_Q140,Competing educational priorities,https://www.who.int/data/gho/indicator-metadata-registry/imr-details/4790,PUBLISHED,Published,,2015,2015,,EUR,Europe,,LUX,Luxembourg,,GOEQUESTION014,Barriers to implementing eLearning programmes,,Moderately important barrier,,,,,,
GOE_Q140,Competing educational priorities,https://www.who.int/data/gho/indicator-metadata-registry/imr-details/4790,PUBLISHED,Published,,2015,2015,,AFR,Africa,,UGA,Uganda,,GOEQUESTION014,Barriers to implementing eLearning programmes,,Not a barrier,,,,,,
