GHO (CODE),GHO (DISPLAY),GHO (URL),PUBLISHSTATE (CODE),PUBLISHSTATE (DISPLAY),PUBLISHSTATE (URL),YEAR (CODE),YEAR (DISPLAY),YEAR (URL),REGION (CODE),REGION (DISPLAY),REGION (URL),COUNTRY (CODE),COUNTRY (DISPLAY),COUNTRY (URL),Display Value,Numeric,Low,High,StdErr,StdDev,Comments
HIV_0000000018,"People aged 15 years and over who received HIV testing and counselling, estimated number per 1000 adult population",https://www.who.int/data/gho/indicator-metadata-registry/imr-details/2931,PUBLISHED,Published,,2014,2014,,EMR,Eastern Mediterranean,,AFG,Afghanistan,,21,21.0,,,,,
HIV_0000000018,"People aged 15 years and over who received HIV testing and counselling, estimated number per 1000 adult population",https://www.who.int/data/gho/indicator-metadata-registry/imr-details/2931,PUBLISHED,Published,,2014,2014,,AFR,Africa,,AGO,Angola,,No data,,,,,,
HIV_0000000018,"People aged 15 years and over who received HIV testing and counselling, estimated number per 1000 adult population",https://www.who.int/data/gho/indicator-metadata-registry/imr-details/2931,PUBLISHED,Published,,2014,2014,,EUR,Europe,,ALB,Albania,,No data,,,,,,
HIV_0000000018,"People aged 15 years and over who received HIV testing and counselling, estimated number per 1000 adult population",https://www.who.int/data/gho/indicator-metadata-registry/imr-details/2931,PUBLISHED,Published,,2014,2014,,AMR,Americas,,ARG,Argentina,,17,17.0,,,,,
HIV_0000000018,"People aged 15 years and over who received HIV testing and counselling, estimated number per 1000 adult population",https://www.who.int/data/gho/indicator-metadata-registry/imr-details/2931,PUBLISHED,Published,,2014,2014,,EUR,Europe,,ARM,Armenia,,38,38.0,,,,,
HIV_0000000018,"People aged 15 years and over who received HIV testing and counselling, estimated number per 1000 adult population",https://www.who.int/data/gho/indicator-metadata-registry/imr-details/2931,PUBLISHED,Published,,2014,2014,,AMR,Americas,,ATG,Antigua and Barbuda,,No data,,,,,,
HIV_0000000018,"People aged 15 years and over who received HIV testing and counselling, estimated number per 1000 adult population",https://www.who.int/data/gho/indicator-metadata-registry/imr-details/2931,PUBLISHED,Published,,2014,2014,,EUR,Europe,,AZE,Azerbaijan,,74,74.0,,,,,
HIV_0000000018,"People aged 15 years and over who received HIV testing and counselling, estimated number per 1000 adult population",https://www.who.int/data/gho/indicator-metadata-registry/imr-details/2931,PUBLISHED,Published,,2014,2014,,AFR,Africa,,BDI,Burundi,,190,190.0,,,,,
HIV_0000000018,"People aged 15 years and over who received HIV testing and counselling, estimated number per 1000 adult population",https://www.who.int/data/gho/indicator-metadata-registry/imr-details/2931,PUBLISHED,Published,,2014,2014,,AFR,Africa,,BEN,Benin,,64,64.0,,,,,
HIV_0000000018,"People aged 15 years and over who received HIV testing and counselling, estimated number per 1000 adult population",https://www.who.int/data/gho/indicator-metadata-registry/imr-details/2931,PUBLISHED,Published,,2014,2014,,AFR,Africa,,BFA,Burkina Faso,,92,92.0,,,,,
HIV_0000000018,"People aged 15 years and over who received HIV testing and counselling, estimated number per 1000 adult population",https://www.who.int/data/gho/indicator-metadata-registry/imr-details/2931,PUBLISHED,Published,,2014,2014,,EUR,Europe,,BGR,Bulgaria,,45,45.0,,,,,
HIV_0000000018,"People aged 15 years and over who received HIV testing and counselling, estimated number per 1000 adult population",https://www.who.int/data/gho/indicator-metadata-registry/imr-details/2931,PUBLISHED,Published,,2014,2014,,EUR,Europe,,BIH,Bosnia and Herzegovina,,2,2.0,,,,,
HIV_0000000018,"People aged 15 years and over who received HIV testing and counselling, estimated number per 1000 adult population",https://www.who.int/data/gho/indicator-metadata-registry/imr-details/2931,PUBLISHED,Published,,2014,2014,,EUR,Europe,,BLR,Belarus,,143,143.0,,,,,
HIV_0000000018,"People aged 15 years and over who received HIV testing and counselling, estimated number per 1000 adult population",https://www.who.int/data/gho/indicator-metadata-registry/imr-details/2931,PUBLISHED,Published,,2013,2013,,AMR,Americas,,BLZ,Belize,,132,132.0,,,,,
HIV_0000000018,"People aged 15 years and over who received HIV testing and counselling, estimated number per 1000 adult population",https://www.who.int/data/gho/indicator-metadata-registry/imr-details/2931,PUBLISHED,Published,,2014,2014,,AMR,Americas,,BOL,Bolivia (Plurinational State of),,52,52.0,,,,,
HIV_0000000018,"People aged 15 years and over who received HIV testing and counselling, estimated number per 1000 adult population",https://www.who.int/data/gho/indicator-metadata-registry/imr-details/2931,PUBLISHED,Published,,2014,2014,,AMR,Americas,,BRA,Brazil,,No data,,,,,,
HIV_0000000018,"People aged 15 years and over who received HIV testing and counselling, estimated number per 1000 adult population",https://www.who.int/data/gho/indicator-metadata-registry/imr-details/2931,PUBLISHED,Published,,2014,2014,,SEAR,South-East Asia,,BTN,Bhutan,,46,46.0,,,,,
HIV_0000000018,"People aged 15 years and over who received HIV testing and counselling, estimated number per 1000 adult population",https://www.who.int/data/gho/indicator-metadata-registry/imr-details/2931,PUBLISHED,Published,,2014,2014,,AFR,Africa,,BWA,Botswana,,232,232.0,,,,,
HIV_0000000018,"People aged 15 years and over who received HIV testing and counselling, estimated number per 1000 adult population",https://www.who.int/data/gho/indicator-metadata-registry/imr-details/2931,PUBLISHED,Published,,2014,2014,,AFR,Africa,,CAF,Central African Republic,,28,28.0,,,,,
HIV_0000000018,"People aged 15 years and over who received HIV testing and counselling, estimated number per 1000 adult population",https://www.who.int/data/gho/indicator-metadata-registry/imr-details/2931,PUBLISHED,Published,,2014,2014,,AMR,Americas,,CHL,Chile,,No data,,,,,,
HIV_0000000018,"People aged 15 years and over who received HIV testing and counselling, estimated number per 1000 adult population",https://www.who.int/data/gho/indicator-metadata-registry/imr-details/2931,PUBLISHED,Published,,2014,2014,,WPR,Western Pacific,,CHN,China,,No data,,,,,,
HIV_0000000018,"People aged 15 years and over who received HIV testing and counselling, estimated number per 1000 adult population",https://www.who.int/data/gho/indicator-metadata-registry/imr-details/2931,PUBLISHED,Published,,2014,2014,,AFR,Africa,,CIV,Côte d'Ivoire,,138,138.0,,,,,
HIV_0000000018,"People aged 15 years and over who received HIV testing and counselling, estimated number per 1000 adult population",https://www.who.int/data/gho/indicator-metadata-registry/imr-details/2931,PUBLISHED,Published,,2014,2014,,AFR,Africa,,CMR,Cameroon,,51,51.0,,,,,
HIV_0000000018,"People aged 15 years and over who received HIV testing and counselling, estimated number per 1000 adult population",https://www.who.int/data/gho/indicator-metadata-registry/imr-details/2931,PUBLISHED,Published,,2014,2014,,AFR,Africa,,COD,Democratic Republic of the Congo,,41,41.0,,,,,
HIV_0000000018,"People aged 15 years and over who received HIV testing and counselling, estimated number per 1000 adult population",https://www.who.int/data/gho/indicator-metadata-registry/imr-details/2931,PUBLISHED,Published,,2014,2014,,AFR,Africa,,COG,Congo,,7,7.0,,,,,
HIV_0000000018,"People aged 15 years and over who received HIV testing and counselling, estimated number per 1000 adult population",https://www.who.int/data/gho/indicator-metadata-registry/imr-details/2931,PUBLISHED,Published,,2014,2014,,WPR,Western Pacific,,COK,Cook Islands,,56,56.0,,,,,
HIV_0000000018,"People aged 15 years and over who received HIV testing and counselling, estimated number per 1000 adult population",https://www.who.int/data/gho/indicator-metadata-registry/imr-details/2931,PUBLISHED,Published,,2014,2014,,AMR,Americas,,COL,Colombia,,No data,,,,,,
HIV_0000000018,"People aged 15 years and over who received HIV testing and counselling, estimated number per 1000 adult population",https://www.who.int/data/gho/indicator-metadata-registry/imr-details/2931,PUBLISHED,Published,,2014,2014,,AFR,Africa,,COM,Comoros,,53,53.0,,,,,
HIV_0000000018,"People aged 15 years and over who received HIV testing and counselling, estimated number per 1000 adult population",https://www.who.int/data/gho/indicator-metadata-registry/imr-details/2931,PUBLISHED,Published,,2014,2014,,AFR,Africa,,CPV,Cabo Verde,,65,65.0,,,,,
HIV_0000000018,"People aged 15 years and over who received HIV testing and counselling, estimated number per 1000 adult population",https://www.who.int/data/gho/indicator-metadata-registry/imr-details/2931,PUBLISHED,Published,,2014,2014,,AMR,Americas,,CRI,Costa Rica,,No data,,,,,,
HIV_0000000018,"People aged 15 years and over who received HIV testing and counselling, estimated number per 1000 adult population",https://www.who.int/data/gho/indicator-metadata-registry/imr-details/2931,PUBLISHED,Published,,2013,2013,,AMR,Americas,,CUB,Cuba,,103,103.0,,,,,
HIV_0000000018,"People aged 15 years and over who received HIV testing and counselling, estimated number per 1000 adult population",https://www.who.int/data/gho/indicator-metadata-registry/imr-details/2931,PUBLISHED,Published,,2014,2014,,EMR,Eastern Mediterranean,,DJI,Djibouti,,10,10.0,,,,,
HIV_0000000018,"People aged 15 years and over who received HIV testing and counselling, estimated number per 1000 adult population",https://www.who.int/data/gho/indicator-metadata-registry/imr-details/2931,PUBLISHED,Published,,2014,2014,,AMR,Americas,,DMA,Dominica,,No data,,,,,,
HIV_0000000018,"People aged 15 years and over who received HIV testing and counselling, estimated number per 1000 adult population",https://www.who.int/data/gho/indicator-metadata-registry/imr-details/2931,PUBLISHED,Published,,2013,2013,,AMR,Americas,,DOM,Dominican Republic,,52,52.0,,,,,
HIV_0000000018,"People aged 15 years and over who received HIV testing and counselling, estimated number per 1000 adult population",https://www.who.int/data/gho/indicator-metadata-registry/imr-details/2931,PUBLISHED,Published,,2014,2014,,AFR,Africa,,DZA,Algeria,,23,23.0,,,,,
HIV_0000000018,"People aged 15 years and over who received HIV testing and counselling, estimated number per 1000 adult population",https://www.who.int/data/gho/indicator-metadata-registry/imr-details/2931,PUBLISHED,Published,,2014,2014,,AMR,Americas,,ECU,Ecuador,,No data,,,,,,
HIV_0000000018,"People aged 15 years and over who received HIV testing and counselling, estimated number per 1000 adult population",https://www.who.int/data/gho/indicator-metadata-registry/imr-details/2931,PUBLISHED,Published,,2014,2014,,AFR,Africa,,ERI,Eritrea,,36,36.0,,,,,
HIV_0000000018,"People aged 15 years and over who received HIV testing and counselling, estimated number per 1000 adult population",https://www.who.int/data/gho/indicator-metadata-registry/imr-details/2931,PUBLISHED,Published,,2014,2014,,AFR,Africa,,ETH,Ethiopia,,159,159.0,,,,,
HIV_0000000018,"People aged 15 years and over who received HIV testing and counselling, estimated number per 1000 adult population",https://www.who.int/data/gho/indicator-metadata-registry/imr-details/2931,PUBLISHED,Published,,2013,2013,,WPR,Western Pacific,,FJI,Fiji,,17,17.0,,,,,
HIV_0000000018,"People aged 15 years and over who received HIV testing and counselling, estimated number per 1000 adult population",https://www.who.int/data/gho/indicator-metadata-registry/imr-details/2931,PUBLISHED,Published,,2014,2014,,WPR,Western Pacific,,FSM,Micronesia (Federated States of),,No data,,,,,,
HIV_0000000018,"People aged 15 years and over who received HIV testing and counselling, estimated number per 1000 adult population",https://www.who.int/data/gho/indicator-metadata-registry/imr-details/2931,PUBLISHED,Published,,2014,2014,,AFR,Africa,,GAB,Gabon,,51,51.0,,,,,
HIV_0000000018,"People aged 15 years and over who received HIV testing and counselling, estimated number per 1000 adult population",https://www.who.int/data/gho/indicator-metadata-registry/imr-details/2931,PUBLISHED,Published,,2014,2014,,EUR,Europe,,GEO,Georgia,,24,24.0,,,,,
HIV_0000000018,"People aged 15 years and over who received HIV testing and counselling, estimated number per 1000 adult population",https://www.who.int/data/gho/indicator-metadata-registry/imr-details/2931,PUBLISHED,Published,,2014,2014,,AFR,Africa,,GHA,Ghana,,48,48.0,,,,,
HIV_0000000018,"People aged 15 years and over who received HIV testing and counselling, estimated number per 1000 adult population",https://www.who.int/data/gho/indicator-metadata-registry/imr-details/2931,PUBLISHED,Published,,2014,2014,,AFR,Africa,,GIN,Guinea,,No data,,,,,,
HIV_0000000018,"People aged 15 years and over who received HIV testing and counselling, estimated number per 1000 adult population",https://www.who.int/data/gho/indicator-metadata-registry/imr-details/2931,PUBLISHED,Published,,2014,2014,,AFR,Africa,,GMB,Gambia,,65,65.0,,,,,
HIV_0000000018,"People aged 15 years and over who received HIV testing and counselling, estimated number per 1000 adult population",https://www.who.int/data/gho/indicator-metadata-registry/imr-details/2931,PUBLISHED,Published,,2014,2014,,AFR,Africa,,GNB,Guinea-Bissau,,71,71.0,,,,,
HIV_0000000018,"People aged 15 years and over who received HIV testing and counselling, estimated number per 1000 adult population",https://www.who.int/data/gho/indicator-metadata-registry/imr-details/2931,PUBLISHED,Published,,2013,2013,,AMR,Americas,,GRD,Grenada,,47,47.0,,,,,
HIV_0000000018,"People aged 15 years and over who received HIV testing and counselling, estimated number per 1000 adult population",https://www.who.int/data/gho/indicator-metadata-registry/imr-details/2931,PUBLISHED,Published,,2014,2014,,AMR,Americas,,GTM,Guatemala,,40,40.0,,,,,
HIV_0000000018,"People aged 15 years and over who received HIV testing and counselling, estimated number per 1000 adult population",https://www.who.int/data/gho/indicator-metadata-registry/imr-details/2931,PUBLISHED,Published,,2014,2014,,AMR,Americas,,GUY,Guyana,,104,104.0,,,,,
HIV_0000000018,"People aged 15 years and over who received HIV testing and counselling, estimated number per 1000 adult population",https://www.who.int/data/gho/indicator-metadata-registry/imr-details/2931,PUBLISHED,Published,,2014,2014,,AMR,Americas,,HND,Honduras,,34,34.0,,,,,
HIV_0000000018,"People aged 15 years and over who received HIV testing and counselling, estimated number per 1000 adult population",https://www.who.int/data/gho/indicator-metadata-registry/imr-details/2931,PUBLISHED,Published,,2014,2014,,AMR,Americas,,HTI,Haiti,,171,171.0,,,,,
HIV_0000000018,"People aged 15 years and over who received HIV testing and counselling, estimated number per 1000 adult population",https://www.who.int/data/gho/indicator-metadata-registry/imr-details/2931,PUBLISHED,Published,,2014,2014,,SEAR,South-East Asia,,IDN,Indonesia,,6,6.0,,,,,
HIV_0000000018,"People aged 15 years and over who received HIV testing and counselling, estimated number per 1000 adult population",https://www.who.int/data/gho/indicator-metadata-registry/imr-details/2931,PUBLISHED,Published,,2014,2014,,SEAR,South-East Asia,,IND,India,,27,27.0,,,,,
HIV_0000000018,"People aged 15 years and over who received HIV testing and counselling, estimated number per 1000 adult population",https://www.who.int/data/gho/indicator-metadata-registry/imr-details/2931,PUBLISHED,Published,,2014,2014,,EMR,Eastern Mediterranean,,IRN,Iran (Islamic Republic of),,2,2.0,,,,,
HIV_0000000018,"People aged 15 years and over who received HIV testing and counselling, estimated number per 1000 adult population",https://www.who.int/data/gho/indicator-metadata-registry/imr-details/2931,PUBLISHED,Published,,2014,2014,,EMR,Eastern Mediterranean,,IRQ,Iraq,,No data,,,,,,
HIV_0000000018,"People aged 15 years and over who received HIV testing and counselling, estimated number per 1000 adult population",https://www.who.int/data/gho/indicator-metadata-registry/imr-details/2931,PUBLISHED,Published,,2014,2014,,AMR,Americas,,JAM,Jamaica,,No data,,,,,,
HIV_0000000018,"People aged 15 years and over who received HIV testing and counselling, estimated number per 1000 adult population",https://www.who.int/data/gho/indicator-metadata-registry/imr-details/2931,PUBLISHED,Published,,2014,2014,,EMR,Eastern Mediterranean,,JOR,Jordan,,No data,,,,,,
HIV_0000000018,"People aged 15 years and over who received HIV testing and counselling, estimated number per 1000 adult population",https://www.who.int/data/gho/indicator-metadata-registry/imr-details/2931,PUBLISHED,Published,,2014,2014,,EUR,Europe,,KAZ,Kazakhstan,,167,167.0,,,,,
HIV_0000000018,"People aged 15 years and over who received HIV testing and counselling, estimated number per 1000 adult population",https://www.who.int/data/gho/indicator-metadata-registry/imr-details/2931,PUBLISHED,Published,,2014,2014,,AFR,Africa,,KEN,Kenya,,294,294.0,,,,,
HIV_0000000018,"People aged 15 years and over who received HIV testing and counselling, estimated number per 1000 adult population",https://www.who.int/data/gho/indicator-metadata-registry/imr-details/2931,PUBLISHED,Published,,2014,2014,,EUR,Europe,,KGZ,Kyrgyzstan,,84,84.0,,,,,
HIV_0000000018,"People aged 15 years and over who received HIV testing and counselling, estimated number per 1000 adult population",https://www.who.int/data/gho/indicator-metadata-registry/imr-details/2931,PUBLISHED,Published,,2014,2014,,WPR,Western Pacific,,KHM,Cambodia,,49,49.0,,,,,
HIV_0000000018,"People aged 15 years and over who received HIV testing and counselling, estimated number per 1000 adult population",https://www.who.int/data/gho/indicator-metadata-registry/imr-details/2931,PUBLISHED,Published,,2014,2014,,WPR,Western Pacific,,KIR,Kiribati,,62,62.0,,,,,
HIV_0000000018,"People aged 15 years and over who received HIV testing and counselling, estimated number per 1000 adult population",https://www.who.int/data/gho/indicator-metadata-registry/imr-details/2931,PUBLISHED,Published,,2014,2014,,WPR,Western Pacific,,LAO,Lao People's Democratic Republic,,13,13.0,,,,,
HIV_0000000018,"People aged 15 years and over who received HIV testing and counselling, estimated number per 1000 adult population",https://www.who.int/data/gho/indicator-metadata-registry/imr-details/2931,PUBLISHED,Published,,2013,2013,,AFR,Africa,,LBR,Liberia,,83,83.0,,,,,
HIV_0000000018,"People aged 15 years and over who received HIV testing and counselling, estimated number per 1000 adult population",https://www.who.int/data/gho/indicator-metadata-registry/imr-details/2931,PUBLISHED,Published,,2014,2014,,AMR,Americas,,LCA,Saint Lucia,,No data,,,,,,
HIV_0000000018,"People aged 15 years and over who received HIV testing and counselling, estimated number per 1000 adult population",https://www.who.int/data/gho/indicator-metadata-registry/imr-details/2931,PUBLISHED,Published,,2014,2014,,SEAR,South-East Asia,,LKA,Sri Lanka,,1,1.0,,,,,
HIV_0000000018,"People aged 15 years and over who received HIV testing and counselling, estimated number per 1000 adult population",https://www.who.int/data/gho/indicator-metadata-registry/imr-details/2931,PUBLISHED,Published,,2014,2014,,AFR,Africa,,LSO,Lesotho,,354,354.0,,,,,
HIV_0000000018,"People aged 15 years and over who received HIV testing and counselling, estimated number per 1000 adult population",https://www.who.int/data/gho/indicator-metadata-registry/imr-details/2931,PUBLISHED,Published,,2014,2014,,EUR,Europe,,LTU,Lithuania,,No data,,,,,,
HIV_0000000018,"People aged 15 years and over who received HIV testing and counselling, estimated number per 1000 adult population",https://www.who.int/data/gho/indicator-metadata-registry/imr-details/2931,PUBLISHED,Published,,2014,2014,,EUR,Europe,,LVA,Latvia,,0,0.0,,,,,
HIV_0000000018,"People aged 15 years and over who received HIV testing and counselling, estimated number per 1000 adult population",https://www.who.int/data/gho/indicator-metadata-registry/imr-details/2931,PUBLISHED,Published,,2014,2014,,EMR,Eastern Mediterranean,,MAR,Morocco,,26,26.0,,,,,
HIV_0000000018,"People aged 15 years and over who received HIV testing and counselling, estimated number per 1000 adult population",https://www.who.int/data/gho/indicator-metadata-registry/imr-details/2931,PUBLISHED,Published,,2014,2014,,EUR,Europe,,MDA,Republic of Moldova,,49,49.0,,,,,
HIV_0000000018,"People aged 15 years and over who received HIV testing and counselling, estimated number per 1000 adult population",https://www.who.int/data/gho/indicator-metadata-registry/imr-details/2931,PUBLISHED,Published,,2014,2014,,AFR,Africa,,MDG,Madagascar,,19,19.0,,,,,
HIV_0000000018,"People aged 15 years and over who received HIV testing and counselling, estimated number per 1000 adult population",https://www.who.int/data/gho/indicator-metadata-registry/imr-details/2931,PUBLISHED,Published,,2014,2014,,SEAR,South-East Asia,,MDV,Maldives,,96,96.0,,,,,
HIV_0000000018,"People aged 15 years and over who received HIV testing and counselling, estimated number per 1000 adult population",https://www.who.int/data/gho/indicator-metadata-registry/imr-details/2931,PUBLISHED,Published,,2014,2014,,AMR,Americas,,MEX,Mexico,,27,27.0,,,,,
HIV_0000000018,"People aged 15 years and over who received HIV testing and counselling, estimated number per 1000 adult population",https://www.who.int/data/gho/indicator-metadata-registry/imr-details/2931,PUBLISHED,Published,,2014,2014,,WPR,Western Pacific,,MHL,Marshall Islands,,50,50.0,,,,,
HIV_0000000018,"People aged 15 years and over who received HIV testing and counselling, estimated number per 1000 adult population",https://www.who.int/data/gho/indicator-metadata-registry/imr-details/2931,PUBLISHED,Published,,2014,2014,,EUR,Europe,,MKD,Republic of North Macedonia,,No data,,,,,,
HIV_0000000018,"People aged 15 years and over who received HIV testing and counselling, estimated number per 1000 adult population",https://www.who.int/data/gho/indicator-metadata-registry/imr-details/2931,PUBLISHED,Published,,2014,2014,,AFR,Africa,,MLI,Mali,,32,32.0,,,,,
HIV_0000000018,"People aged 15 years and over who received HIV testing and counselling, estimated number per 1000 adult population",https://www.who.int/data/gho/indicator-metadata-registry/imr-details/2931,PUBLISHED,Published,,2014,2014,,SEAR,South-East Asia,,MMR,Myanmar,,16,16.0,,,,,
HIV_0000000018,"People aged 15 years and over who received HIV testing and counselling, estimated number per 1000 adult population",https://www.who.int/data/gho/indicator-metadata-registry/imr-details/2931,PUBLISHED,Published,,2014,2014,,EUR,Europe,,MNE,Montenegro,,3,3.0,,,,,
HIV_0000000018,"People aged 15 years and over who received HIV testing and counselling, estimated number per 1000 adult population",https://www.who.int/data/gho/indicator-metadata-registry/imr-details/2931,PUBLISHED,Published,,2014,2014,,WPR,Western Pacific,,MNG,Mongolia,,No data,,,,,,
HIV_0000000018,"People aged 15 years and over who received HIV testing and counselling, estimated number per 1000 adult population",https://www.who.int/data/gho/indicator-metadata-registry/imr-details/2931,PUBLISHED,Published,,2014,2014,,AFR,Africa,,MOZ,Mozambique,,395,395.0,,,,,
HIV_0000000018,"People aged 15 years and over who received HIV testing and counselling, estimated number per 1000 adult population",https://www.who.int/data/gho/indicator-metadata-registry/imr-details/2931,PUBLISHED,Published,,2014,2014,,AFR,Africa,,MRT,Mauritania,,9,9.0,,,,,
HIV_0000000018,"People aged 15 years and over who received HIV testing and counselling, estimated number per 1000 adult population",https://www.who.int/data/gho/indicator-metadata-registry/imr-details/2931,PUBLISHED,Published,,2014,2014,,AFR,Africa,,MUS,Mauritius,,54,54.0,,,,,
HIV_0000000018,"People aged 15 years and over who received HIV testing and counselling, estimated number per 1000 adult population",https://www.who.int/data/gho/indicator-metadata-registry/imr-details/2931,PUBLISHED,Published,,2014,2014,,AFR,Africa,,MWI,Malawi,,205,205.0,,,,,
HIV_0000000018,"People aged 15 years and over who received HIV testing and counselling, estimated number per 1000 adult population",https://www.who.int/data/gho/indicator-metadata-registry/imr-details/2931,PUBLISHED,Published,,2014,2014,,WPR,Western Pacific,,MYS,Malaysia,,64,64.0,,,,,
HIV_0000000018,"People aged 15 years and over who received HIV testing and counselling, estimated number per 1000 adult population",https://www.who.int/data/gho/indicator-metadata-registry/imr-details/2931,PUBLISHED,Published,,2014,2014,,AFR,Africa,,NAM,Namibia,,132,132.0,,,,,
HIV_0000000018,"People aged 15 years and over who received HIV testing and counselling, estimated number per 1000 adult population",https://www.who.int/data/gho/indicator-metadata-registry/imr-details/2931,PUBLISHED,Published,,2014,2014,,AFR,Africa,,NER,Niger,,50,50.0,,,,,
HIV_0000000018,"People aged 15 years and over who received HIV testing and counselling, estimated number per 1000 adult population",https://www.who.int/data/gho/indicator-metadata-registry/imr-details/2931,PUBLISHED,Published,,2014,2014,,AFR,Africa,,NGA,Nigeria,,60,60.0,,,,,
HIV_0000000018,"People aged 15 years and over who received HIV testing and counselling, estimated number per 1000 adult population",https://www.who.int/data/gho/indicator-metadata-registry/imr-details/2931,PUBLISHED,Published,,2014,2014,,AMR,Americas,,NIC,Nicaragua,,67,67.0,,,,,
HIV_0000000018,"People aged 15 years and over who received HIV testing and counselling, estimated number per 1000 adult population",https://www.who.int/data/gho/indicator-metadata-registry/imr-details/2931,PUBLISHED,Published,,2014,2014,,WPR,Western Pacific,,NIU,Niue,,No data,,,,,,
HIV_0000000018,"People aged 15 years and over who received HIV testing and counselling, estimated number per 1000 adult population",https://www.who.int/data/gho/indicator-metadata-registry/imr-details/2931,PUBLISHED,Published,,2014,2014,,SEAR,South-East Asia,,NPL,Nepal,,14,14.0,,,,,
HIV_0000000018,"People aged 15 years and over who received HIV testing and counselling, estimated number per 1000 adult population",https://www.who.int/data/gho/indicator-metadata-registry/imr-details/2931,PUBLISHED,Published,,2014,2014,,WPR,Western Pacific,,NRU,Nauru,,No data,,,,,,
HIV_0000000018,"People aged 15 years and over who received HIV testing and counselling, estimated number per 1000 adult population",https://www.who.int/data/gho/indicator-metadata-registry/imr-details/2931,PUBLISHED,Published,,2014,2014,,AMR,Americas,,PAN,Panama,,26,26.0,,,,,
HIV_0000000018,"People aged 15 years and over who received HIV testing and counselling, estimated number per 1000 adult population",https://www.who.int/data/gho/indicator-metadata-registry/imr-details/2931,PUBLISHED,Published,,2014,2014,,AMR,Americas,,PER,Peru,,53,53.0,,,,,
HIV_0000000018,"People aged 15 years and over who received HIV testing and counselling, estimated number per 1000 adult population",https://www.who.int/data/gho/indicator-metadata-registry/imr-details/2931,PUBLISHED,Published,,2014,2014,,WPR,Western Pacific,,PHL,Philippines,,No data,,,,,,
HIV_0000000018,"People aged 15 years and over who received HIV testing and counselling, estimated number per 1000 adult population",https://www.who.int/data/gho/indicator-metadata-registry/imr-details/2931,PUBLISHED,Published,,2014,2014,,WPR,Western Pacific,,PLW,Palau,,107,107.0,,,,,
HIV_0000000018,"People aged 15 years and over who received HIV testing and counselling, estimated number per 1000 adult population",https://www.who.int/data/gho/indicator-metadata-registry/imr-details/2931,PUBLISHED,Published,,2014,2014,,WPR,Western Pacific,,PNG,Papua New Guinea,,42,42.0,,,,,
HIV_0000000018,"People aged 15 years and over who received HIV testing and counselling, estimated number per 1000 adult population",https://www.who.int/data/gho/indicator-metadata-registry/imr-details/2931,PUBLISHED,Published,,2014,2014,,SEAR,South-East Asia,,PRK,Democratic People's Republic of Korea,,No data,,,,,,
HIV_0000000018,"People aged 15 years and over who received HIV testing and counselling, estimated number per 1000 adult population",https://www.who.int/data/gho/indicator-metadata-registry/imr-details/2931,PUBLISHED,Published,,2014,2014,,AMR,Americas,,PRY,Paraguay,,43,43.0,,,,,
HIV_0000000018,"People aged 15 years and over who received HIV testing and counselling, estimated number per 1000 adult population",https://www.who.int/data/gho/indicator-metadata-registry/imr-details/2931,PUBLISHED,Published,,2014,2014,,EUR,Europe,,ROU,Romania,,18,18.0,,,,,
HIV_0000000018,"People aged 15 years and over who received HIV testing and counselling, estimated number per 1000 adult population",https://www.who.int/data/gho/indicator-metadata-registry/imr-details/2931,PUBLISHED,Published,,2014,2014,,EUR,Europe,,RUS,Russian Federation,,No data,,,,,,
HIV_0000000018,"People aged 15 years and over who received HIV testing and counselling, estimated number per 1000 adult population",https://www.who.int/data/gho/indicator-metadata-registry/imr-details/2931,PUBLISHED,Published,,2014,2014,,AFR,Africa,,RWA,Rwanda,,356,356.0,,,,,Only partial reporting available (January to September 2014.)
HIV_0000000018,"People aged 15 years and over who received HIV testing and counselling, estimated number per 1000 adult population",https://www.who.int/data/gho/indicator-metadata-registry/imr-details/2931,PUBLISHED,Published,,2014,2014,,EMR,Eastern Mediterranean,,SDN,Sudan,,16,16.0,,,,,
HIV_0000000018,"People aged 15 years and over who received HIV testing and counselling, estimated number per 1000 adult population",https://www.who.int/data/gho/indicator-metadata-registry/imr-details/2931,PUBLISHED,Published,,2014,2014,,AFR,Africa,,SEN,Senegal,,97,97.0,,,,,
HIV_0000000018,"People aged 15 years and over who received HIV testing and counselling, estimated number per 1000 adult population",https://www.who.int/data/gho/indicator-metadata-registry/imr-details/2931,PUBLISHED,Published,,2014,2014,,WPR,Western Pacific,,SLB,Solomon Islands,,8,8.0,,,,,
HIV_0000000018,"People aged 15 years and over who received HIV testing and counselling, estimated number per 1000 adult population",https://www.who.int/data/gho/indicator-metadata-registry/imr-details/2931,PUBLISHED,Published,,2014,2014,,AFR,Africa,,SLE,Sierra Leone,,91,91.0,,,,,
HIV_0000000018,"People aged 15 years and over who received HIV testing and counselling, estimated number per 1000 adult population",https://www.who.int/data/gho/indicator-metadata-registry/imr-details/2931,PUBLISHED,Published,,2014,2014,,AMR,Americas,,SLV,El Salvador,,63,63.0,,,,,
HIV_0000000018,"People aged 15 years and over who received HIV testing and counselling, estimated number per 1000 adult population",https://www.who.int/data/gho/indicator-metadata-registry/imr-details/2931,PUBLISHED,Published,,2014,2014,,EMR,Eastern Mediterranean,,SOM,Somalia,,14,14.0,,,,,
HIV_0000000018,"People aged 15 years and over who received HIV testing and counselling, estimated number per 1000 adult population",https://www.who.int/data/gho/indicator-metadata-registry/imr-details/2931,PUBLISHED,Published,,2014,2014,,EUR,Europe,,SRB,Serbia,,6,6.0,,,,,
HIV_0000000018,"People aged 15 years and over who received HIV testing and counselling, estimated number per 1000 adult population",https://www.who.int/data/gho/indicator-metadata-registry/imr-details/2931,PUBLISHED,Published,,2014,2014,,AFR,Africa,,SSD,South Sudan,,25,25.0,,,,,
HIV_0000000018,"People aged 15 years and over who received HIV testing and counselling, estimated number per 1000 adult population",https://www.who.int/data/gho/indicator-metadata-registry/imr-details/2931,PUBLISHED,Published,,2014,2014,,AFR,Africa,,STP,Sao Tome and Principe,,132,132.0,,,,,
HIV_0000000018,"People aged 15 years and over who received HIV testing and counselling, estimated number per 1000 adult population",https://www.who.int/data/gho/indicator-metadata-registry/imr-details/2931,PUBLISHED,Published,,2014,2014,,AMR,Americas,,SUR,Suriname,,No data,,,,,,
HIV_0000000018,"People aged 15 years and over who received HIV testing and counselling, estimated number per 1000 adult population",https://www.who.int/data/gho/indicator-metadata-registry/imr-details/2931,PUBLISHED,Published,,2013,2013,,AFR,Africa,,SWZ,Eswatini,,353,353.0,,,,,
HIV_0000000018,"People aged 15 years and over who received HIV testing and counselling, estimated number per 1000 adult population",https://www.who.int/data/gho/indicator-metadata-registry/imr-details/2931,PUBLISHED,Published,,2014,2014,,AFR,Africa,,SYC,Seychelles,,108,108.0,,,,,
HIV_0000000018,"People aged 15 years and over who received HIV testing and counselling, estimated number per 1000 adult population",https://www.who.int/data/gho/indicator-metadata-registry/imr-details/2931,PUBLISHED,Published,,2014,2014,,EMR,Eastern Mediterranean,,SYR,Syrian Arab Republic,,No data,,,,,,
HIV_0000000018,"People aged 15 years and over who received HIV testing and counselling, estimated number per 1000 adult population",https://www.who.int/data/gho/indicator-metadata-registry/imr-details/2931,PUBLISHED,Published,,2014,2014,,AFR,Africa,,TCD,Chad,,19,19.0,,,,,
HIV_0000000018,"People aged 15 years and over who received HIV testing and counselling, estimated number per 1000 adult population",https://www.who.int/data/gho/indicator-metadata-registry/imr-details/2931,PUBLISHED,Published,,2014,2014,,AFR,Africa,,TGO,Togo,,71,71.0,,,,,
HIV_0000000018,"People aged 15 years and over who received HIV testing and counselling, estimated number per 1000 adult population",https://www.who.int/data/gho/indicator-metadata-registry/imr-details/2931,PUBLISHED,Published,,2014,2014,,SEAR,South-East Asia,,THA,Thailand,,24,24.0,,,,,
HIV_0000000018,"People aged 15 years and over who received HIV testing and counselling, estimated number per 1000 adult population",https://www.who.int/data/gho/indicator-metadata-registry/imr-details/2931,PUBLISHED,Published,,2014,2014,,EUR,Europe,,TJK,Tajikistan,,92,92.0,,,,,
HIV_0000000018,"People aged 15 years and over who received HIV testing and counselling, estimated number per 1000 adult population",https://www.who.int/data/gho/indicator-metadata-registry/imr-details/2931,PUBLISHED,Published,,2014,2014,,EUR,Europe,,TKM,Turkmenistan,,No data,,,,,,
HIV_0000000018,"People aged 15 years and over who received HIV testing and counselling, estimated number per 1000 adult population",https://www.who.int/data/gho/indicator-metadata-registry/imr-details/2931,PUBLISHED,Published,,2014,2014,,SEAR,South-East Asia,,TLS,Timor-Leste,,53,53.0,,,,,
HIV_0000000018,"People aged 15 years and over who received HIV testing and counselling, estimated number per 1000 adult population",https://www.who.int/data/gho/indicator-metadata-registry/imr-details/2931,PUBLISHED,Published,,2014,2014,,WPR,Western Pacific,,TON,Tonga,,85,85.0,,,,,
HIV_0000000018,"People aged 15 years and over who received HIV testing and counselling, estimated number per 1000 adult population",https://www.who.int/data/gho/indicator-metadata-registry/imr-details/2931,PUBLISHED,Published,,2014,2014,,EMR,Eastern Mediterranean,,TUN,Tunisia,,1,1.0,,,,,
HIV_0000000018,"People aged 15 years and over who received HIV testing and counselling, estimated number per 1000 adult population",https://www.who.int/data/gho/indicator-metadata-registry/imr-details/2931,PUBLISHED,Published,,2014,2014,,EUR,Europe,,TUR,Turkey,,No data,,,,,,
HIV_0000000018,"People aged 15 years and over who received HIV testing and counselling, estimated number per 1000 adult population",https://www.who.int/data/gho/indicator-metadata-registry/imr-details/2931,PUBLISHED,Published,,2014,2014,,WPR,Western Pacific,,TUV,Tuvalu,,108,108.0,,,,,
HIV_0000000018,"People aged 15 years and over who received HIV testing and counselling, estimated number per 1000 adult population",https://www.who.int/data/gho/indicator-metadata-registry/imr-details/2931,PUBLISHED,Published,,2014,2014,,AFR,Africa,,TZA,United Republic of Tanzania,,88,88.0,,,,,
HIV_0000000018,"People aged 15 years and over who received HIV testing and counselling, estimated number per 1000 adult population",https://www.who.int/data/gho/indicator-metadata-registry/imr-details/2931,PUBLISHED,Published,,2014,2014,,AFR,Africa,,UGA,Uganda,,429,429.0,,,,,
HIV_0000000018,"People aged 15 years and over who received HIV testing and counselling, estimated number per 1000 adult population",https://www.who.int/data/gho/indicator-metadata-registry/imr-details/2931,PUBLISHED,Published,,2014,2014,,EUR,Europe,,UKR,Ukraine,,No data,,,,,,
HIV_0000000018,"People aged 15 years and over who received HIV testing and counselling, estimated number per 1000 adult population",https://www.who.int/data/gho/indicator-metadata-registry/imr-details/2931,PUBLISHED,Published,,2013,2013,,AMR,Americas,,URY,Uruguay,,98,98.0,,,,,
HIV_0000000018,"People aged 15 years and over who received HIV testing and counselling, estimated number per 1000 adult population",https://www.who.int/data/gho/indicator-metadata-registry/imr-details/2931,PUBLISHED,Published,,2014,2014,,EUR,Europe,,UZB,Uzbekistan,,No data,,,,,,
HIV_0000000018,"People aged 15 years and over who received HIV testing and counselling, estimated number per 1000 adult population",https://www.who.int/data/gho/indicator-metadata-registry/imr-details/2931,PUBLISHED,Published,,2014,2014,,AMR,Americas,,VCT,Saint Vincent and the Grenadines,,29,29.0,,,,,
HIV_0000000018,"People aged 15 years and over who received HIV testing and counselling, estimated number per 1000 adult population",https://www.who.int/data/gho/indicator-metadata-registry/imr-details/2931,PUBLISHED,Published,,2014,2014,,AMR,Americas,,VEN,Venezuela (Bolivarian Republic of),,No data,,,,,,
HIV_0000000018,"People aged 15 years and over who received HIV testing and counselling, estimated number per 1000 adult population",https://www.who.int/data/gho/indicator-metadata-registry/imr-details/2931,PUBLISHED,Published,,2014,2014,,WPR,Western Pacific,,VNM,Viet Nam,,24,24.0,,,,,
HIV_0000000018,"People aged 15 years and over who received HIV testing and counselling, estimated number per 1000 adult population",https://www.who.int/data/gho/indicator-metadata-registry/imr-details/2931,PUBLISHED,Published,,2013,2013,,WPR,Western Pacific,,VUT,Vanuatu,,29,29.0,,,,,
HIV_0000000018,"People aged 15 years and over who received HIV testing and counselling, estimated number per 1000 adult population",https://www.who.int/data/gho/indicator-metadata-registry/imr-details/2931,PUBLISHED,Published,,2014,2014,,WPR,Western Pacific,,WSM,Samoa,,No data,,,,,,
HIV_0000000018,"People aged 15 years and over who received HIV testing and counselling, estimated number per 1000 adult population",https://www.who.int/data/gho/indicator-metadata-registry/imr-details/2931,PUBLISHED,Published,,2013,2013,,AFR,Africa,,ZAF,South Africa,,151,151.0,,,,,
HIV_0000000018,"People aged 15 years and over who received HIV testing and counselling, estimated number per 1000 adult population",https://www.who.int/data/gho/indicator-metadata-registry/imr-details/2931,PUBLISHED,Published,,2014,2014,,AFR,Africa,,ZMB,Zambia,,305,305.0,,,,,
HIV_0000000018,"People aged 15 years and over who received HIV testing and counselling, estimated number per 1000 adult population",https://www.who.int/data/gho/indicator-metadata-registry/imr-details/2931,PUBLISHED,Published,,2014,2014,,AFR,Africa,,ZWE,Zimbabwe,,165,165.0,,,,,
HIV_0000000018,"People aged 15 years and over who received HIV testing and counselling, estimated number per 1000 adult population",https://www.who.int/data/gho/indicator-metadata-registry/imr-details/2931,PUBLISHED,Published,,2014,2014,,SEAR,South-East Asia,,BGD,Bangladesh,,<1,,,,,,
HIV_0000000018,"People aged 15 years and over who received HIV testing and counselling, estimated number per 1000 adult population",https://www.who.int/data/gho/indicator-metadata-registry/imr-details/2931,PUBLISHED,Published,,2013,2013,,AMR,Americas,,CHL,Chile,,No data,,,,,,
HIV_0000000018,"People aged 15 years and over who received HIV testing and counselling, estimated number per 1000 adult population",https://www.who.int/data/gho/indicator-metadata-registry/imr-details/2931,PUBLISHED,Published,,2013,2013,,AMR,Americas,,CHL,Chile,,No data,,,,,,
HIV_0000000018,"People aged 15 years and over who received HIV testing and counselling, estimated number per 1000 adult population",https://www.who.int/data/gho/indicator-metadata-registry/imr-details/2931,PUBLISHED,Published,,2014,2014,,EMR,Eastern Mediterranean,,EGY,Egypt,,<1,,,,,,
HIV_0000000018,"People aged 15 years and over who received HIV testing and counselling, estimated number per 1000 adult population",https://www.who.int/data/gho/indicator-metadata-registry/imr-details/2931,PUBLISHED,Published,,2014,2014,,EMR,Eastern Mediterranean,,LBN,Lebanon,,<1,,,,,,
HIV_0000000018,"People aged 15 years and over who received HIV testing and counselling, estimated number per 1000 adult population",https://www.who.int/data/gho/indicator-metadata-registry/imr-details/2931,PUBLISHED,Published,,2014,2014,,EMR,Eastern Mediterranean,,LBY,Libya,,<1,,,,,,
HIV_0000000018,"People aged 15 years and over who received HIV testing and counselling, estimated number per 1000 adult population",https://www.who.int/data/gho/indicator-metadata-registry/imr-details/2931,PUBLISHED,Published,,2014,2014,,EMR,Eastern Mediterranean,,PAK,Pakistan,,<1,,,,,,
HIV_0000000018,"People aged 15 years and over who received HIV testing and counselling, estimated number per 1000 adult population",https://www.who.int/data/gho/indicator-metadata-registry/imr-details/2931,PUBLISHED,Published,,2014,2014,,EMR,Eastern Mediterranean,,YEM,Yemen,,<1,,,,,,
