GHO (CODE),GHO (DISPLAY),GHO (URL),PUBLISHSTATE (CODE),PUBLISHSTATE (DISPLAY),PUBLISHSTATE (URL),YEAR (CODE),YEAR (DISPLAY),YEAR (URL),REGION (CODE),REGION (DISPLAY),REGION (URL),COUNTRY (CODE),COUNTRY (DISPLAY),COUNTRY (URL),Display Value,Numeric,Low,High,StdErr,StdDev,Comments
HIV_0000000023,Estimated number of children needing antiretroviral therapy based on WHO methods,https://www.who.int/data/gho/indicator-metadata-registry/imr-details/2935,PUBLISHED,Published,,2018,2018,,EMR,Eastern Mediterranean,,AFG,Afghanistan,,<500 [<500 - 530],500.0,500.0,530.0,,,
HIV_0000000023,Estimated number of children needing antiretroviral therapy based on WHO methods,https://www.who.int/data/gho/indicator-metadata-registry/imr-details/2935,PUBLISHED,Published,,2018,2018,,EUR,Europe,,ALB,Albania,,No data,,,,,,
HIV_0000000023,Estimated number of children needing antiretroviral therapy based on WHO methods,https://www.who.int/data/gho/indicator-metadata-registry/imr-details/2935,PUBLISHED,Published,,2018,2018,,AFR,Africa,,DZA,Algeria,,<500 [<500 - 520],500.0,500.0,520.0,,,
HIV_0000000023,Estimated number of children needing antiretroviral therapy based on WHO methods,https://www.who.int/data/gho/indicator-metadata-registry/imr-details/2935,PUBLISHED,Published,,2018,2018,,AFR,Africa,,AGO,Angola,,38 000 [30 000 - 47 000],38000.0,30000.0,47000.0,,,
HIV_0000000023,Estimated number of children needing antiretroviral therapy based on WHO methods,https://www.who.int/data/gho/indicator-metadata-registry/imr-details/2935,PUBLISHED,Published,,2018,2018,,AMR,Americas,,ARG,Argentina,,1800 [1600 - 2100],1800.0,1600.0,2100.0,,,
HIV_0000000023,Estimated number of children needing antiretroviral therapy based on WHO methods,https://www.who.int/data/gho/indicator-metadata-registry/imr-details/2935,PUBLISHED,Published,,2018,2018,,EUR,Europe,,ARM,Armenia,,No data,,,,,,
HIV_0000000023,Estimated number of children needing antiretroviral therapy based on WHO methods,https://www.who.int/data/gho/indicator-metadata-registry/imr-details/2935,PUBLISHED,Published,,2018,2018,,WPR,Western Pacific,,AUS,Australia,,<100 [<100 - <100],100.0,100.0,100.0,,,
HIV_0000000023,Estimated number of children needing antiretroviral therapy based on WHO methods,https://www.who.int/data/gho/indicator-metadata-registry/imr-details/2935,PUBLISHED,Published,,2018,2018,,EUR,Europe,,AUT,Austria,,No data,,,,,,
HIV_0000000023,Estimated number of children needing antiretroviral therapy based on WHO methods,https://www.who.int/data/gho/indicator-metadata-registry/imr-details/2935,PUBLISHED,Published,,2018,2018,,EUR,Europe,,AZE,Azerbaijan,,No data,,,,,,
HIV_0000000023,Estimated number of children needing antiretroviral therapy based on WHO methods,https://www.who.int/data/gho/indicator-metadata-registry/imr-details/2935,PUBLISHED,Published,,2018,2018,,AMR,Americas,,BHS,Bahamas,,<200 [<200 - <500],200.0,200.0,500.0,,,
HIV_0000000023,Estimated number of children needing antiretroviral therapy based on WHO methods,https://www.who.int/data/gho/indicator-metadata-registry/imr-details/2935,PUBLISHED,Published,,2018,2018,,EMR,Eastern Mediterranean,,BHR,Bahrain,,No data,,,,,,
HIV_0000000023,Estimated number of children needing antiretroviral therapy based on WHO methods,https://www.who.int/data/gho/indicator-metadata-registry/imr-details/2935,PUBLISHED,Published,,2018,2018,,SEAR,South-East Asia,,BGD,Bangladesh,,<500 [<500 - <500],500.0,500.0,500.0,,,
HIV_0000000023,Estimated number of children needing antiretroviral therapy based on WHO methods,https://www.who.int/data/gho/indicator-metadata-registry/imr-details/2935,PUBLISHED,Published,,2018,2018,,AMR,Americas,,BRB,Barbados,,No data,,,,,,
HIV_0000000023,Estimated number of children needing antiretroviral therapy based on WHO methods,https://www.who.int/data/gho/indicator-metadata-registry/imr-details/2935,PUBLISHED,Published,,2018,2018,,EUR,Europe,,BLR,Belarus,,<500 [<200 - <500],500.0,200.0,500.0,,,
HIV_0000000023,Estimated number of children needing antiretroviral therapy based on WHO methods,https://www.who.int/data/gho/indicator-metadata-registry/imr-details/2935,PUBLISHED,Published,,2018,2018,,EUR,Europe,,BEL,Belgium,,No data,,,,,,
HIV_0000000023,Estimated number of children needing antiretroviral therapy based on WHO methods,https://www.who.int/data/gho/indicator-metadata-registry/imr-details/2935,PUBLISHED,Published,,2018,2018,,AMR,Americas,,BLZ,Belize,,<200 [<200 - <200],200.0,200.0,200.0,,,
HIV_0000000023,Estimated number of children needing antiretroviral therapy based on WHO methods,https://www.who.int/data/gho/indicator-metadata-registry/imr-details/2935,PUBLISHED,Published,,2018,2018,,AFR,Africa,,BEN,Benin,,4600 [2800 - 8000],4600.0,2800.0,8000.0,,,
HIV_0000000023,Estimated number of children needing antiretroviral therapy based on WHO methods,https://www.who.int/data/gho/indicator-metadata-registry/imr-details/2935,PUBLISHED,Published,,2018,2018,,SEAR,South-East Asia,,BTN,Bhutan,,No data,,,,,,
HIV_0000000023,Estimated number of children needing antiretroviral therapy based on WHO methods,https://www.who.int/data/gho/indicator-metadata-registry/imr-details/2935,PUBLISHED,Published,,2018,2018,,AMR,Americas,,BOL,Bolivia (Plurinational State of),,620 [560 - 670],620.0,560.0,670.0,,,
HIV_0000000023,Estimated number of children needing antiretroviral therapy based on WHO methods,https://www.who.int/data/gho/indicator-metadata-registry/imr-details/2935,PUBLISHED,Published,,2018,2018,,EUR,Europe,,BIH,Bosnia and Herzegovina,,No data,,,,,,
HIV_0000000023,Estimated number of children needing antiretroviral therapy based on WHO methods,https://www.who.int/data/gho/indicator-metadata-registry/imr-details/2935,PUBLISHED,Published,,2018,2018,,AFR,Africa,,BWA,Botswana,,14 000 [10 000 - 17 000],14000.0,10000.0,17000.0,,,
HIV_0000000023,Estimated number of children needing antiretroviral therapy based on WHO methods,https://www.who.int/data/gho/indicator-metadata-registry/imr-details/2935,PUBLISHED,Published,,2018,2018,,AMR,Americas,,BRA,Brazil,,No data,,,,,,
HIV_0000000023,Estimated number of children needing antiretroviral therapy based on WHO methods,https://www.who.int/data/gho/indicator-metadata-registry/imr-details/2935,PUBLISHED,Published,,2018,2018,,WPR,Western Pacific,,BRN,Brunei Darussalam,,No data,,,,,,
HIV_0000000023,Estimated number of children needing antiretroviral therapy based on WHO methods,https://www.who.int/data/gho/indicator-metadata-registry/imr-details/2935,PUBLISHED,Published,,2018,2018,,EUR,Europe,,BGR,Bulgaria,,No data,,,,,,
HIV_0000000023,Estimated number of children needing antiretroviral therapy based on WHO methods,https://www.who.int/data/gho/indicator-metadata-registry/imr-details/2935,PUBLISHED,Published,,2018,2018,,AFR,Africa,,BFA,Burkina Faso,,9100 [6300 - 12 000],9100.0,6300.0,12000.0,,,
HIV_0000000023,Estimated number of children needing antiretroviral therapy based on WHO methods,https://www.who.int/data/gho/indicator-metadata-registry/imr-details/2935,PUBLISHED,Published,,2018,2018,,AFR,Africa,,BDI,Burundi,,11 000 [8000 - 14 000],11000.0,8000.0,14000.0,,,
HIV_0000000023,Estimated number of children needing antiretroviral therapy based on WHO methods,https://www.who.int/data/gho/indicator-metadata-registry/imr-details/2935,PUBLISHED,Published,,2018,2018,,WPR,Western Pacific,,KHM,Cambodia,,3300 [2800 - 3900],3300.0,2800.0,3900.0,,,
HIV_0000000023,Estimated number of children needing antiretroviral therapy based on WHO methods,https://www.who.int/data/gho/indicator-metadata-registry/imr-details/2935,PUBLISHED,Published,,2018,2018,,AFR,Africa,,CMR,Cameroon,,43 000 [33 000 - 51 000],43000.0,33000.0,51000.0,,,
HIV_0000000023,Estimated number of children needing antiretroviral therapy based on WHO methods,https://www.who.int/data/gho/indicator-metadata-registry/imr-details/2935,PUBLISHED,Published,,2018,2018,,AMR,Americas,,CAN,Canada,,No data,,,,,,
HIV_0000000023,Estimated number of children needing antiretroviral therapy based on WHO methods,https://www.who.int/data/gho/indicator-metadata-registry/imr-details/2935,PUBLISHED,Published,,2018,2018,,AFR,Africa,,CPV,Cabo Verde,,No data,,,,,,
HIV_0000000023,Estimated number of children needing antiretroviral therapy based on WHO methods,https://www.who.int/data/gho/indicator-metadata-registry/imr-details/2935,PUBLISHED,Published,,2018,2018,,AFR,Africa,,CAF,Central African Republic,,11 000 [8200 - 14 000],11000.0,8200.0,14000.0,,,
HIV_0000000023,Estimated number of children needing antiretroviral therapy based on WHO methods,https://www.who.int/data/gho/indicator-metadata-registry/imr-details/2935,PUBLISHED,Published,,2018,2018,,AFR,Africa,,TCD,Chad,,16 000 [11 000 - 21 000],16000.0,11000.0,21000.0,,,
HIV_0000000023,Estimated number of children needing antiretroviral therapy based on WHO methods,https://www.who.int/data/gho/indicator-metadata-registry/imr-details/2935,PUBLISHED,Published,,2018,2018,,AMR,Americas,,CHL,Chile,,<500 [<500 - <500],500.0,500.0,500.0,,,
HIV_0000000023,Estimated number of children needing antiretroviral therapy based on WHO methods,https://www.who.int/data/gho/indicator-metadata-registry/imr-details/2935,PUBLISHED,Published,,2018,2018,,WPR,Western Pacific,,CHN,China,,No data,,,,,,
HIV_0000000023,Estimated number of children needing antiretroviral therapy based on WHO methods,https://www.who.int/data/gho/indicator-metadata-registry/imr-details/2935,PUBLISHED,Published,,2018,2018,,AMR,Americas,,COL,Colombia,,3600 [2900 - 4300],3600.0,2900.0,4300.0,,,
HIV_0000000023,Estimated number of children needing antiretroviral therapy based on WHO methods,https://www.who.int/data/gho/indicator-metadata-registry/imr-details/2935,PUBLISHED,Published,,2018,2018,,AFR,Africa,,COM,Comoros,,No data,,,,,,
HIV_0000000023,Estimated number of children needing antiretroviral therapy based on WHO methods,https://www.who.int/data/gho/indicator-metadata-registry/imr-details/2935,PUBLISHED,Published,,2018,2018,,AFR,Africa,,COG,Congo,,7700 [5800 - 10 000],7700.0,5800.0,10000.0,,,
HIV_0000000023,Estimated number of children needing antiretroviral therapy based on WHO methods,https://www.who.int/data/gho/indicator-metadata-registry/imr-details/2935,PUBLISHED,Published,,2018,2018,,AMR,Americas,,CRI,Costa Rica,,No data,,,,,,
HIV_0000000023,Estimated number of children needing antiretroviral therapy based on WHO methods,https://www.who.int/data/gho/indicator-metadata-registry/imr-details/2935,PUBLISHED,Published,,2018,2018,,AFR,Africa,,CIV,Côte d'Ivoire,,31 000 [23 000 - 41 000],31000.0,23000.0,41000.0,,,
HIV_0000000023,Estimated number of children needing antiretroviral therapy based on WHO methods,https://www.who.int/data/gho/indicator-metadata-registry/imr-details/2935,PUBLISHED,Published,,2018,2018,,EUR,Europe,,HRV,Croatia,,No data,,,,,,
HIV_0000000023,Estimated number of children needing antiretroviral therapy based on WHO methods,https://www.who.int/data/gho/indicator-metadata-registry/imr-details/2935,PUBLISHED,Published,,2018,2018,,AMR,Americas,,CUB,Cuba,,<100 [<100 - <200],100.0,100.0,200.0,,,
HIV_0000000023,Estimated number of children needing antiretroviral therapy based on WHO methods,https://www.who.int/data/gho/indicator-metadata-registry/imr-details/2935,PUBLISHED,Published,,2018,2018,,EUR,Europe,,CYP,Cyprus,,No data,,,,,,
HIV_0000000023,Estimated number of children needing antiretroviral therapy based on WHO methods,https://www.who.int/data/gho/indicator-metadata-registry/imr-details/2935,PUBLISHED,Published,,2018,2018,,EUR,Europe,,CZE,Czechia,,No data,,,,,,
HIV_0000000023,Estimated number of children needing antiretroviral therapy based on WHO methods,https://www.who.int/data/gho/indicator-metadata-registry/imr-details/2935,PUBLISHED,Published,,2018,2018,,SEAR,South-East Asia,,PRK,Democratic People's Republic of Korea,,No data,,,,,,
HIV_0000000023,Estimated number of children needing antiretroviral therapy based on WHO methods,https://www.who.int/data/gho/indicator-metadata-registry/imr-details/2935,PUBLISHED,Published,,2018,2018,,AFR,Africa,,COD,Democratic Republic of the Congo,,64 000 [50 000 - 76 000],64000.0,50000.0,76000.0,,,
HIV_0000000023,Estimated number of children needing antiretroviral therapy based on WHO methods,https://www.who.int/data/gho/indicator-metadata-registry/imr-details/2935,PUBLISHED,Published,,2018,2018,,EUR,Europe,,DNK,Denmark,,No data,,,,,,
HIV_0000000023,Estimated number of children needing antiretroviral therapy based on WHO methods,https://www.who.int/data/gho/indicator-metadata-registry/imr-details/2935,PUBLISHED,Published,,2018,2018,,EMR,Eastern Mediterranean,,DJI,Djibouti,,810 [640 - 1000],810.0,640.0,1000.0,,,
HIV_0000000023,Estimated number of children needing antiretroviral therapy based on WHO methods,https://www.who.int/data/gho/indicator-metadata-registry/imr-details/2935,PUBLISHED,Published,,2018,2018,,AMR,Americas,,DOM,Dominican Republic,,1400 [1000 - 1900],1400.0,1000.0,1900.0,,,
HIV_0000000023,Estimated number of children needing antiretroviral therapy based on WHO methods,https://www.who.int/data/gho/indicator-metadata-registry/imr-details/2935,PUBLISHED,Published,,2018,2018,,AMR,Americas,,ECU,Ecuador,,660 [<500 - 1200],660.0,500.0,1200.0,,,
HIV_0000000023,Estimated number of children needing antiretroviral therapy based on WHO methods,https://www.who.int/data/gho/indicator-metadata-registry/imr-details/2935,PUBLISHED,Published,,2018,2018,,EMR,Eastern Mediterranean,,EGY,Egypt,,<500 [<500 - <500],500.0,500.0,500.0,,,
HIV_0000000023,Estimated number of children needing antiretroviral therapy based on WHO methods,https://www.who.int/data/gho/indicator-metadata-registry/imr-details/2935,PUBLISHED,Published,,2018,2018,,AMR,Americas,,SLV,El Salvador,,610 [<500 - 740],610.0,500.0,740.0,,,
HIV_0000000023,Estimated number of children needing antiretroviral therapy based on WHO methods,https://www.who.int/data/gho/indicator-metadata-registry/imr-details/2935,PUBLISHED,Published,,2018,2018,,AFR,Africa,,GNQ,Equatorial Guinea,,5300 [3800 - 7100],5300.0,3800.0,7100.0,,,
HIV_0000000023,Estimated number of children needing antiretroviral therapy based on WHO methods,https://www.who.int/data/gho/indicator-metadata-registry/imr-details/2935,PUBLISHED,Published,,2018,2018,,AFR,Africa,,ERI,Eritrea,,1300 [930 - 2000],1300.0,930.0,2000.0,,,
HIV_0000000023,Estimated number of children needing antiretroviral therapy based on WHO methods,https://www.who.int/data/gho/indicator-metadata-registry/imr-details/2935,PUBLISHED,Published,,2018,2018,,EUR,Europe,,EST,Estonia,,No data,,,,,,
HIV_0000000023,Estimated number of children needing antiretroviral therapy based on WHO methods,https://www.who.int/data/gho/indicator-metadata-registry/imr-details/2935,PUBLISHED,Published,,2018,2018,,AFR,Africa,,SWZ,Eswatini,,11 000 [9400 - 13 000],11000.0,9400.0,13000.0,,,
HIV_0000000023,Estimated number of children needing antiretroviral therapy based on WHO methods,https://www.who.int/data/gho/indicator-metadata-registry/imr-details/2935,PUBLISHED,Published,,2018,2018,,AFR,Africa,,ETH,Ethiopia,,36 000 [23 000 - 55 000],36000.0,23000.0,55000.0,,,
HIV_0000000023,Estimated number of children needing antiretroviral therapy based on WHO methods,https://www.who.int/data/gho/indicator-metadata-registry/imr-details/2935,PUBLISHED,Published,,2018,2018,,WPR,Western Pacific,,FJI,Fiji,,No data,,,,,,
HIV_0000000023,Estimated number of children needing antiretroviral therapy based on WHO methods,https://www.who.int/data/gho/indicator-metadata-registry/imr-details/2935,PUBLISHED,Published,,2018,2018,,EUR,Europe,,FIN,Finland,,No data,,,,,,
HIV_0000000023,Estimated number of children needing antiretroviral therapy based on WHO methods,https://www.who.int/data/gho/indicator-metadata-registry/imr-details/2935,PUBLISHED,Published,,2018,2018,,EUR,Europe,,FRA,France,,<500 [<500 - <500],500.0,500.0,500.0,,,
HIV_0000000023,Estimated number of children needing antiretroviral therapy based on WHO methods,https://www.who.int/data/gho/indicator-metadata-registry/imr-details/2935,PUBLISHED,Published,,2018,2018,,AFR,Africa,,GAB,Gabon,,3200 [2300 - 4400],3200.0,2300.0,4400.0,,,
HIV_0000000023,Estimated number of children needing antiretroviral therapy based on WHO methods,https://www.who.int/data/gho/indicator-metadata-registry/imr-details/2935,PUBLISHED,Published,,2018,2018,,AFR,Africa,,GMB,Gambia,,1900 [1400 - 2500],1900.0,1400.0,2500.0,,,
HIV_0000000023,Estimated number of children needing antiretroviral therapy based on WHO methods,https://www.who.int/data/gho/indicator-metadata-registry/imr-details/2935,PUBLISHED,Published,,2018,2018,,EUR,Europe,,GEO,Georgia,,No data,,,,,,
HIV_0000000023,Estimated number of children needing antiretroviral therapy based on WHO methods,https://www.who.int/data/gho/indicator-metadata-registry/imr-details/2935,PUBLISHED,Published,,2018,2018,,EUR,Europe,,DEU,Germany,,<200 [<100 - <200],200.0,100.0,200.0,,,
HIV_0000000023,Estimated number of children needing antiretroviral therapy based on WHO methods,https://www.who.int/data/gho/indicator-metadata-registry/imr-details/2935,PUBLISHED,Published,,2018,2018,,AFR,Africa,,GHA,Ghana,,30 000 [23 000 - 37 000],30000.0,23000.0,37000.0,,,
HIV_0000000023,Estimated number of children needing antiretroviral therapy based on WHO methods,https://www.who.int/data/gho/indicator-metadata-registry/imr-details/2935,PUBLISHED,Published,,2018,2018,,EUR,Europe,,GRC,Greece,,No data,,,,,,
HIV_0000000023,Estimated number of children needing antiretroviral therapy based on WHO methods,https://www.who.int/data/gho/indicator-metadata-registry/imr-details/2935,PUBLISHED,Published,,2018,2018,,AMR,Americas,,GTM,Guatemala,,2000 [1800 - 2200],2000.0,1800.0,2200.0,,,
HIV_0000000023,Estimated number of children needing antiretroviral therapy based on WHO methods,https://www.who.int/data/gho/indicator-metadata-registry/imr-details/2935,PUBLISHED,Published,,2018,2018,,AFR,Africa,,GIN,Guinea,,10 000 [7900 - 13 000],10000.0,7900.0,13000.0,,,
HIV_0000000023,Estimated number of children needing antiretroviral therapy based on WHO methods,https://www.who.int/data/gho/indicator-metadata-registry/imr-details/2935,PUBLISHED,Published,,2018,2018,,AFR,Africa,,GNB,Guinea-Bissau,,5700 [4700 - 6600],5700.0,4700.0,6600.0,,,
HIV_0000000023,Estimated number of children needing antiretroviral therapy based on WHO methods,https://www.who.int/data/gho/indicator-metadata-registry/imr-details/2935,PUBLISHED,Published,,2018,2018,,AMR,Americas,,GUY,Guyana,,<500 [<500 - <500],500.0,500.0,500.0,,,
HIV_0000000023,Estimated number of children needing antiretroviral therapy based on WHO methods,https://www.who.int/data/gho/indicator-metadata-registry/imr-details/2935,PUBLISHED,Published,,2018,2018,,AMR,Americas,,HTI,Haiti,,8700 [7000 - 9900],8700.0,7000.0,9900.0,,,
HIV_0000000023,Estimated number of children needing antiretroviral therapy based on WHO methods,https://www.who.int/data/gho/indicator-metadata-registry/imr-details/2935,PUBLISHED,Published,,2018,2018,,AMR,Americas,,HND,Honduras,,890 [710 - 1100],890.0,710.0,1100.0,,,
HIV_0000000023,Estimated number of children needing antiretroviral therapy based on WHO methods,https://www.who.int/data/gho/indicator-metadata-registry/imr-details/2935,PUBLISHED,Published,,2018,2018,,EUR,Europe,,HUN,Hungary,,No data,,,,,,
HIV_0000000023,Estimated number of children needing antiretroviral therapy based on WHO methods,https://www.who.int/data/gho/indicator-metadata-registry/imr-details/2935,PUBLISHED,Published,,2018,2018,,EUR,Europe,,ISL,Iceland,,No data,,,,,,
HIV_0000000023,Estimated number of children needing antiretroviral therapy based on WHO methods,https://www.who.int/data/gho/indicator-metadata-registry/imr-details/2935,PUBLISHED,Published,,2018,2018,,SEAR,South-East Asia,,IND,India,,No data,,,,,,
HIV_0000000023,Estimated number of children needing antiretroviral therapy based on WHO methods,https://www.who.int/data/gho/indicator-metadata-registry/imr-details/2935,PUBLISHED,Published,,2018,2018,,SEAR,South-East Asia,,IDN,Indonesia,,18 000 [15 000 - 20 000],18000.0,15000.0,20000.0,,,
HIV_0000000023,Estimated number of children needing antiretroviral therapy based on WHO methods,https://www.who.int/data/gho/indicator-metadata-registry/imr-details/2935,PUBLISHED,Published,,2018,2018,,EMR,Eastern Mediterranean,,IRN,Iran (Islamic Republic of),,880 [580 - 1600],880.0,580.0,1600.0,,,
HIV_0000000023,Estimated number of children needing antiretroviral therapy based on WHO methods,https://www.who.int/data/gho/indicator-metadata-registry/imr-details/2935,PUBLISHED,Published,,2018,2018,,EUR,Europe,,IRL,Ireland,,<100 [<100 - <100],100.0,100.0,100.0,,,
HIV_0000000023,Estimated number of children needing antiretroviral therapy based on WHO methods,https://www.who.int/data/gho/indicator-metadata-registry/imr-details/2935,PUBLISHED,Published,,2018,2018,,EUR,Europe,,ISR,Israel,,<100 [<100 - <100],100.0,100.0,100.0,,,
HIV_0000000023,Estimated number of children needing antiretroviral therapy based on WHO methods,https://www.who.int/data/gho/indicator-metadata-registry/imr-details/2935,PUBLISHED,Published,,2018,2018,,EUR,Europe,,ITA,Italy,,<500 [<200 - <500],500.0,200.0,500.0,,,
HIV_0000000023,Estimated number of children needing antiretroviral therapy based on WHO methods,https://www.who.int/data/gho/indicator-metadata-registry/imr-details/2935,PUBLISHED,Published,,2018,2018,,AMR,Americas,,JAM,Jamaica,,<500 [<500 - <500],500.0,500.0,500.0,,,
HIV_0000000023,Estimated number of children needing antiretroviral therapy based on WHO methods,https://www.who.int/data/gho/indicator-metadata-registry/imr-details/2935,PUBLISHED,Published,,2018,2018,,WPR,Western Pacific,,JPN,Japan,,No data,,,,,,
HIV_0000000023,Estimated number of children needing antiretroviral therapy based on WHO methods,https://www.who.int/data/gho/indicator-metadata-registry/imr-details/2935,PUBLISHED,Published,,2018,2018,,EMR,Eastern Mediterranean,,JOR,Jordan,,No data,,,,,,
HIV_0000000023,Estimated number of children needing antiretroviral therapy based on WHO methods,https://www.who.int/data/gho/indicator-metadata-registry/imr-details/2935,PUBLISHED,Published,,2018,2018,,EUR,Europe,,KAZ,Kazakhstan,,<500 [<500 - <500],500.0,500.0,500.0,,,
HIV_0000000023,Estimated number of children needing antiretroviral therapy based on WHO methods,https://www.who.int/data/gho/indicator-metadata-registry/imr-details/2935,PUBLISHED,Published,,2018,2018,,AFR,Africa,,KEN,Kenya,,120 000 [95 000 - 160 000],120000.0,95000.0,160000.0,,,
HIV_0000000023,Estimated number of children needing antiretroviral therapy based on WHO methods,https://www.who.int/data/gho/indicator-metadata-registry/imr-details/2935,PUBLISHED,Published,,2018,2018,,EMR,Eastern Mediterranean,,KWT,Kuwait,,No data,,,,,,
HIV_0000000023,Estimated number of children needing antiretroviral therapy based on WHO methods,https://www.who.int/data/gho/indicator-metadata-registry/imr-details/2935,PUBLISHED,Published,,2018,2018,,EUR,Europe,,KGZ,Kyrgyzstan,,<500 [<500 - <500],500.0,500.0,500.0,,,
HIV_0000000023,Estimated number of children needing antiretroviral therapy based on WHO methods,https://www.who.int/data/gho/indicator-metadata-registry/imr-details/2935,PUBLISHED,Published,,2018,2018,,WPR,Western Pacific,,LAO,Lao People's Democratic Republic,,700 [620 - 820],700.0,620.0,820.0,,,
HIV_0000000023,Estimated number of children needing antiretroviral therapy based on WHO methods,https://www.who.int/data/gho/indicator-metadata-registry/imr-details/2935,PUBLISHED,Published,,2018,2018,,EUR,Europe,,LVA,Latvia,,No data,,,,,,
HIV_0000000023,Estimated number of children needing antiretroviral therapy based on WHO methods,https://www.who.int/data/gho/indicator-metadata-registry/imr-details/2935,PUBLISHED,Published,,2018,2018,,EMR,Eastern Mediterranean,,LBN,Lebanon,,No data,,,,,,
HIV_0000000023,Estimated number of children needing antiretroviral therapy based on WHO methods,https://www.who.int/data/gho/indicator-metadata-registry/imr-details/2935,PUBLISHED,Published,,2018,2018,,AFR,Africa,,LSO,Lesotho,,12 000 [9500 - 14 000],12000.0,9500.0,14000.0,,,
HIV_0000000023,Estimated number of children needing antiretroviral therapy based on WHO methods,https://www.who.int/data/gho/indicator-metadata-registry/imr-details/2935,PUBLISHED,Published,,2018,2018,,AFR,Africa,,LBR,Liberia,,3700 [3000 - 4400],3700.0,3000.0,4400.0,,,
HIV_0000000023,Estimated number of children needing antiretroviral therapy based on WHO methods,https://www.who.int/data/gho/indicator-metadata-registry/imr-details/2935,PUBLISHED,Published,,2018,2018,,EMR,Eastern Mediterranean,,LBY,Libya,,<500 [<500 - <500],500.0,500.0,500.0,,,
HIV_0000000023,Estimated number of children needing antiretroviral therapy based on WHO methods,https://www.who.int/data/gho/indicator-metadata-registry/imr-details/2935,PUBLISHED,Published,,2018,2018,,EUR,Europe,,LTU,Lithuania,,No data,,,,,,
HIV_0000000023,Estimated number of children needing antiretroviral therapy based on WHO methods,https://www.who.int/data/gho/indicator-metadata-registry/imr-details/2935,PUBLISHED,Published,,2018,2018,,EUR,Europe,,LUX,Luxembourg,,No data,,,,,,
HIV_0000000023,Estimated number of children needing antiretroviral therapy based on WHO methods,https://www.who.int/data/gho/indicator-metadata-registry/imr-details/2935,PUBLISHED,Published,,2018,2018,,AFR,Africa,,MDG,Madagascar,,1900 [1600 - 2500],1900.0,1600.0,2500.0,,,
HIV_0000000023,Estimated number of children needing antiretroviral therapy based on WHO methods,https://www.who.int/data/gho/indicator-metadata-registry/imr-details/2935,PUBLISHED,Published,,2018,2018,,AFR,Africa,,MWI,Malawi,,74 000 [57 000 - 89 000],74000.0,57000.0,89000.0,,,
HIV_0000000023,Estimated number of children needing antiretroviral therapy based on WHO methods,https://www.who.int/data/gho/indicator-metadata-registry/imr-details/2935,PUBLISHED,Published,,2018,2018,,WPR,Western Pacific,,MYS,Malaysia,,<500 [<500 - 520],500.0,500.0,520.0,,,
HIV_0000000023,Estimated number of children needing antiretroviral therapy based on WHO methods,https://www.who.int/data/gho/indicator-metadata-registry/imr-details/2935,PUBLISHED,Published,,2018,2018,,SEAR,South-East Asia,,MDV,Maldives,,No data,,,,,,
HIV_0000000023,Estimated number of children needing antiretroviral therapy based on WHO methods,https://www.who.int/data/gho/indicator-metadata-registry/imr-details/2935,PUBLISHED,Published,,2018,2018,,AFR,Africa,,MLI,Mali,,19 000 [15 000 - 24 000],19000.0,15000.0,24000.0,,,
HIV_0000000023,Estimated number of children needing antiretroviral therapy based on WHO methods,https://www.who.int/data/gho/indicator-metadata-registry/imr-details/2935,PUBLISHED,Published,,2018,2018,,EUR,Europe,,MLT,Malta,,No data,,,,,,
HIV_0000000023,Estimated number of children needing antiretroviral therapy based on WHO methods,https://www.who.int/data/gho/indicator-metadata-registry/imr-details/2935,PUBLISHED,Published,,2018,2018,,AFR,Africa,,MRT,Mauritania,,<500 [<500 - <500],500.0,500.0,500.0,,,
HIV_0000000023,Estimated number of children needing antiretroviral therapy based on WHO methods,https://www.who.int/data/gho/indicator-metadata-registry/imr-details/2935,PUBLISHED,Published,,2018,2018,,AFR,Africa,,MUS,Mauritius,,<100 [<100 - <200],100.0,100.0,200.0,,,
HIV_0000000023,Estimated number of children needing antiretroviral therapy based on WHO methods,https://www.who.int/data/gho/indicator-metadata-registry/imr-details/2935,PUBLISHED,Published,,2018,2018,,AMR,Americas,,MEX,Mexico,,2300 [1900 - 2600],2300.0,1900.0,2600.0,,,
HIV_0000000023,Estimated number of children needing antiretroviral therapy based on WHO methods,https://www.who.int/data/gho/indicator-metadata-registry/imr-details/2935,PUBLISHED,Published,,2018,2018,,WPR,Western Pacific,,MNG,Mongolia,,No data,,,,,,
HIV_0000000023,Estimated number of children needing antiretroviral therapy based on WHO methods,https://www.who.int/data/gho/indicator-metadata-registry/imr-details/2935,PUBLISHED,Published,,2018,2018,,EUR,Europe,,MNE,Montenegro,,No data,,,,,,
HIV_0000000023,Estimated number of children needing antiretroviral therapy based on WHO methods,https://www.who.int/data/gho/indicator-metadata-registry/imr-details/2935,PUBLISHED,Published,,2018,2018,,EMR,Eastern Mediterranean,,MAR,Morocco,,560 [<500 - 770],560.0,500.0,770.0,,,
HIV_0000000023,Estimated number of children needing antiretroviral therapy based on WHO methods,https://www.who.int/data/gho/indicator-metadata-registry/imr-details/2935,PUBLISHED,Published,,2018,2018,,AFR,Africa,,MOZ,Mozambique,,140 000 [110 000 - 190 000],140000.0,110000.0,190000.0,,,
HIV_0000000023,Estimated number of children needing antiretroviral therapy based on WHO methods,https://www.who.int/data/gho/indicator-metadata-registry/imr-details/2935,PUBLISHED,Published,,2018,2018,,SEAR,South-East Asia,,MMR,Myanmar,,9800 [8400 - 11 000],9800.0,8400.0,11000.0,,,
HIV_0000000023,Estimated number of children needing antiretroviral therapy based on WHO methods,https://www.who.int/data/gho/indicator-metadata-registry/imr-details/2935,PUBLISHED,Published,,2018,2018,,AFR,Africa,,NAM,Namibia,,11 000 [8700 - 13 000],11000.0,8700.0,13000.0,,,
HIV_0000000023,Estimated number of children needing antiretroviral therapy based on WHO methods,https://www.who.int/data/gho/indicator-metadata-registry/imr-details/2935,PUBLISHED,Published,,2018,2018,,SEAR,South-East Asia,,NPL,Nepal,,1400 [1200 - 1600],1400.0,1200.0,1600.0,,,
HIV_0000000023,Estimated number of children needing antiretroviral therapy based on WHO methods,https://www.who.int/data/gho/indicator-metadata-registry/imr-details/2935,PUBLISHED,Published,,2018,2018,,EUR,Europe,,NLD,Netherlands,,No data,,,,,,
HIV_0000000023,Estimated number of children needing antiretroviral therapy based on WHO methods,https://www.who.int/data/gho/indicator-metadata-registry/imr-details/2935,PUBLISHED,Published,,2018,2018,,WPR,Western Pacific,,NZL,New Zealand,,No data,,,,,,
HIV_0000000023,Estimated number of children needing antiretroviral therapy based on WHO methods,https://www.who.int/data/gho/indicator-metadata-registry/imr-details/2935,PUBLISHED,Published,,2018,2018,,AMR,Americas,,NIC,Nicaragua,,<500 [<200 - <500],500.0,200.0,500.0,,,
HIV_0000000023,Estimated number of children needing antiretroviral therapy based on WHO methods,https://www.who.int/data/gho/indicator-metadata-registry/imr-details/2935,PUBLISHED,Published,,2018,2018,,AFR,Africa,,NER,Niger,,2500 [2100 - 3200],2500.0,2100.0,3200.0,,,
HIV_0000000023,Estimated number of children needing antiretroviral therapy based on WHO methods,https://www.who.int/data/gho/indicator-metadata-registry/imr-details/2935,PUBLISHED,Published,,2018,2018,,AFR,Africa,,NGA,Nigeria,,140 000 [91 000 - 220 000],140000.0,91000.0,220000.0,,,
HIV_0000000023,Estimated number of children needing antiretroviral therapy based on WHO methods,https://www.who.int/data/gho/indicator-metadata-registry/imr-details/2935,PUBLISHED,Published,,2018,2018,,EUR,Europe,,NOR,Norway,,No data,,,,,,
HIV_0000000023,Estimated number of children needing antiretroviral therapy based on WHO methods,https://www.who.int/data/gho/indicator-metadata-registry/imr-details/2935,PUBLISHED,Published,,2018,2018,,EMR,Eastern Mediterranean,,OMN,Oman,,No data,,,,,,
HIV_0000000023,Estimated number of children needing antiretroviral therapy based on WHO methods,https://www.who.int/data/gho/indicator-metadata-registry/imr-details/2935,PUBLISHED,Published,,2018,2018,,EMR,Eastern Mediterranean,,PAK,Pakistan,,5500 [4700 - 6300],5500.0,4700.0,6300.0,,,
HIV_0000000023,Estimated number of children needing antiretroviral therapy based on WHO methods,https://www.who.int/data/gho/indicator-metadata-registry/imr-details/2935,PUBLISHED,Published,,2018,2018,,AMR,Americas,,PAN,Panama,,<500 [<500 - <500],500.0,500.0,500.0,,,
HIV_0000000023,Estimated number of children needing antiretroviral therapy based on WHO methods,https://www.who.int/data/gho/indicator-metadata-registry/imr-details/2935,PUBLISHED,Published,,2018,2018,,WPR,Western Pacific,,PNG,Papua New Guinea,,2900 [2300 - 3500],2900.0,2300.0,3500.0,,,
HIV_0000000023,Estimated number of children needing antiretroviral therapy based on WHO methods,https://www.who.int/data/gho/indicator-metadata-registry/imr-details/2935,PUBLISHED,Published,,2018,2018,,AMR,Americas,,PRY,Paraguay,,<500 [<500 - 640],500.0,500.0,640.0,,,
HIV_0000000023,Estimated number of children needing antiretroviral therapy based on WHO methods,https://www.who.int/data/gho/indicator-metadata-registry/imr-details/2935,PUBLISHED,Published,,2018,2018,,AMR,Americas,,PER,Peru,,1600 [1100 - 2300],1600.0,1100.0,2300.0,,,
HIV_0000000023,Estimated number of children needing antiretroviral therapy based on WHO methods,https://www.who.int/data/gho/indicator-metadata-registry/imr-details/2935,PUBLISHED,Published,,2018,2018,,WPR,Western Pacific,,PHL,Philippines,,<500 [<500 - 510],500.0,500.0,510.0,,,
HIV_0000000023,Estimated number of children needing antiretroviral therapy based on WHO methods,https://www.who.int/data/gho/indicator-metadata-registry/imr-details/2935,PUBLISHED,Published,,2018,2018,,EUR,Europe,,POL,Poland,,No data,,,,,,
HIV_0000000023,Estimated number of children needing antiretroviral therapy based on WHO methods,https://www.who.int/data/gho/indicator-metadata-registry/imr-details/2935,PUBLISHED,Published,,2018,2018,,EUR,Europe,,PRT,Portugal,,<100 [<100 - <100],100.0,100.0,100.0,,,
HIV_0000000023,Estimated number of children needing antiretroviral therapy based on WHO methods,https://www.who.int/data/gho/indicator-metadata-registry/imr-details/2935,PUBLISHED,Published,,2018,2018,,EMR,Eastern Mediterranean,,QAT,Qatar,,No data,,,,,,
HIV_0000000023,Estimated number of children needing antiretroviral therapy based on WHO methods,https://www.who.int/data/gho/indicator-metadata-registry/imr-details/2935,PUBLISHED,Published,,2018,2018,,WPR,Western Pacific,,KOR,Republic of Korea,,No data,,,,,,
HIV_0000000023,Estimated number of children needing antiretroviral therapy based on WHO methods,https://www.who.int/data/gho/indicator-metadata-registry/imr-details/2935,PUBLISHED,Published,,2018,2018,,EUR,Europe,,MDA,Republic of Moldova,,<500 [<500 - <500],500.0,500.0,500.0,,,
HIV_0000000023,Estimated number of children needing antiretroviral therapy based on WHO methods,https://www.who.int/data/gho/indicator-metadata-registry/imr-details/2935,PUBLISHED,Published,,2018,2018,,EUR,Europe,,MKD,Republic of North Macedonia,,No data,,,,,,
HIV_0000000023,Estimated number of children needing antiretroviral therapy based on WHO methods,https://www.who.int/data/gho/indicator-metadata-registry/imr-details/2935,PUBLISHED,Published,,2018,2018,,EUR,Europe,,ROU,Romania,,<100 [<100 - <100],100.0,100.0,100.0,,,
HIV_0000000023,Estimated number of children needing antiretroviral therapy based on WHO methods,https://www.who.int/data/gho/indicator-metadata-registry/imr-details/2935,PUBLISHED,Published,,2018,2018,,EUR,Europe,,RUS,Russian Federation,,No data,,,,,,
HIV_0000000023,Estimated number of children needing antiretroviral therapy based on WHO methods,https://www.who.int/data/gho/indicator-metadata-registry/imr-details/2935,PUBLISHED,Published,,2018,2018,,AFR,Africa,,RWA,Rwanda,,12 000 [8900 - 15 000],12000.0,8900.0,15000.0,,,
HIV_0000000023,Estimated number of children needing antiretroviral therapy based on WHO methods,https://www.who.int/data/gho/indicator-metadata-registry/imr-details/2935,PUBLISHED,Published,,2018,2018,,EMR,Eastern Mediterranean,,SAU,Saudi Arabia,,No data,,,,,,
HIV_0000000023,Estimated number of children needing antiretroviral therapy based on WHO methods,https://www.who.int/data/gho/indicator-metadata-registry/imr-details/2935,PUBLISHED,Published,,2018,2018,,AFR,Africa,,SEN,Senegal,,4500 [3700 - 5100],4500.0,3700.0,5100.0,,,
HIV_0000000023,Estimated number of children needing antiretroviral therapy based on WHO methods,https://www.who.int/data/gho/indicator-metadata-registry/imr-details/2935,PUBLISHED,Published,,2018,2018,,EUR,Europe,,SRB,Serbia,,No data,,,,,,
HIV_0000000023,Estimated number of children needing antiretroviral therapy based on WHO methods,https://www.who.int/data/gho/indicator-metadata-registry/imr-details/2935,PUBLISHED,Published,,2018,2018,,AFR,Africa,,SLE,Sierra Leone,,6600 [5100 - 8500],6600.0,5100.0,8500.0,,,
HIV_0000000023,Estimated number of children needing antiretroviral therapy based on WHO methods,https://www.who.int/data/gho/indicator-metadata-registry/imr-details/2935,PUBLISHED,Published,,2018,2018,,WPR,Western Pacific,,SGP,Singapore,,No data,,,,,,
HIV_0000000023,Estimated number of children needing antiretroviral therapy based on WHO methods,https://www.who.int/data/gho/indicator-metadata-registry/imr-details/2935,PUBLISHED,Published,,2018,2018,,EUR,Europe,,SVK,Slovakia,,No data,,,,,,
HIV_0000000023,Estimated number of children needing antiretroviral therapy based on WHO methods,https://www.who.int/data/gho/indicator-metadata-registry/imr-details/2935,PUBLISHED,Published,,2018,2018,,EUR,Europe,,SVN,Slovenia,,No data,,,,,,
HIV_0000000023,Estimated number of children needing antiretroviral therapy based on WHO methods,https://www.who.int/data/gho/indicator-metadata-registry/imr-details/2935,PUBLISHED,Published,,2018,2018,,EMR,Eastern Mediterranean,,SOM,Somalia,,1300 [1100 - 1800],1300.0,1100.0,1800.0,,,
HIV_0000000023,Estimated number of children needing antiretroviral therapy based on WHO methods,https://www.who.int/data/gho/indicator-metadata-registry/imr-details/2935,PUBLISHED,Published,,2018,2018,,AFR,Africa,,ZAF,South Africa,,260 000 [200 000 - 360 000],260000.0,200000.0,360000.0,,,
HIV_0000000023,Estimated number of children needing antiretroviral therapy based on WHO methods,https://www.who.int/data/gho/indicator-metadata-registry/imr-details/2935,PUBLISHED,Published,,2018,2018,,AFR,Africa,,SSD,South Sudan,,16 000 [12 000 - 21 000],16000.0,12000.0,21000.0,,,
HIV_0000000023,Estimated number of children needing antiretroviral therapy based on WHO methods,https://www.who.int/data/gho/indicator-metadata-registry/imr-details/2935,PUBLISHED,Published,,2018,2018,,EUR,Europe,,ESP,Spain,,<100 [<100 - <200],100.0,100.0,200.0,,,
HIV_0000000023,Estimated number of children needing antiretroviral therapy based on WHO methods,https://www.who.int/data/gho/indicator-metadata-registry/imr-details/2935,PUBLISHED,Published,,2018,2018,,SEAR,South-East Asia,,LKA,Sri Lanka,,No data,,,,,,
HIV_0000000023,Estimated number of children needing antiretroviral therapy based on WHO methods,https://www.who.int/data/gho/indicator-metadata-registry/imr-details/2935,PUBLISHED,Published,,2018,2018,,EMR,Eastern Mediterranean,,SDN,Sudan,,4200 [2400 - 6800],4200.0,2400.0,6800.0,,,
HIV_0000000023,Estimated number of children needing antiretroviral therapy based on WHO methods,https://www.who.int/data/gho/indicator-metadata-registry/imr-details/2935,PUBLISHED,Published,,2018,2018,,AMR,Americas,,SUR,Suriname,,<100 [<100 - <100],100.0,100.0,100.0,,,
HIV_0000000023,Estimated number of children needing antiretroviral therapy based on WHO methods,https://www.who.int/data/gho/indicator-metadata-registry/imr-details/2935,PUBLISHED,Published,,2018,2018,,EUR,Europe,,SWE,Sweden,,No data,,,,,,
HIV_0000000023,Estimated number of children needing antiretroviral therapy based on WHO methods,https://www.who.int/data/gho/indicator-metadata-registry/imr-details/2935,PUBLISHED,Published,,2018,2018,,EUR,Europe,,CHE,Switzerland,,No data,,,,,,
HIV_0000000023,Estimated number of children needing antiretroviral therapy based on WHO methods,https://www.who.int/data/gho/indicator-metadata-registry/imr-details/2935,PUBLISHED,Published,,2018,2018,,EMR,Eastern Mediterranean,,SYR,Syrian Arab Republic,,No data,,,,,,
HIV_0000000023,Estimated number of children needing antiretroviral therapy based on WHO methods,https://www.who.int/data/gho/indicator-metadata-registry/imr-details/2935,PUBLISHED,Published,,2018,2018,,EUR,Europe,,TJK,Tajikistan,,540 [<500 - 630],540.0,500.0,630.0,,,
HIV_0000000023,Estimated number of children needing antiretroviral therapy based on WHO methods,https://www.who.int/data/gho/indicator-metadata-registry/imr-details/2935,PUBLISHED,Published,,2018,2018,,SEAR,South-East Asia,,THA,Thailand,,3200 [2600 - 3800],3200.0,2600.0,3800.0,,,
HIV_0000000023,Estimated number of children needing antiretroviral therapy based on WHO methods,https://www.who.int/data/gho/indicator-metadata-registry/imr-details/2935,PUBLISHED,Published,,2018,2018,,SEAR,South-East Asia,,TLS,Timor-Leste,,No data,,,,,,
HIV_0000000023,Estimated number of children needing antiretroviral therapy based on WHO methods,https://www.who.int/data/gho/indicator-metadata-registry/imr-details/2935,PUBLISHED,Published,,2018,2018,,AFR,Africa,,TGO,Togo,,12 000 [11 000 - 14 000],12000.0,11000.0,14000.0,,,
HIV_0000000023,Estimated number of children needing antiretroviral therapy based on WHO methods,https://www.who.int/data/gho/indicator-metadata-registry/imr-details/2935,PUBLISHED,Published,,2018,2018,,AMR,Americas,,TTO,Trinidad and Tobago,,No data,,,,,,
HIV_0000000023,Estimated number of children needing antiretroviral therapy based on WHO methods,https://www.who.int/data/gho/indicator-metadata-registry/imr-details/2935,PUBLISHED,Published,,2018,2018,,EMR,Eastern Mediterranean,,TUN,Tunisia,,No data,,,,,,
HIV_0000000023,Estimated number of children needing antiretroviral therapy based on WHO methods,https://www.who.int/data/gho/indicator-metadata-registry/imr-details/2935,PUBLISHED,Published,,2018,2018,,EUR,Europe,,TUR,Turkey,,No data,,,,,,
HIV_0000000023,Estimated number of children needing antiretroviral therapy based on WHO methods,https://www.who.int/data/gho/indicator-metadata-registry/imr-details/2935,PUBLISHED,Published,,2018,2018,,EUR,Europe,,TKM,Turkmenistan,,No data,,,,,,
HIV_0000000023,Estimated number of children needing antiretroviral therapy based on WHO methods,https://www.who.int/data/gho/indicator-metadata-registry/imr-details/2935,PUBLISHED,Published,,2018,2018,,AFR,Africa,,UGA,Uganda,,100 000 [88 000 - 110 000],100000.0,88000.0,110000.0,,,
HIV_0000000023,Estimated number of children needing antiretroviral therapy based on WHO methods,https://www.who.int/data/gho/indicator-metadata-registry/imr-details/2935,PUBLISHED,Published,,2018,2018,,EUR,Europe,,UKR,Ukraine,,850 [750 - 980],850.0,750.0,980.0,,,
HIV_0000000023,Estimated number of children needing antiretroviral therapy based on WHO methods,https://www.who.int/data/gho/indicator-metadata-registry/imr-details/2935,PUBLISHED,Published,,2018,2018,,EMR,Eastern Mediterranean,,ARE,United Arab Emirates,,No data,,,,,,
HIV_0000000023,Estimated number of children needing antiretroviral therapy based on WHO methods,https://www.who.int/data/gho/indicator-metadata-registry/imr-details/2935,PUBLISHED,Published,,2018,2018,,EUR,Europe,,GBR,United Kingdom of Great Britain and Northern Ireland,,No data,,,,,,
HIV_0000000023,Estimated number of children needing antiretroviral therapy based on WHO methods,https://www.who.int/data/gho/indicator-metadata-registry/imr-details/2935,PUBLISHED,Published,,2018,2018,,AFR,Africa,,TZA,United Republic of Tanzania,,92 000 [72 000 - 110 000],92000.0,72000.0,110000.0,,,
HIV_0000000023,Estimated number of children needing antiretroviral therapy based on WHO methods,https://www.who.int/data/gho/indicator-metadata-registry/imr-details/2935,PUBLISHED,Published,,2018,2018,,AMR,Americas,,USA,United States of America,,No data,,,,,,
HIV_0000000023,Estimated number of children needing antiretroviral therapy based on WHO methods,https://www.who.int/data/gho/indicator-metadata-registry/imr-details/2935,PUBLISHED,Published,,2018,2018,,AMR,Americas,,URY,Uruguay,,<200 [<100 - <200],200.0,100.0,200.0,,,
HIV_0000000023,Estimated number of children needing antiretroviral therapy based on WHO methods,https://www.who.int/data/gho/indicator-metadata-registry/imr-details/2935,PUBLISHED,Published,,2018,2018,,EUR,Europe,,UZB,Uzbekistan,,6000 [5600 - 6300],6000.0,5600.0,6300.0,,,
HIV_0000000023,Estimated number of children needing antiretroviral therapy based on WHO methods,https://www.who.int/data/gho/indicator-metadata-registry/imr-details/2935,PUBLISHED,Published,,2018,2018,,AMR,Americas,,VEN,Venezuela (Bolivarian Republic of),,No data,,,,,,
HIV_0000000023,Estimated number of children needing antiretroviral therapy based on WHO methods,https://www.who.int/data/gho/indicator-metadata-registry/imr-details/2935,PUBLISHED,Published,,2018,2018,,WPR,Western Pacific,,VNM,Viet Nam,,5000 [4000 - 5900],5000.0,4000.0,5900.0,,,
HIV_0000000023,Estimated number of children needing antiretroviral therapy based on WHO methods,https://www.who.int/data/gho/indicator-metadata-registry/imr-details/2935,PUBLISHED,Published,,2018,2018,,EMR,Eastern Mediterranean,,YEM,Yemen,,<500 [<500 - 580],500.0,500.0,580.0,,,
HIV_0000000023,Estimated number of children needing antiretroviral therapy based on WHO methods,https://www.who.int/data/gho/indicator-metadata-registry/imr-details/2935,PUBLISHED,Published,,2018,2018,,AFR,Africa,,ZMB,Zambia,,62 000 [52 000 - 74 000],62000.0,52000.0,74000.0,,,
HIV_0000000023,Estimated number of children needing antiretroviral therapy based on WHO methods,https://www.who.int/data/gho/indicator-metadata-registry/imr-details/2935,PUBLISHED,Published,,2018,2018,,AFR,Africa,,ZWE,Zimbabwe,,84 000 [65 000 - 100 000],84000.0,65000.0,100000.0,,,
