GHO (CODE),GHO (DISPLAY),GHO (URL),PUBLISHSTATE (CODE),PUBLISHSTATE (DISPLAY),PUBLISHSTATE (URL),YEAR (CODE),YEAR (DISPLAY),YEAR (URL),REGION (CODE),REGION (DISPLAY),REGION (URL),COUNTRY (CODE),COUNTRY (DISPLAY),COUNTRY (URL),Display Value,Numeric,Low,High,StdErr,StdDev,Comments
HIV_0000000009,Reported number of people receiving antiretroviral therapy,https://www.who.int/data/gho/indicator-metadata-registry/imr-details/2924,PUBLISHED,Published,,2018,2018,,AFR,Africa,,,,,16 331 000 [14 371 000-16 984 000],16331000.0,14371000.0,16984000.0,,,
HIV_0000000009,Reported number of people receiving antiretroviral therapy,https://www.who.int/data/gho/indicator-metadata-registry/imr-details/2924,PUBLISHED,Published,,2018,2018,,AMR,Americas,,,,,2 368 000 [2 084 000-2 463 000],2368000.0,2084000.0,2463000.0,,,
HIV_0000000009,Reported number of people receiving antiretroviral therapy,https://www.who.int/data/gho/indicator-metadata-registry/imr-details/2924,PUBLISHED,Published,,2018,2018,,EMR,Eastern Mediterranean,,,,,82 800 [72 900-86 200],82800.0,72900.0,86200.0,,,
HIV_0000000009,Reported number of people receiving antiretroviral therapy,https://www.who.int/data/gho/indicator-metadata-registry/imr-details/2924,PUBLISHED,Published,,2018,2018,,EUR,Europe,,,,,1 404 000 [1 236 000-1 460 000],1404000.0,1236000.0,1460000.0,,,
HIV_0000000009,Reported number of people receiving antiretroviral therapy,https://www.who.int/data/gho/indicator-metadata-registry/imr-details/2924,PUBLISHED,Published,,2018,2018,,SEAR,South-East Asia,,,,,2 036 000 [1 791 000-2 117 000],2036000.0,1791000.0,2117000.0,,,
HIV_0000000009,Reported number of people receiving antiretroviral therapy,https://www.who.int/data/gho/indicator-metadata-registry/imr-details/2924,PUBLISHED,Published,,2018,2018,,WPR,Western Pacific,,,,,1 109 000 [976 000-1 154 000],1109000.0,976000.0,1154000.0,,,
HIV_0000000009,Reported number of people receiving antiretroviral therapy,https://www.who.int/data/gho/indicator-metadata-registry/imr-details/2924,PUBLISHED,Published,,2018,2018,,GLOBAL,Global,,,,,23 331 000 [20 531 000-24 264 000],23331000.0,20531000.0,24264000.0,,,
HIV_0000000009,Reported number of people receiving antiretroviral therapy,https://www.who.int/data/gho/indicator-metadata-registry/imr-details/2924,PUBLISHED,Published,,2018,2018,,EMR,Eastern Mediterranean,,AFG,Afghanistan,,920,920.0,,,,,
HIV_0000000009,Reported number of people receiving antiretroviral therapy,https://www.who.int/data/gho/indicator-metadata-registry/imr-details/2924,PUBLISHED,Published,,2018,2018,,EUR,Europe,,ALB,Albania,,580,580.0,,,,,
HIV_0000000009,Reported number of people receiving antiretroviral therapy,https://www.who.int/data/gho/indicator-metadata-registry/imr-details/2924,PUBLISHED,Published,,2018,2018,,AFR,Africa,,DZA,Algeria,,12 800,12800.0,,,,,
HIV_0000000009,Reported number of people receiving antiretroviral therapy,https://www.who.int/data/gho/indicator-metadata-registry/imr-details/2924,PUBLISHED,Published,,2018,2018,,AFR,Africa,,AGO,Angola,,88 700,88700.0,,,,,
HIV_0000000009,Reported number of people receiving antiretroviral therapy,https://www.who.int/data/gho/indicator-metadata-registry/imr-details/2924,PUBLISHED,Published,,2018,2018,,AMR,Americas,,ARG,Argentina,,85 500,85500.0,,,,,
HIV_0000000009,Reported number of people receiving antiretroviral therapy,https://www.who.int/data/gho/indicator-metadata-registry/imr-details/2924,PUBLISHED,Published,,2018,2018,,EUR,Europe,,ARM,Armenia,,1900,1900.0,,,,,
HIV_0000000009,Reported number of people receiving antiretroviral therapy,https://www.who.int/data/gho/indicator-metadata-registry/imr-details/2924,PUBLISHED,Published,,2018,2018,,WPR,Western Pacific,,AUS,Australia,,22 800,22800.0,,,,,
HIV_0000000009,Reported number of people receiving antiretroviral therapy,https://www.who.int/data/gho/indicator-metadata-registry/imr-details/2924,PUBLISHED,Published,,2018,2018,,EUR,Europe,,AUT,Austria,,No data,,,,,,
HIV_0000000009,Reported number of people receiving antiretroviral therapy,https://www.who.int/data/gho/indicator-metadata-registry/imr-details/2924,PUBLISHED,Published,,2018,2018,,EUR,Europe,,AZE,Azerbaijan,,4400,4400.0,,,,,
HIV_0000000009,Reported number of people receiving antiretroviral therapy,https://www.who.int/data/gho/indicator-metadata-registry/imr-details/2924,PUBLISHED,Published,,2018,2018,,AMR,Americas,,BHS,Bahamas,,3100,3100.0,,,,,
HIV_0000000009,Reported number of people receiving antiretroviral therapy,https://www.who.int/data/gho/indicator-metadata-registry/imr-details/2924,PUBLISHED,Published,,2018,2018,,EMR,Eastern Mediterranean,,BHR,Bahrain,,No data,,,,,,
HIV_0000000009,Reported number of people receiving antiretroviral therapy,https://www.who.int/data/gho/indicator-metadata-registry/imr-details/2924,PUBLISHED,Published,,2018,2018,,SEAR,South-East Asia,,BGD,Bangladesh,,3000,3000.0,,,,,
HIV_0000000009,Reported number of people receiving antiretroviral therapy,https://www.who.int/data/gho/indicator-metadata-registry/imr-details/2924,PUBLISHED,Published,,2018,2018,,AMR,Americas,,BRB,Barbados,,1500,1500.0,,,,,
HIV_0000000009,Reported number of people receiving antiretroviral therapy,https://www.who.int/data/gho/indicator-metadata-registry/imr-details/2924,PUBLISHED,Published,,2018,2018,,EUR,Europe,,BLR,Belarus,,15 500,15500.0,,,,,
HIV_0000000009,Reported number of people receiving antiretroviral therapy,https://www.who.int/data/gho/indicator-metadata-registry/imr-details/2924,PUBLISHED,Published,,2018,2018,,EUR,Europe,,BEL,Belgium,,No data,,,,,,
HIV_0000000009,Reported number of people receiving antiretroviral therapy,https://www.who.int/data/gho/indicator-metadata-registry/imr-details/2924,PUBLISHED,Published,,2018,2018,,AMR,Americas,,BLZ,Belize,,1400,1400.0,,,,,
HIV_0000000009,Reported number of people receiving antiretroviral therapy,https://www.who.int/data/gho/indicator-metadata-registry/imr-details/2924,PUBLISHED,Published,,2018,2018,,AFR,Africa,,BEN,Benin,,44 200,44200.0,,,,,
HIV_0000000009,Reported number of people receiving antiretroviral therapy,https://www.who.int/data/gho/indicator-metadata-registry/imr-details/2924,PUBLISHED,Published,,2018,2018,,SEAR,South-East Asia,,BTN,Bhutan,,480,480.0,,,,,
HIV_0000000009,Reported number of people receiving antiretroviral therapy,https://www.who.int/data/gho/indicator-metadata-registry/imr-details/2924,PUBLISHED,Published,,2018,2018,,AMR,Americas,,BOL,Bolivia (Plurinational State of),,9900,9900.0,,,,,
HIV_0000000009,Reported number of people receiving antiretroviral therapy,https://www.who.int/data/gho/indicator-metadata-registry/imr-details/2924,PUBLISHED,Published,,2018,2018,,EUR,Europe,,BIH,Bosnia and Herzegovina,,220,220.0,,,,,
HIV_0000000009,Reported number of people receiving antiretroviral therapy,https://www.who.int/data/gho/indicator-metadata-registry/imr-details/2924,PUBLISHED,Published,,2018,2018,,AFR,Africa,,BWA,Botswana,,307 000,307000.0,,,,,
HIV_0000000009,Reported number of people receiving antiretroviral therapy,https://www.who.int/data/gho/indicator-metadata-registry/imr-details/2924,PUBLISHED,Published,,2018,2018,,AMR,Americas,,BRA,Brazil,,593 000,593000.0,,,,,
HIV_0000000009,Reported number of people receiving antiretroviral therapy,https://www.who.int/data/gho/indicator-metadata-registry/imr-details/2924,PUBLISHED,Published,,2018,2018,,WPR,Western Pacific,,BRN,Brunei Darussalam,,150,150.0,,,,,
HIV_0000000009,Reported number of people receiving antiretroviral therapy,https://www.who.int/data/gho/indicator-metadata-registry/imr-details/2924,PUBLISHED,Published,,2018,2018,,EUR,Europe,,BGR,Bulgaria,,1500,1500.0,,,,,
HIV_0000000009,Reported number of people receiving antiretroviral therapy,https://www.who.int/data/gho/indicator-metadata-registry/imr-details/2924,PUBLISHED,Published,,2018,2018,,AFR,Africa,,BFA,Burkina Faso,,59 300,59300.0,,,,,
HIV_0000000009,Reported number of people receiving antiretroviral therapy,https://www.who.int/data/gho/indicator-metadata-registry/imr-details/2924,PUBLISHED,Published,,2018,2018,,AFR,Africa,,BDI,Burundi,,65 500,65500.0,,,,,
HIV_0000000009,Reported number of people receiving antiretroviral therapy,https://www.who.int/data/gho/indicator-metadata-registry/imr-details/2924,PUBLISHED,Published,,2018,2018,,WPR,Western Pacific,,KHM,Cambodia,,59 500,59500.0,,,,,
HIV_0000000009,Reported number of people receiving antiretroviral therapy,https://www.who.int/data/gho/indicator-metadata-registry/imr-details/2924,PUBLISHED,Published,,2018,2018,,AFR,Africa,,CMR,Cameroon,,281 000,281000.0,,,,,
HIV_0000000009,Reported number of people receiving antiretroviral therapy,https://www.who.int/data/gho/indicator-metadata-registry/imr-details/2924,PUBLISHED,Published,,2018,2018,,AMR,Americas,,CAN,Canada,,No data,,,,,,
HIV_0000000009,Reported number of people receiving antiretroviral therapy,https://www.who.int/data/gho/indicator-metadata-registry/imr-details/2924,PUBLISHED,Published,,2018,2018,,AFR,Africa,,CPV,Cabo Verde,,2200,2200.0,,,,,
HIV_0000000009,Reported number of people receiving antiretroviral therapy,https://www.who.int/data/gho/indicator-metadata-registry/imr-details/2924,PUBLISHED,Published,,2018,2018,,AFR,Africa,,CAF,Central African Republic,,39 600,39600.0,,,,,
HIV_0000000009,Reported number of people receiving antiretroviral therapy,https://www.who.int/data/gho/indicator-metadata-registry/imr-details/2924,PUBLISHED,Published,,2018,2018,,AFR,Africa,,TCD,Chad,,61 400,61400.0,,,,,
HIV_0000000009,Reported number of people receiving antiretroviral therapy,https://www.who.int/data/gho/indicator-metadata-registry/imr-details/2924,PUBLISHED,Published,,2018,2018,,AMR,Americas,,CHL,Chile,,45 100,45100.0,,,,,
HIV_0000000009,Reported number of people receiving antiretroviral therapy,https://www.who.int/data/gho/indicator-metadata-registry/imr-details/2924,PUBLISHED,Published,,2018,2018,,WPR,Western Pacific,,CHN,China,,718 000,718000.0,,,,,
HIV_0000000009,Reported number of people receiving antiretroviral therapy,https://www.who.int/data/gho/indicator-metadata-registry/imr-details/2924,PUBLISHED,Published,,2018,2018,,AMR,Americas,,COL,Colombia,,113 000,113000.0,,,,,
HIV_0000000009,Reported number of people receiving antiretroviral therapy,https://www.who.int/data/gho/indicator-metadata-registry/imr-details/2924,PUBLISHED,Published,,2018,2018,,AFR,Africa,,COM,Comoros,,100,100.0,,,,,
HIV_0000000009,Reported number of people receiving antiretroviral therapy,https://www.who.int/data/gho/indicator-metadata-registry/imr-details/2924,PUBLISHED,Published,,2018,2018,,AFR,Africa,,COG,Congo,,31 200,31200.0,,,,,
HIV_0000000009,Reported number of people receiving antiretroviral therapy,https://www.who.int/data/gho/indicator-metadata-registry/imr-details/2924,PUBLISHED,Published,,2018,2018,,AMR,Americas,,CRI,Costa Rica,,7200,7200.0,,,,,
HIV_0000000009,Reported number of people receiving antiretroviral therapy,https://www.who.int/data/gho/indicator-metadata-registry/imr-details/2924,PUBLISHED,Published,,2018,2018,,AFR,Africa,,CIV,Côte d'Ivoire,,252 000,252000.0,,,,,
HIV_0000000009,Reported number of people receiving antiretroviral therapy,https://www.who.int/data/gho/indicator-metadata-registry/imr-details/2924,PUBLISHED,Published,,2018,2018,,EUR,Europe,,HRV,Croatia,,1200,1200.0,,,,,
HIV_0000000009,Reported number of people receiving antiretroviral therapy,https://www.who.int/data/gho/indicator-metadata-registry/imr-details/2924,PUBLISHED,Published,,2018,2018,,AMR,Americas,,CUB,Cuba,,21 900,21900.0,,,,,
HIV_0000000009,Reported number of people receiving antiretroviral therapy,https://www.who.int/data/gho/indicator-metadata-registry/imr-details/2924,PUBLISHED,Published,,2018,2018,,EUR,Europe,,CYP,Cyprus,,No data,,,,,,
HIV_0000000009,Reported number of people receiving antiretroviral therapy,https://www.who.int/data/gho/indicator-metadata-registry/imr-details/2924,PUBLISHED,Published,,2018,2018,,EUR,Europe,,CZE,Czechia,,2600,2600.0,,,,,
HIV_0000000009,Reported number of people receiving antiretroviral therapy,https://www.who.int/data/gho/indicator-metadata-registry/imr-details/2924,PUBLISHED,Published,,2018,2018,,SEAR,South-East Asia,,PRK,Democratic People's Republic of Korea,,No data,,,,,,
HIV_0000000009,Reported number of people receiving antiretroviral therapy,https://www.who.int/data/gho/indicator-metadata-registry/imr-details/2924,PUBLISHED,Published,,2018,2018,,AFR,Africa,,COD,Democratic Republic of the Congo,,256 000,256000.0,,,,,
HIV_0000000009,Reported number of people receiving antiretroviral therapy,https://www.who.int/data/gho/indicator-metadata-registry/imr-details/2924,PUBLISHED,Published,,2018,2018,,EUR,Europe,,DNK,Denmark,,5500,5500.0,,,,,
HIV_0000000009,Reported number of people receiving antiretroviral therapy,https://www.who.int/data/gho/indicator-metadata-registry/imr-details/2924,PUBLISHED,Published,,2018,2018,,EMR,Eastern Mediterranean,,DJI,Djibouti,,2700,2700.0,,,,,
HIV_0000000009,Reported number of people receiving antiretroviral therapy,https://www.who.int/data/gho/indicator-metadata-registry/imr-details/2924,PUBLISHED,Published,,2018,2018,,AMR,Americas,,DOM,Dominican Republic,,39 000,39000.0,,,,,
HIV_0000000009,Reported number of people receiving antiretroviral therapy,https://www.who.int/data/gho/indicator-metadata-registry/imr-details/2924,PUBLISHED,Published,,2018,2018,,AMR,Americas,,ECU,Ecuador,,25 100,25100.0,,,,,
HIV_0000000009,Reported number of people receiving antiretroviral therapy,https://www.who.int/data/gho/indicator-metadata-registry/imr-details/2924,PUBLISHED,Published,,2018,2018,,EMR,Eastern Mediterranean,,EGY,Egypt,,6700,6700.0,,,,,
HIV_0000000009,Reported number of people receiving antiretroviral therapy,https://www.who.int/data/gho/indicator-metadata-registry/imr-details/2924,PUBLISHED,Published,,2018,2018,,AMR,Americas,,SLV,El Salvador,,11 900,11900.0,,,,,
HIV_0000000009,Reported number of people receiving antiretroviral therapy,https://www.who.int/data/gho/indicator-metadata-registry/imr-details/2924,PUBLISHED,Published,,2018,2018,,AFR,Africa,,GNQ,Equatorial Guinea,,21 400,21400.0,,,,,
HIV_0000000009,Reported number of people receiving antiretroviral therapy,https://www.who.int/data/gho/indicator-metadata-registry/imr-details/2924,PUBLISHED,Published,,2018,2018,,AFR,Africa,,ERI,Eritrea,,8900,8900.0,,,,,
HIV_0000000009,Reported number of people receiving antiretroviral therapy,https://www.who.int/data/gho/indicator-metadata-registry/imr-details/2924,PUBLISHED,Published,,2018,2018,,EUR,Europe,,EST,Estonia,,4300,4300.0,,,,,
HIV_0000000009,Reported number of people receiving antiretroviral therapy,https://www.who.int/data/gho/indicator-metadata-registry/imr-details/2924,PUBLISHED,Published,,2018,2018,,AFR,Africa,,SWZ,Eswatini,,177 000,177000.0,,,,,
HIV_0000000009,Reported number of people receiving antiretroviral therapy,https://www.who.int/data/gho/indicator-metadata-registry/imr-details/2924,PUBLISHED,Published,,2018,2018,,AFR,Africa,,ETH,Ethiopia,,450 000,450000.0,,,,,
HIV_0000000009,Reported number of people receiving antiretroviral therapy,https://www.who.int/data/gho/indicator-metadata-registry/imr-details/2924,PUBLISHED,Published,,2018,2018,,WPR,Western Pacific,,FJI,Fiji,,No data,,,,,,
HIV_0000000009,Reported number of people receiving antiretroviral therapy,https://www.who.int/data/gho/indicator-metadata-registry/imr-details/2924,PUBLISHED,Published,,2018,2018,,EUR,Europe,,FIN,Finland,,3000,3000.0,,,,,
HIV_0000000009,Reported number of people receiving antiretroviral therapy,https://www.who.int/data/gho/indicator-metadata-registry/imr-details/2924,PUBLISHED,Published,,2018,2018,,EUR,Europe,,FRA,France,,148 000,148000.0,,,,,
HIV_0000000009,Reported number of people receiving antiretroviral therapy,https://www.who.int/data/gho/indicator-metadata-registry/imr-details/2924,PUBLISHED,Published,,2018,2018,,AFR,Africa,,GAB,Gabon,,35 600,35600.0,,,,,
HIV_0000000009,Reported number of people receiving antiretroviral therapy,https://www.who.int/data/gho/indicator-metadata-registry/imr-details/2924,PUBLISHED,Published,,2018,2018,,AFR,Africa,,GMB,Gambia,,7500,7500.0,,,,,
HIV_0000000009,Reported number of people receiving antiretroviral therapy,https://www.who.int/data/gho/indicator-metadata-registry/imr-details/2924,PUBLISHED,Published,,2018,2018,,EUR,Europe,,GEO,Georgia,,4600,4600.0,,,,,
HIV_0000000009,Reported number of people receiving antiretroviral therapy,https://www.who.int/data/gho/indicator-metadata-registry/imr-details/2924,PUBLISHED,Published,,2018,2018,,EUR,Europe,,DEU,Germany,,69 900,69900.0,,,,,
HIV_0000000009,Reported number of people receiving antiretroviral therapy,https://www.who.int/data/gho/indicator-metadata-registry/imr-details/2924,PUBLISHED,Published,,2018,2018,,AFR,Africa,,GHA,Ghana,,113 000,113000.0,,,,,
HIV_0000000009,Reported number of people receiving antiretroviral therapy,https://www.who.int/data/gho/indicator-metadata-registry/imr-details/2924,PUBLISHED,Published,,2018,2018,,EUR,Europe,,GRC,Greece,,No data,,,,,,
HIV_0000000009,Reported number of people receiving antiretroviral therapy,https://www.who.int/data/gho/indicator-metadata-registry/imr-details/2924,PUBLISHED,Published,,2018,2018,,AMR,Americas,,GTM,Guatemala,,20 200,20200.0,,,,,
HIV_0000000009,Reported number of people receiving antiretroviral therapy,https://www.who.int/data/gho/indicator-metadata-registry/imr-details/2924,PUBLISHED,Published,,2018,2018,,AFR,Africa,,GIN,Guinea,,48 600,48600.0,,,,,
HIV_0000000009,Reported number of people receiving antiretroviral therapy,https://www.who.int/data/gho/indicator-metadata-registry/imr-details/2924,PUBLISHED,Published,,2018,2018,,AFR,Africa,,GNB,Guinea-Bissau,,14 600,14600.0,,,,,
HIV_0000000009,Reported number of people receiving antiretroviral therapy,https://www.who.int/data/gho/indicator-metadata-registry/imr-details/2924,PUBLISHED,Published,,2018,2018,,AMR,Americas,,GUY,Guyana,,5600,5600.0,,,,,
HIV_0000000009,Reported number of people receiving antiretroviral therapy,https://www.who.int/data/gho/indicator-metadata-registry/imr-details/2924,PUBLISHED,Published,,2018,2018,,AMR,Americas,,HTI,Haiti,,91 500,91500.0,,,,,
HIV_0000000009,Reported number of people receiving antiretroviral therapy,https://www.who.int/data/gho/indicator-metadata-registry/imr-details/2924,PUBLISHED,Published,,2018,2018,,AMR,Americas,,HND,Honduras,,11 700,11700.0,,,,,
HIV_0000000009,Reported number of people receiving antiretroviral therapy,https://www.who.int/data/gho/indicator-metadata-registry/imr-details/2924,PUBLISHED,Published,,2018,2018,,EUR,Europe,,HUN,Hungary,,2000,2000.0,,,,,
HIV_0000000009,Reported number of people receiving antiretroviral therapy,https://www.who.int/data/gho/indicator-metadata-registry/imr-details/2924,PUBLISHED,Published,,2018,2018,,EUR,Europe,,ISL,Iceland,,250,250.0,,,,,
HIV_0000000009,Reported number of people receiving antiretroviral therapy,https://www.who.int/data/gho/indicator-metadata-registry/imr-details/2924,PUBLISHED,Published,,2018,2018,,SEAR,South-East Asia,,IND,India,,No data,,,,,,
HIV_0000000009,Reported number of people receiving antiretroviral therapy,https://www.who.int/data/gho/indicator-metadata-registry/imr-details/2924,PUBLISHED,Published,,2018,2018,,SEAR,South-East Asia,,IDN,Indonesia,,108 000,108000.0,,,,,
HIV_0000000009,Reported number of people receiving antiretroviral therapy,https://www.who.int/data/gho/indicator-metadata-registry/imr-details/2924,PUBLISHED,Published,,2018,2018,,EMR,Eastern Mediterranean,,IRN,Iran (Islamic Republic of),,12 400,12400.0,,,,,
HIV_0000000009,Reported number of people receiving antiretroviral therapy,https://www.who.int/data/gho/indicator-metadata-registry/imr-details/2924,PUBLISHED,Published,,2018,2018,,EUR,Europe,,IRL,Ireland,,5700,5700.0,,,,,
HIV_0000000009,Reported number of people receiving antiretroviral therapy,https://www.who.int/data/gho/indicator-metadata-registry/imr-details/2924,PUBLISHED,Published,,2018,2018,,EUR,Europe,,ISR,Israel,,No data,,,,,,
HIV_0000000009,Reported number of people receiving antiretroviral therapy,https://www.who.int/data/gho/indicator-metadata-registry/imr-details/2924,PUBLISHED,Published,,2018,2018,,EUR,Europe,,ITA,Italy,,118 000,118000.0,,,,,
HIV_0000000009,Reported number of people receiving antiretroviral therapy,https://www.who.int/data/gho/indicator-metadata-registry/imr-details/2924,PUBLISHED,Published,,2018,2018,,AMR,Americas,,JAM,Jamaica,,12 600,12600.0,,,,,
HIV_0000000009,Reported number of people receiving antiretroviral therapy,https://www.who.int/data/gho/indicator-metadata-registry/imr-details/2924,PUBLISHED,Published,,2018,2018,,WPR,Western Pacific,,JPN,Japan,,23 700,23700.0,,,,,
HIV_0000000009,Reported number of people receiving antiretroviral therapy,https://www.who.int/data/gho/indicator-metadata-registry/imr-details/2924,PUBLISHED,Published,,2018,2018,,EMR,Eastern Mediterranean,,JOR,Jordan,,310,310.0,,,,,
HIV_0000000009,Reported number of people receiving antiretroviral therapy,https://www.who.int/data/gho/indicator-metadata-registry/imr-details/2924,PUBLISHED,Published,,2018,2018,,EUR,Europe,,KAZ,Kazakhstan,,15 000,15000.0,,,,,
HIV_0000000009,Reported number of people receiving antiretroviral therapy,https://www.who.int/data/gho/indicator-metadata-registry/imr-details/2924,PUBLISHED,Published,,2018,2018,,AFR,Africa,,KEN,Kenya,,1 068 000,1068000.0,,,,,
HIV_0000000009,Reported number of people receiving antiretroviral therapy,https://www.who.int/data/gho/indicator-metadata-registry/imr-details/2924,PUBLISHED,Published,,2018,2018,,EMR,Eastern Mediterranean,,KWT,Kuwait,,400,400.0,,,,,
HIV_0000000009,Reported number of people receiving antiretroviral therapy,https://www.who.int/data/gho/indicator-metadata-registry/imr-details/2924,PUBLISHED,Published,,2018,2018,,EUR,Europe,,KGZ,Kyrgyzstan,,3700,3700.0,,,,,
HIV_0000000009,Reported number of people receiving antiretroviral therapy,https://www.who.int/data/gho/indicator-metadata-registry/imr-details/2924,PUBLISHED,Published,,2018,2018,,WPR,Western Pacific,,LAO,Lao People's Democratic Republic,,6500,6500.0,,,,,
HIV_0000000009,Reported number of people receiving antiretroviral therapy,https://www.who.int/data/gho/indicator-metadata-registry/imr-details/2924,PUBLISHED,Published,,2018,2018,,EUR,Europe,,LVA,Latvia,,2400,2400.0,,,,,
HIV_0000000009,Reported number of people receiving antiretroviral therapy,https://www.who.int/data/gho/indicator-metadata-registry/imr-details/2924,PUBLISHED,Published,,2018,2018,,EMR,Eastern Mediterranean,,LBN,Lebanon,,1500,1500.0,,,,,
HIV_0000000009,Reported number of people receiving antiretroviral therapy,https://www.who.int/data/gho/indicator-metadata-registry/imr-details/2924,PUBLISHED,Published,,2018,2018,,AFR,Africa,,LSO,Lesotho,,206 000,206000.0,,,,,
HIV_0000000009,Reported number of people receiving antiretroviral therapy,https://www.who.int/data/gho/indicator-metadata-registry/imr-details/2924,PUBLISHED,Published,,2018,2018,,AFR,Africa,,LBR,Liberia,,13 900,13900.0,,,,,
HIV_0000000009,Reported number of people receiving antiretroviral therapy,https://www.who.int/data/gho/indicator-metadata-registry/imr-details/2924,PUBLISHED,Published,,2018,2018,,EMR,Eastern Mediterranean,,LBY,Libya,,4100,4100.0,,,,,
HIV_0000000009,Reported number of people receiving antiretroviral therapy,https://www.who.int/data/gho/indicator-metadata-registry/imr-details/2924,PUBLISHED,Published,,2018,2018,,EUR,Europe,,LTU,Lithuania,,No data,,,,,,
HIV_0000000009,Reported number of people receiving antiretroviral therapy,https://www.who.int/data/gho/indicator-metadata-registry/imr-details/2924,PUBLISHED,Published,,2018,2018,,EUR,Europe,,LUX,Luxembourg,,890,890.0,,,,,
HIV_0000000009,Reported number of people receiving antiretroviral therapy,https://www.who.int/data/gho/indicator-metadata-registry/imr-details/2924,PUBLISHED,Published,,2018,2018,,AFR,Africa,,MDG,Madagascar,,3500,3500.0,,,,,
HIV_0000000009,Reported number of people receiving antiretroviral therapy,https://www.who.int/data/gho/indicator-metadata-registry/imr-details/2924,PUBLISHED,Published,,2018,2018,,AFR,Africa,,MWI,Malawi,,814 000,814000.0,,,,,
HIV_0000000009,Reported number of people receiving antiretroviral therapy,https://www.who.int/data/gho/indicator-metadata-registry/imr-details/2924,PUBLISHED,Published,,2018,2018,,WPR,Western Pacific,,MYS,Malaysia,,41 500,41500.0,,,,,
HIV_0000000009,Reported number of people receiving antiretroviral therapy,https://www.who.int/data/gho/indicator-metadata-registry/imr-details/2924,PUBLISHED,Published,,2018,2018,,SEAR,South-East Asia,,MDV,Maldives,,No data,,,,,,
HIV_0000000009,Reported number of people receiving antiretroviral therapy,https://www.who.int/data/gho/indicator-metadata-registry/imr-details/2924,PUBLISHED,Published,,2018,2018,,AFR,Africa,,MLI,Mali,,47 100,47100.0,,,,,
HIV_0000000009,Reported number of people receiving antiretroviral therapy,https://www.who.int/data/gho/indicator-metadata-registry/imr-details/2924,PUBLISHED,Published,,2018,2018,,EUR,Europe,,MLT,Malta,,No data,,,,,,
HIV_0000000009,Reported number of people receiving antiretroviral therapy,https://www.who.int/data/gho/indicator-metadata-registry/imr-details/2924,PUBLISHED,Published,,2018,2018,,AFR,Africa,,MRT,Mauritania,,3000,3000.0,,,,,
HIV_0000000009,Reported number of people receiving antiretroviral therapy,https://www.who.int/data/gho/indicator-metadata-registry/imr-details/2924,PUBLISHED,Published,,2018,2018,,AFR,Africa,,MUS,Mauritius,,2800,2800.0,,,,,
HIV_0000000009,Reported number of people receiving antiretroviral therapy,https://www.who.int/data/gho/indicator-metadata-registry/imr-details/2924,PUBLISHED,Published,,2018,2018,,AMR,Americas,,MEX,Mexico,,165 000,165000.0,,,,,
HIV_0000000009,Reported number of people receiving antiretroviral therapy,https://www.who.int/data/gho/indicator-metadata-registry/imr-details/2924,PUBLISHED,Published,,2018,2018,,WPR,Western Pacific,,MNG,Mongolia,,200,200.0,,,,,
HIV_0000000009,Reported number of people receiving antiretroviral therapy,https://www.who.int/data/gho/indicator-metadata-registry/imr-details/2924,PUBLISHED,Published,,2018,2018,,EUR,Europe,,MNE,Montenegro,,160,160.0,,,,,
HIV_0000000009,Reported number of people receiving antiretroviral therapy,https://www.who.int/data/gho/indicator-metadata-registry/imr-details/2924,PUBLISHED,Published,,2018,2018,,EMR,Eastern Mediterranean,,MAR,Morocco,,13 600,13600.0,,,,,
HIV_0000000009,Reported number of people receiving antiretroviral therapy,https://www.who.int/data/gho/indicator-metadata-registry/imr-details/2924,PUBLISHED,Published,,2018,2018,,AFR,Africa,,MOZ,Mozambique,,1 213 000,1213000.0,,,,,
HIV_0000000009,Reported number of people receiving antiretroviral therapy,https://www.who.int/data/gho/indicator-metadata-registry/imr-details/2924,PUBLISHED,Published,,2018,2018,,SEAR,South-East Asia,,MMR,Myanmar,,167 000,167000.0,,,,,
HIV_0000000009,Reported number of people receiving antiretroviral therapy,https://www.who.int/data/gho/indicator-metadata-registry/imr-details/2924,PUBLISHED,Published,,2018,2018,,AFR,Africa,,NAM,Namibia,,184 000,184000.0,,,,,
HIV_0000000009,Reported number of people receiving antiretroviral therapy,https://www.who.int/data/gho/indicator-metadata-registry/imr-details/2924,PUBLISHED,Published,,2018,2018,,SEAR,South-East Asia,,NPL,Nepal,,16 900,16900.0,,,,,
HIV_0000000009,Reported number of people receiving antiretroviral therapy,https://www.who.int/data/gho/indicator-metadata-registry/imr-details/2924,PUBLISHED,Published,,2018,2018,,EUR,Europe,,NLD,Netherlands,,No data,,,,,,
HIV_0000000009,Reported number of people receiving antiretroviral therapy,https://www.who.int/data/gho/indicator-metadata-registry/imr-details/2924,PUBLISHED,Published,,2018,2018,,WPR,Western Pacific,,NZL,New Zealand,,2700,2700.0,,,,,
HIV_0000000009,Reported number of people receiving antiretroviral therapy,https://www.who.int/data/gho/indicator-metadata-registry/imr-details/2924,PUBLISHED,Published,,2018,2018,,AMR,Americas,,NIC,Nicaragua,,5000,5000.0,,,,,
HIV_0000000009,Reported number of people receiving antiretroviral therapy,https://www.who.int/data/gho/indicator-metadata-registry/imr-details/2924,PUBLISHED,Published,,2018,2018,,AFR,Africa,,NER,Niger,,19 800,19800.0,,,,,
HIV_0000000009,Reported number of people receiving antiretroviral therapy,https://www.who.int/data/gho/indicator-metadata-registry/imr-details/2924,PUBLISHED,Published,,2018,2018,,AFR,Africa,,NGA,Nigeria,,1 016 000,1016000.0,,,,,
HIV_0000000009,Reported number of people receiving antiretroviral therapy,https://www.who.int/data/gho/indicator-metadata-registry/imr-details/2924,PUBLISHED,Published,,2018,2018,,EUR,Europe,,NOR,Norway,,4700,4700.0,,,,,
HIV_0000000009,Reported number of people receiving antiretroviral therapy,https://www.who.int/data/gho/indicator-metadata-registry/imr-details/2924,PUBLISHED,Published,,2018,2018,,EMR,Eastern Mediterranean,,OMN,Oman,,1300,1300.0,,,,,
HIV_0000000009,Reported number of people receiving antiretroviral therapy,https://www.who.int/data/gho/indicator-metadata-registry/imr-details/2924,PUBLISHED,Published,,2018,2018,,EMR,Eastern Mediterranean,,PAK,Pakistan,,15 800,15800.0,,,,,
HIV_0000000009,Reported number of people receiving antiretroviral therapy,https://www.who.int/data/gho/indicator-metadata-registry/imr-details/2924,PUBLISHED,Published,,2018,2018,,AMR,Americas,,PAN,Panama,,14 200,14200.0,,,,,
HIV_0000000009,Reported number of people receiving antiretroviral therapy,https://www.who.int/data/gho/indicator-metadata-registry/imr-details/2924,PUBLISHED,Published,,2018,2018,,WPR,Western Pacific,,PNG,Papua New Guinea,,29 400,29400.0,,,,,
HIV_0000000009,Reported number of people receiving antiretroviral therapy,https://www.who.int/data/gho/indicator-metadata-registry/imr-details/2924,PUBLISHED,Published,,2018,2018,,AMR,Americas,,PRY,Paraguay,,8500,8500.0,,,,,
HIV_0000000009,Reported number of people receiving antiretroviral therapy,https://www.who.int/data/gho/indicator-metadata-registry/imr-details/2924,PUBLISHED,Published,,2018,2018,,AMR,Americas,,PER,Peru,,57 800,57800.0,,,,,
HIV_0000000009,Reported number of people receiving antiretroviral therapy,https://www.who.int/data/gho/indicator-metadata-registry/imr-details/2924,PUBLISHED,Published,,2018,2018,,WPR,Western Pacific,,PHL,Philippines,,33 600,33600.0,,,,,
HIV_0000000009,Reported number of people receiving antiretroviral therapy,https://www.who.int/data/gho/indicator-metadata-registry/imr-details/2924,PUBLISHED,Published,,2018,2018,,EUR,Europe,,POL,Poland,,No data,,,,,,
HIV_0000000009,Reported number of people receiving antiretroviral therapy,https://www.who.int/data/gho/indicator-metadata-registry/imr-details/2924,PUBLISHED,Published,,2018,2018,,EUR,Europe,,PRT,Portugal,,37 200,37200.0,,,,,
HIV_0000000009,Reported number of people receiving antiretroviral therapy,https://www.who.int/data/gho/indicator-metadata-registry/imr-details/2924,PUBLISHED,Published,,2018,2018,,EMR,Eastern Mediterranean,,QAT,Qatar,,150,150.0,,,,,
HIV_0000000009,Reported number of people receiving antiretroviral therapy,https://www.who.int/data/gho/indicator-metadata-registry/imr-details/2924,PUBLISHED,Published,,2018,2018,,WPR,Western Pacific,,KOR,Republic of Korea,,No data,,,,,,
HIV_0000000009,Reported number of people receiving antiretroviral therapy,https://www.who.int/data/gho/indicator-metadata-registry/imr-details/2924,PUBLISHED,Published,,2018,2018,,EUR,Europe,,MDA,Republic of Moldova,,6000,6000.0,,,,,
HIV_0000000009,Reported number of people receiving antiretroviral therapy,https://www.who.int/data/gho/indicator-metadata-registry/imr-details/2924,PUBLISHED,Published,,2018,2018,,EUR,Europe,,MKD,Republic of North Macedonia,,240,240.0,,,,,
HIV_0000000009,Reported number of people receiving antiretroviral therapy,https://www.who.int/data/gho/indicator-metadata-registry/imr-details/2924,PUBLISHED,Published,,2018,2018,,EUR,Europe,,ROU,Romania,,12 100,12100.0,,,,,
HIV_0000000009,Reported number of people receiving antiretroviral therapy,https://www.who.int/data/gho/indicator-metadata-registry/imr-details/2924,PUBLISHED,Published,,2018,2018,,EUR,Europe,,RUS,Russian Federation,,No data,,,,,,
HIV_0000000009,Reported number of people receiving antiretroviral therapy,https://www.who.int/data/gho/indicator-metadata-registry/imr-details/2924,PUBLISHED,Published,,2018,2018,,AFR,Africa,,RWA,Rwanda,,194 000,194000.0,,,,,
HIV_0000000009,Reported number of people receiving antiretroviral therapy,https://www.who.int/data/gho/indicator-metadata-registry/imr-details/2924,PUBLISHED,Published,,2018,2018,,EMR,Eastern Mediterranean,,SAU,Saudi Arabia,,6300,6300.0,,,,,
HIV_0000000009,Reported number of people receiving antiretroviral therapy,https://www.who.int/data/gho/indicator-metadata-registry/imr-details/2924,PUBLISHED,Published,,2018,2018,,AFR,Africa,,SEN,Senegal,,26 600,26600.0,,,,,
HIV_0000000009,Reported number of people receiving antiretroviral therapy,https://www.who.int/data/gho/indicator-metadata-registry/imr-details/2924,PUBLISHED,Published,,2018,2018,,EUR,Europe,,SRB,Serbia,,2000,2000.0,,,,,
HIV_0000000009,Reported number of people receiving antiretroviral therapy,https://www.who.int/data/gho/indicator-metadata-registry/imr-details/2924,PUBLISHED,Published,,2018,2018,,AFR,Africa,,SLE,Sierra Leone,,28 400,28400.0,,,,,
HIV_0000000009,Reported number of people receiving antiretroviral therapy,https://www.who.int/data/gho/indicator-metadata-registry/imr-details/2924,PUBLISHED,Published,,2018,2018,,WPR,Western Pacific,,SGP,Singapore,,6200,6200.0,,,,,
HIV_0000000009,Reported number of people receiving antiretroviral therapy,https://www.who.int/data/gho/indicator-metadata-registry/imr-details/2924,PUBLISHED,Published,,2018,2018,,EUR,Europe,,SVK,Slovakia,,650,650.0,,,,,
HIV_0000000009,Reported number of people receiving antiretroviral therapy,https://www.who.int/data/gho/indicator-metadata-registry/imr-details/2924,PUBLISHED,Published,,2018,2018,,EUR,Europe,,SVN,Slovenia,,No data,,,,,,
HIV_0000000009,Reported number of people receiving antiretroviral therapy,https://www.who.int/data/gho/indicator-metadata-registry/imr-details/2924,PUBLISHED,Published,,2018,2018,,EMR,Eastern Mediterranean,,SOM,Somalia,,3300,3300.0,,,,,
HIV_0000000009,Reported number of people receiving antiretroviral therapy,https://www.who.int/data/gho/indicator-metadata-registry/imr-details/2924,PUBLISHED,Published,,2018,2018,,AFR,Africa,,ZAF,South Africa,,4 788 000,4788000.0,,,,,
HIV_0000000009,Reported number of people receiving antiretroviral therapy,https://www.who.int/data/gho/indicator-metadata-registry/imr-details/2924,PUBLISHED,Published,,2018,2018,,AFR,Africa,,SSD,South Sudan,,30 700,30700.0,,,,,
HIV_0000000009,Reported number of people receiving antiretroviral therapy,https://www.who.int/data/gho/indicator-metadata-registry/imr-details/2924,PUBLISHED,Published,,2018,2018,,EUR,Europe,,ESP,Spain,,125 000,125000.0,,,,,
HIV_0000000009,Reported number of people receiving antiretroviral therapy,https://www.who.int/data/gho/indicator-metadata-registry/imr-details/2924,PUBLISHED,Published,,2018,2018,,SEAR,South-East Asia,,LKA,Sri Lanka,,1600,1600.0,,,,,
HIV_0000000009,Reported number of people receiving antiretroviral therapy,https://www.who.int/data/gho/indicator-metadata-registry/imr-details/2924,PUBLISHED,Published,,2018,2018,,EMR,Eastern Mediterranean,,SDN,Sudan,,9000,9000.0,,,,,
HIV_0000000009,Reported number of people receiving antiretroviral therapy,https://www.who.int/data/gho/indicator-metadata-registry/imr-details/2924,PUBLISHED,Published,,2018,2018,,AMR,Americas,,SUR,Suriname,,2900,2900.0,,,,,
HIV_0000000009,Reported number of people receiving antiretroviral therapy,https://www.who.int/data/gho/indicator-metadata-registry/imr-details/2924,PUBLISHED,Published,,2018,2018,,EUR,Europe,,SWE,Sweden,,No data,,,,,,
HIV_0000000009,Reported number of people receiving antiretroviral therapy,https://www.who.int/data/gho/indicator-metadata-registry/imr-details/2924,PUBLISHED,Published,,2018,2018,,EUR,Europe,,CHE,Switzerland,,14 800,14800.0,,,,,
HIV_0000000009,Reported number of people receiving antiretroviral therapy,https://www.who.int/data/gho/indicator-metadata-registry/imr-details/2924,PUBLISHED,Published,,2018,2018,,EMR,Eastern Mediterranean,,SYR,Syrian Arab Republic,,130,130.0,,,,,
HIV_0000000009,Reported number of people receiving antiretroviral therapy,https://www.who.int/data/gho/indicator-metadata-registry/imr-details/2924,PUBLISHED,Published,,2018,2018,,EUR,Europe,,TJK,Tajikistan,,6000,6000.0,,,,,
HIV_0000000009,Reported number of people receiving antiretroviral therapy,https://www.who.int/data/gho/indicator-metadata-registry/imr-details/2924,PUBLISHED,Published,,2018,2018,,SEAR,South-East Asia,,THA,Thailand,,359 000,359000.0,,,,,
HIV_0000000009,Reported number of people receiving antiretroviral therapy,https://www.who.int/data/gho/indicator-metadata-registry/imr-details/2924,PUBLISHED,Published,,2018,2018,,SEAR,South-East Asia,,TLS,Timor-Leste,,No data,,,,,,
HIV_0000000009,Reported number of people receiving antiretroviral therapy,https://www.who.int/data/gho/indicator-metadata-registry/imr-details/2924,PUBLISHED,Published,,2018,2018,,AFR,Africa,,TGO,Togo,,64 800,64800.0,,,,,
HIV_0000000009,Reported number of people receiving antiretroviral therapy,https://www.who.int/data/gho/indicator-metadata-registry/imr-details/2924,PUBLISHED,Published,,2018,2018,,AMR,Americas,,TTO,Trinidad and Tobago,,No data,,,,,,
HIV_0000000009,Reported number of people receiving antiretroviral therapy,https://www.who.int/data/gho/indicator-metadata-registry/imr-details/2924,PUBLISHED,Published,,2018,2018,,EMR,Eastern Mediterranean,,TUN,Tunisia,,1100,1100.0,,,,,
HIV_0000000009,Reported number of people receiving antiretroviral therapy,https://www.who.int/data/gho/indicator-metadata-registry/imr-details/2924,PUBLISHED,Published,,2018,2018,,EUR,Europe,,TUR,Turkey,,No data,,,,,,
HIV_0000000009,Reported number of people receiving antiretroviral therapy,https://www.who.int/data/gho/indicator-metadata-registry/imr-details/2924,PUBLISHED,Published,,2018,2018,,EUR,Europe,,TKM,Turkmenistan,,No data,,,,,,
HIV_0000000009,Reported number of people receiving antiretroviral therapy,https://www.who.int/data/gho/indicator-metadata-registry/imr-details/2924,PUBLISHED,Published,,2018,2018,,AFR,Africa,,UGA,Uganda,,1 004 000,1004000.0,,,,,
HIV_0000000009,Reported number of people receiving antiretroviral therapy,https://www.who.int/data/gho/indicator-metadata-registry/imr-details/2924,PUBLISHED,Published,,2018,2018,,EUR,Europe,,UKR,Ukraine,,124 000,124000.0,,,,,
HIV_0000000009,Reported number of people receiving antiretroviral therapy,https://www.who.int/data/gho/indicator-metadata-registry/imr-details/2924,PUBLISHED,Published,,2018,2018,,EMR,Eastern Mediterranean,,ARE,United Arab Emirates,,No data,,,,,,
HIV_0000000009,Reported number of people receiving antiretroviral therapy,https://www.who.int/data/gho/indicator-metadata-registry/imr-details/2924,PUBLISHED,Published,,2018,2018,,EUR,Europe,,GBR,United Kingdom of Great Britain and Northern Ireland,,No data,,,,,,
HIV_0000000009,Reported number of people receiving antiretroviral therapy,https://www.who.int/data/gho/indicator-metadata-registry/imr-details/2924,PUBLISHED,Published,,2018,2018,,AFR,Africa,,TZA,United Republic of Tanzania,,1 109 000,1109000.0,,,,,
HIV_0000000009,Reported number of people receiving antiretroviral therapy,https://www.who.int/data/gho/indicator-metadata-registry/imr-details/2924,PUBLISHED,Published,,2018,2018,,AMR,Americas,,USA,United States of America,,No data,,,,,,
HIV_0000000009,Reported number of people receiving antiretroviral therapy,https://www.who.int/data/gho/indicator-metadata-registry/imr-details/2924,PUBLISHED,Published,,2018,2018,,AMR,Americas,,URY,Uruguay,,8100,8100.0,,,,,
HIV_0000000009,Reported number of people receiving antiretroviral therapy,https://www.who.int/data/gho/indicator-metadata-registry/imr-details/2924,PUBLISHED,Published,,2018,2018,,EUR,Europe,,UZB,Uzbekistan,,26 700,26700.0,,,,,
HIV_0000000009,Reported number of people receiving antiretroviral therapy,https://www.who.int/data/gho/indicator-metadata-registry/imr-details/2924,PUBLISHED,Published,,2018,2018,,AMR,Americas,,VEN,Venezuela (Bolivarian Republic of),,No data,,,,,,
HIV_0000000009,Reported number of people receiving antiretroviral therapy,https://www.who.int/data/gho/indicator-metadata-registry/imr-details/2924,PUBLISHED,Published,,2018,2018,,WPR,Western Pacific,,VNM,Viet Nam,,150 000,150000.0,,,,,
HIV_0000000009,Reported number of people receiving antiretroviral therapy,https://www.who.int/data/gho/indicator-metadata-registry/imr-details/2924,PUBLISHED,Published,,2018,2018,,EMR,Eastern Mediterranean,,YEM,Yemen,,2200,2200.0,,,,,
HIV_0000000009,Reported number of people receiving antiretroviral therapy,https://www.who.int/data/gho/indicator-metadata-registry/imr-details/2924,PUBLISHED,Published,,2018,2018,,AFR,Africa,,ZMB,Zambia,,965 000,965000.0,,,,,
HIV_0000000009,Reported number of people receiving antiretroviral therapy,https://www.who.int/data/gho/indicator-metadata-registry/imr-details/2924,PUBLISHED,Published,,2018,2018,,AFR,Africa,,ZWE,Zimbabwe,,1 151 000,1151000.0,,,,,
