GHO (CODE),GHO (DISPLAY),GHO (URL),PUBLISHSTATE (CODE),PUBLISHSTATE (DISPLAY),PUBLISHSTATE (URL),YEAR (CODE),YEAR (DISPLAY),YEAR (URL),REGION (CODE),REGION (DISPLAY),REGION (URL),COUNTRY (CODE),COUNTRY (DISPLAY),COUNTRY (URL),Display Value,Numeric,Low,High,StdErr,StdDev,Comments
HRH_07,Number of traditional birth attendants,https://www.who.int/data/gho/indicator-metadata-registry/imr-details/102,PUBLISHED,Published,,2004,2004,,AFR,Africa,,BDI,Burundi,,109,109.0,,,,,
HRH_07,Number of traditional birth attendants,https://www.who.int/data/gho/indicator-metadata-registry/imr-details/102,PUBLISHED,Published,,2004,2004,,AFR,Africa,,BEN,Benin,,88,88.0,,,,,
HRH_07,Number of traditional birth attendants,https://www.who.int/data/gho/indicator-metadata-registry/imr-details/102,PUBLISHED,Published,,2004,2004,,AFR,Africa,,BFA,Burkina Faso,,90,90.0,,,,,
HRH_07,Number of traditional birth attendants,https://www.who.int/data/gho/indicator-metadata-registry/imr-details/102,PUBLISHED,Published,,2004,2004,,SEAR,South-East Asia,,BGD,Bangladesh,,25000,25000.0,,,,,
HRH_07,Number of traditional birth attendants,https://www.who.int/data/gho/indicator-metadata-registry/imr-details/102,PUBLISHED,Published,,2004,2004,,AFR,Africa,,CAF,Central African Republic,,112,112.0,,,,,
HRH_07,Number of traditional birth attendants,https://www.who.int/data/gho/indicator-metadata-registry/imr-details/102,PUBLISHED,Published,,2004,2004,,AFR,Africa,,COG,Congo,,124,124.0,,,,,
HRH_07,Number of traditional birth attendants,https://www.who.int/data/gho/indicator-metadata-registry/imr-details/102,PUBLISHED,Published,,2004,2004,,AFR,Africa,,COM,Comoros,,41,41.0,,,,,
HRH_07,Number of traditional birth attendants,https://www.who.int/data/gho/indicator-metadata-registry/imr-details/102,PUBLISHED,Published,,2004,2004,,EMR,Eastern Mediterranean,,DJI,Djibouti,,23,23.0,,,,,
HRH_07,Number of traditional birth attendants,https://www.who.int/data/gho/indicator-metadata-registry/imr-details/102,PUBLISHED,Published,,2002,2002,,AFR,Africa,,DZA,Algeria,,1062,1062.0,,,,,
HRH_07,Number of traditional birth attendants,https://www.who.int/data/gho/indicator-metadata-registry/imr-details/102,PUBLISHED,Published,,2007,2007,,AFR,Africa,,DZA,Algeria,,993,993.0,,,,,
HRH_07,Number of traditional birth attendants,https://www.who.int/data/gho/indicator-metadata-registry/imr-details/102,PUBLISHED,Published,,2003,2003,,AFR,Africa,,ETH,Ethiopia,,5219,5219.0,,,,,
HRH_07,Number of traditional birth attendants,https://www.who.int/data/gho/indicator-metadata-registry/imr-details/102,PUBLISHED,Published,,2004,2004,,AFR,Africa,,GIN,Guinea,,93,93.0,,,,,
HRH_07,Number of traditional birth attendants,https://www.who.int/data/gho/indicator-metadata-registry/imr-details/102,PUBLISHED,Published,,2005,2005,,AFR,Africa,,GIN,Guinea,,170,170.0,,,,,
HRH_07,Number of traditional birth attendants,https://www.who.int/data/gho/indicator-metadata-registry/imr-details/102,PUBLISHED,Published,,2003,2003,,AFR,Africa,,GMB,Gambia,,556,556.0,,,,,
HRH_07,Number of traditional birth attendants,https://www.who.int/data/gho/indicator-metadata-registry/imr-details/102,PUBLISHED,Published,,2004,2004,,AFR,Africa,,GNB,Guinea-Bissau,,2131,2131.0,,,,,
HRH_07,Number of traditional birth attendants,https://www.who.int/data/gho/indicator-metadata-registry/imr-details/102,PUBLISHED,Published,,2004,2004,,AFR,Africa,,GNQ,Equatorial Guinea,,967,967.0,,,,,
HRH_07,Number of traditional birth attendants,https://www.who.int/data/gho/indicator-metadata-registry/imr-details/102,PUBLISHED,Published,,2004,2004,,AFR,Africa,,LBR,Liberia,,142,142.0,,,,,
HRH_07,Number of traditional birth attendants,https://www.who.int/data/gho/indicator-metadata-registry/imr-details/102,PUBLISHED,Published,,2007,2007,,SEAR,South-East Asia,,MDV,Maldives,,307,307.0,,,,,
HRH_07,Number of traditional birth attendants,https://www.who.int/data/gho/indicator-metadata-registry/imr-details/102,PUBLISHED,Published,,2009,2009,,SEAR,South-East Asia,,MDV,Maldives,,119,119.0,,,,,
HRH_07,Number of traditional birth attendants,https://www.who.int/data/gho/indicator-metadata-registry/imr-details/102,PUBLISHED,Published,,2010,2010,,SEAR,South-East Asia,,MDV,Maldives,,214,214.0,,,,,
HRH_07,Number of traditional birth attendants,https://www.who.int/data/gho/indicator-metadata-registry/imr-details/102,PUBLISHED,Published,,1989,1989,,SEAR,South-East Asia,,MDV,Maldives,,557,557.0,,,,,
HRH_07,Number of traditional birth attendants,https://www.who.int/data/gho/indicator-metadata-registry/imr-details/102,PUBLISHED,Published,,1991,1991,,SEAR,South-East Asia,,MDV,Maldives,,694,694.0,,,,,
HRH_07,Number of traditional birth attendants,https://www.who.int/data/gho/indicator-metadata-registry/imr-details/102,PUBLISHED,Published,,1993,1993,,SEAR,South-East Asia,,MDV,Maldives,,658,658.0,,,,,
HRH_07,Number of traditional birth attendants,https://www.who.int/data/gho/indicator-metadata-registry/imr-details/102,PUBLISHED,Published,,1996,1996,,SEAR,South-East Asia,,MDV,Maldives,,477,477.0,,,,,
HRH_07,Number of traditional birth attendants,https://www.who.int/data/gho/indicator-metadata-registry/imr-details/102,PUBLISHED,Published,,2004,2004,,SEAR,South-East Asia,,MDV,Maldives,,404,404.0,,,,,
HRH_07,Number of traditional birth attendants,https://www.who.int/data/gho/indicator-metadata-registry/imr-details/102,PUBLISHED,Published,,2007,2007,,AFR,Africa,,MLI,Mali,,1106,1106.0,,,,,
HRH_07,Number of traditional birth attendants,https://www.who.int/data/gho/indicator-metadata-registry/imr-details/102,PUBLISHED,Published,,2009,2009,,AFR,Africa,,MRT,Mauritania,,975,975.0,,,,,
HRH_07,Number of traditional birth attendants,https://www.who.int/data/gho/indicator-metadata-registry/imr-details/102,PUBLISHED,Published,,2004,2004,,AFR,Africa,,MRT,Mauritania,,429,429.0,,,,,
HRH_07,Number of traditional birth attendants,https://www.who.int/data/gho/indicator-metadata-registry/imr-details/102,PUBLISHED,Published,,2004,2004,,EMR,Eastern Mediterranean,,SDN,Sudan,,1081,1081.0,,,,,
HRH_07,Number of traditional birth attendants,https://www.who.int/data/gho/indicator-metadata-registry/imr-details/102,PUBLISHED,Published,,2004,2004,,AFR,Africa,,STP,Sao Tome and Principe,,224,224.0,,,,,
HRH_07,Number of traditional birth attendants,https://www.who.int/data/gho/indicator-metadata-registry/imr-details/102,PUBLISHED,Published,,2004,2004,,AFR,Africa,,SWZ,Eswatini,,700,700.0,,,,,
HRH_07,Number of traditional birth attendants,https://www.who.int/data/gho/indicator-metadata-registry/imr-details/102,PUBLISHED,Published,,2004,2004,,AFR,Africa,,TCD,Chad,,114,114.0,,,,,
HRH_07,Number of traditional birth attendants,https://www.who.int/data/gho/indicator-metadata-registry/imr-details/102,PUBLISHED,Published,,2004,2004,,AFR,Africa,,TGO,Togo,,475,475.0,,,,,
HRH_07,Number of traditional birth attendants,https://www.who.int/data/gho/indicator-metadata-registry/imr-details/102,PUBLISHED,Published,,2004,2004,,SEAR,South-East Asia,,TLS,Timor-Leste,,1647,1647.0,,,,,
HRH_07,Number of traditional birth attendants,https://www.who.int/data/gho/indicator-metadata-registry/imr-details/102,PUBLISHED,Published,,2004,2004,,EMR,Eastern Mediterranean,,YEM,Yemen,,3483,3483.0,,,,,
HRH_07,Number of traditional birth attendants,https://www.who.int/data/gho/indicator-metadata-registry/imr-details/102,PUBLISHED,Published,,2008,2008,,AFR,Africa,,ZMB,Zambia,,5215,5215.0,,,,,
HRH_07,Number of traditional birth attendants,https://www.who.int/data/gho/indicator-metadata-registry/imr-details/102,PUBLISHED,Published,,2005,2005,,AFR,Africa,,ZMB,Zambia,,5332,5332.0,,,,,
