GHO (CODE),GHO (DISPLAY),GHO (URL),PUBLISHSTATE (CODE),PUBLISHSTATE (DISPLAY),PUBLISHSTATE (URL),YEAR (CODE),YEAR (DISPLAY),YEAR (URL),REGION (CODE),REGION (DISPLAY),REGION (URL),COUNTRY (CODE),COUNTRY (DISPLAY),COUNTRY (URL),Display Value,Numeric,Low,High,StdErr,StdDev,Comments
HRH_14,Number of laboratory technicians/assistants,https://www.who.int/data/gho/indicator-metadata-registry/imr-details/103,PUBLISHED,Published,,2004,2004,,AFR,Africa,,AGO,Angola,,1376,1376.0,,,,,
HRH_14,Number of laboratory technicians/assistants,https://www.who.int/data/gho/indicator-metadata-registry/imr-details/103,PUBLISHED,Published,,2012,2012,,AFR,Africa,,BEN,Benin,,845,845.0,,,,,
HRH_14,Number of laboratory technicians/assistants,https://www.who.int/data/gho/indicator-metadata-registry/imr-details/103,PUBLISHED,Published,,2004,2004,,AFR,Africa,,BEN,Benin,,399,399.0,,,,,
HRH_14,Number of laboratory technicians/assistants,https://www.who.int/data/gho/indicator-metadata-registry/imr-details/103,PUBLISHED,Published,,2008,2008,,AFR,Africa,,BEN,Benin,,245,245.0,,,,,
HRH_14,Number of laboratory technicians/assistants,https://www.who.int/data/gho/indicator-metadata-registry/imr-details/103,PUBLISHED,Published,,2013,2013,,AFR,Africa,,BEN,Benin,,802,802.0,,,,,
HRH_14,Number of laboratory technicians/assistants,https://www.who.int/data/gho/indicator-metadata-registry/imr-details/103,PUBLISHED,Published,,2016,2016,,AFR,Africa,,BEN,Benin,,1166,1166.0,,,,,
HRH_14,Number of laboratory technicians/assistants,https://www.who.int/data/gho/indicator-metadata-registry/imr-details/103,PUBLISHED,Published,,2004,2004,,AFR,Africa,,BFA,Burkina Faso,,315,315.0,,,,,
HRH_14,Number of laboratory technicians/assistants,https://www.who.int/data/gho/indicator-metadata-registry/imr-details/103,PUBLISHED,Published,,2010,2010,,AFR,Africa,,BFA,Burkina Faso,,478,478.0,,,,,
HRH_14,Number of laboratory technicians/assistants,https://www.who.int/data/gho/indicator-metadata-registry/imr-details/103,PUBLISHED,Published,,2012,2012,,AFR,Africa,,BFA,Burkina Faso,,458,458.0,,,,,
HRH_14,Number of laboratory technicians/assistants,https://www.who.int/data/gho/indicator-metadata-registry/imr-details/103,PUBLISHED,Published,,2012,2012,,SEAR,South-East Asia,,BGD,Bangladesh,,6614,6614.0,,,,,
HRH_14,Number of laboratory technicians/assistants,https://www.who.int/data/gho/indicator-metadata-registry/imr-details/103,PUBLISHED,Published,,2010,2010,,SEAR,South-East Asia,,BGD,Bangladesh,,4717,4717.0,,,,,
HRH_14,Number of laboratory technicians/assistants,https://www.who.int/data/gho/indicator-metadata-registry/imr-details/103,PUBLISHED,Published,,2007,2007,,SEAR,South-East Asia,,BGD,Bangladesh,,2950,2950.0,,,,,
HRH_14,Number of laboratory technicians/assistants,https://www.who.int/data/gho/indicator-metadata-registry/imr-details/103,PUBLISHED,Published,,2011,2011,,SEAR,South-East Asia,,BGD,Bangladesh,,5775,5775.0,,,,,
HRH_14,Number of laboratory technicians/assistants,https://www.who.int/data/gho/indicator-metadata-registry/imr-details/103,PUBLISHED,Published,,2008,2008,,SEAR,South-East Asia,,BGD,Bangladesh,,3418,3418.0,,,,,
HRH_14,Number of laboratory technicians/assistants,https://www.who.int/data/gho/indicator-metadata-registry/imr-details/103,PUBLISHED,Published,,2009,2009,,SEAR,South-East Asia,,BGD,Bangladesh,,3912,3912.0,,,,,
HRH_14,Number of laboratory technicians/assistants,https://www.who.int/data/gho/indicator-metadata-registry/imr-details/103,PUBLISHED,Published,,2009,2009,,EMR,Eastern Mediterranean,,BHR,Bahrain,,271,271.0,,,,,
HRH_14,Number of laboratory technicians/assistants,https://www.who.int/data/gho/indicator-metadata-registry/imr-details/103,PUBLISHED,Published,,2008,2008,,EMR,Eastern Mediterranean,,BHR,Bahrain,,269,269.0,,,,,
HRH_14,Number of laboratory technicians/assistants,https://www.who.int/data/gho/indicator-metadata-registry/imr-details/103,PUBLISHED,Published,,2001,2001,,EMR,Eastern Mediterranean,,BHR,Bahrain,,205,205.0,,,,,
HRH_14,Number of laboratory technicians/assistants,https://www.who.int/data/gho/indicator-metadata-registry/imr-details/103,PUBLISHED,Published,,2002,2002,,EMR,Eastern Mediterranean,,BHR,Bahrain,,204,204.0,,,,,
HRH_14,Number of laboratory technicians/assistants,https://www.who.int/data/gho/indicator-metadata-registry/imr-details/103,PUBLISHED,Published,,2003,2003,,EMR,Eastern Mediterranean,,BHR,Bahrain,,208,208.0,,,,,
HRH_14,Number of laboratory technicians/assistants,https://www.who.int/data/gho/indicator-metadata-registry/imr-details/103,PUBLISHED,Published,,2005,2005,,EMR,Eastern Mediterranean,,BHR,Bahrain,,224,224.0,,,,,
HRH_14,Number of laboratory technicians/assistants,https://www.who.int/data/gho/indicator-metadata-registry/imr-details/103,PUBLISHED,Published,,2006,2006,,EMR,Eastern Mediterranean,,BHR,Bahrain,,254,254.0,,,,,
HRH_14,Number of laboratory technicians/assistants,https://www.who.int/data/gho/indicator-metadata-registry/imr-details/103,PUBLISHED,Published,,2011,2011,,EMR,Eastern Mediterranean,,BHR,Bahrain,,302,302.0,,,,,
HRH_14,Number of laboratory technicians/assistants,https://www.who.int/data/gho/indicator-metadata-registry/imr-details/103,PUBLISHED,Published,,2013,2013,,EMR,Eastern Mediterranean,,BHR,Bahrain,,293,293.0,,,,,
HRH_14,Number of laboratory technicians/assistants,https://www.who.int/data/gho/indicator-metadata-registry/imr-details/103,PUBLISHED,Published,,2014,2014,,EMR,Eastern Mediterranean,,BHR,Bahrain,,292,292.0,,,,,
HRH_14,Number of laboratory technicians/assistants,https://www.who.int/data/gho/indicator-metadata-registry/imr-details/103,PUBLISHED,Published,,2015,2015,,EMR,Eastern Mediterranean,,BHR,Bahrain,,295,295.0,,,,,
HRH_14,Number of laboratory technicians/assistants,https://www.who.int/data/gho/indicator-metadata-registry/imr-details/103,PUBLISHED,Published,,2010,2010,,EMR,Eastern Mediterranean,,BHR,Bahrain,,307,307.0,,,,,
HRH_14,Number of laboratory technicians/assistants,https://www.who.int/data/gho/indicator-metadata-registry/imr-details/103,PUBLISHED,Published,,2012,2012,,EMR,Eastern Mediterranean,,BHR,Bahrain,,298,298.0,,,,,
HRH_14,Number of laboratory technicians/assistants,https://www.who.int/data/gho/indicator-metadata-registry/imr-details/103,PUBLISHED,Published,,2004,2004,,EMR,Eastern Mediterranean,,BHR,Bahrain,,219,219.0,,,,,
HRH_14,Number of laboratory technicians/assistants,https://www.who.int/data/gho/indicator-metadata-registry/imr-details/103,PUBLISHED,Published,,2000,2000,,EMR,Eastern Mediterranean,,BHR,Bahrain,,194,194.0,,,,,
HRH_14,Number of laboratory technicians/assistants,https://www.who.int/data/gho/indicator-metadata-registry/imr-details/103,PUBLISHED,Published,,2011,2011,,AMR,Americas,,BHS,Bahamas,,104,104.0,,,,,
HRH_14,Number of laboratory technicians/assistants,https://www.who.int/data/gho/indicator-metadata-registry/imr-details/103,PUBLISHED,Published,,2008,2008,,AMR,Americas,,BHS,Bahamas,,114,114.0,,,,,
HRH_14,Number of laboratory technicians/assistants,https://www.who.int/data/gho/indicator-metadata-registry/imr-details/103,PUBLISHED,Published,,2007,2007,,AMR,Americas,,BOL,Bolivia (Plurinational State of),,327,327.0,,,,,
HRH_14,Number of laboratory technicians/assistants,https://www.who.int/data/gho/indicator-metadata-registry/imr-details/103,PUBLISHED,Published,,2010,2010,,AMR,Americas,,BOL,Bolivia (Plurinational State of),,489,489.0,,,,,
HRH_14,Number of laboratory technicians/assistants,https://www.who.int/data/gho/indicator-metadata-registry/imr-details/103,PUBLISHED,Published,,2011,2011,,AMR,Americas,,BOL,Bolivia (Plurinational State of),,562,562.0,,,,,
HRH_14,Number of laboratory technicians/assistants,https://www.who.int/data/gho/indicator-metadata-registry/imr-details/103,PUBLISHED,Published,,2000,2000,,AMR,Americas,,BRA,Brazil,,75753,75753.0,,,,,
HRH_14,Number of laboratory technicians/assistants,https://www.who.int/data/gho/indicator-metadata-registry/imr-details/103,PUBLISHED,Published,,1995,1995,,AMR,Americas,,BRB,Barbados,,49,49.0,,,,,
HRH_14,Number of laboratory technicians/assistants,https://www.who.int/data/gho/indicator-metadata-registry/imr-details/103,PUBLISHED,Published,,2001,2001,,AMR,Americas,,BRB,Barbados,,51,51.0,,,,,
HRH_14,Number of laboratory technicians/assistants,https://www.who.int/data/gho/indicator-metadata-registry/imr-details/103,PUBLISHED,Published,,2005,2005,,AMR,Americas,,BRB,Barbados,,2,2.0,,,,,
HRH_14,Number of laboratory technicians/assistants,https://www.who.int/data/gho/indicator-metadata-registry/imr-details/103,PUBLISHED,Published,,2011,2011,,WPR,Western Pacific,,BRN,Brunei Darussalam,,252,252.0,,,,,
HRH_14,Number of laboratory technicians/assistants,https://www.who.int/data/gho/indicator-metadata-registry/imr-details/103,PUBLISHED,Published,,2015,2015,,WPR,Western Pacific,,BRN,Brunei Darussalam,,27,27.0,,,,,
HRH_14,Number of laboratory technicians/assistants,https://www.who.int/data/gho/indicator-metadata-registry/imr-details/103,PUBLISHED,Published,,2012,2012,,WPR,Western Pacific,,BRN,Brunei Darussalam,,174,174.0,,,,,
HRH_14,Number of laboratory technicians/assistants,https://www.who.int/data/gho/indicator-metadata-registry/imr-details/103,PUBLISHED,Published,,2012,2012,,SEAR,South-East Asia,,BTN,Bhutan,,27,27.0,,,,,
HRH_14,Number of laboratory technicians/assistants,https://www.who.int/data/gho/indicator-metadata-registry/imr-details/103,PUBLISHED,Published,,2007,2007,,SEAR,South-East Asia,,BTN,Bhutan,,123,123.0,,,,,
HRH_14,Number of laboratory technicians/assistants,https://www.who.int/data/gho/indicator-metadata-registry/imr-details/103,PUBLISHED,Published,,2008,2008,,SEAR,South-East Asia,,BTN,Bhutan,,10,10.0,,,,,
HRH_14,Number of laboratory technicians/assistants,https://www.who.int/data/gho/indicator-metadata-registry/imr-details/103,PUBLISHED,Published,,2004,2004,,SEAR,South-East Asia,,BTN,Bhutan,,102,102.0,,,,,
HRH_14,Number of laboratory technicians/assistants,https://www.who.int/data/gho/indicator-metadata-registry/imr-details/103,PUBLISHED,Published,,2016,2016,,SEAR,South-East Asia,,BTN,Bhutan,,51,51.0,,,,,
HRH_14,Number of laboratory technicians/assistants,https://www.who.int/data/gho/indicator-metadata-registry/imr-details/103,PUBLISHED,Published,,2008,2008,,AFR,Africa,,BWA,Botswana,,255,255.0,,,,,
HRH_14,Number of laboratory technicians/assistants,https://www.who.int/data/gho/indicator-metadata-registry/imr-details/103,PUBLISHED,Published,,2009,2009,,AFR,Africa,,BWA,Botswana,,317,317.0,,,,,
HRH_14,Number of laboratory technicians/assistants,https://www.who.int/data/gho/indicator-metadata-registry/imr-details/103,PUBLISHED,Published,,2004,2004,,AFR,Africa,,BWA,Botswana,,181,181.0,,,,,
HRH_14,Number of laboratory technicians/assistants,https://www.who.int/data/gho/indicator-metadata-registry/imr-details/103,PUBLISHED,Published,,2004,2004,,AFR,Africa,,CAF,Central African Republic,,36,36.0,,,,,
HRH_14,Number of laboratory technicians/assistants,https://www.who.int/data/gho/indicator-metadata-registry/imr-details/103,PUBLISHED,Published,,2008,2008,,AFR,Africa,,CAF,Central African Republic,,32,32.0,,,,,
HRH_14,Number of laboratory technicians/assistants,https://www.who.int/data/gho/indicator-metadata-registry/imr-details/103,PUBLISHED,Published,,2009,2009,,AFR,Africa,,CAF,Central African Republic,,40,40.0,,,,,
HRH_14,Number of laboratory technicians/assistants,https://www.who.int/data/gho/indicator-metadata-registry/imr-details/103,PUBLISHED,Published,,2004,2004,,AMR,Americas,,CAN,Canada,,19389,19389.0,,,,,
HRH_14,Number of laboratory technicians/assistants,https://www.who.int/data/gho/indicator-metadata-registry/imr-details/103,PUBLISHED,Published,,2005,2005,,AMR,Americas,,CAN,Canada,,20103,20103.0,,,,,
HRH_14,Number of laboratory technicians/assistants,https://www.who.int/data/gho/indicator-metadata-registry/imr-details/103,PUBLISHED,Published,,1998,1998,,AMR,Americas,,CAN,Canada,,17534,17534.0,,,,,
HRH_14,Number of laboratory technicians/assistants,https://www.who.int/data/gho/indicator-metadata-registry/imr-details/103,PUBLISHED,Published,,2006,2006,,AMR,Americas,,CAN,Canada,,19841,19841.0,,,,,
HRH_14,Number of laboratory technicians/assistants,https://www.who.int/data/gho/indicator-metadata-registry/imr-details/103,PUBLISHED,Published,,2008,2008,,AMR,Americas,,CAN,Canada,,19859,19859.0,,,,,
HRH_14,Number of laboratory technicians/assistants,https://www.who.int/data/gho/indicator-metadata-registry/imr-details/103,PUBLISHED,Published,,2007,2007,,AMR,Americas,,CAN,Canada,,19813,19813.0,,,,,
HRH_14,Number of laboratory technicians/assistants,https://www.who.int/data/gho/indicator-metadata-registry/imr-details/103,PUBLISHED,Published,,2009,2009,,AMR,Americas,,CAN,Canada,,19885,19885.0,,,,,
HRH_14,Number of laboratory technicians/assistants,https://www.who.int/data/gho/indicator-metadata-registry/imr-details/103,PUBLISHED,Published,,2000,2000,,AMR,Americas,,CAN,Canada,,17789,17789.0,,,,,
HRH_14,Number of laboratory technicians/assistants,https://www.who.int/data/gho/indicator-metadata-registry/imr-details/103,PUBLISHED,Published,,2001,2001,,AMR,Americas,,CAN,Canada,,17935,17935.0,,,,,
HRH_14,Number of laboratory technicians/assistants,https://www.who.int/data/gho/indicator-metadata-registry/imr-details/103,PUBLISHED,Published,,2002,2002,,AMR,Americas,,CAN,Canada,,18259,18259.0,,,,,
HRH_14,Number of laboratory technicians/assistants,https://www.who.int/data/gho/indicator-metadata-registry/imr-details/103,PUBLISHED,Published,,2003,2003,,AMR,Americas,,CAN,Canada,,19092,19092.0,,,,,
HRH_14,Number of laboratory technicians/assistants,https://www.who.int/data/gho/indicator-metadata-registry/imr-details/103,PUBLISHED,Published,,2009,2009,,WPR,Western Pacific,,CHN,China,,220695,220695.0,,,,,
HRH_14,Number of laboratory technicians/assistants,https://www.who.int/data/gho/indicator-metadata-registry/imr-details/103,PUBLISHED,Published,,2010,2010,,WPR,Western Pacific,,CHN,China,,230572,230572.0,,,,,
HRH_14,Number of laboratory technicians/assistants,https://www.who.int/data/gho/indicator-metadata-registry/imr-details/103,PUBLISHED,Published,,2004,2004,,AFR,Africa,,CIV,Côte d'Ivoire,,460,460.0,,,,,
HRH_14,Number of laboratory technicians/assistants,https://www.who.int/data/gho/indicator-metadata-registry/imr-details/103,PUBLISHED,Published,,2004,2004,,AFR,Africa,,CMR,Cameroon,,1793,1793.0,,,,,
HRH_14,Number of laboratory technicians/assistants,https://www.who.int/data/gho/indicator-metadata-registry/imr-details/103,PUBLISHED,Published,,2009,2009,,AFR,Africa,,COD,Democratic Republic of the Congo,,2126,2126.0,,,,,
HRH_14,Number of laboratory technicians/assistants,https://www.who.int/data/gho/indicator-metadata-registry/imr-details/103,PUBLISHED,Published,,2007,2007,,AFR,Africa,,COG,Congo,,54,54.0,,,,,
HRH_14,Number of laboratory technicians/assistants,https://www.who.int/data/gho/indicator-metadata-registry/imr-details/103,PUBLISHED,Published,,2004,2004,,AFR,Africa,,COG,Congo,,536,536.0,,,,,
HRH_14,Number of laboratory technicians/assistants,https://www.who.int/data/gho/indicator-metadata-registry/imr-details/103,PUBLISHED,Published,,1998,1998,,AFR,Africa,,COG,Congo,,250,250.0,,,,,
HRH_14,Number of laboratory technicians/assistants,https://www.who.int/data/gho/indicator-metadata-registry/imr-details/103,PUBLISHED,Published,,2009,2009,,WPR,Western Pacific,,COK,Cook Islands,,1,1.0,,,,,
HRH_14,Number of laboratory technicians/assistants,https://www.who.int/data/gho/indicator-metadata-registry/imr-details/103,PUBLISHED,Published,,2004,2004,,AFR,Africa,,COM,Comoros,,52,52.0,,,,,
HRH_14,Number of laboratory technicians/assistants,https://www.who.int/data/gho/indicator-metadata-registry/imr-details/103,PUBLISHED,Published,,2007,2007,,AMR,Americas,,CUB,Cuba,,7728,7728.0,,,,,
HRH_14,Number of laboratory technicians/assistants,https://www.who.int/data/gho/indicator-metadata-registry/imr-details/103,PUBLISHED,Published,,2010,2010,,AMR,Americas,,CUB,Cuba,,6742,6742.0,,,,,
HRH_14,Number of laboratory technicians/assistants,https://www.who.int/data/gho/indicator-metadata-registry/imr-details/103,PUBLISHED,Published,,2012,2012,,AMR,Americas,,CUB,Cuba,,5502,5502.0,,,,,
HRH_14,Number of laboratory technicians/assistants,https://www.who.int/data/gho/indicator-metadata-registry/imr-details/103,PUBLISHED,Published,,2013,2013,,AMR,Americas,,CUB,Cuba,,5338,5338.0,,,,,
HRH_14,Number of laboratory technicians/assistants,https://www.who.int/data/gho/indicator-metadata-registry/imr-details/103,PUBLISHED,Published,,2014,2014,,AMR,Americas,,CUB,Cuba,,6015,6015.0,,,,,
HRH_14,Number of laboratory technicians/assistants,https://www.who.int/data/gho/indicator-metadata-registry/imr-details/103,PUBLISHED,Published,,2008,2008,,EUR,Europe,,CYP,Cyprus,,312,312.0,,,,,
HRH_14,Number of laboratory technicians/assistants,https://www.who.int/data/gho/indicator-metadata-registry/imr-details/103,PUBLISHED,Published,,2006,2006,,EUR,Europe,,CYP,Cyprus,,240,240.0,,,,,
HRH_14,Number of laboratory technicians/assistants,https://www.who.int/data/gho/indicator-metadata-registry/imr-details/103,PUBLISHED,Published,,2004,2004,,EMR,Eastern Mediterranean,,DJI,Djibouti,,56,56.0,,,,,
HRH_14,Number of laboratory technicians/assistants,https://www.who.int/data/gho/indicator-metadata-registry/imr-details/103,PUBLISHED,Published,,2005,2005,,EMR,Eastern Mediterranean,,DJI,Djibouti,,56,56.0,,,,,
HRH_14,Number of laboratory technicians/assistants,https://www.who.int/data/gho/indicator-metadata-registry/imr-details/103,PUBLISHED,Published,,2002,2002,,AFR,Africa,,DZA,Algeria,,898,898.0,,,,,
HRH_14,Number of laboratory technicians/assistants,https://www.who.int/data/gho/indicator-metadata-registry/imr-details/103,PUBLISHED,Published,,2007,2007,,AFR,Africa,,DZA,Algeria,,4922,4922.0,,,,,
HRH_14,Number of laboratory technicians/assistants,https://www.who.int/data/gho/indicator-metadata-registry/imr-details/103,PUBLISHED,Published,,2004,2004,,EMR,Eastern Mediterranean,,EGY,Egypt,,9043,9043.0,,,,,
HRH_14,Number of laboratory technicians/assistants,https://www.who.int/data/gho/indicator-metadata-registry/imr-details/103,PUBLISHED,Published,,2004,2004,,AFR,Africa,,ERI,Eritrea,,183,183.0,,,,,
HRH_14,Number of laboratory technicians/assistants,https://www.who.int/data/gho/indicator-metadata-registry/imr-details/103,PUBLISHED,Published,,2005,2005,,AFR,Africa,,ETH,Ethiopia,,2837,2837.0,,,,,
HRH_14,Number of laboratory technicians/assistants,https://www.who.int/data/gho/indicator-metadata-registry/imr-details/103,PUBLISHED,Published,,2006,2006,,AFR,Africa,,ETH,Ethiopia,,1935,1935.0,,,,,
HRH_14,Number of laboratory technicians/assistants,https://www.who.int/data/gho/indicator-metadata-registry/imr-details/103,PUBLISHED,Published,,2004,2004,,AFR,Africa,,ETH,Ethiopia,,2403,2403.0,,,,,
HRH_14,Number of laboratory technicians/assistants,https://www.who.int/data/gho/indicator-metadata-registry/imr-details/103,PUBLISHED,Published,,2009,2009,,AFR,Africa,,ETH,Ethiopia,,2823,2823.0,,,,,
HRH_14,Number of laboratory technicians/assistants,https://www.who.int/data/gho/indicator-metadata-registry/imr-details/103,PUBLISHED,Published,,2007,2007,,AFR,Africa,,ETH,Ethiopia,,172,172.0,,,,,
HRH_14,Number of laboratory technicians/assistants,https://www.who.int/data/gho/indicator-metadata-registry/imr-details/103,PUBLISHED,Published,,2008,2008,,AFR,Africa,,ETH,Ethiopia,,2843,2843.0,,,,,
HRH_14,Number of laboratory technicians/assistants,https://www.who.int/data/gho/indicator-metadata-registry/imr-details/103,PUBLISHED,Published,,2003,2003,,AFR,Africa,,ETH,Ethiopia,,2403,2403.0,,,,,
HRH_14,Number of laboratory technicians/assistants,https://www.who.int/data/gho/indicator-metadata-registry/imr-details/103,PUBLISHED,Published,,2002,2002,,EUR,Europe,,FIN,Finland,,6822,6822.0,,,,,
HRH_14,Number of laboratory technicians/assistants,https://www.who.int/data/gho/indicator-metadata-registry/imr-details/103,PUBLISHED,Published,,2009,2009,,WPR,Western Pacific,,FJI,Fiji,,125,125.0,,,,,
HRH_14,Number of laboratory technicians/assistants,https://www.who.int/data/gho/indicator-metadata-registry/imr-details/103,PUBLISHED,Published,,2008,2008,,WPR,Western Pacific,,FSM,Micronesia (Federated States of),,33,33.0,,,,,
HRH_14,Number of laboratory technicians/assistants,https://www.who.int/data/gho/indicator-metadata-registry/imr-details/103,PUBLISHED,Published,,2004,2004,,AFR,Africa,,GAB,Gabon,,228,228.0,,,,,
HRH_14,Number of laboratory technicians/assistants,https://www.who.int/data/gho/indicator-metadata-registry/imr-details/103,PUBLISHED,Published,,2016,2016,,AFR,Africa,,GAB,Gabon,,287,287.0,,,,,
HRH_14,Number of laboratory technicians/assistants,https://www.who.int/data/gho/indicator-metadata-registry/imr-details/103,PUBLISHED,Published,,2004,2004,,AFR,Africa,,GHA,Ghana,,881,881.0,,,,,
HRH_14,Number of laboratory technicians/assistants,https://www.who.int/data/gho/indicator-metadata-registry/imr-details/103,PUBLISHED,Published,,2008,2008,,AFR,Africa,,GHA,Ghana,,213,213.0,,,,,
HRH_14,Number of laboratory technicians/assistants,https://www.who.int/data/gho/indicator-metadata-registry/imr-details/103,PUBLISHED,Published,,2004,2004,,AFR,Africa,,GIN,Guinea,,19,19.0,,,,,
HRH_14,Number of laboratory technicians/assistants,https://www.who.int/data/gho/indicator-metadata-registry/imr-details/103,PUBLISHED,Published,,2000,2000,,AFR,Africa,,GIN,Guinea,,220,220.0,,,,,
HRH_14,Number of laboratory technicians/assistants,https://www.who.int/data/gho/indicator-metadata-registry/imr-details/103,PUBLISHED,Published,,2005,2005,,AFR,Africa,,GIN,Guinea,,167,167.0,,,,,
HRH_14,Number of laboratory technicians/assistants,https://www.who.int/data/gho/indicator-metadata-registry/imr-details/103,PUBLISHED,Published,,2016,2016,,AFR,Africa,,GIN,Guinea,,209,209.0,,,,,
HRH_14,Number of laboratory technicians/assistants,https://www.who.int/data/gho/indicator-metadata-registry/imr-details/103,PUBLISHED,Published,,2008,2008,,AFR,Africa,,GMB,Gambia,,84,84.0,,,,,
HRH_14,Number of laboratory technicians/assistants,https://www.who.int/data/gho/indicator-metadata-registry/imr-details/103,PUBLISHED,Published,,2003,2003,,AFR,Africa,,GMB,Gambia,,96,96.0,,,,,
HRH_14,Number of laboratory technicians/assistants,https://www.who.int/data/gho/indicator-metadata-registry/imr-details/103,PUBLISHED,Published,,2015,2015,,AFR,Africa,,GMB,Gambia,,141,141.0,,,,,
HRH_14,Number of laboratory technicians/assistants,https://www.who.int/data/gho/indicator-metadata-registry/imr-details/103,PUBLISHED,Published,,2007,2007,,AFR,Africa,,GMB,Gambia,,67,67.0,,,,,
HRH_14,Number of laboratory technicians/assistants,https://www.who.int/data/gho/indicator-metadata-registry/imr-details/103,PUBLISHED,Published,,2004,2004,,AFR,Africa,,GNB,Guinea-Bissau,,203,203.0,,,,,
HRH_14,Number of laboratory technicians/assistants,https://www.who.int/data/gho/indicator-metadata-registry/imr-details/103,PUBLISHED,Published,,2008,2008,,AFR,Africa,,GNB,Guinea-Bissau,,194,194.0,,,,,
HRH_14,Number of laboratory technicians/assistants,https://www.who.int/data/gho/indicator-metadata-registry/imr-details/103,PUBLISHED,Published,,2009,2009,,AFR,Africa,,GNB,Guinea-Bissau,,207,207.0,,,,,
HRH_14,Number of laboratory technicians/assistants,https://www.who.int/data/gho/indicator-metadata-registry/imr-details/103,PUBLISHED,Published,,2004,2004,,AFR,Africa,,GNQ,Equatorial Guinea,,80,80.0,,,,,
HRH_14,Number of laboratory technicians/assistants,https://www.who.int/data/gho/indicator-metadata-registry/imr-details/103,PUBLISHED,Published,,2000,2000,,AMR,Americas,,GRD,Grenada,,13,13.0,,,,,
HRH_14,Number of laboratory technicians/assistants,https://www.who.int/data/gho/indicator-metadata-registry/imr-details/103,PUBLISHED,Published,,2003,2003,,AMR,Americas,,GRD,Grenada,,13,13.0,,,,,
HRH_14,Number of laboratory technicians/assistants,https://www.who.int/data/gho/indicator-metadata-registry/imr-details/103,PUBLISHED,Published,,2002,2002,,AMR,Americas,,GRD,Grenada,,13,13.0,,,,,
HRH_14,Number of laboratory technicians/assistants,https://www.who.int/data/gho/indicator-metadata-registry/imr-details/103,PUBLISHED,Published,,2001,2001,,AMR,Americas,,GRD,Grenada,,13,13.0,,,,,
HRH_14,Number of laboratory technicians/assistants,https://www.who.int/data/gho/indicator-metadata-registry/imr-details/103,PUBLISHED,Published,,1999,1999,,AMR,Americas,,GRD,Grenada,,13,13.0,,,,,
HRH_14,Number of laboratory technicians/assistants,https://www.who.int/data/gho/indicator-metadata-registry/imr-details/103,PUBLISHED,Published,,2009,2009,,AMR,Americas,,GUY,Guyana,,65,65.0,,,,,
HRH_14,Number of laboratory technicians/assistants,https://www.who.int/data/gho/indicator-metadata-registry/imr-details/103,PUBLISHED,Published,,2009,2009,,SEAR,South-East Asia,,IDN,Indonesia,,1829,1829.0,,,,,
HRH_14,Number of laboratory technicians/assistants,https://www.who.int/data/gho/indicator-metadata-registry/imr-details/103,PUBLISHED,Published,,2003,2003,,SEAR,South-East Asia,,IDN,Indonesia,,7339,7339.0,,,,,
HRH_14,Number of laboratory technicians/assistants,https://www.who.int/data/gho/indicator-metadata-registry/imr-details/103,PUBLISHED,Published,,1992,1992,,SEAR,South-East Asia,,IDN,Indonesia,,4331,4331.0,,,,,
HRH_14,Number of laboratory technicians/assistants,https://www.who.int/data/gho/indicator-metadata-registry/imr-details/103,PUBLISHED,Published,,2004,2004,,EMR,Eastern Mediterranean,,IRN,Iran (Islamic Republic of),,9858,9858.0,,,,,
HRH_14,Number of laboratory technicians/assistants,https://www.who.int/data/gho/indicator-metadata-registry/imr-details/103,PUBLISHED,Published,,2012,2012,,AMR,Americas,,JAM,Jamaica,,124,124.0,,,,,
HRH_14,Number of laboratory technicians/assistants,https://www.who.int/data/gho/indicator-metadata-registry/imr-details/103,PUBLISHED,Published,,2015,2015,,AMR,Americas,,JAM,Jamaica,,141,141.0,,,,,
HRH_14,Number of laboratory technicians/assistants,https://www.who.int/data/gho/indicator-metadata-registry/imr-details/103,PUBLISHED,Published,,2014,2014,,AMR,Americas,,JAM,Jamaica,,125,125.0,,,,,
HRH_14,Number of laboratory technicians/assistants,https://www.who.int/data/gho/indicator-metadata-registry/imr-details/103,PUBLISHED,Published,,2013,2013,,AMR,Americas,,JAM,Jamaica,,126,126.0,,,,,
HRH_14,Number of laboratory technicians/assistants,https://www.who.int/data/gho/indicator-metadata-registry/imr-details/103,PUBLISHED,Published,,2016,2016,,AMR,Americas,,JAM,Jamaica,,130,130.0,,,,,
HRH_14,Number of laboratory technicians/assistants,https://www.who.int/data/gho/indicator-metadata-registry/imr-details/103,PUBLISHED,Published,,2004,2004,,EMR,Eastern Mediterranean,,JOR,Jordan,,2350,2350.0,,,,,
HRH_14,Number of laboratory technicians/assistants,https://www.who.int/data/gho/indicator-metadata-registry/imr-details/103,PUBLISHED,Published,,1998,1998,,WPR,Western Pacific,,KHM,Cambodia,,204,204.0,,,,,
HRH_14,Number of laboratory technicians/assistants,https://www.who.int/data/gho/indicator-metadata-registry/imr-details/103,PUBLISHED,Published,,1996,1996,,WPR,Western Pacific,,KHM,Cambodia,,167,167.0,,,,,
HRH_14,Number of laboratory technicians/assistants,https://www.who.int/data/gho/indicator-metadata-registry/imr-details/103,PUBLISHED,Published,,2012,2012,,WPR,Western Pacific,,KHM,Cambodia,,531,531.0,,,,,
HRH_14,Number of laboratory technicians/assistants,https://www.who.int/data/gho/indicator-metadata-registry/imr-details/103,PUBLISHED,Published,,2013,2013,,WPR,Western Pacific,,KIR,Kiribati,,20,20.0,,,,,
HRH_14,Number of laboratory technicians/assistants,https://www.who.int/data/gho/indicator-metadata-registry/imr-details/103,PUBLISHED,Published,,2008,2008,,WPR,Western Pacific,,KIR,Kiribati,,27,27.0,,,,,
HRH_14,Number of laboratory technicians/assistants,https://www.who.int/data/gho/indicator-metadata-registry/imr-details/103,PUBLISHED,Published,,2004,2004,,WPR,Western Pacific,,KOR,Republic of Korea,,35220,35220.0,,,,,
HRH_14,Number of laboratory technicians/assistants,https://www.who.int/data/gho/indicator-metadata-registry/imr-details/103,PUBLISHED,Published,,2012,2012,,WPR,Western Pacific,,LAO,Lao People's Democratic Republic,,460,460.0,,,,,
HRH_14,Number of laboratory technicians/assistants,https://www.who.int/data/gho/indicator-metadata-registry/imr-details/103,PUBLISHED,Published,,2008,2008,,AFR,Africa,,LBR,Liberia,,115,115.0,,,,,
HRH_14,Number of laboratory technicians/assistants,https://www.who.int/data/gho/indicator-metadata-registry/imr-details/103,PUBLISHED,Published,,2010,2010,,AFR,Africa,,LBR,Liberia,,376,376.0,,,,,
HRH_14,Number of laboratory technicians/assistants,https://www.who.int/data/gho/indicator-metadata-registry/imr-details/103,PUBLISHED,Published,,2004,2004,,AFR,Africa,,LBR,Liberia,,51,51.0,,,,,
HRH_14,Number of laboratory technicians/assistants,https://www.who.int/data/gho/indicator-metadata-registry/imr-details/103,PUBLISHED,Published,,2004,2004,,SEAR,South-East Asia,,LKA,Sri Lanka,,913,913.0,,,,,
HRH_14,Number of laboratory technicians/assistants,https://www.who.int/data/gho/indicator-metadata-registry/imr-details/103,PUBLISHED,Published,,1993,1993,,SEAR,South-East Asia,,LKA,Sri Lanka,,587,587.0,,,,,
HRH_14,Number of laboratory technicians/assistants,https://www.who.int/data/gho/indicator-metadata-registry/imr-details/103,PUBLISHED,Published,,2015,2015,,SEAR,South-East Asia,,LKA,Sri Lanka,,1799,1799.0,,,,,
HRH_14,Number of laboratory technicians/assistants,https://www.who.int/data/gho/indicator-metadata-registry/imr-details/103,PUBLISHED,Published,,2007,2007,,SEAR,South-East Asia,,LKA,Sri Lanka,,901,901.0,,,,,
HRH_14,Number of laboratory technicians/assistants,https://www.who.int/data/gho/indicator-metadata-registry/imr-details/103,PUBLISHED,Published,,2003,2003,,AFR,Africa,,LSO,Lesotho,,73,73.0,,,,,
HRH_14,Number of laboratory technicians/assistants,https://www.who.int/data/gho/indicator-metadata-registry/imr-details/103,PUBLISHED,Published,,2004,2004,,EMR,Eastern Mediterranean,,MAR,Morocco,,827,827.0,,,,,
HRH_14,Number of laboratory technicians/assistants,https://www.who.int/data/gho/indicator-metadata-registry/imr-details/103,PUBLISHED,Published,,2015,2015,,EUR,Europe,,MDA,Republic of Moldova,,17776,17776.0,,,,,
HRH_14,Number of laboratory technicians/assistants,https://www.who.int/data/gho/indicator-metadata-registry/imr-details/103,PUBLISHED,Published,,1993,1993,,SEAR,South-East Asia,,MDV,Maldives,,21,21.0,,,,,
HRH_14,Number of laboratory technicians/assistants,https://www.who.int/data/gho/indicator-metadata-registry/imr-details/103,PUBLISHED,Published,,1996,1996,,SEAR,South-East Asia,,MDV,Maldives,,48,48.0,,,,,
HRH_14,Number of laboratory technicians/assistants,https://www.who.int/data/gho/indicator-metadata-registry/imr-details/103,PUBLISHED,Published,,1989,1989,,SEAR,South-East Asia,,MDV,Maldives,,11,11.0,,,,,
HRH_14,Number of laboratory technicians/assistants,https://www.who.int/data/gho/indicator-metadata-registry/imr-details/103,PUBLISHED,Published,,1991,1991,,SEAR,South-East Asia,,MDV,Maldives,,17,17.0,,,,,
HRH_14,Number of laboratory technicians/assistants,https://www.who.int/data/gho/indicator-metadata-registry/imr-details/103,PUBLISHED,Published,,2004,2004,,SEAR,South-East Asia,,MDV,Maldives,,141,141.0,,,,,
HRH_14,Number of laboratory technicians/assistants,https://www.who.int/data/gho/indicator-metadata-registry/imr-details/103,PUBLISHED,Published,,2009,2009,,SEAR,South-East Asia,,MDV,Maldives,,261,261.0,,,,,
HRH_14,Number of laboratory technicians/assistants,https://www.who.int/data/gho/indicator-metadata-registry/imr-details/103,PUBLISHED,Published,,2010,2010,,SEAR,South-East Asia,,MDV,Maldives,,276,276.0,,,,,
HRH_14,Number of laboratory technicians/assistants,https://www.who.int/data/gho/indicator-metadata-registry/imr-details/103,PUBLISHED,Published,,2007,2007,,SEAR,South-East Asia,,MDV,Maldives,,254,254.0,,,,,
HRH_14,Number of laboratory technicians/assistants,https://www.who.int/data/gho/indicator-metadata-registry/imr-details/103,PUBLISHED,Published,,2000,2000,,AMR,Americas,,MEX,Mexico,,45482,45482.0,,,,,
HRH_14,Number of laboratory technicians/assistants,https://www.who.int/data/gho/indicator-metadata-registry/imr-details/103,PUBLISHED,Published,,2007,2007,,WPR,Western Pacific,,MHL,Marshall Islands,,17,17.0,,,,,
HRH_14,Number of laboratory technicians/assistants,https://www.who.int/data/gho/indicator-metadata-registry/imr-details/103,PUBLISHED,Published,,2012,2012,,WPR,Western Pacific,,MHL,Marshall Islands,,19,19.0,,,,,
HRH_14,Number of laboratory technicians/assistants,https://www.who.int/data/gho/indicator-metadata-registry/imr-details/103,PUBLISHED,Published,,2010,2010,,AFR,Africa,,MLI,Mali,,398,398.0,,,,,
HRH_14,Number of laboratory technicians/assistants,https://www.who.int/data/gho/indicator-metadata-registry/imr-details/103,PUBLISHED,Published,,2009,2009,,AFR,Africa,,MLI,Mali,,317,317.0,,,,,
HRH_14,Number of laboratory technicians/assistants,https://www.who.int/data/gho/indicator-metadata-registry/imr-details/103,PUBLISHED,Published,,2004,2004,,AFR,Africa,,MLI,Mali,,207,207.0,,,,,
HRH_14,Number of laboratory technicians/assistants,https://www.who.int/data/gho/indicator-metadata-registry/imr-details/103,PUBLISHED,Published,,2004,2004,,SEAR,South-East Asia,,MMR,Myanmar,,1673,1673.0,,,,,
HRH_14,Number of laboratory technicians/assistants,https://www.who.int/data/gho/indicator-metadata-registry/imr-details/103,PUBLISHED,Published,,2012,2012,,WPR,Western Pacific,,MNG,Mongolia,,960,960.0,,,,,
HRH_14,Number of laboratory technicians/assistants,https://www.who.int/data/gho/indicator-metadata-registry/imr-details/103,PUBLISHED,Published,,2014,2014,,WPR,Western Pacific,,MNG,Mongolia,,1047,1047.0,,,,,
HRH_14,Number of laboratory technicians/assistants,https://www.who.int/data/gho/indicator-metadata-registry/imr-details/103,PUBLISHED,Published,,2013,2013,,WPR,Western Pacific,,MNG,Mongolia,,1011,1011.0,,,,,
HRH_14,Number of laboratory technicians/assistants,https://www.who.int/data/gho/indicator-metadata-registry/imr-details/103,PUBLISHED,Published,,2013,2013,,AFR,Africa,,MOZ,Mozambique,,1465,1465.0,,,,,
HRH_14,Number of laboratory technicians/assistants,https://www.who.int/data/gho/indicator-metadata-registry/imr-details/103,PUBLISHED,Published,,2012,2012,,AFR,Africa,,MOZ,Mozambique,,1425,1425.0,,,,,
HRH_14,Number of laboratory technicians/assistants,https://www.who.int/data/gho/indicator-metadata-registry/imr-details/103,PUBLISHED,Published,,2004,2004,,AFR,Africa,,MOZ,Mozambique,,727,727.0,,,,,
HRH_14,Number of laboratory technicians/assistants,https://www.who.int/data/gho/indicator-metadata-registry/imr-details/103,PUBLISHED,Published,,2006,2006,,AFR,Africa,,MOZ,Mozambique,,665,665.0,,,,,
HRH_14,Number of laboratory technicians/assistants,https://www.who.int/data/gho/indicator-metadata-registry/imr-details/103,PUBLISHED,Published,,2010,2010,,AFR,Africa,,MOZ,Mozambique,,1206,1206.0,,,,,
HRH_14,Number of laboratory technicians/assistants,https://www.who.int/data/gho/indicator-metadata-registry/imr-details/103,PUBLISHED,Published,,2011,2011,,AFR,Africa,,MOZ,Mozambique,,1332,1332.0,,,,,
HRH_14,Number of laboratory technicians/assistants,https://www.who.int/data/gho/indicator-metadata-registry/imr-details/103,PUBLISHED,Published,,2009,2009,,AFR,Africa,,MOZ,Mozambique,,1142,1142.0,,,,,
HRH_14,Number of laboratory technicians/assistants,https://www.who.int/data/gho/indicator-metadata-registry/imr-details/103,PUBLISHED,Published,,2009,2009,,AFR,Africa,,MRT,Mauritania,,41,41.0,,,,,
HRH_14,Number of laboratory technicians/assistants,https://www.who.int/data/gho/indicator-metadata-registry/imr-details/103,PUBLISHED,Published,,2004,2004,,AFR,Africa,,MRT,Mauritania,,70,70.0,,,,,
HRH_14,Number of laboratory technicians/assistants,https://www.who.int/data/gho/indicator-metadata-registry/imr-details/103,PUBLISHED,Published,,2004,2004,,AFR,Africa,,MUS,Mauritius,,198,198.0,,,,,
HRH_14,Number of laboratory technicians/assistants,https://www.who.int/data/gho/indicator-metadata-registry/imr-details/103,PUBLISHED,Published,,2004,2004,,AFR,Africa,,MWI,Malawi,,16,16.0,,,,,
HRH_14,Number of laboratory technicians/assistants,https://www.who.int/data/gho/indicator-metadata-registry/imr-details/103,PUBLISHED,Published,,2009,2009,,AFR,Africa,,MWI,Malawi,,380,380.0,,,,,
HRH_14,Number of laboratory technicians/assistants,https://www.who.int/data/gho/indicator-metadata-registry/imr-details/103,PUBLISHED,Published,,2008,2008,,AFR,Africa,,MWI,Malawi,,473,473.0,,,,,
HRH_14,Number of laboratory technicians/assistants,https://www.who.int/data/gho/indicator-metadata-registry/imr-details/103,PUBLISHED,Published,,2010,2010,,WPR,Western Pacific,,MYS,Malaysia,,4980,4980.0,,,,,
HRH_14,Number of laboratory technicians/assistants,https://www.who.int/data/gho/indicator-metadata-registry/imr-details/103,PUBLISHED,Published,,2015,2015,,WPR,Western Pacific,,MYS,Malaysia,,6324,6324.0,,,,,
HRH_14,Number of laboratory technicians/assistants,https://www.who.int/data/gho/indicator-metadata-registry/imr-details/103,PUBLISHED,Published,,2004,2004,,AFR,Africa,,NAM,Namibia,,160,160.0,,,,,
HRH_14,Number of laboratory technicians/assistants,https://www.who.int/data/gho/indicator-metadata-registry/imr-details/103,PUBLISHED,Published,,2008,2008,,AFR,Africa,,NER,Niger,,203,203.0,,,,,
HRH_14,Number of laboratory technicians/assistants,https://www.who.int/data/gho/indicator-metadata-registry/imr-details/103,PUBLISHED,Published,,2004,2004,,AFR,Africa,,NER,Niger,,53,53.0,,,,,
HRH_14,Number of laboratory technicians/assistants,https://www.who.int/data/gho/indicator-metadata-registry/imr-details/103,PUBLISHED,Published,,2008,2008,,AFR,Africa,,NGA,Nigeria,,9980,9980.0,,,,,
HRH_14,Number of laboratory technicians/assistants,https://www.who.int/data/gho/indicator-metadata-registry/imr-details/103,PUBLISHED,Published,,2007,2007,,AFR,Africa,,NGA,Nigeria,,11483,11483.0,,,,,
HRH_14,Number of laboratory technicians/assistants,https://www.who.int/data/gho/indicator-metadata-registry/imr-details/103,PUBLISHED,Published,,2007,2007,,AMR,Americas,,NIC,Nicaragua,,707,707.0,,,,,
HRH_14,Number of laboratory technicians/assistants,https://www.who.int/data/gho/indicator-metadata-registry/imr-details/103,PUBLISHED,Published,,2011,2011,,AMR,Americas,,NIC,Nicaragua,,881,881.0,,,,,
HRH_14,Number of laboratory technicians/assistants,https://www.who.int/data/gho/indicator-metadata-registry/imr-details/103,PUBLISHED,Published,,2010,2010,,AMR,Americas,,NIC,Nicaragua,,765,765.0,,,,,
HRH_14,Number of laboratory technicians/assistants,https://www.who.int/data/gho/indicator-metadata-registry/imr-details/103,PUBLISHED,Published,,2008,2008,,AMR,Americas,,NIC,Nicaragua,,772,772.0,,,,,
HRH_14,Number of laboratory technicians/assistants,https://www.who.int/data/gho/indicator-metadata-registry/imr-details/103,PUBLISHED,Published,,2009,2009,,AMR,Americas,,NIC,Nicaragua,,853,853.0,,,,,
HRH_14,Number of laboratory technicians/assistants,https://www.who.int/data/gho/indicator-metadata-registry/imr-details/103,PUBLISHED,Published,,2006,2006,,AMR,Americas,,NIC,Nicaragua,,689,689.0,,,,,
HRH_14,Number of laboratory technicians/assistants,https://www.who.int/data/gho/indicator-metadata-registry/imr-details/103,PUBLISHED,Published,,2005,2005,,AMR,Americas,,NIC,Nicaragua,,685,685.0,,,,,
HRH_14,Number of laboratory technicians/assistants,https://www.who.int/data/gho/indicator-metadata-registry/imr-details/103,PUBLISHED,Published,,2012,2012,,AMR,Americas,,NIC,Nicaragua,,923,923.0,,,,,
HRH_14,Number of laboratory technicians/assistants,https://www.who.int/data/gho/indicator-metadata-registry/imr-details/103,PUBLISHED,Published,,2013,2013,,AMR,Americas,,NIC,Nicaragua,,931,931.0,,,,,
HRH_14,Number of laboratory technicians/assistants,https://www.who.int/data/gho/indicator-metadata-registry/imr-details/103,PUBLISHED,Published,,2014,2014,,AMR,Americas,,NIC,Nicaragua,,1118,1118.0,,,,,
HRH_14,Number of laboratory technicians/assistants,https://www.who.int/data/gho/indicator-metadata-registry/imr-details/103,PUBLISHED,Published,,2008,2008,,WPR,Western Pacific,,NIU,Niue,,1,1.0,,,,,
HRH_14,Number of laboratory technicians/assistants,https://www.who.int/data/gho/indicator-metadata-registry/imr-details/103,PUBLISHED,Published,,2003,2003,,WPR,Western Pacific,,NIU,Niue,,1,1.0,,,,,
HRH_14,Number of laboratory technicians/assistants,https://www.who.int/data/gho/indicator-metadata-registry/imr-details/103,PUBLISHED,Published,,2004,2004,,SEAR,South-East Asia,,NPL,Nepal,,3104,3104.0,,,,,
HRH_14,Number of laboratory technicians/assistants,https://www.who.int/data/gho/indicator-metadata-registry/imr-details/103,PUBLISHED,Published,,2009,2009,,WPR,Western Pacific,,NRU,Nauru,,5,5.0,,,,,
HRH_14,Number of laboratory technicians/assistants,https://www.who.int/data/gho/indicator-metadata-registry/imr-details/103,PUBLISHED,Published,,2011,2011,,WPR,Western Pacific,,NRU,Nauru,,7,7.0,,,,,
HRH_14,Number of laboratory technicians/assistants,https://www.who.int/data/gho/indicator-metadata-registry/imr-details/103,PUBLISHED,Published,,2001,2001,,WPR,Western Pacific,,NZL,New Zealand,,3696,3696.0,,,,,
HRH_14,Number of laboratory technicians/assistants,https://www.who.int/data/gho/indicator-metadata-registry/imr-details/103,PUBLISHED,Published,,2011,2011,,EMR,Eastern Mediterranean,,OMN,Oman,,1885,1885.0,,,,,
HRH_14,Number of laboratory technicians/assistants,https://www.who.int/data/gho/indicator-metadata-registry/imr-details/103,PUBLISHED,Published,,2012,2012,,EMR,Eastern Mediterranean,,OMN,Oman,,2026,2026.0,,,,,
HRH_14,Number of laboratory technicians/assistants,https://www.who.int/data/gho/indicator-metadata-registry/imr-details/103,PUBLISHED,Published,,2010,2010,,EMR,Eastern Mediterranean,,OMN,Oman,,1707,1707.0,,,,,
HRH_14,Number of laboratory technicians/assistants,https://www.who.int/data/gho/indicator-metadata-registry/imr-details/103,PUBLISHED,Published,,2007,2007,,EMR,Eastern Mediterranean,,OMN,Oman,,1331,1331.0,,,,,
HRH_14,Number of laboratory technicians/assistants,https://www.who.int/data/gho/indicator-metadata-registry/imr-details/103,PUBLISHED,Published,,2009,2009,,EMR,Eastern Mediterranean,,OMN,Oman,,1546,1546.0,,,,,
HRH_14,Number of laboratory technicians/assistants,https://www.who.int/data/gho/indicator-metadata-registry/imr-details/103,PUBLISHED,Published,,2008,2008,,EMR,Eastern Mediterranean,,OMN,Oman,,1429,1429.0,,,,,
HRH_14,Number of laboratory technicians/assistants,https://www.who.int/data/gho/indicator-metadata-registry/imr-details/103,PUBLISHED,Published,,2006,2006,,EMR,Eastern Mediterranean,,OMN,Oman,,1258,1258.0,,,,,
HRH_14,Number of laboratory technicians/assistants,https://www.who.int/data/gho/indicator-metadata-registry/imr-details/103,PUBLISHED,Published,,2005,2005,,EMR,Eastern Mediterranean,,OMN,Oman,,1169,1169.0,,,,,
HRH_14,Number of laboratory technicians/assistants,https://www.who.int/data/gho/indicator-metadata-registry/imr-details/103,PUBLISHED,Published,,1999,1999,,EMR,Eastern Mediterranean,,OMN,Oman,,669,669.0,,,,,
HRH_14,Number of laboratory technicians/assistants,https://www.who.int/data/gho/indicator-metadata-registry/imr-details/103,PUBLISHED,Published,,2004,2004,,EMR,Eastern Mediterranean,,OMN,Oman,,483,483.0,,,,,
HRH_14,Number of laboratory technicians/assistants,https://www.who.int/data/gho/indicator-metadata-registry/imr-details/103,PUBLISHED,Published,,2000,2000,,EMR,Eastern Mediterranean,,OMN,Oman,,910,910.0,,,,,
HRH_14,Number of laboratory technicians/assistants,https://www.who.int/data/gho/indicator-metadata-registry/imr-details/103,PUBLISHED,Published,,1995,1995,,EMR,Eastern Mediterranean,,OMN,Oman,,670,670.0,,,,,
HRH_14,Number of laboratory technicians/assistants,https://www.who.int/data/gho/indicator-metadata-registry/imr-details/103,PUBLISHED,Published,,1997,1997,,EMR,Eastern Mediterranean,,OMN,Oman,,597,597.0,,,,,
HRH_14,Number of laboratory technicians/assistants,https://www.who.int/data/gho/indicator-metadata-registry/imr-details/103,PUBLISHED,Published,,1998,1998,,EMR,Eastern Mediterranean,,OMN,Oman,,635,635.0,,,,,
HRH_14,Number of laboratory technicians/assistants,https://www.who.int/data/gho/indicator-metadata-registry/imr-details/103,PUBLISHED,Published,,1985,1985,,EMR,Eastern Mediterranean,,OMN,Oman,,247,247.0,,,,,
HRH_14,Number of laboratory technicians/assistants,https://www.who.int/data/gho/indicator-metadata-registry/imr-details/103,PUBLISHED,Published,,1990,1990,,EMR,Eastern Mediterranean,,OMN,Oman,,408,408.0,,,,,
HRH_14,Number of laboratory technicians/assistants,https://www.who.int/data/gho/indicator-metadata-registry/imr-details/103,PUBLISHED,Published,,2016,2016,,EMR,Eastern Mediterranean,,OMN,Oman,,2345,2345.0,,,,,
HRH_14,Number of laboratory technicians/assistants,https://www.who.int/data/gho/indicator-metadata-registry/imr-details/103,PUBLISHED,Published,,2004,2004,,EMR,Eastern Mediterranean,,PAK,Pakistan,,6323,6323.0,,,,,
HRH_14,Number of laboratory technicians/assistants,https://www.who.int/data/gho/indicator-metadata-registry/imr-details/103,PUBLISHED,Published,,1998,1998,,WPR,Western Pacific,,PLW,Palau,,13,13.0,,,,,
HRH_14,Number of laboratory technicians/assistants,https://www.who.int/data/gho/indicator-metadata-registry/imr-details/103,PUBLISHED,Published,,2008,2008,,AFR,Africa,,RWA,Rwanda,,722,722.0,,,,,
HRH_14,Number of laboratory technicians/assistants,https://www.who.int/data/gho/indicator-metadata-registry/imr-details/103,PUBLISHED,Published,,2009,2009,,AFR,Africa,,RWA,Rwanda,,836,836.0,,,,,
HRH_14,Number of laboratory technicians/assistants,https://www.who.int/data/gho/indicator-metadata-registry/imr-details/103,PUBLISHED,Published,,2010,2010,,AFR,Africa,,RWA,Rwanda,,800,800.0,,,,,
HRH_14,Number of laboratory technicians/assistants,https://www.who.int/data/gho/indicator-metadata-registry/imr-details/103,PUBLISHED,Published,,2015,2015,,AFR,Africa,,RWA,Rwanda,,1545,1545.0,,,,,
HRH_14,Number of laboratory technicians/assistants,https://www.who.int/data/gho/indicator-metadata-registry/imr-details/103,PUBLISHED,Published,,2004,2004,,EMR,Eastern Mediterranean,,SDN,Sudan,,2416,2416.0,,,,,
HRH_14,Number of laboratory technicians/assistants,https://www.who.int/data/gho/indicator-metadata-registry/imr-details/103,PUBLISHED,Published,,2004,2004,,AFR,Africa,,SEN,Senegal,,19,19.0,,,,,
HRH_14,Number of laboratory technicians/assistants,https://www.who.int/data/gho/indicator-metadata-registry/imr-details/103,PUBLISHED,Published,,2008,2008,,AFR,Africa,,SEN,Senegal,,90,90.0,,,,,
HRH_14,Number of laboratory technicians/assistants,https://www.who.int/data/gho/indicator-metadata-registry/imr-details/103,PUBLISHED,Published,,2016,2016,,AFR,Africa,,SEN,Senegal,,37,37.0,,,,,
HRH_14,Number of laboratory technicians/assistants,https://www.who.int/data/gho/indicator-metadata-registry/imr-details/103,PUBLISHED,Published,,2013,2013,,WPR,Western Pacific,,SLB,Solomon Islands,,42,42.0,,,,,
HRH_14,Number of laboratory technicians/assistants,https://www.who.int/data/gho/indicator-metadata-registry/imr-details/103,PUBLISHED,Published,,2012,2012,,WPR,Western Pacific,,SLB,Solomon Islands,,36,36.0,,,,,
HRH_14,Number of laboratory technicians/assistants,https://www.who.int/data/gho/indicator-metadata-registry/imr-details/103,PUBLISHED,Published,,2008,2008,,AFR,Africa,,SLE,Sierra Leone,,43,43.0,,,,,
HRH_14,Number of laboratory technicians/assistants,https://www.who.int/data/gho/indicator-metadata-registry/imr-details/103,PUBLISHED,Published,,2010,2010,,AFR,Africa,,SLE,Sierra Leone,,14,14.0,,,,,
HRH_14,Number of laboratory technicians/assistants,https://www.who.int/data/gho/indicator-metadata-registry/imr-details/103,PUBLISHED,Published,,2005,2005,,EMR,Eastern Mediterranean,,SOM,Somalia,,149,149.0,,,,,
HRH_14,Number of laboratory technicians/assistants,https://www.who.int/data/gho/indicator-metadata-registry/imr-details/103,PUBLISHED,Published,,2015,2015,,EUR,Europe,,SRB,Serbia,,4369,4369.0,,,,,
HRH_14,Number of laboratory technicians/assistants,https://www.who.int/data/gho/indicator-metadata-registry/imr-details/103,PUBLISHED,Published,,2004,2004,,AFR,Africa,,STP,Sao Tome and Principe,,44,44.0,,,,,
HRH_14,Number of laboratory technicians/assistants,https://www.who.int/data/gho/indicator-metadata-registry/imr-details/103,PUBLISHED,Published,,2015,2015,,EUR,Europe,,SVK,Slovakia,,3147,3147.0,,,,,
HRH_14,Number of laboratory technicians/assistants,https://www.who.int/data/gho/indicator-metadata-registry/imr-details/103,PUBLISHED,Published,,2013,2013,,EUR,Europe,,SVK,Slovakia,,3760,3760.0,,,,,
HRH_14,Number of laboratory technicians/assistants,https://www.who.int/data/gho/indicator-metadata-registry/imr-details/103,PUBLISHED,Published,,2004,2004,,AFR,Africa,,SWZ,Eswatini,,47,47.0,,,,,
HRH_14,Number of laboratory technicians/assistants,https://www.who.int/data/gho/indicator-metadata-registry/imr-details/103,PUBLISHED,Published,,2000,2000,,AFR,Africa,,SWZ,Eswatini,,11,11.0,,,,,
HRH_14,Number of laboratory technicians/assistants,https://www.who.int/data/gho/indicator-metadata-registry/imr-details/103,PUBLISHED,Published,,2009,2009,,AFR,Africa,,SWZ,Eswatini,,57,57.0,,,,,
HRH_14,Number of laboratory technicians/assistants,https://www.who.int/data/gho/indicator-metadata-registry/imr-details/103,PUBLISHED,Published,,2004,2004,,AFR,Africa,,SYC,Seychelles,,46,46.0,,,,,
HRH_14,Number of laboratory technicians/assistants,https://www.who.int/data/gho/indicator-metadata-registry/imr-details/103,PUBLISHED,Published,,2004,2004,,AFR,Africa,,TCD,Chad,,195,195.0,,,,,
HRH_14,Number of laboratory technicians/assistants,https://www.who.int/data/gho/indicator-metadata-registry/imr-details/103,PUBLISHED,Published,,2004,2004,,AFR,Africa,,TGO,Togo,,310,310.0,,,,,
HRH_14,Number of laboratory technicians/assistants,https://www.who.int/data/gho/indicator-metadata-registry/imr-details/103,PUBLISHED,Published,,2008,2008,,AFR,Africa,,TGO,Togo,,360,360.0,,,,,
HRH_14,Number of laboratory technicians/assistants,https://www.who.int/data/gho/indicator-metadata-registry/imr-details/103,PUBLISHED,Published,,2007,2007,,AFR,Africa,,TGO,Togo,,405,405.0,,,,,
HRH_14,Number of laboratory technicians/assistants,https://www.who.int/data/gho/indicator-metadata-registry/imr-details/103,PUBLISHED,Published,,2004,2004,,SEAR,South-East Asia,,TLS,Timor-Leste,,32,32.0,,,,,
HRH_14,Number of laboratory technicians/assistants,https://www.who.int/data/gho/indicator-metadata-registry/imr-details/103,PUBLISHED,Published,,2008,2008,,SEAR,South-East Asia,,TLS,Timor-Leste,,75,75.0,,,,,
HRH_14,Number of laboratory technicians/assistants,https://www.who.int/data/gho/indicator-metadata-registry/imr-details/103,PUBLISHED,Published,,2007,2007,,SEAR,South-East Asia,,TLS,Timor-Leste,,49,49.0,,,,,
HRH_14,Number of laboratory technicians/assistants,https://www.who.int/data/gho/indicator-metadata-registry/imr-details/103,PUBLISHED,Published,,2010,2010,,SEAR,South-East Asia,,TLS,Timor-Leste,,123,123.0,,,,,
HRH_14,Number of laboratory technicians/assistants,https://www.who.int/data/gho/indicator-metadata-registry/imr-details/103,PUBLISHED,Published,,2009,2009,,SEAR,South-East Asia,,TLS,Timor-Leste,,114,114.0,,,,,
HRH_14,Number of laboratory technicians/assistants,https://www.who.int/data/gho/indicator-metadata-registry/imr-details/103,PUBLISHED,Published,,2011,2011,,SEAR,South-East Asia,,TLS,Timor-Leste,,132,132.0,,,,,
HRH_14,Number of laboratory technicians/assistants,https://www.who.int/data/gho/indicator-metadata-registry/imr-details/103,PUBLISHED,Published,,2001,2001,,SEAR,South-East Asia,,TLS,Timor-Leste,,23,23.0,,,,,
HRH_14,Number of laboratory technicians/assistants,https://www.who.int/data/gho/indicator-metadata-registry/imr-details/103,PUBLISHED,Published,,2009,2009,,WPR,Western Pacific,,TON,Tonga,,21,21.0,,,,,
HRH_14,Number of laboratory technicians/assistants,https://www.who.int/data/gho/indicator-metadata-registry/imr-details/103,PUBLISHED,Published,,2013,2013,,WPR,Western Pacific,,TON,Tonga,,25,25.0,,,,,
HRH_14,Number of laboratory technicians/assistants,https://www.who.int/data/gho/indicator-metadata-registry/imr-details/103,PUBLISHED,Published,,2004,2004,,EMR,Eastern Mediterranean,,TUN,Tunisia,,1942,1942.0,,,,,
HRH_14,Number of laboratory technicians/assistants,https://www.who.int/data/gho/indicator-metadata-registry/imr-details/103,PUBLISHED,Published,,2008,2008,,WPR,Western Pacific,,TUV,Tuvalu,,1,1.0,,,,,
HRH_14,Number of laboratory technicians/assistants,https://www.who.int/data/gho/indicator-metadata-registry/imr-details/103,PUBLISHED,Published,,2002,2002,,AFR,Africa,,TZA,United Republic of Tanzania,,1327,1327.0,,,,,
HRH_14,Number of laboratory technicians/assistants,https://www.who.int/data/gho/indicator-metadata-registry/imr-details/103,PUBLISHED,Published,,2014,2014,,AFR,Africa,,TZA,United Republic of Tanzania,,2508,2508.0,,,,,
HRH_14,Number of laboratory technicians/assistants,https://www.who.int/data/gho/indicator-metadata-registry/imr-details/103,PUBLISHED,Published,,2012,2012,,AFR,Africa,,TZA,United Republic of Tanzania,,1997,1997.0,,,,,
HRH_14,Number of laboratory technicians/assistants,https://www.who.int/data/gho/indicator-metadata-registry/imr-details/103,PUBLISHED,Published,,2015,2015,,AFR,Africa,,UGA,Uganda,,2447,2447.0,,,,,
HRH_14,Number of laboratory technicians/assistants,https://www.who.int/data/gho/indicator-metadata-registry/imr-details/103,PUBLISHED,Published,,2004,2004,,AFR,Africa,,UGA,Uganda,,1538,1538.0,,,,,
HRH_14,Number of laboratory technicians/assistants,https://www.who.int/data/gho/indicator-metadata-registry/imr-details/103,PUBLISHED,Published,,2000,2000,,AMR,Americas,,USA,United States of America,,382300,382300.0,,,,,
HRH_14,Number of laboratory technicians/assistants,https://www.who.int/data/gho/indicator-metadata-registry/imr-details/103,PUBLISHED,Published,,2008,2008,,WPR,Western Pacific,,WSM,Samoa,,44,44.0,,,,,
HRH_14,Number of laboratory technicians/assistants,https://www.who.int/data/gho/indicator-metadata-registry/imr-details/103,PUBLISHED,Published,,1997,1997,,EMR,Eastern Mediterranean,,YEM,Yemen,,791,791.0,,,,,
HRH_14,Number of laboratory technicians/assistants,https://www.who.int/data/gho/indicator-metadata-registry/imr-details/103,PUBLISHED,Published,,2004,2004,,EMR,Eastern Mediterranean,,YEM,Yemen,,2405,2405.0,,,,,
HRH_14,Number of laboratory technicians/assistants,https://www.who.int/data/gho/indicator-metadata-registry/imr-details/103,PUBLISHED,Published,,2010,2010,,EMR,Eastern Mediterranean,,YEM,Yemen,,1809,1809.0,,,,,
HRH_14,Number of laboratory technicians/assistants,https://www.who.int/data/gho/indicator-metadata-registry/imr-details/103,PUBLISHED,Published,,2010,2010,,AFR,Africa,,ZAF,South Africa,,36,36.0,,,,,
HRH_14,Number of laboratory technicians/assistants,https://www.who.int/data/gho/indicator-metadata-registry/imr-details/103,PUBLISHED,Published,,2011,2011,,AFR,Africa,,ZAF,South Africa,,113,113.0,,,,,
HRH_14,Number of laboratory technicians/assistants,https://www.who.int/data/gho/indicator-metadata-registry/imr-details/103,PUBLISHED,Published,,2012,2012,,AFR,Africa,,ZAF,South Africa,,171,171.0,,,,,
HRH_14,Number of laboratory technicians/assistants,https://www.who.int/data/gho/indicator-metadata-registry/imr-details/103,PUBLISHED,Published,,2013,2013,,AFR,Africa,,ZAF,South Africa,,273,273.0,,,,,
HRH_14,Number of laboratory technicians/assistants,https://www.who.int/data/gho/indicator-metadata-registry/imr-details/103,PUBLISHED,Published,,2015,2015,,AFR,Africa,,ZAF,South Africa,,453,453.0,,,,,
HRH_14,Number of laboratory technicians/assistants,https://www.who.int/data/gho/indicator-metadata-registry/imr-details/103,PUBLISHED,Published,,2014,2014,,AFR,Africa,,ZAF,South Africa,,326,326.0,,,,,
HRH_14,Number of laboratory technicians/assistants,https://www.who.int/data/gho/indicator-metadata-registry/imr-details/103,PUBLISHED,Published,,2010,2010,,AFR,Africa,,ZMB,Zambia,,546,546.0,,,,,
HRH_14,Number of laboratory technicians/assistants,https://www.who.int/data/gho/indicator-metadata-registry/imr-details/103,PUBLISHED,Published,,2011,2011,,AFR,Africa,,ZMB,Zambia,,1021,1021.0,,,,,
HRH_14,Number of laboratory technicians/assistants,https://www.who.int/data/gho/indicator-metadata-registry/imr-details/103,PUBLISHED,Published,,2008,2008,,AFR,Africa,,ZMB,Zambia,,412,412.0,,,,,
HRH_14,Number of laboratory technicians/assistants,https://www.who.int/data/gho/indicator-metadata-registry/imr-details/103,PUBLISHED,Published,,2009,2009,,AFR,Africa,,ZMB,Zambia,,526,526.0,,,,,
HRH_14,Number of laboratory technicians/assistants,https://www.who.int/data/gho/indicator-metadata-registry/imr-details/103,PUBLISHED,Published,,2004,2004,,AFR,Africa,,ZMB,Zambia,,1163,1163.0,,,,,
HRH_14,Number of laboratory technicians/assistants,https://www.who.int/data/gho/indicator-metadata-registry/imr-details/103,PUBLISHED,Published,,2005,2005,,AFR,Africa,,ZMB,Zambia,,417,417.0,,,,,
HRH_14,Number of laboratory technicians/assistants,https://www.who.int/data/gho/indicator-metadata-registry/imr-details/103,PUBLISHED,Published,,2006,2006,,AFR,Africa,,ZMB,Zambia,,392,392.0,,,,,
HRH_14,Number of laboratory technicians/assistants,https://www.who.int/data/gho/indicator-metadata-registry/imr-details/103,PUBLISHED,Published,,2012,2012,,AFR,Africa,,ZMB,Zambia,,1126,1126.0,,,,,
HRH_14,Number of laboratory technicians/assistants,https://www.who.int/data/gho/indicator-metadata-registry/imr-details/103,PUBLISHED,Published,,2004,2004,,AFR,Africa,,ZWE,Zimbabwe,,61,61.0,,,,,
HRH_14,Number of laboratory technicians/assistants,https://www.who.int/data/gho/indicator-metadata-registry/imr-details/103,PUBLISHED,Published,,1995,1995,,AFR,Africa,,ZWE,Zimbabwe,,543,543.0,,,,,
HRH_14,Number of laboratory technicians/assistants,https://www.who.int/data/gho/indicator-metadata-registry/imr-details/103,PUBLISHED,Published,,1985,1985,,AFR,Africa,,ZWE,Zimbabwe,,150,150.0,,,,,
HRH_14,Number of laboratory technicians/assistants,https://www.who.int/data/gho/indicator-metadata-registry/imr-details/103,PUBLISHED,Published,,1990,1990,,AFR,Africa,,ZWE,Zimbabwe,,168,168.0,,,,,
