GHO (CODE),GHO (DISPLAY),GHO (URL),PUBLISHSTATE (CODE),PUBLISHSTATE (DISPLAY),PUBLISHSTATE (URL),YEAR (CODE),YEAR (DISPLAY),YEAR (URL),REGION (CODE),REGION (DISPLAY),REGION (URL),COUNTRY (CODE),COUNTRY (DISPLAY),COUNTRY (URL),AGEGROUP (CODE),AGEGROUP (DISPLAY),AGEGROUP (URL),SEX (CODE),SEX (DISPLAY),SEX (URL),RESIDENCEAREATYPE (CODE),RESIDENCEAREATYPE (DISPLAY),RESIDENCEAREATYPE (URL),Display Value,Numeric,Low,High,StdErr,StdDev,Comments
HRH_17,Number of medical assistants,https://www.who.int/data/gho/indicator-metadata-registry/imr-details/4547,PUBLISHED,Published,,2002,2002,,EUR,Europe,,ROU,Romania,,AGE30-49,30-49 years,,,,,,,,5023,5023.0,,,,,
HRH_17,Number of medical assistants,https://www.who.int/data/gho/indicator-metadata-registry/imr-details/4547,PUBLISHED,Published,,2000,2000,,AMR,Americas,,MEX,Mexico,,AGE50+,50+ years,,,,,,,,21723,21723.0,,,,,
HRH_17,Number of medical assistants,https://www.who.int/data/gho/indicator-metadata-registry/imr-details/4547,PUBLISHED,Published,,2004,2004,,AFR,Africa,,ZMB,Zambia,,AGE30-49,30-49 years,,,,,,,,1486,1486.0,,,,,
HRH_17,Number of medical assistants,https://www.who.int/data/gho/indicator-metadata-registry/imr-details/4547,PUBLISHED,Published,,2004,2004,,EMR,Eastern Mediterranean,,IRQ,Iraq,,AGE0-29,0-29 years,,,,,,,,3415,3415.0,,,,,
HRH_17,Number of medical assistants,https://www.who.int/data/gho/indicator-metadata-registry/imr-details/4547,PUBLISHED,Published,,2004,2004,,AFR,Africa,,CIV,Côte d'Ivoire,,AGE0-29,0-29 years,,,,,,,,7,7.0,,,,,
HRH_17,Number of medical assistants,https://www.who.int/data/gho/indicator-metadata-registry/imr-details/4547,PUBLISHED,Published,,2004,2004,,EMR,Eastern Mediterranean,,SDN,Sudan,,AGE0-29,0-29 years,,,,,,,,1349,1349.0,,,,,
HRH_17,Number of medical assistants,https://www.who.int/data/gho/indicator-metadata-registry/imr-details/4547,PUBLISHED,Published,,2004,2004,,AFR,Africa,,RWA,Rwanda,,AGE30-49,30-49 years,,,,,,,,46,46.0,,,,,
HRH_17,Number of medical assistants,https://www.who.int/data/gho/indicator-metadata-registry/imr-details/4547,PUBLISHED,Published,,2004,2004,,AFR,Africa,,CIV,Côte d'Ivoire,,AGE30-49,30-49 years,,,,,,,,15,15.0,,,,,
HRH_17,Number of medical assistants,https://www.who.int/data/gho/indicator-metadata-registry/imr-details/4547,PUBLISHED,Published,,2004,2004,,EMR,Eastern Mediterranean,,SDN,Sudan,,AGE30-49,30-49 years,,,,,,,,2226,2226.0,,,,,
HRH_17,Number of medical assistants,https://www.who.int/data/gho/indicator-metadata-registry/imr-details/4547,PUBLISHED,Published,,2004,2004,,AFR,Africa,,RWA,Rwanda,,AGE50+,50+ years,,,,,,,,29,29.0,,,,,
HRH_17,Number of medical assistants,https://www.who.int/data/gho/indicator-metadata-registry/imr-details/4547,PUBLISHED,Published,,2002,2002,,EUR,Europe,,ROU,Romania,,AGE50+,50+ years,,,,,,,,1977,1977.0,,,,,
HRH_17,Number of medical assistants,https://www.who.int/data/gho/indicator-metadata-registry/imr-details/4547,PUBLISHED,Published,,2000,2000,,AMR,Americas,,MEX,Mexico,,AGE0-29,0-29 years,,,,,,,,67340,67340.0,,,,,
HRH_17,Number of medical assistants,https://www.who.int/data/gho/indicator-metadata-registry/imr-details/4547,PUBLISHED,Published,,2004,2004,,AFR,Africa,,MOZ,Mozambique,,AGE0-29,0-29 years,,,,,,,,294,294.0,,,,,
HRH_17,Number of medical assistants,https://www.who.int/data/gho/indicator-metadata-registry/imr-details/4547,PUBLISHED,Published,,2004,2004,,AFR,Africa,,ZMB,Zambia,,AGE50+,50+ years,,,,,,,,427,427.0,,,,,
HRH_17,Number of medical assistants,https://www.who.int/data/gho/indicator-metadata-registry/imr-details/4547,PUBLISHED,Published,,2004,2004,,AFR,Africa,,RWA,Rwanda,,AGE0-29,0-29 years,,,,,,,,0,0.0,,,,,
HRH_17,Number of medical assistants,https://www.who.int/data/gho/indicator-metadata-registry/imr-details/4547,PUBLISHED,Published,,2000,2000,,AMR,Americas,,HND,Honduras,,AGE30-49,30-49 years,,,,,,,,587,587.0,,,,,
HRH_17,Number of medical assistants,https://www.who.int/data/gho/indicator-metadata-registry/imr-details/4547,PUBLISHED,Published,,2004,2004,,EMR,Eastern Mediterranean,,IRQ,Iraq,,AGE30-49,30-49 years,,,,,,,,6308,6308.0,,,,,
HRH_17,Number of medical assistants,https://www.who.int/data/gho/indicator-metadata-registry/imr-details/4547,PUBLISHED,Published,,2004,2004,,AFR,Africa,,ZMB,Zambia,,AGE0-29,0-29 years,,,,,,,,209,209.0,,,,,
HRH_17,Number of medical assistants,https://www.who.int/data/gho/indicator-metadata-registry/imr-details/4547,PUBLISHED,Published,,2004,2004,,SEAR,South-East Asia,,BTN,Bhutan,,AGE50+,50+ years,,,,,,,,0,0.0,,,,,
HRH_17,Number of medical assistants,https://www.who.int/data/gho/indicator-metadata-registry/imr-details/4547,PUBLISHED,Published,,2000,2000,,AMR,Americas,,MEX,Mexico,,AGE30-49,30-49 years,,,,,,,,128163,128163.0,,,,,
HRH_17,Number of medical assistants,https://www.who.int/data/gho/indicator-metadata-registry/imr-details/4547,PUBLISHED,Published,,2004,2004,,AFR,Africa,,CIV,Côte d'Ivoire,,AGE50+,50+ years,,,,,,,,3,3.0,,,,,
HRH_17,Number of medical assistants,https://www.who.int/data/gho/indicator-metadata-registry/imr-details/4547,PUBLISHED,Published,,2000,2000,,AMR,Americas,,HND,Honduras,,AGE50+,50+ years,,,,,,,,174,174.0,,,,,
HRH_17,Number of medical assistants,https://www.who.int/data/gho/indicator-metadata-registry/imr-details/4547,PUBLISHED,Published,,2004,2004,,EMR,Eastern Mediterranean,,SDN,Sudan,,AGE50+,50+ years,,,,,,,,3171,3171.0,,,,,
HRH_17,Number of medical assistants,https://www.who.int/data/gho/indicator-metadata-registry/imr-details/4547,PUBLISHED,Published,,2004,2004,,AFR,Africa,,LBR,Liberia,,AGE50+,50+ years,,,,,,,,48,48.0,,,,,
HRH_17,Number of medical assistants,https://www.who.int/data/gho/indicator-metadata-registry/imr-details/4547,PUBLISHED,Published,,2004,2004,,AFR,Africa,,NER,Niger,,AGE50+,50+ years,,,,,,,,1,1.0,,,,,
HRH_17,Number of medical assistants,https://www.who.int/data/gho/indicator-metadata-registry/imr-details/4547,PUBLISHED,Published,,2001,2001,,AMR,Americas,,BOL,Bolivia (Plurinational State of),,AGE0-29,0-29 years,,,,,,,,334,334.0,,,,,
HRH_17,Number of medical assistants,https://www.who.int/data/gho/indicator-metadata-registry/imr-details/4547,PUBLISHED,Published,,2004,2004,,AFR,Africa,,LBR,Liberia,,AGE0-29,0-29 years,,,,,,,,40,40.0,,,,,
HRH_17,Number of medical assistants,https://www.who.int/data/gho/indicator-metadata-registry/imr-details/4547,PUBLISHED,Published,,2004,2004,,AFR,Africa,,GHA,Ghana,,AGE0-29,0-29 years,,,,,,,,315,315.0,,,,,
HRH_17,Number of medical assistants,https://www.who.int/data/gho/indicator-metadata-registry/imr-details/4547,PUBLISHED,Published,,2004,2004,,AFR,Africa,,BDI,Burundi,,AGE30-49,30-49 years,,,,,,,,489,489.0,,,,,
HRH_17,Number of medical assistants,https://www.who.int/data/gho/indicator-metadata-registry/imr-details/4547,PUBLISHED,Published,,2000,2000,,EUR,Europe,,TUR,Turkey,,AGE0-29,0-29 years,,,,,,,,8840,8840.0,,,,,
HRH_17,Number of medical assistants,https://www.who.int/data/gho/indicator-metadata-registry/imr-details/4547,PUBLISHED,Published,,2004,2004,,EMR,Eastern Mediterranean,,OMN,Oman,,AGE50+,50+ years,,,,,,,,10,10.0,,,,,
HRH_17,Number of medical assistants,https://www.who.int/data/gho/indicator-metadata-registry/imr-details/4547,PUBLISHED,Published,,2004,2004,,EMR,Eastern Mediterranean,,MAR,Morocco,,AGE0-29,0-29 years,,,,,,,,25,25.0,,,,,
HRH_17,Number of medical assistants,https://www.who.int/data/gho/indicator-metadata-registry/imr-details/4547,PUBLISHED,Published,,2004,2004,,EMR,Eastern Mediterranean,,MAR,Morocco,,AGE30-49,30-49 years,,,,,,,,324,324.0,,,,,
HRH_17,Number of medical assistants,https://www.who.int/data/gho/indicator-metadata-registry/imr-details/4547,PUBLISHED,Published,,2000,2000,,EUR,Europe,,EST,Estonia,,AGE30-49,30-49 years,,,,,,,,113,113.0,,,,,
HRH_17,Number of medical assistants,https://www.who.int/data/gho/indicator-metadata-registry/imr-details/4547,PUBLISHED,Published,,2004,2004,,SEAR,South-East Asia,,TLS,Timor-Leste,,AGE30-49,30-49 years,,,,,,,,1,1.0,,,,,
HRH_17,Number of medical assistants,https://www.who.int/data/gho/indicator-metadata-registry/imr-details/4547,PUBLISHED,Published,,2000,2000,,EUR,Europe,,TUR,Turkey,,AGE30-49,30-49 years,,,,,,,,10740,10740.0,,,,,
HRH_17,Number of medical assistants,https://www.who.int/data/gho/indicator-metadata-registry/imr-details/4547,PUBLISHED,Published,,2004,2004,,AFR,Africa,,LBR,Liberia,,AGE30-49,30-49 years,,,,,,,,452,452.0,,,,,
HRH_17,Number of medical assistants,https://www.who.int/data/gho/indicator-metadata-registry/imr-details/4547,PUBLISHED,Published,,2004,2004,,AFR,Africa,,GHA,Ghana,,AGE30-49,30-49 years,,,,,,,,472,472.0,,,,,
HRH_17,Number of medical assistants,https://www.who.int/data/gho/indicator-metadata-registry/imr-details/4547,PUBLISHED,Published,,2004,2004,,EMR,Eastern Mediterranean,,OMN,Oman,,AGE0-29,0-29 years,,,,,,,,0,0.0,,,,,
HRH_17,Number of medical assistants,https://www.who.int/data/gho/indicator-metadata-registry/imr-details/4547,PUBLISHED,Published,,2004,2004,,AFR,Africa,,BDI,Burundi,,AGE50+,50+ years,,,,,,,,77,77.0,,,,,
HRH_17,Number of medical assistants,https://www.who.int/data/gho/indicator-metadata-registry/imr-details/4547,PUBLISHED,Published,,2004,2004,,EMR,Eastern Mediterranean,,OMN,Oman,,AGE30-49,30-49 years,,,,,,,,0,0.0,,,,,
HRH_17,Number of medical assistants,https://www.who.int/data/gho/indicator-metadata-registry/imr-details/4547,PUBLISHED,Published,,2004,2004,,AFR,Africa,,GHA,Ghana,,AGE50+,50+ years,,,,,,,,0,0.0,,,,,
HRH_17,Number of medical assistants,https://www.who.int/data/gho/indicator-metadata-registry/imr-details/4547,PUBLISHED,Published,,2000,2000,,EUR,Europe,,EST,Estonia,,AGE50+,50+ years,,,,,,,,40,40.0,,,,,
HRH_17,Number of medical assistants,https://www.who.int/data/gho/indicator-metadata-registry/imr-details/4547,PUBLISHED,Published,,2004,2004,,AFR,Africa,,BDI,Burundi,,AGE0-29,0-29 years,,,,,,,,376,376.0,,,,,
HRH_17,Number of medical assistants,https://www.who.int/data/gho/indicator-metadata-registry/imr-details/4547,PUBLISHED,Published,,2004,2004,,SEAR,South-East Asia,,TLS,Timor-Leste,,AGE50+,50+ years,,,,,,,,0,0.0,,,,,
HRH_17,Number of medical assistants,https://www.who.int/data/gho/indicator-metadata-registry/imr-details/4547,PUBLISHED,Published,,2000,2000,,AMR,Americas,,CRI,Costa Rica,,AGE0-29,0-29 years,,,,,,,,313,313.0,,,,,
HRH_17,Number of medical assistants,https://www.who.int/data/gho/indicator-metadata-registry/imr-details/4547,PUBLISHED,Published,,2004,2004,,AFR,Africa,,STP,Sao Tome and Principe,,AGE0-29,0-29 years,,,,,,,,0,0.0,,,,,
HRH_17,Number of medical assistants,https://www.who.int/data/gho/indicator-metadata-registry/imr-details/4547,PUBLISHED,Published,,2002,2002,,AFR,Africa,,TZA,United Republic of Tanzania,,AGE50+,50+ years,,,,,,,,4939,4939.0,,,,,
HRH_17,Number of medical assistants,https://www.who.int/data/gho/indicator-metadata-registry/imr-details/4547,PUBLISHED,Published,,2004,2004,,EMR,Eastern Mediterranean,,MAR,Morocco,,AGE50+,50+ years,,,,,,,,7,7.0,,,,,
HRH_17,Number of medical assistants,https://www.who.int/data/gho/indicator-metadata-registry/imr-details/4547,PUBLISHED,Published,,2004,2004,,AFR,Africa,,MOZ,Mozambique,,AGE50+,50+ years,,,,,,,,110,110.0,,,,,
HRH_17,Number of medical assistants,https://www.who.int/data/gho/indicator-metadata-registry/imr-details/4547,PUBLISHED,Published,,2000,2000,,AMR,Americas,,HND,Honduras,,AGE0-29,0-29 years,,,,,,,,291,291.0,,,,,
HRH_17,Number of medical assistants,https://www.who.int/data/gho/indicator-metadata-registry/imr-details/4547,PUBLISHED,Published,,2000,2000,,AMR,Americas,,PAN,Panama,,AGE50+,50+ years,,,,,,,,5,5.0,,,,,
HRH_17,Number of medical assistants,https://www.who.int/data/gho/indicator-metadata-registry/imr-details/4547,PUBLISHED,Published,,2002,2002,,AFR,Africa,,TZA,United Republic of Tanzania,,AGE0-29,0-29 years,,,,,,,,1886,1886.0,,,,,
HRH_17,Number of medical assistants,https://www.who.int/data/gho/indicator-metadata-registry/imr-details/4547,PUBLISHED,Published,,2004,2004,,SEAR,South-East Asia,,BTN,Bhutan,,AGE30-49,30-49 years,,,,,,,,17,17.0,,,,,
HRH_17,Number of medical assistants,https://www.who.int/data/gho/indicator-metadata-registry/imr-details/4547,PUBLISHED,Published,,2004,2004,,AFR,Africa,,TCD,Chad,,AGE0-29,0-29 years,,,,,,,,6,6.0,,,,,
HRH_17,Number of medical assistants,https://www.who.int/data/gho/indicator-metadata-registry/imr-details/4547,PUBLISHED,Published,,2000,2000,,AMR,Americas,,PAN,Panama,,AGE0-29,0-29 years,,,,,,,,11,11.0,,,,,
HRH_17,Number of medical assistants,https://www.who.int/data/gho/indicator-metadata-registry/imr-details/4547,PUBLISHED,Published,,2002,2002,,AFR,Africa,,KEN,Kenya,,AGE30-49,30-49 years,,,,,,,,3780,3780.0,,,,,
HRH_17,Number of medical assistants,https://www.who.int/data/gho/indicator-metadata-registry/imr-details/4547,PUBLISHED,Published,,2001,2001,,AMR,Americas,,BOL,Bolivia (Plurinational State of),,AGE50+,50+ years,,,,,,,,44,44.0,,,,,
HRH_17,Number of medical assistants,https://www.who.int/data/gho/indicator-metadata-registry/imr-details/4547,PUBLISHED,Published,,2000,2000,,WPR,Western Pacific,,MNG,Mongolia,,AGE30-49,30-49 years,,,,,,,,2274,2274.0,,,,,
HRH_17,Number of medical assistants,https://www.who.int/data/gho/indicator-metadata-registry/imr-details/4547,PUBLISHED,Published,,2004,2004,,EMR,Eastern Mediterranean,,IRQ,Iraq,,AGE50+,50+ years,,,,,,,,1081,1081.0,,,,,
HRH_17,Number of medical assistants,https://www.who.int/data/gho/indicator-metadata-registry/imr-details/4547,PUBLISHED,Published,,2000,2000,,AMR,Americas,,CRI,Costa Rica,,AGE50+,50+ years,,,,,,,,71,71.0,,,,,
HRH_17,Number of medical assistants,https://www.who.int/data/gho/indicator-metadata-registry/imr-details/4547,PUBLISHED,Published,,2004,2004,,AFR,Africa,,STP,Sao Tome and Principe,,AGE50+,50+ years,,,,,,,,0,0.0,,,,,
HRH_17,Number of medical assistants,https://www.who.int/data/gho/indicator-metadata-registry/imr-details/4547,PUBLISHED,Published,,2004,2004,,AFR,Africa,,NER,Niger,,AGE30-49,30-49 years,,,,,,,,3,3.0,,,,,
HRH_17,Number of medical assistants,https://www.who.int/data/gho/indicator-metadata-registry/imr-details/4547,PUBLISHED,Published,,2004,2004,,AFR,Africa,,TCD,Chad,,AGE50+,50+ years,,,,,,,,44,44.0,,,,,
HRH_17,Number of medical assistants,https://www.who.int/data/gho/indicator-metadata-registry/imr-details/4547,PUBLISHED,Published,,2004,2004,,SEAR,South-East Asia,,BTN,Bhutan,,AGE0-29,0-29 years,,,,,,,,0,0.0,,,,,
HRH_17,Number of medical assistants,https://www.who.int/data/gho/indicator-metadata-registry/imr-details/4547,PUBLISHED,Published,,2000,2000,,WPR,Western Pacific,,MNG,Mongolia,,AGE50+,50+ years,,,,,,,,218,218.0,,,,,
HRH_17,Number of medical assistants,https://www.who.int/data/gho/indicator-metadata-registry/imr-details/4547,PUBLISHED,Published,,2000,2000,,EUR,Europe,,EST,Estonia,,AGE0-29,0-29 years,,,,,,,,0,0.0,,,,,
HRH_17,Number of medical assistants,https://www.who.int/data/gho/indicator-metadata-registry/imr-details/4547,PUBLISHED,Published,,2004,2004,,SEAR,South-East Asia,,TLS,Timor-Leste,,AGE0-29,0-29 years,,,,,,,,3,3.0,,,,,
HRH_17,Number of medical assistants,https://www.who.int/data/gho/indicator-metadata-registry/imr-details/4547,PUBLISHED,Published,,2002,2002,,AFR,Africa,,TZA,United Republic of Tanzania,,AGEUnspecified,Unspecified,,,,,,,,2338,2338.0,,,,,
HRH_17,Number of medical assistants,https://www.who.int/data/gho/indicator-metadata-registry/imr-details/4547,PUBLISHED,Published,,2000,2000,,WPR,Western Pacific,,MNG,Mongolia,,AGE0-29,0-29 years,,,,,,,,819,819.0,,,,,
HRH_17,Number of medical assistants,https://www.who.int/data/gho/indicator-metadata-registry/imr-details/4547,PUBLISHED,Published,,2002,2002,,AFR,Africa,,KEN,Kenya,,AGE0-29,0-29 years,,,,,,,,92,92.0,,,,,
HRH_17,Number of medical assistants,https://www.who.int/data/gho/indicator-metadata-registry/imr-details/4547,PUBLISHED,Published,,2001,2001,,AMR,Americas,,BOL,Bolivia (Plurinational State of),,AGE30-49,30-49 years,,,,,,,,201,201.0,,,,,
HRH_17,Number of medical assistants,https://www.who.int/data/gho/indicator-metadata-registry/imr-details/4547,PUBLISHED,Published,,2002,2002,,AFR,Africa,,TZA,United Republic of Tanzania,,AGE30-49,30-49 years,,,,,,,,20410,20410.0,,,,,
HRH_17,Number of medical assistants,https://www.who.int/data/gho/indicator-metadata-registry/imr-details/4547,PUBLISHED,Published,,2004,2004,,AFR,Africa,,NER,Niger,,AGE0-29,0-29 years,,,,,,,,0,0.0,,,,,
HRH_17,Number of medical assistants,https://www.who.int/data/gho/indicator-metadata-registry/imr-details/4547,PUBLISHED,Published,,2004,2004,,AFR,Africa,,TCD,Chad,,AGE30-49,30-49 years,,,,,,,,95,95.0,,,,,
HRH_17,Number of medical assistants,https://www.who.int/data/gho/indicator-metadata-registry/imr-details/4547,PUBLISHED,Published,,2002,2002,,EUR,Europe,,ROU,Romania,,AGE0-29,0-29 years,,,,,,,,3834,3834.0,,,,,
HRH_17,Number of medical assistants,https://www.who.int/data/gho/indicator-metadata-registry/imr-details/4547,PUBLISHED,Published,,2000,2000,,AMR,Americas,,CRI,Costa Rica,,AGE30-49,30-49 years,,,,,,,,611,611.0,,,,,
HRH_17,Number of medical assistants,https://www.who.int/data/gho/indicator-metadata-registry/imr-details/4547,PUBLISHED,Published,,2004,2004,,AFR,Africa,,STP,Sao Tome and Principe,,AGE30-49,30-49 years,,,,,,,,3,3.0,,,,,
HRH_17,Number of medical assistants,https://www.who.int/data/gho/indicator-metadata-registry/imr-details/4547,PUBLISHED,Published,,2000,2000,,EUR,Europe,,TUR,Turkey,,AGE50+,50+ years,,,,,,,,4720,4720.0,,,,,
HRH_17,Number of medical assistants,https://www.who.int/data/gho/indicator-metadata-registry/imr-details/4547,PUBLISHED,Published,,2004,2004,,AFR,Africa,,MOZ,Mozambique,,AGE30-49,30-49 years,,,,,,,,778,778.0,,,,,
HRH_17,Number of medical assistants,https://www.who.int/data/gho/indicator-metadata-registry/imr-details/4547,PUBLISHED,Published,,2002,2002,,AFR,Africa,,KEN,Kenya,,AGE50+,50+ years,,,,,,,,738,738.0,,,,,
HRH_17,Number of medical assistants,https://www.who.int/data/gho/indicator-metadata-registry/imr-details/4547,PUBLISHED,Published,,2000,2000,,AMR,Americas,,PAN,Panama,,AGE30-49,30-49 years,,,,,,,,38,38.0,,,,,
HRH_17,Number of medical assistants,https://www.who.int/data/gho/indicator-metadata-registry/imr-details/4547,PUBLISHED,Published,,2004,2004,,EMR,Eastern Mediterranean,,OMN,Oman,,,,,MLE,Male,,,,,10,10.0,,,,,
HRH_17,Number of medical assistants,https://www.who.int/data/gho/indicator-metadata-registry/imr-details/4547,PUBLISHED,Published,,2004,2004,,EMR,Eastern Mediterranean,,IRN,Iran (Islamic Republic of),,,,,MLE,Male,,,,,252,252.0,,,,,
HRH_17,Number of medical assistants,https://www.who.int/data/gho/indicator-metadata-registry/imr-details/4547,PUBLISHED,Published,,2004,2004,,AFR,Africa,,COG,Congo,,,,,MLE,Male,,,,,622,622.0,,,,,
HRH_17,Number of medical assistants,https://www.who.int/data/gho/indicator-metadata-registry/imr-details/4547,PUBLISHED,Published,,2004,2004,,AFR,Africa,,UGA,Uganda,,,,,FMLE,Female,,,,,569,569.0,,,,,
HRH_17,Number of medical assistants,https://www.who.int/data/gho/indicator-metadata-registry/imr-details/4547,PUBLISHED,Published,,2000,2000,,WPR,Western Pacific,,MNG,Mongolia,,,,,FMLE,Female,,,,,2953,2953.0,,,,,
HRH_17,Number of medical assistants,https://www.who.int/data/gho/indicator-metadata-registry/imr-details/4547,PUBLISHED,Published,,2004,2004,,AFR,Africa,,TCD,Chad,,,,,FMLE,Female,,,,,35,35.0,,,,,
HRH_17,Number of medical assistants,https://www.who.int/data/gho/indicator-metadata-registry/imr-details/4547,PUBLISHED,Published,,2004,2004,,AFR,Africa,,BFA,Burkina Faso,,,,,MLE,Male,,,,,688,688.0,,,,,
HRH_17,Number of medical assistants,https://www.who.int/data/gho/indicator-metadata-registry/imr-details/4547,PUBLISHED,Published,,2001,2001,,AMR,Americas,,BOL,Bolivia (Plurinational State of),,,,,FMLE,Female,,,,,285,285.0,,,,,
HRH_17,Number of medical assistants,https://www.who.int/data/gho/indicator-metadata-registry/imr-details/4547,PUBLISHED,Published,,2004,2004,,AFR,Africa,,UGA,Uganda,,,,,MLE,Male,,,,,1903,1903.0,,,,,
HRH_17,Number of medical assistants,https://www.who.int/data/gho/indicator-metadata-registry/imr-details/4547,PUBLISHED,Published,,2004,2004,,SEAR,South-East Asia,,TLS,Timor-Leste,,,,,FMLE,Female,,,,,0,0.0,,,,,
HRH_17,Number of medical assistants,https://www.who.int/data/gho/indicator-metadata-registry/imr-details/4547,PUBLISHED,Published,,2004,2004,,AFR,Africa,,LBR,Liberia,,,,,FMLE,Female,,,,,75,75.0,,,,,
HRH_17,Number of medical assistants,https://www.who.int/data/gho/indicator-metadata-registry/imr-details/4547,PUBLISHED,Published,,2004,2004,,AFR,Africa,,LBR,Liberia,,,,,MLE,Male,,,,,465,465.0,,,,,
HRH_17,Number of medical assistants,https://www.who.int/data/gho/indicator-metadata-registry/imr-details/4547,PUBLISHED,Published,,2004,2004,,SEAR,South-East Asia,,TLS,Timor-Leste,,,,,MLE,Male,,,,,4,4.0,,,,,
HRH_17,Number of medical assistants,https://www.who.int/data/gho/indicator-metadata-registry/imr-details/4547,PUBLISHED,Published,,2000,2000,,AMR,Americas,,CRI,Costa Rica,,,,,MLE,Male,,,,,538,538.0,,,,,
HRH_17,Number of medical assistants,https://www.who.int/data/gho/indicator-metadata-registry/imr-details/4547,PUBLISHED,Published,,2004,2004,,AFR,Africa,,RWA,Rwanda,,,,,MLE,Male,,,,,68,68.0,,,,,
HRH_17,Number of medical assistants,https://www.who.int/data/gho/indicator-metadata-registry/imr-details/4547,PUBLISHED,Published,,2004,2004,,AFR,Africa,,RWA,Rwanda,,,,,FMLE,Female,,,,,7,7.0,,,,,
HRH_17,Number of medical assistants,https://www.who.int/data/gho/indicator-metadata-registry/imr-details/4547,PUBLISHED,Published,,2004,2004,,AFR,Africa,,CAF,Central African Republic,,,,,FMLE,Female,,,,,70,70.0,,,,,
HRH_17,Number of medical assistants,https://www.who.int/data/gho/indicator-metadata-registry/imr-details/4547,PUBLISHED,Published,,2004,2004,,EMR,Eastern Mediterranean,,MAR,Morocco,,,,,MLE,Male,,,,,174,174.0,,,,,
HRH_17,Number of medical assistants,https://www.who.int/data/gho/indicator-metadata-registry/imr-details/4547,PUBLISHED,Published,,2000,2000,,SEAR,South-East Asia,,THA,Thailand,,,,,MLE,Male,,,,,1028,1028.0,,,,,
HRH_17,Number of medical assistants,https://www.who.int/data/gho/indicator-metadata-registry/imr-details/4547,PUBLISHED,Published,,2004,2004,,AFR,Africa,,TZA,United Republic of Tanzania,,,,,FMLE,Female,,,,,16948,16948.0,,,,,
HRH_17,Number of medical assistants,https://www.who.int/data/gho/indicator-metadata-registry/imr-details/4547,PUBLISHED,Published,,2000,2000,,EUR,Europe,,EST,Estonia,,,,,MLE,Male,,,,,40,40.0,,,,,
HRH_17,Number of medical assistants,https://www.who.int/data/gho/indicator-metadata-registry/imr-details/4547,PUBLISHED,Published,,2004,2004,,AFR,Africa,,GHA,Ghana,,,,,FMLE,Female,,,,,45,45.0,,,,,
HRH_17,Number of medical assistants,https://www.who.int/data/gho/indicator-metadata-registry/imr-details/4547,PUBLISHED,Published,,2004,2004,,AFR,Africa,,KEN,Kenya,,,,,MLE,Male,,,,,2996,2996.0,,,,,
HRH_17,Number of medical assistants,https://www.who.int/data/gho/indicator-metadata-registry/imr-details/4547,PUBLISHED,Published,,2004,2004,,AFR,Africa,,COG,Congo,,,,,FMLE,Female,,,,,333,333.0,,,,,
HRH_17,Number of medical assistants,https://www.who.int/data/gho/indicator-metadata-registry/imr-details/4547,PUBLISHED,Published,,2004,2004,,AFR,Africa,,CIV,Côte d'Ivoire,,,,,MLE,Male,,,,,10,10.0,,,,,
HRH_17,Number of medical assistants,https://www.who.int/data/gho/indicator-metadata-registry/imr-details/4547,PUBLISHED,Published,,2000,2000,,SEAR,South-East Asia,,THA,Thailand,,,,,FMLE,Female,,,,,1624,1624.0,,,,,
HRH_17,Number of medical assistants,https://www.who.int/data/gho/indicator-metadata-registry/imr-details/4547,PUBLISHED,Published,,2000,2000,,AMR,Americas,,USA,United States of America,,,,,MLE,Male,,,,,25224,25224.0,,,,,
HRH_17,Number of medical assistants,https://www.who.int/data/gho/indicator-metadata-registry/imr-details/4547,PUBLISHED,Published,,2004,2004,,SEAR,South-East Asia,,BTN,Bhutan,,,,,FMLE,Female,,,,,4,4.0,,,,,
HRH_17,Number of medical assistants,https://www.who.int/data/gho/indicator-metadata-registry/imr-details/4547,PUBLISHED,Published,,2004,2004,,AFR,Africa,,MWI,Malawi,,,,,FMLE,Female,,,,,84,84.0,,,,,
HRH_17,Number of medical assistants,https://www.who.int/data/gho/indicator-metadata-registry/imr-details/4547,PUBLISHED,Published,,2000,2000,,AMR,Americas,,PAN,Panama,,,,,MLE,Male,,,,,25,25.0,,,,,
HRH_17,Number of medical assistants,https://www.who.int/data/gho/indicator-metadata-registry/imr-details/4547,PUBLISHED,Published,,2004,2004,,AFR,Africa,,TZA,United Republic of Tanzania,,,,,MLE,Male,,,,,12625,12625.0,,,,,
HRH_17,Number of medical assistants,https://www.who.int/data/gho/indicator-metadata-registry/imr-details/4547,PUBLISHED,Published,,2004,2004,,AFR,Africa,,NER,Niger,,,,,MLE,Male,,,,,4,4.0,,,,,
HRH_17,Number of medical assistants,https://www.who.int/data/gho/indicator-metadata-registry/imr-details/4547,PUBLISHED,Published,,2004,2004,,EMR,Eastern Mediterranean,,MAR,Morocco,,,,,FMLE,Female,,,,,182,182.0,,,,,
HRH_17,Number of medical assistants,https://www.who.int/data/gho/indicator-metadata-registry/imr-details/4547,PUBLISHED,Published,,2000,2000,,AMR,Americas,,MEX,Mexico,,,,,FMLE,Female,,,,,186814,186814.0,,,,,
HRH_17,Number of medical assistants,https://www.who.int/data/gho/indicator-metadata-registry/imr-details/4547,PUBLISHED,Published,,2004,2004,,EMR,Eastern Mediterranean,,YEM,Yemen,,,,,FMLE,Female,,,,,334,334.0,,,,,
HRH_17,Number of medical assistants,https://www.who.int/data/gho/indicator-metadata-registry/imr-details/4547,PUBLISHED,Published,,2000,2000,,AMR,Americas,,CRI,Costa Rica,,,,,FMLE,Female,,,,,457,457.0,,,,,
HRH_17,Number of medical assistants,https://www.who.int/data/gho/indicator-metadata-registry/imr-details/4547,PUBLISHED,Published,,2001,2001,,AMR,Americas,,BOL,Bolivia (Plurinational State of),,,,,MLE,Male,,,,,294,294.0,,,,,
HRH_17,Number of medical assistants,https://www.who.int/data/gho/indicator-metadata-registry/imr-details/4547,PUBLISHED,Published,,2004,2004,,EMR,Eastern Mediterranean,,OMN,Oman,,,,,FMLE,Female,,,,,0,0.0,,,,,
HRH_17,Number of medical assistants,https://www.who.int/data/gho/indicator-metadata-registry/imr-details/4547,PUBLISHED,Published,,2000,2000,,AMR,Americas,,MEX,Mexico,,,,,MLE,Male,,,,,30412,30412.0,,,,,
HRH_17,Number of medical assistants,https://www.who.int/data/gho/indicator-metadata-registry/imr-details/4547,PUBLISHED,Published,,2000,2000,,EUR,Europe,,TUR,Turkey,,,,,FMLE,Female,,,,,3080,3080.0,,,,,
HRH_17,Number of medical assistants,https://www.who.int/data/gho/indicator-metadata-registry/imr-details/4547,PUBLISHED,Published,,2000,2000,,AMR,Americas,,PAN,Panama,,,,,FMLE,Female,,,,,29,29.0,,,,,
HRH_17,Number of medical assistants,https://www.who.int/data/gho/indicator-metadata-registry/imr-details/4547,PUBLISHED,Published,,2004,2004,,AFR,Africa,,MOZ,Mozambique,,,,,MLE,Male,,,,,832,832.0,,,,,
HRH_17,Number of medical assistants,https://www.who.int/data/gho/indicator-metadata-registry/imr-details/4547,PUBLISHED,Published,,2000,2000,,WPR,Western Pacific,,MNG,Mongolia,,,,,MLE,Male,,,,,358,358.0,,,,,
HRH_17,Number of medical assistants,https://www.who.int/data/gho/indicator-metadata-registry/imr-details/4547,PUBLISHED,Published,,2004,2004,,AFR,Africa,,ZMB,Zambia,,,,,FMLE,Female,,,,,361,361.0,,,,,
HRH_17,Number of medical assistants,https://www.who.int/data/gho/indicator-metadata-registry/imr-details/4547,PUBLISHED,Published,,2004,2004,,AFR,Africa,,MOZ,Mozambique,,,,,FMLE,Female,,,,,350,350.0,,,,,
HRH_17,Number of medical assistants,https://www.who.int/data/gho/indicator-metadata-registry/imr-details/4547,PUBLISHED,Published,,2000,2000,,EUR,Europe,,EST,Estonia,,,,,FMLE,Female,,,,,113,113.0,,,,,
HRH_17,Number of medical assistants,https://www.who.int/data/gho/indicator-metadata-registry/imr-details/4547,PUBLISHED,Published,,2004,2004,,SEAR,South-East Asia,,BTN,Bhutan,,,,,MLE,Male,,,,,13,13.0,,,,,
HRH_17,Number of medical assistants,https://www.who.int/data/gho/indicator-metadata-registry/imr-details/4547,PUBLISHED,Published,,2004,2004,,AFR,Africa,,NER,Niger,,,,,FMLE,Female,,,,,0,0.0,,,,,
HRH_17,Number of medical assistants,https://www.who.int/data/gho/indicator-metadata-registry/imr-details/4547,PUBLISHED,Published,,2004,2004,,AFR,Africa,,ETH,Ethiopia,,,,,FMLE,Female,,,,,2635,2635.0,,,,,
HRH_17,Number of medical assistants,https://www.who.int/data/gho/indicator-metadata-registry/imr-details/4547,PUBLISHED,Published,,2004,2004,,EMR,Eastern Mediterranean,,SDN,Sudan,,,,,MLE,Male,,,,,3440,3440.0,,,,,
HRH_17,Number of medical assistants,https://www.who.int/data/gho/indicator-metadata-registry/imr-details/4547,PUBLISHED,Published,,2004,2004,,AFR,Africa,,CIV,Côte d'Ivoire,,,,,FMLE,Female,,,,,15,15.0,,,,,
HRH_17,Number of medical assistants,https://www.who.int/data/gho/indicator-metadata-registry/imr-details/4547,PUBLISHED,Published,,2004,2004,,AFR,Africa,,BDI,Burundi,,,,,MLE,Male,,,,,384,384.0,,,,,
HRH_17,Number of medical assistants,https://www.who.int/data/gho/indicator-metadata-registry/imr-details/4547,PUBLISHED,Published,,2004,2004,,AFR,Africa,,MWI,Malawi,,,,,MLE,Male,,,,,623,623.0,,,,,
HRH_17,Number of medical assistants,https://www.who.int/data/gho/indicator-metadata-registry/imr-details/4547,PUBLISHED,Published,,2004,2004,,AFR,Africa,,CAF,Central African Republic,,,,,MLE,Male,,,,,277,277.0,,,,,
HRH_17,Number of medical assistants,https://www.who.int/data/gho/indicator-metadata-registry/imr-details/4547,PUBLISHED,Published,,2000,2000,,EUR,Europe,,TUR,Turkey,,,,,MLE,Male,,,,,21220,21220.0,,,,,
HRH_17,Number of medical assistants,https://www.who.int/data/gho/indicator-metadata-registry/imr-details/4547,PUBLISHED,Published,,2000,2000,,AMR,Americas,,USA,United States of America,,,,,FMLE,Female,,,,,29535,29535.0,,,,,
HRH_17,Number of medical assistants,https://www.who.int/data/gho/indicator-metadata-registry/imr-details/4547,PUBLISHED,Published,,2004,2004,,AFR,Africa,,STP,Sao Tome and Principe,,,,,MLE,Male,,,,,1,1.0,,,,,
HRH_17,Number of medical assistants,https://www.who.int/data/gho/indicator-metadata-registry/imr-details/4547,PUBLISHED,Published,,2004,2004,,AFR,Africa,,TCD,Chad,,,,,MLE,Male,,,,,110,110.0,,,,,
HRH_17,Number of medical assistants,https://www.who.int/data/gho/indicator-metadata-registry/imr-details/4547,PUBLISHED,Published,,2004,2004,,AFR,Africa,,STP,Sao Tome and Principe,,,,,FMLE,Female,,,,,2,2.0,,,,,
HRH_17,Number of medical assistants,https://www.who.int/data/gho/indicator-metadata-registry/imr-details/4547,PUBLISHED,Published,,2000,2000,,AMR,Americas,,HND,Honduras,,,,,FMLE,Female,,,,,576,576.0,,,,,
HRH_17,Number of medical assistants,https://www.who.int/data/gho/indicator-metadata-registry/imr-details/4547,PUBLISHED,Published,,2004,2004,,AFR,Africa,,ZMB,Zambia,,,,,MLE,Male,,,,,1761,1761.0,,,,,
HRH_17,Number of medical assistants,https://www.who.int/data/gho/indicator-metadata-registry/imr-details/4547,PUBLISHED,Published,,2004,2004,,AFR,Africa,,KEN,Kenya,,,,,FMLE,Female,,,,,1614,1614.0,,,,,
HRH_17,Number of medical assistants,https://www.who.int/data/gho/indicator-metadata-registry/imr-details/4547,PUBLISHED,Published,,2000,2000,,AMR,Americas,,HND,Honduras,,,,,MLE,Male,,,,,476,476.0,,,,,
HRH_17,Number of medical assistants,https://www.who.int/data/gho/indicator-metadata-registry/imr-details/4547,PUBLISHED,Published,,2004,2004,,EMR,Eastern Mediterranean,,IRQ,Iraq,,,,,MLE,Male,,,,,10005,10005.0,,,,,
HRH_17,Number of medical assistants,https://www.who.int/data/gho/indicator-metadata-registry/imr-details/4547,PUBLISHED,Published,,2004,2004,,AFR,Africa,,ETH,Ethiopia,,,,,MLE,Male,,,,,4676,4676.0,,,,,
HRH_17,Number of medical assistants,https://www.who.int/data/gho/indicator-metadata-registry/imr-details/4547,PUBLISHED,Published,,2004,2004,,EMR,Eastern Mediterranean,,IRQ,Iraq,,,,,FMLE,Female,,,,,799,799.0,,,,,
HRH_17,Number of medical assistants,https://www.who.int/data/gho/indicator-metadata-registry/imr-details/4547,PUBLISHED,Published,,2004,2004,,AFR,Africa,,BFA,Burkina Faso,,,,,FMLE,Female,,,,,253,253.0,,,,,
HRH_17,Number of medical assistants,https://www.who.int/data/gho/indicator-metadata-registry/imr-details/4547,PUBLISHED,Published,,2004,2004,,EMR,Eastern Mediterranean,,SDN,Sudan,,,,,FMLE,Female,,,,,3306,3306.0,,,,,
HRH_17,Number of medical assistants,https://www.who.int/data/gho/indicator-metadata-registry/imr-details/4547,PUBLISHED,Published,,2002,2002,,EUR,Europe,,ROU,Romania,,,,,MLE,Male,,,,,880,880.0,,,,,
HRH_17,Number of medical assistants,https://www.who.int/data/gho/indicator-metadata-registry/imr-details/4547,PUBLISHED,Published,,2004,2004,,AFR,Africa,,BDI,Burundi,,,,,FMLE,Female,,,,,558,558.0,,,,,
HRH_17,Number of medical assistants,https://www.who.int/data/gho/indicator-metadata-registry/imr-details/4547,PUBLISHED,Published,,2002,2002,,EUR,Europe,,ROU,Romania,,,,,FMLE,Female,,,,,9954,9954.0,,,,,
HRH_17,Number of medical assistants,https://www.who.int/data/gho/indicator-metadata-registry/imr-details/4547,PUBLISHED,Published,,2004,2004,,AFR,Africa,,GHA,Ghana,,,,,MLE,Male,,,,,742,742.0,,,,,
HRH_17,Number of medical assistants,https://www.who.int/data/gho/indicator-metadata-registry/imr-details/4547,PUBLISHED,Published,,2004,2004,,EMR,Eastern Mediterranean,,YEM,Yemen,,,,,MLE,Male,,,,,3008,3008.0,,,,,
HRH_17,Number of medical assistants,https://www.who.int/data/gho/indicator-metadata-registry/imr-details/4547,PUBLISHED,Published,,2004,2004,,EMR,Eastern Mediterranean,,IRN,Iran (Islamic Republic of),,,,,FMLE,Female,,,,,115,115.0,,,,,
HRH_17,Number of medical assistants,https://www.who.int/data/gho/indicator-metadata-registry/imr-details/4547,PUBLISHED,Published,,2000,2000,,AMR,Americas,,HND,Honduras,,,,,,,,RUR,Rural,,63,63.0,,,,,
HRH_17,Number of medical assistants,https://www.who.int/data/gho/indicator-metadata-registry/imr-details/4547,PUBLISHED,Published,,2004,2004,,AFR,Africa,,CIV,Côte d'Ivoire,,,,,,,,URB,Urban,,25,25.0,,,,,
HRH_17,Number of medical assistants,https://www.who.int/data/gho/indicator-metadata-registry/imr-details/4547,PUBLISHED,Published,,2004,2004,,AFR,Africa,,COD,Democratic Republic of the Congo,,,,,,,,RUR,Rural,,92,92.0,,,,,
HRH_17,Number of medical assistants,https://www.who.int/data/gho/indicator-metadata-registry/imr-details/4547,PUBLISHED,Published,,2004,2004,,AFR,Africa,,RWA,Rwanda,,,,,,,,RUR,Rural,,41,41.0,,,,,
HRH_17,Number of medical assistants,https://www.who.int/data/gho/indicator-metadata-registry/imr-details/4547,PUBLISHED,Published,,2004,2004,,EMR,Eastern Mediterranean,,YEM,Yemen,,,,,,,,URB,Urban,,2333,2333.0,,,,,
HRH_17,Number of medical assistants,https://www.who.int/data/gho/indicator-metadata-registry/imr-details/4547,PUBLISHED,Published,,2004,2004,,SEAR,South-East Asia,,LKA,Sri Lanka,,,,,,,,URB,Urban,,83,83.0,,,,,
HRH_17,Number of medical assistants,https://www.who.int/data/gho/indicator-metadata-registry/imr-details/4547,PUBLISHED,Published,,2004,2004,,EMR,Eastern Mediterranean,,OMN,Oman,,,,,,,,URB,Urban,,9,9.0,,,,,
HRH_17,Number of medical assistants,https://www.who.int/data/gho/indicator-metadata-registry/imr-details/4547,PUBLISHED,Published,,2004,2004,,AFR,Africa,,BDI,Burundi,,,,,,,,RUR,Rural,,503,503.0,,,,,
HRH_17,Number of medical assistants,https://www.who.int/data/gho/indicator-metadata-registry/imr-details/4547,PUBLISHED,Published,,2004,2004,,EMR,Eastern Mediterranean,,YEM,Yemen,,,,,,,,RUR,Rural,,1009,1009.0,,,,,
HRH_17,Number of medical assistants,https://www.who.int/data/gho/indicator-metadata-registry/imr-details/4547,PUBLISHED,Published,,2004,2004,,AFR,Africa,,COD,Democratic Republic of the Congo,,,,,,,,URB,Urban,,82,82.0,,,,,
HRH_17,Number of medical assistants,https://www.who.int/data/gho/indicator-metadata-registry/imr-details/4547,PUBLISHED,Published,,2004,2004,,AFR,Africa,,NER,Niger,,,,,,,,RUR,Rural,,1,1.0,,,,,
HRH_17,Number of medical assistants,https://www.who.int/data/gho/indicator-metadata-registry/imr-details/4547,PUBLISHED,Published,,2004,2004,,AFR,Africa,,MWI,Malawi,,,,,,,,URB,Urban,,212,212.0,,,,,
HRH_17,Number of medical assistants,https://www.who.int/data/gho/indicator-metadata-registry/imr-details/4547,PUBLISHED,Published,,2004,2004,,EMR,Eastern Mediterranean,,IRQ,Iraq,,,,,,,,RUR,Rural,,2579,2579.0,,,,,
HRH_17,Number of medical assistants,https://www.who.int/data/gho/indicator-metadata-registry/imr-details/4547,PUBLISHED,Published,,2004,2004,,AFR,Africa,,STP,Sao Tome and Principe,,,,,,,,URB,Urban,,2,2.0,,,,,
HRH_17,Number of medical assistants,https://www.who.int/data/gho/indicator-metadata-registry/imr-details/4547,PUBLISHED,Published,,2004,2004,,EMR,Eastern Mediterranean,,IRQ,Iraq,,,,,,,,URB,Urban,,8225,8225.0,,,,,
HRH_17,Number of medical assistants,https://www.who.int/data/gho/indicator-metadata-registry/imr-details/4547,PUBLISHED,Published,,2004,2004,,AFR,Africa,,TGO,Togo,,,,,,,,URB,Urban,,178,178.0,,,,,
HRH_17,Number of medical assistants,https://www.who.int/data/gho/indicator-metadata-registry/imr-details/4547,PUBLISHED,Published,,2004,2004,,AFR,Africa,,LBR,Liberia,,,,,,,,URB,Urban,,480,480.0,,,,,
HRH_17,Number of medical assistants,https://www.who.int/data/gho/indicator-metadata-registry/imr-details/4547,PUBLISHED,Published,,2004,2004,,AFR,Africa,,GHA,Ghana,,,,,,,,URB,Urban,,236,236.0,,,,,
HRH_17,Number of medical assistants,https://www.who.int/data/gho/indicator-metadata-registry/imr-details/4547,PUBLISHED,Published,,2004,2004,,EMR,Eastern Mediterranean,,MAR,Morocco,,,,,,,,URB,Urban,,356,356.0,,,,,
HRH_17,Number of medical assistants,https://www.who.int/data/gho/indicator-metadata-registry/imr-details/4547,PUBLISHED,Published,,2004,2004,,AFR,Africa,,TCD,Chad,,,,,,,,URB,Urban,,90,90.0,,,,,
HRH_17,Number of medical assistants,https://www.who.int/data/gho/indicator-metadata-registry/imr-details/4547,PUBLISHED,Published,,2004,2004,,AFR,Africa,,UGA,Uganda,,,,,,,,URB,Urban,,247,247.0,,,,,
HRH_17,Number of medical assistants,https://www.who.int/data/gho/indicator-metadata-registry/imr-details/4547,PUBLISHED,Published,,1991,1991,,SEAR,South-East Asia,,IND,India,,,,,,,,URB,Urban,,30721,30721.0,,,,,
HRH_17,Number of medical assistants,https://www.who.int/data/gho/indicator-metadata-registry/imr-details/4547,PUBLISHED,Published,,2004,2004,,EMR,Eastern Mediterranean,,SDN,Sudan,,,,,,,,URB,Urban,,3241,3241.0,,,,,
HRH_17,Number of medical assistants,https://www.who.int/data/gho/indicator-metadata-registry/imr-details/4547,PUBLISHED,Published,,2004,2004,,AFR,Africa,,NER,Niger,,,,,,,,URB,Urban,,3,3.0,,,,,
HRH_17,Number of medical assistants,https://www.who.int/data/gho/indicator-metadata-registry/imr-details/4547,PUBLISHED,Published,,2004,2004,,AFR,Africa,,ZMB,Zambia,,,,,,,,RUR,Rural,,1079,1079.0,,,,,
HRH_17,Number of medical assistants,https://www.who.int/data/gho/indicator-metadata-registry/imr-details/4547,PUBLISHED,Published,,2004,2004,,SEAR,South-East Asia,,BTN,Bhutan,,,,,,,,URB,Urban,,17,17.0,,,,,
HRH_17,Number of medical assistants,https://www.who.int/data/gho/indicator-metadata-registry/imr-details/4547,PUBLISHED,Published,,2004,2004,,AFR,Africa,,CAF,Central African Republic,,,,,,,,RUR,Rural,,183,183.0,,,,,
HRH_17,Number of medical assistants,https://www.who.int/data/gho/indicator-metadata-registry/imr-details/4547,PUBLISHED,Published,,2004,2004,,AFR,Africa,,MLI,Mali,,,,,,,,URB,Urban,,343,343.0,,,,,
HRH_17,Number of medical assistants,https://www.who.int/data/gho/indicator-metadata-registry/imr-details/4547,PUBLISHED,Published,,1991,1991,,SEAR,South-East Asia,,IND,India,,,,,,,,RUR,Rural,,34779,34779.0,,,,,
HRH_17,Number of medical assistants,https://www.who.int/data/gho/indicator-metadata-registry/imr-details/4547,PUBLISHED,Published,,2004,2004,,AFR,Africa,,UGA,Uganda,,,,,,,,RUR,Rural,,2225,2225.0,,,,,
HRH_17,Number of medical assistants,https://www.who.int/data/gho/indicator-metadata-registry/imr-details/4547,PUBLISHED,Published,,2000,2000,,AMR,Americas,,HND,Honduras,,,,,,,,URB,Urban,,989,989.0,,,,,
HRH_17,Number of medical assistants,https://www.who.int/data/gho/indicator-metadata-registry/imr-details/4547,PUBLISHED,Published,,2004,2004,,AFR,Africa,,RWA,Rwanda,,,,,,,,URB,Urban,,34,34.0,,,,,
HRH_17,Number of medical assistants,https://www.who.int/data/gho/indicator-metadata-registry/imr-details/4547,PUBLISHED,Published,,2004,2004,,AFR,Africa,,ZMB,Zambia,,,,,,,,URB,Urban,,1043,1043.0,,,,,
HRH_17,Number of medical assistants,https://www.who.int/data/gho/indicator-metadata-registry/imr-details/4547,PUBLISHED,Published,,2004,2004,,SEAR,South-East Asia,,BTN,Bhutan,,,,,,,,RUR,Rural,,0,0.0,,,,,
HRH_17,Number of medical assistants,https://www.who.int/data/gho/indicator-metadata-registry/imr-details/4547,PUBLISHED,Published,,2004,2004,,EMR,Eastern Mediterranean,,OMN,Oman,,,,,,,,RUR,Rural,,1,1.0,,,,,
HRH_17,Number of medical assistants,https://www.who.int/data/gho/indicator-metadata-registry/imr-details/4547,PUBLISHED,Published,,2004,2004,,AFR,Africa,,CAF,Central African Republic,,,,,,,,URB,Urban,,164,164.0,,,,,
HRH_17,Number of medical assistants,https://www.who.int/data/gho/indicator-metadata-registry/imr-details/4547,PUBLISHED,Published,,2004,2004,,AFR,Africa,,GHA,Ghana,,,,,,,,RUR,Rural,,551,551.0,,,,,
HRH_17,Number of medical assistants,https://www.who.int/data/gho/indicator-metadata-registry/imr-details/4547,PUBLISHED,Published,,2004,2004,,AFR,Africa,,MWI,Malawi,,,,,,,,RUR,Rural,,495,495.0,,,,,
HRH_17,Number of medical assistants,https://www.who.int/data/gho/indicator-metadata-registry/imr-details/4547,PUBLISHED,Published,,2004,2004,,AFR,Africa,,TGO,Togo,,,,,,,,RUR,Rural,,26,26.0,,,,,
HRH_17,Number of medical assistants,https://www.who.int/data/gho/indicator-metadata-registry/imr-details/4547,PUBLISHED,Published,,2004,2004,,AFR,Africa,,LBR,Liberia,,,,,,,,RUR,Rural,,60,60.0,,,,,
HRH_17,Number of medical assistants,https://www.who.int/data/gho/indicator-metadata-registry/imr-details/4547,PUBLISHED,Published,,2004,2004,,EMR,Eastern Mediterranean,,MAR,Morocco,,,,,,,,RUR,Rural,,0,0.0,,,,,
HRH_17,Number of medical assistants,https://www.who.int/data/gho/indicator-metadata-registry/imr-details/4547,PUBLISHED,Published,,2004,2004,,EMR,Eastern Mediterranean,,SDN,Sudan,,,,,,,,RUR,Rural,,3505,3505.0,,,,,
HRH_17,Number of medical assistants,https://www.who.int/data/gho/indicator-metadata-registry/imr-details/4547,PUBLISHED,Published,,2004,2004,,AFR,Africa,,TCD,Chad,,,,,,,,RUR,Rural,,55,55.0,,,,,
HRH_17,Number of medical assistants,https://www.who.int/data/gho/indicator-metadata-registry/imr-details/4547,PUBLISHED,Published,,2004,2004,,AFR,Africa,,STP,Sao Tome and Principe,,,,,,,,RUR,Rural,,1,1.0,,,,,
HRH_17,Number of medical assistants,https://www.who.int/data/gho/indicator-metadata-registry/imr-details/4547,PUBLISHED,Published,,2004,2004,,AFR,Africa,,BDI,Burundi,,,,,,,,URB,Urban,,439,439.0,,,,,
HRH_17,Number of medical assistants,https://www.who.int/data/gho/indicator-metadata-registry/imr-details/4547,PUBLISHED,Published,,2004,2004,,AFR,Africa,,CIV,Côte d'Ivoire,,,,,,,,RUR,Rural,,0,0.0,,,,,
HRH_17,Number of medical assistants,https://www.who.int/data/gho/indicator-metadata-registry/imr-details/4547,PUBLISHED,Published,,2004,2004,,AFR,Africa,,MLI,Mali,,,,,,,,RUR,Rural,,0,0.0,,,,,
HRH_17,Number of medical assistants,https://www.who.int/data/gho/indicator-metadata-registry/imr-details/4547,PUBLISHED,Published,,2004,2004,,SEAR,South-East Asia,,LKA,Sri Lanka,,,,,,,,RUR,Rural,,1256,1256.0,,,,,
HRH_17,Number of medical assistants,https://www.who.int/data/gho/indicator-metadata-registry/imr-details/4547,PUBLISHED,Published,,2004,2004,,AFR,Africa,,BDI,Burundi,,,,,,,,,,,942,942.0,,,,,
HRH_17,Number of medical assistants,https://www.who.int/data/gho/indicator-metadata-registry/imr-details/4547,PUBLISHED,Published,,2004,2004,,AFR,Africa,,BFA,Burkina Faso,,,,,,,,,,,941,941.0,,,,,
HRH_17,Number of medical assistants,https://www.who.int/data/gho/indicator-metadata-registry/imr-details/4547,PUBLISHED,Published,,2004,2004,,SEAR,South-East Asia,,BGD,Bangladesh,,,,,,,,,,,5598,5598.0,,,,,
HRH_17,Number of medical assistants,https://www.who.int/data/gho/indicator-metadata-registry/imr-details/4547,PUBLISHED,Published,,2005,2005,,SEAR,South-East Asia,,BGD,Bangladesh,,,,,,,,,,,4699,4699.0,,,,,
HRH_17,Number of medical assistants,https://www.who.int/data/gho/indicator-metadata-registry/imr-details/4547,PUBLISHED,Published,,2007,2007,,SEAR,South-East Asia,,BGD,Bangladesh,,,,,,,,,,,6742,6742.0,,,,,
HRH_17,Number of medical assistants,https://www.who.int/data/gho/indicator-metadata-registry/imr-details/4547,PUBLISHED,Published,,2008,2008,,SEAR,South-East Asia,,BGD,Bangladesh,,,,,,,,,,,7038,7038.0,,,,,
HRH_17,Number of medical assistants,https://www.who.int/data/gho/indicator-metadata-registry/imr-details/4547,PUBLISHED,Published,,2009,2009,,SEAR,South-East Asia,,BGD,Bangladesh,,,,,,,,,,,7365,7365.0,,,,,
HRH_17,Number of medical assistants,https://www.who.int/data/gho/indicator-metadata-registry/imr-details/4547,PUBLISHED,Published,,2010,2010,,SEAR,South-East Asia,,BGD,Bangladesh,,,,,,,,,,,7676,7676.0,,,,,
HRH_17,Number of medical assistants,https://www.who.int/data/gho/indicator-metadata-registry/imr-details/4547,PUBLISHED,Published,,2012,2012,,SEAR,South-East Asia,,BGD,Bangladesh,,,,,,,,,,,9036,9036.0,,,,,
HRH_17,Number of medical assistants,https://www.who.int/data/gho/indicator-metadata-registry/imr-details/4547,PUBLISHED,Published,,2011,2011,,SEAR,South-East Asia,,BGD,Bangladesh,,,,,,,,,,,8559,8559.0,,,,,
HRH_17,Number of medical assistants,https://www.who.int/data/gho/indicator-metadata-registry/imr-details/4547,PUBLISHED,Published,,2001,2001,,AMR,Americas,,BOL,Bolivia (Plurinational State of),,,,,,,,,,,579,579.0,,,,,
HRH_17,Number of medical assistants,https://www.who.int/data/gho/indicator-metadata-registry/imr-details/4547,PUBLISHED,Published,,2004,2004,,SEAR,South-East Asia,,BTN,Bhutan,,,,,,,,,,,17,17.0,,,,,
HRH_17,Number of medical assistants,https://www.who.int/data/gho/indicator-metadata-registry/imr-details/4547,PUBLISHED,Published,,2007,2007,,SEAR,South-East Asia,,BTN,Bhutan,,,,,,,,,,,31,31.0,,,,,
HRH_17,Number of medical assistants,https://www.who.int/data/gho/indicator-metadata-registry/imr-details/4547,PUBLISHED,Published,,2012,2012,,SEAR,South-East Asia,,BTN,Bhutan,,,,,,,,,,,39,39.0,,,,,
HRH_17,Number of medical assistants,https://www.who.int/data/gho/indicator-metadata-registry/imr-details/4547,PUBLISHED,Published,,2008,2008,,SEAR,South-East Asia,,BTN,Bhutan,,,,,,,,,,,43,43.0,,,,,
HRH_17,Number of medical assistants,https://www.who.int/data/gho/indicator-metadata-registry/imr-details/4547,PUBLISHED,Published,,2008,2008,,AFR,Africa,,BWA,Botswana,,,,,,,,,,,3,3.0,,,,,
HRH_17,Number of medical assistants,https://www.who.int/data/gho/indicator-metadata-registry/imr-details/4547,PUBLISHED,Published,,2009,2009,,AFR,Africa,,BWA,Botswana,,,,,,,,,,,69,69.0,,,,,
HRH_17,Number of medical assistants,https://www.who.int/data/gho/indicator-metadata-registry/imr-details/4547,PUBLISHED,Published,,2004,2004,,AFR,Africa,,CAF,Central African Republic,,,,,,,,,,,347,347.0,,,,,
HRH_17,Number of medical assistants,https://www.who.int/data/gho/indicator-metadata-registry/imr-details/4547,PUBLISHED,Published,,2008,2008,,AFR,Africa,,CIV,Côte d'Ivoire,,,,,,,,,,,568,568.0,,,,,
HRH_17,Number of medical assistants,https://www.who.int/data/gho/indicator-metadata-registry/imr-details/4547,PUBLISHED,Published,,2005,2005,,AFR,Africa,,CIV,Côte d'Ivoire,,,,,,,,,,,1269,1269.0,,,,,
HRH_17,Number of medical assistants,https://www.who.int/data/gho/indicator-metadata-registry/imr-details/4547,PUBLISHED,Published,,2004,2004,,AFR,Africa,,CIV,Côte d'Ivoire,,,,,,,,,,,25,25.0,,,,,
HRH_17,Number of medical assistants,https://www.who.int/data/gho/indicator-metadata-registry/imr-details/4547,PUBLISHED,Published,,2004,2004,,AFR,Africa,,COG,Congo,,,,,,,,,,,955,955.0,,,,,
HRH_17,Number of medical assistants,https://www.who.int/data/gho/indicator-metadata-registry/imr-details/4547,PUBLISHED,Published,,2006,2006,,AFR,Africa,,COG,Congo,,,,,,,,,,,164,164.0,,,,,
HRH_17,Number of medical assistants,https://www.who.int/data/gho/indicator-metadata-registry/imr-details/4547,PUBLISHED,Published,,2007,2007,,AFR,Africa,,COG,Congo,,,,,,,,,,,291,291.0,,,,,
HRH_17,Number of medical assistants,https://www.who.int/data/gho/indicator-metadata-registry/imr-details/4547,PUBLISHED,Published,,2009,2009,,WPR,Western Pacific,,COK,Cook Islands,,,,,,,,,,,2,2.0,,,,,
HRH_17,Number of medical assistants,https://www.who.int/data/gho/indicator-metadata-registry/imr-details/4547,PUBLISHED,Published,,2000,2000,,AMR,Americas,,CRI,Costa Rica,,,,,,,,,,,995,995.0,,,,,
HRH_17,Number of medical assistants,https://www.who.int/data/gho/indicator-metadata-registry/imr-details/4547,PUBLISHED,Published,,1999,1999,,EMR,Eastern Mediterranean,,DJI,Djibouti,,,,,,,,,,,4,4.0,,,,,
HRH_17,Number of medical assistants,https://www.who.int/data/gho/indicator-metadata-registry/imr-details/4547,PUBLISHED,Published,,2000,2000,,EUR,Europe,,EST,Estonia,,,,,,,,,,,153,153.0,,,,,
HRH_17,Number of medical assistants,https://www.who.int/data/gho/indicator-metadata-registry/imr-details/4547,PUBLISHED,Published,,2008,2008,,AFR,Africa,,ETH,Ethiopia,,,,,,,,,,,3381,3381.0,,,,,
HRH_17,Number of medical assistants,https://www.who.int/data/gho/indicator-metadata-registry/imr-details/4547,PUBLISHED,Published,,2009,2009,,AFR,Africa,,ETH,Ethiopia,,,,,,,,,,,3092,3092.0,,,,,
HRH_17,Number of medical assistants,https://www.who.int/data/gho/indicator-metadata-registry/imr-details/4547,PUBLISHED,Published,,2007,2007,,AFR,Africa,,ETH,Ethiopia,,,,,,,,,,,3976,3976.0,,,,,
HRH_17,Number of medical assistants,https://www.who.int/data/gho/indicator-metadata-registry/imr-details/4547,PUBLISHED,Published,,2004,2004,,AFR,Africa,,ETH,Ethiopia,,,,,,,,,,,7311,7311.0,,,,,
HRH_17,Number of medical assistants,https://www.who.int/data/gho/indicator-metadata-registry/imr-details/4547,PUBLISHED,Published,,2005,2005,,AFR,Africa,,ETH,Ethiopia,,,,,,,,,,,7139,7139.0,,,,,
HRH_17,Number of medical assistants,https://www.who.int/data/gho/indicator-metadata-registry/imr-details/4547,PUBLISHED,Published,,2006,2006,,AFR,Africa,,ETH,Ethiopia,,,,,,,,,,,5515,5515.0,,,,,
HRH_17,Number of medical assistants,https://www.who.int/data/gho/indicator-metadata-registry/imr-details/4547,PUBLISHED,Published,,2003,2003,,AFR,Africa,,ETH,Ethiopia,,,,,,,,,,,7311,7311.0,,,,,
HRH_17,Number of medical assistants,https://www.who.int/data/gho/indicator-metadata-registry/imr-details/4547,PUBLISHED,Published,,2008,2008,,WPR,Western Pacific,,FSM,Micronesia (Federated States of),,,,,,,,,,,8,8.0,,,,,
HRH_17,Number of medical assistants,https://www.who.int/data/gho/indicator-metadata-registry/imr-details/4547,PUBLISHED,Published,,2008,2008,,EUR,Europe,,GEO,Georgia,,,,,,,,,,,1719,1719.0,,,,,
HRH_17,Number of medical assistants,https://www.who.int/data/gho/indicator-metadata-registry/imr-details/4547,PUBLISHED,Published,,2009,2009,,EUR,Europe,,GEO,Georgia,,,,,,,,,,,1325,1325.0,,,,,
HRH_17,Number of medical assistants,https://www.who.int/data/gho/indicator-metadata-registry/imr-details/4547,PUBLISHED,Published,,2008,2008,,AFR,Africa,,GHA,Ghana,,,,,,,,,,,501,501.0,,,,,
HRH_17,Number of medical assistants,https://www.who.int/data/gho/indicator-metadata-registry/imr-details/4547,PUBLISHED,Published,,2007,2007,,AFR,Africa,,GHA,Ghana,,,,,,,,,,,451,451.0,,,,,
HRH_17,Number of medical assistants,https://www.who.int/data/gho/indicator-metadata-registry/imr-details/4547,PUBLISHED,Published,,2004,2004,,AFR,Africa,,GHA,Ghana,,,,,,,,,,,787,787.0,,,,,
HRH_17,Number of medical assistants,https://www.who.int/data/gho/indicator-metadata-registry/imr-details/4547,PUBLISHED,Published,,2005,2005,,AFR,Africa,,GIN,Guinea,,,,,,,,,,,2885,2885.0,,,,,
HRH_17,Number of medical assistants,https://www.who.int/data/gho/indicator-metadata-registry/imr-details/4547,PUBLISHED,Published,,2009,2009,,AMR,Americas,,GUY,Guyana,,,,,,,,,,,77,77.0,,,,,
HRH_17,Number of medical assistants,https://www.who.int/data/gho/indicator-metadata-registry/imr-details/4547,PUBLISHED,Published,,2010,2010,,AMR,Americas,,GUY,Guyana,,,,,,,,,,,77,77.0,,,,,
HRH_17,Number of medical assistants,https://www.who.int/data/gho/indicator-metadata-registry/imr-details/4547,PUBLISHED,Published,,2000,2000,,AMR,Americas,,HND,Honduras,,,,,,,,,,,1052,1052.0,,,,,
HRH_17,Number of medical assistants,https://www.who.int/data/gho/indicator-metadata-registry/imr-details/4547,PUBLISHED,Published,,2003,2003,,SEAR,South-East Asia,,IDN,Indonesia,,,,,,,,,,,0,0.0,,,,,
HRH_17,Number of medical assistants,https://www.who.int/data/gho/indicator-metadata-registry/imr-details/4547,PUBLISHED,Published,,1991,1991,,SEAR,South-East Asia,,IND,India,,,,,,,,,,,65500,65500.0,,,,,
HRH_17,Number of medical assistants,https://www.who.int/data/gho/indicator-metadata-registry/imr-details/4547,PUBLISHED,Published,,2004,2004,,EMR,Eastern Mediterranean,,IRN,Iran (Islamic Republic of),,,,,,,,,,,367,367.0,,,,,
HRH_17,Number of medical assistants,https://www.who.int/data/gho/indicator-metadata-registry/imr-details/4547,PUBLISHED,Published,,2013,2013,,AMR,Americas,,JAM,Jamaica,,,,,,,,,,,52,52.0,,,,,
HRH_17,Number of medical assistants,https://www.who.int/data/gho/indicator-metadata-registry/imr-details/4547,PUBLISHED,Published,,2012,2012,,AMR,Americas,,JAM,Jamaica,,,,,,,,,,,47,47.0,,,,,
HRH_17,Number of medical assistants,https://www.who.int/data/gho/indicator-metadata-registry/imr-details/4547,PUBLISHED,Published,,2014,2014,,AMR,Americas,,JAM,Jamaica,,,,,,,,,,,57,57.0,,,,,
HRH_17,Number of medical assistants,https://www.who.int/data/gho/indicator-metadata-registry/imr-details/4547,PUBLISHED,Published,,2015,2015,,AMR,Americas,,JAM,Jamaica,,,,,,,,,,,56,56.0,,,,,
HRH_17,Number of medical assistants,https://www.who.int/data/gho/indicator-metadata-registry/imr-details/4547,PUBLISHED,Published,,2016,2016,,AMR,Americas,,JAM,Jamaica,,,,,,,,,,,59,59.0,,,,,
HRH_17,Number of medical assistants,https://www.who.int/data/gho/indicator-metadata-registry/imr-details/4547,PUBLISHED,Published,,2004,2004,,AFR,Africa,,KEN,Kenya,,,,,,,,,,,2186,2186.0,,,,,
HRH_17,Number of medical assistants,https://www.who.int/data/gho/indicator-metadata-registry/imr-details/4547,PUBLISHED,Published,,2002,2002,,AFR,Africa,,KEN,Kenya,,,,,,,,,,,4610,4610.0,,,,,
HRH_17,Number of medical assistants,https://www.who.int/data/gho/indicator-metadata-registry/imr-details/4547,PUBLISHED,Published,,1996,1996,,WPR,Western Pacific,,KHM,Cambodia,,,,,,,,,,,1458,1458.0,,,,,
HRH_17,Number of medical assistants,https://www.who.int/data/gho/indicator-metadata-registry/imr-details/4547,PUBLISHED,Published,,1998,1998,,WPR,Western Pacific,,KHM,Cambodia,,,,,,,,,,,1699,1699.0,,,,,
HRH_17,Number of medical assistants,https://www.who.int/data/gho/indicator-metadata-registry/imr-details/4547,PUBLISHED,Published,,2013,2013,,WPR,Western Pacific,,KHM,Cambodia,,,,,,,,,,,728,728.0,,,,,
HRH_17,Number of medical assistants,https://www.who.int/data/gho/indicator-metadata-registry/imr-details/4547,PUBLISHED,Published,,2012,2012,,WPR,Western Pacific,,KHM,Cambodia,,,,,,,,,,,754,754.0,,,,,
HRH_17,Number of medical assistants,https://www.who.int/data/gho/indicator-metadata-registry/imr-details/4547,PUBLISHED,Published,,2013,2013,,WPR,Western Pacific,,KIR,Kiribati,,,,,,,,,,,44,44.0,,,,,
HRH_17,Number of medical assistants,https://www.who.int/data/gho/indicator-metadata-registry/imr-details/4547,PUBLISHED,Published,,1995,1995,,WPR,Western Pacific,,LAO,Lao People's Democratic Republic,,,,,,,,,,,2800,2800.0,,,,,
HRH_17,Number of medical assistants,https://www.who.int/data/gho/indicator-metadata-registry/imr-details/4547,PUBLISHED,Published,,2004,2004,,WPR,Western Pacific,,LAO,Lao People's Democratic Republic,,,,,,,,,,,3800,3800.0,,,,,
HRH_17,Number of medical assistants,https://www.who.int/data/gho/indicator-metadata-registry/imr-details/4547,PUBLISHED,Published,,2000,2000,,WPR,Western Pacific,,LAO,Lao People's Democratic Republic,,,,,,,,,,,1706,1706.0,,,,,
HRH_17,Number of medical assistants,https://www.who.int/data/gho/indicator-metadata-registry/imr-details/4547,PUBLISHED,Published,,2005,2005,,WPR,Western Pacific,,LAO,Lao People's Democratic Republic,,,,,,,,,,,1547,1547.0,,,,,
HRH_17,Number of medical assistants,https://www.who.int/data/gho/indicator-metadata-registry/imr-details/4547,PUBLISHED,Published,,2009,2009,,WPR,Western Pacific,,LAO,Lao People's Democratic Republic,,,,,,,,,,,1449,1449.0,,,,,
HRH_17,Number of medical assistants,https://www.who.int/data/gho/indicator-metadata-registry/imr-details/4547,PUBLISHED,Published,,2008,2008,,AFR,Africa,,LBR,Liberia,,,,,,,,,,,195,195.0,,,,,
HRH_17,Number of medical assistants,https://www.who.int/data/gho/indicator-metadata-registry/imr-details/4547,PUBLISHED,Published,,2004,2004,,AFR,Africa,,LBR,Liberia,,,,,,,,,,,540,540.0,,,,,
HRH_17,Number of medical assistants,https://www.who.int/data/gho/indicator-metadata-registry/imr-details/4547,PUBLISHED,Published,,2002,2002,,SEAR,South-East Asia,,LKA,Sri Lanka,,,,,,,,,,,1343,1343.0,,,,,
HRH_17,Number of medical assistants,https://www.who.int/data/gho/indicator-metadata-registry/imr-details/4547,PUBLISHED,Published,,2004,2004,,SEAR,South-East Asia,,LKA,Sri Lanka,,,,,,,,,,,1339,1339.0,,,,,
HRH_17,Number of medical assistants,https://www.who.int/data/gho/indicator-metadata-registry/imr-details/4547,PUBLISHED,Published,,2008,2008,,SEAR,South-East Asia,,LKA,Sri Lanka,,,,,,,,,,,1134,1134.0,,,,,
HRH_17,Number of medical assistants,https://www.who.int/data/gho/indicator-metadata-registry/imr-details/4547,PUBLISHED,Published,,2009,2009,,SEAR,South-East Asia,,LKA,Sri Lanka,,,,,,,,,,,1046,1046.0,,,,,
HRH_17,Number of medical assistants,https://www.who.int/data/gho/indicator-metadata-registry/imr-details/4547,PUBLISHED,Published,,2007,2007,,SEAR,South-East Asia,,LKA,Sri Lanka,,,,,,,,,,,1194,1194.0,,,,,
HRH_17,Number of medical assistants,https://www.who.int/data/gho/indicator-metadata-registry/imr-details/4547,PUBLISHED,Published,,2006,2006,,SEAR,South-East Asia,,LKA,Sri Lanka,,,,,,,,,,,1183,1183.0,,,,,
HRH_17,Number of medical assistants,https://www.who.int/data/gho/indicator-metadata-registry/imr-details/4547,PUBLISHED,Published,,2005,2005,,SEAR,South-East Asia,,LKA,Sri Lanka,,,,,,,,,,,1274,1274.0,,,,,
HRH_17,Number of medical assistants,https://www.who.int/data/gho/indicator-metadata-registry/imr-details/4547,PUBLISHED,Published,,2010,2010,,SEAR,South-East Asia,,LKA,Sri Lanka,,,,,,,,,,,1107,1107.0,,,,,
HRH_17,Number of medical assistants,https://www.who.int/data/gho/indicator-metadata-registry/imr-details/4547,PUBLISHED,Published,,2001,2001,,SEAR,South-East Asia,,LKA,Sri Lanka,,,,,,,,,,,1343,1343.0,,,,,
HRH_17,Number of medical assistants,https://www.who.int/data/gho/indicator-metadata-registry/imr-details/4547,PUBLISHED,Published,,2000,2000,,SEAR,South-East Asia,,LKA,Sri Lanka,,,,,,,,,,,1349,1349.0,,,,,
HRH_17,Number of medical assistants,https://www.who.int/data/gho/indicator-metadata-registry/imr-details/4547,PUBLISHED,Published,,1990,1990,,SEAR,South-East Asia,,LKA,Sri Lanka,,,,,,,,,,,1100,1100.0,,,,,
HRH_17,Number of medical assistants,https://www.who.int/data/gho/indicator-metadata-registry/imr-details/4547,PUBLISHED,Published,,1991,1991,,SEAR,South-East Asia,,LKA,Sri Lanka,,,,,,,,,,,1074,1074.0,,,,,
HRH_17,Number of medical assistants,https://www.who.int/data/gho/indicator-metadata-registry/imr-details/4547,PUBLISHED,Published,,1992,1992,,SEAR,South-East Asia,,LKA,Sri Lanka,,,,,,,,,,,1201,1201.0,,,,,
HRH_17,Number of medical assistants,https://www.who.int/data/gho/indicator-metadata-registry/imr-details/4547,PUBLISHED,Published,,1993,1993,,SEAR,South-East Asia,,LKA,Sri Lanka,,,,,,,,,,,1305,1305.0,,,,,
HRH_17,Number of medical assistants,https://www.who.int/data/gho/indicator-metadata-registry/imr-details/4547,PUBLISHED,Published,,1994,1994,,SEAR,South-East Asia,,LKA,Sri Lanka,,,,,,,,,,,1305,1305.0,,,,,
HRH_17,Number of medical assistants,https://www.who.int/data/gho/indicator-metadata-registry/imr-details/4547,PUBLISHED,Published,,1995,1995,,SEAR,South-East Asia,,LKA,Sri Lanka,,,,,,,,,,,1357,1357.0,,,,,
HRH_17,Number of medical assistants,https://www.who.int/data/gho/indicator-metadata-registry/imr-details/4547,PUBLISHED,Published,,1996,1996,,SEAR,South-East Asia,,LKA,Sri Lanka,,,,,,,,,,,1397,1397.0,,,,,
HRH_17,Number of medical assistants,https://www.who.int/data/gho/indicator-metadata-registry/imr-details/4547,PUBLISHED,Published,,1997,1997,,SEAR,South-East Asia,,LKA,Sri Lanka,,,,,,,,,,,1384,1384.0,,,,,
HRH_17,Number of medical assistants,https://www.who.int/data/gho/indicator-metadata-registry/imr-details/4547,PUBLISHED,Published,,1998,1998,,SEAR,South-East Asia,,LKA,Sri Lanka,,,,,,,,,,,1324,1324.0,,,,,
HRH_17,Number of medical assistants,https://www.who.int/data/gho/indicator-metadata-registry/imr-details/4547,PUBLISHED,Published,,1999,1999,,SEAR,South-East Asia,,LKA,Sri Lanka,,,,,,,,,,,1340,1340.0,,,,,
HRH_17,Number of medical assistants,https://www.who.int/data/gho/indicator-metadata-registry/imr-details/4547,PUBLISHED,Published,,1980,1980,,SEAR,South-East Asia,,LKA,Sri Lanka,,,,,,,,,,,1018,1018.0,,,,,
HRH_17,Number of medical assistants,https://www.who.int/data/gho/indicator-metadata-registry/imr-details/4547,PUBLISHED,Published,,1986,1986,,SEAR,South-East Asia,,LKA,Sri Lanka,,,,,,,,,,,1223,1223.0,,,,,
HRH_17,Number of medical assistants,https://www.who.int/data/gho/indicator-metadata-registry/imr-details/4547,PUBLISHED,Published,,1988,1988,,SEAR,South-East Asia,,LKA,Sri Lanka,,,,,,,,,,,1100,1100.0,,,,,
HRH_17,Number of medical assistants,https://www.who.int/data/gho/indicator-metadata-registry/imr-details/4547,PUBLISHED,Published,,1991,1991,,EUR,Europe,,LVA,Latvia,,,,,,,,,,,4144,4144.0,,,,,
HRH_17,Number of medical assistants,https://www.who.int/data/gho/indicator-metadata-registry/imr-details/4547,PUBLISHED,Published,,1992,1992,,EUR,Europe,,LVA,Latvia,,,,,,,,,,,3394,3394.0,,,,,
HRH_17,Number of medical assistants,https://www.who.int/data/gho/indicator-metadata-registry/imr-details/4547,PUBLISHED,Published,,1993,1993,,EUR,Europe,,LVA,Latvia,,,,,,,,,,,3008,3008.0,,,,,
HRH_17,Number of medical assistants,https://www.who.int/data/gho/indicator-metadata-registry/imr-details/4547,PUBLISHED,Published,,1994,1994,,EUR,Europe,,LVA,Latvia,,,,,,,,,,,2601,2601.0,,,,,
HRH_17,Number of medical assistants,https://www.who.int/data/gho/indicator-metadata-registry/imr-details/4547,PUBLISHED,Published,,1995,1995,,EUR,Europe,,LVA,Latvia,,,,,,,,,,,2030,2030.0,,,,,
HRH_17,Number of medical assistants,https://www.who.int/data/gho/indicator-metadata-registry/imr-details/4547,PUBLISHED,Published,,1996,1996,,EUR,Europe,,LVA,Latvia,,,,,,,,,,,2223,2223.0,,,,,
HRH_17,Number of medical assistants,https://www.who.int/data/gho/indicator-metadata-registry/imr-details/4547,PUBLISHED,Published,,1997,1997,,EUR,Europe,,LVA,Latvia,,,,,,,,,,,1897,1897.0,,,,,
HRH_17,Number of medical assistants,https://www.who.int/data/gho/indicator-metadata-registry/imr-details/4547,PUBLISHED,Published,,1998,1998,,EUR,Europe,,LVA,Latvia,,,,,,,,,,,1799,1799.0,,,,,
HRH_17,Number of medical assistants,https://www.who.int/data/gho/indicator-metadata-registry/imr-details/4547,PUBLISHED,Published,,1990,1990,,EUR,Europe,,LVA,Latvia,,,,,,,,,,,4275,4275.0,,,,,
HRH_17,Number of medical assistants,https://www.who.int/data/gho/indicator-metadata-registry/imr-details/4547,PUBLISHED,Published,,2003,2003,,EUR,Europe,,LVA,Latvia,,,,,,,,,,,1717,1717.0,,,,,
HRH_17,Number of medical assistants,https://www.who.int/data/gho/indicator-metadata-registry/imr-details/4547,PUBLISHED,Published,,2001,2001,,EUR,Europe,,LVA,Latvia,,,,,,,,,,,1671,1671.0,,,,,
HRH_17,Number of medical assistants,https://www.who.int/data/gho/indicator-metadata-registry/imr-details/4547,PUBLISHED,Published,,2002,2002,,EUR,Europe,,LVA,Latvia,,,,,,,,,,,1727,1727.0,,,,,
HRH_17,Number of medical assistants,https://www.who.int/data/gho/indicator-metadata-registry/imr-details/4547,PUBLISHED,Published,,2006,2006,,EUR,Europe,,LVA,Latvia,,,,,,,,,,,1723,1723.0,,,,,
HRH_17,Number of medical assistants,https://www.who.int/data/gho/indicator-metadata-registry/imr-details/4547,PUBLISHED,Published,,2005,2005,,EUR,Europe,,LVA,Latvia,,,,,,,,,,,1768,1768.0,,,,,
HRH_17,Number of medical assistants,https://www.who.int/data/gho/indicator-metadata-registry/imr-details/4547,PUBLISHED,Published,,2004,2004,,EUR,Europe,,LVA,Latvia,,,,,,,,,,,1620,1620.0,,,,,
HRH_17,Number of medical assistants,https://www.who.int/data/gho/indicator-metadata-registry/imr-details/4547,PUBLISHED,Published,,2000,2000,,EUR,Europe,,LVA,Latvia,,,,,,,,,,,1736,1736.0,,,,,
HRH_17,Number of medical assistants,https://www.who.int/data/gho/indicator-metadata-registry/imr-details/4547,PUBLISHED,Published,,2009,2009,,EUR,Europe,,LVA,Latvia,,,,,,,,,,,1535,1535.0,,,,,
HRH_17,Number of medical assistants,https://www.who.int/data/gho/indicator-metadata-registry/imr-details/4547,PUBLISHED,Published,,2007,2007,,EUR,Europe,,LVA,Latvia,,,,,,,,,,,1699,1699.0,,,,,
HRH_17,Number of medical assistants,https://www.who.int/data/gho/indicator-metadata-registry/imr-details/4547,PUBLISHED,Published,,2008,2008,,EUR,Europe,,LVA,Latvia,,,,,,,,,,,1646,1646.0,,,,,
HRH_17,Number of medical assistants,https://www.who.int/data/gho/indicator-metadata-registry/imr-details/4547,PUBLISHED,Published,,1999,1999,,EUR,Europe,,LVA,Latvia,,,,,,,,,,,1872,1872.0,,,,,
HRH_17,Number of medical assistants,https://www.who.int/data/gho/indicator-metadata-registry/imr-details/4547,PUBLISHED,Published,,2004,2004,,EMR,Eastern Mediterranean,,MAR,Morocco,,,,,,,,,,,356,356.0,,,,,
HRH_17,Number of medical assistants,https://www.who.int/data/gho/indicator-metadata-registry/imr-details/4547,PUBLISHED,Published,,2000,2000,,AMR,Americas,,MEX,Mexico,,,,,,,,,,,217226,217226.0,,,,,
HRH_17,Number of medical assistants,https://www.who.int/data/gho/indicator-metadata-registry/imr-details/4547,PUBLISHED,Published,,2012,2012,,WPR,Western Pacific,,MHL,Marshall Islands,,,,,,,,,,,54,54.0,,,,,
HRH_17,Number of medical assistants,https://www.who.int/data/gho/indicator-metadata-registry/imr-details/4547,PUBLISHED,Published,,2010,2010,,AFR,Africa,,MLI,Mali,,,,,,,,,,,339,339.0,,,,,
HRH_17,Number of medical assistants,https://www.who.int/data/gho/indicator-metadata-registry/imr-details/4547,PUBLISHED,Published,,2004,2004,,AFR,Africa,,MLI,Mali,,,,,,,,,,,343,343.0,,,,,
HRH_17,Number of medical assistants,https://www.who.int/data/gho/indicator-metadata-registry/imr-details/4547,PUBLISHED,Published,,2009,2009,,AFR,Africa,,MLI,Mali,,,,,,,,,,,302,302.0,,,,,
HRH_17,Number of medical assistants,https://www.who.int/data/gho/indicator-metadata-registry/imr-details/4547,PUBLISHED,Published,,2009,2009,,SEAR,South-East Asia,,MMR,Myanmar,,,,,,,,,,,1845,1845.0,,,,,
HRH_17,Number of medical assistants,https://www.who.int/data/gho/indicator-metadata-registry/imr-details/4547,PUBLISHED,Published,,2008,2008,,SEAR,South-East Asia,,MMR,Myanmar,,,,,,,,,,,1822,1822.0,,,,,
HRH_17,Number of medical assistants,https://www.who.int/data/gho/indicator-metadata-registry/imr-details/4547,PUBLISHED,Published,,2005,2005,,SEAR,South-East Asia,,MMR,Myanmar,,,,,,,,,,,1771,1771.0,,,,,
HRH_17,Number of medical assistants,https://www.who.int/data/gho/indicator-metadata-registry/imr-details/4547,PUBLISHED,Published,,2006,2006,,SEAR,South-East Asia,,MMR,Myanmar,,,,,,,,,,,1778,1778.0,,,,,
HRH_17,Number of medical assistants,https://www.who.int/data/gho/indicator-metadata-registry/imr-details/4547,PUBLISHED,Published,,2007,2007,,SEAR,South-East Asia,,MMR,Myanmar,,,,,,,,,,,1788,1788.0,,,,,
HRH_17,Number of medical assistants,https://www.who.int/data/gho/indicator-metadata-registry/imr-details/4547,PUBLISHED,Published,,2010,2010,,SEAR,South-East Asia,,MMR,Myanmar,,,,,,,,,,,1899,1899.0,,,,,
HRH_17,Number of medical assistants,https://www.who.int/data/gho/indicator-metadata-registry/imr-details/4547,PUBLISHED,Published,,2011,2011,,SEAR,South-East Asia,,MMR,Myanmar,,,,,,,,,,,1893,1893.0,,,,,
HRH_17,Number of medical assistants,https://www.who.int/data/gho/indicator-metadata-registry/imr-details/4547,PUBLISHED,Published,,1988,1988,,SEAR,South-East Asia,,MMR,Myanmar,,,,,,,,,,,1238,1238.0,,,,,
HRH_17,Number of medical assistants,https://www.who.int/data/gho/indicator-metadata-registry/imr-details/4547,PUBLISHED,Published,,2002,2002,,WPR,Western Pacific,,MNG,Mongolia,,,,,,,,,,,3311,3311.0,,,,,
HRH_17,Number of medical assistants,https://www.who.int/data/gho/indicator-metadata-registry/imr-details/4547,PUBLISHED,Published,,2004,2004,,AFR,Africa,,MOZ,Mozambique,,,,,,,,,,,1182,1182.0,,,,,
HRH_17,Number of medical assistants,https://www.who.int/data/gho/indicator-metadata-registry/imr-details/4547,PUBLISHED,Published,,2004,2004,,AFR,Africa,,MRT,Mauritania,,,,,,,,,,,48,48.0,,,,,
HRH_17,Number of medical assistants,https://www.who.int/data/gho/indicator-metadata-registry/imr-details/4547,PUBLISHED,Published,,2009,2009,,AFR,Africa,,MRT,Mauritania,,,,,,,,,,,188,188.0,,,,,
HRH_17,Number of medical assistants,https://www.who.int/data/gho/indicator-metadata-registry/imr-details/4547,PUBLISHED,Published,,2009,2009,,AFR,Africa,,MWI,Malawi,,,,,,,,,,,1883,1883.0,,,,,
HRH_17,Number of medical assistants,https://www.who.int/data/gho/indicator-metadata-registry/imr-details/4547,PUBLISHED,Published,,2004,2004,,AFR,Africa,,MWI,Malawi,,,,,,,,,,,707,707.0,,,,,
HRH_17,Number of medical assistants,https://www.who.int/data/gho/indicator-metadata-registry/imr-details/4547,PUBLISHED,Published,,2010,2010,,WPR,Western Pacific,,MYS,Malaysia,,,,,,,,,,,10350,10350.0,,,,,
HRH_17,Number of medical assistants,https://www.who.int/data/gho/indicator-metadata-registry/imr-details/4547,PUBLISHED,Published,,2004,2004,,AFR,Africa,,NER,Niger,,,,,,,,,,,4,4.0,,,,,
HRH_17,Number of medical assistants,https://www.who.int/data/gho/indicator-metadata-registry/imr-details/4547,PUBLISHED,Published,,2004,2004,,EMR,Eastern Mediterranean,,OMN,Oman,,,,,,,,,,,10,10.0,,,,,
HRH_17,Number of medical assistants,https://www.who.int/data/gho/indicator-metadata-registry/imr-details/4547,PUBLISHED,Published,,2008,2008,,EMR,Eastern Mediterranean,,OMN,Oman,,,,,,,,,,,5,5.0,,,,,
HRH_17,Number of medical assistants,https://www.who.int/data/gho/indicator-metadata-registry/imr-details/4547,PUBLISHED,Published,,2012,2012,,EMR,Eastern Mediterranean,,OMN,Oman,,,,,,,,,,,4,4.0,,,,,
HRH_17,Number of medical assistants,https://www.who.int/data/gho/indicator-metadata-registry/imr-details/4547,PUBLISHED,Published,,2004,2004,,EMR,Eastern Mediterranean,,PAK,Pakistan,,,,,,,,,,,18862,18862.0,,,,,
HRH_17,Number of medical assistants,https://www.who.int/data/gho/indicator-metadata-registry/imr-details/4547,PUBLISHED,Published,,2008,2008,,WPR,Western Pacific,,PNG,Papua New Guinea,,,,,,,,,,,718,718.0,,,,,
HRH_17,Number of medical assistants,https://www.who.int/data/gho/indicator-metadata-registry/imr-details/4547,PUBLISHED,Published,,2003,2003,,SEAR,South-East Asia,,PRK,Democratic People's Republic of Korea,,,,,,,,,,,63780,63780.0,,,,,
HRH_17,Number of medical assistants,https://www.who.int/data/gho/indicator-metadata-registry/imr-details/4547,PUBLISHED,Published,,2002,2002,,AMR,Americas,,PRY,Paraguay,,,,,,,,,,,322,322.0,,,,,
HRH_17,Number of medical assistants,https://www.who.int/data/gho/indicator-metadata-registry/imr-details/4547,PUBLISHED,Published,,2002,2002,,EUR,Europe,,ROU,Romania,,,,,,,,,,,110398,110398.0,,,,,
HRH_17,Number of medical assistants,https://www.who.int/data/gho/indicator-metadata-registry/imr-details/4547,PUBLISHED,Published,,2000,2000,,EUR,Europe,,RUS,Russian Federation,,,,,,,,,,,290061,290061.0,,,,,
HRH_17,Number of medical assistants,https://www.who.int/data/gho/indicator-metadata-registry/imr-details/4547,PUBLISHED,Published,,2004,2004,,AFR,Africa,,RWA,Rwanda,,,,,,,,,,,75,75.0,,,,,
HRH_17,Number of medical assistants,https://www.who.int/data/gho/indicator-metadata-registry/imr-details/4547,PUBLISHED,Published,,2004,2004,,EMR,Eastern Mediterranean,,SDN,Sudan,,,,,,,,,,,6746,6746.0,,,,,
HRH_17,Number of medical assistants,https://www.who.int/data/gho/indicator-metadata-registry/imr-details/4547,PUBLISHED,Published,,2004,2004,,AFR,Africa,,SEN,Senegal,,,,,,,,,,,259,259.0,,,,,
HRH_17,Number of medical assistants,https://www.who.int/data/gho/indicator-metadata-registry/imr-details/4547,PUBLISHED,Published,,2008,2008,,AFR,Africa,,SLE,Sierra Leone,,,,,,,,,,,22,22.0,,,,,
HRH_17,Number of medical assistants,https://www.who.int/data/gho/indicator-metadata-registry/imr-details/4547,PUBLISHED,Published,,2004,2004,,AFR,Africa,,STP,Sao Tome and Principe,,,,,,,,,,,3,3.0,,,,,
HRH_17,Number of medical assistants,https://www.who.int/data/gho/indicator-metadata-registry/imr-details/4547,PUBLISHED,Published,,2013,2013,,EUR,Europe,,SVK,Slovakia,,,,,,,,,,,1969,1969.0,,,,,
HRH_17,Number of medical assistants,https://www.who.int/data/gho/indicator-metadata-registry/imr-details/4547,PUBLISHED,Published,,2004,2004,,AFR,Africa,,TCD,Chad,,,,,,,,,,,145,145.0,,,,,
HRH_17,Number of medical assistants,https://www.who.int/data/gho/indicator-metadata-registry/imr-details/4547,PUBLISHED,Published,,2004,2004,,AFR,Africa,,TGO,Togo,,,,,,,,,,,204,204.0,,,,,
HRH_17,Number of medical assistants,https://www.who.int/data/gho/indicator-metadata-registry/imr-details/4547,PUBLISHED,Published,,2008,2008,,AFR,Africa,,TGO,Togo,,,,,,,,,,,254,254.0,,,,,
HRH_17,Number of medical assistants,https://www.who.int/data/gho/indicator-metadata-registry/imr-details/4547,PUBLISHED,Published,,2007,2007,,AFR,Africa,,TGO,Togo,,,,,,,,,,,230,230.0,,,,,
HRH_17,Number of medical assistants,https://www.who.int/data/gho/indicator-metadata-registry/imr-details/4547,PUBLISHED,Published,,2002,2002,,EUR,Europe,,TKM,Turkmenistan,,,,,,,,,,,4678,4678.0,,,,,
HRH_17,Number of medical assistants,https://www.who.int/data/gho/indicator-metadata-registry/imr-details/4547,PUBLISHED,Published,,2004,2004,,SEAR,South-East Asia,,TLS,Timor-Leste,,,,,,,,,,,4,4.0,,,,,
HRH_17,Number of medical assistants,https://www.who.int/data/gho/indicator-metadata-registry/imr-details/4547,PUBLISHED,Published,,2009,2009,,WPR,Western Pacific,,TON,Tonga,,,,,,,,,,,22,22.0,,,,,
HRH_17,Number of medical assistants,https://www.who.int/data/gho/indicator-metadata-registry/imr-details/4547,PUBLISHED,Published,,2013,2013,,WPR,Western Pacific,,TON,Tonga,,,,,,,,,,,20,20.0,,,,,
HRH_17,Number of medical assistants,https://www.who.int/data/gho/indicator-metadata-registry/imr-details/4547,PUBLISHED,Published,,2002,2002,,AFR,Africa,,TZA,United Republic of Tanzania,,,,,,,,,,,29573,29573.0,,,,,
HRH_17,Number of medical assistants,https://www.who.int/data/gho/indicator-metadata-registry/imr-details/4547,PUBLISHED,Published,,2006,2006,,AFR,Africa,,TZA,United Republic of Tanzania,,,,,,,,,,,5762,5762.0,,,,,
HRH_17,Number of medical assistants,https://www.who.int/data/gho/indicator-metadata-registry/imr-details/4547,PUBLISHED,Published,,2012,2012,,AFR,Africa,,TZA,United Republic of Tanzania,,,,,,,,,,,8787,8787.0,,,,,
HRH_17,Number of medical assistants,https://www.who.int/data/gho/indicator-metadata-registry/imr-details/4547,PUBLISHED,Published,,2005,2005,,AFR,Africa,,UGA,Uganda,,,,,,,,,,,4378,4378.0,,,,,
HRH_17,Number of medical assistants,https://www.who.int/data/gho/indicator-metadata-registry/imr-details/4547,PUBLISHED,Published,,2004,2004,,AFR,Africa,,UGA,Uganda,,,,,,,,,,,2472,2472.0,,,,,
HRH_17,Number of medical assistants,https://www.who.int/data/gho/indicator-metadata-registry/imr-details/4547,PUBLISHED,Published,,2000,2000,,AMR,Americas,,USA,United States of America,,,,,,,,,,,54759,54759.0,,,,,
HRH_17,Number of medical assistants,https://www.who.int/data/gho/indicator-metadata-registry/imr-details/4547,PUBLISHED,Published,,2004,2004,,EMR,Eastern Mediterranean,,YEM,Yemen,,,,,,,,,,,3342,3342.0,,,,,
HRH_17,Number of medical assistants,https://www.who.int/data/gho/indicator-metadata-registry/imr-details/4547,PUBLISHED,Published,,2010,2010,,EMR,Eastern Mediterranean,,YEM,Yemen,,,,,,,,,,,2479,2479.0,,,,,
HRH_17,Number of medical assistants,https://www.who.int/data/gho/indicator-metadata-registry/imr-details/4547,PUBLISHED,Published,,1997,1997,,EMR,Eastern Mediterranean,,YEM,Yemen,,,,,,,,,,,932,932.0,,,,,
HRH_17,Number of medical assistants,https://www.who.int/data/gho/indicator-metadata-registry/imr-details/4547,PUBLISHED,Published,,2013,2013,,AFR,Africa,,ZAF,South Africa,,,,,,,,,,,217,217.0,,,,,
HRH_17,Number of medical assistants,https://www.who.int/data/gho/indicator-metadata-registry/imr-details/4547,PUBLISHED,Published,,2014,2014,,AFR,Africa,,ZAF,South Africa,,,,,,,,,,,362,362.0,,,,,
HRH_17,Number of medical assistants,https://www.who.int/data/gho/indicator-metadata-registry/imr-details/4547,PUBLISHED,Published,,2015,2015,,AFR,Africa,,ZAF,South Africa,,,,,,,,,,,474,474.0,,,,,
HRH_17,Number of medical assistants,https://www.who.int/data/gho/indicator-metadata-registry/imr-details/4547,PUBLISHED,Published,,2012,2012,,AFR,Africa,,ZAF,South Africa,,,,,,,,,,,90,90.0,,,,,
HRH_17,Number of medical assistants,https://www.who.int/data/gho/indicator-metadata-registry/imr-details/4547,PUBLISHED,Published,,2010,2010,,AFR,Africa,,ZAF,South Africa,,,,,,,,,,,11,11.0,,,,,
HRH_17,Number of medical assistants,https://www.who.int/data/gho/indicator-metadata-registry/imr-details/4547,PUBLISHED,Published,,2011,2011,,AFR,Africa,,ZAF,South Africa,,,,,,,,,,,18,18.0,,,,,
HRH_17,Number of medical assistants,https://www.who.int/data/gho/indicator-metadata-registry/imr-details/4547,PUBLISHED,Published,,2004,2004,,AFR,Africa,,ZAF,South Africa,,,,,,,,,,,8,8.0,,,,,
HRH_17,Number of medical assistants,https://www.who.int/data/gho/indicator-metadata-registry/imr-details/4547,PUBLISHED,Published,,2011,2011,,AFR,Africa,,ZMB,Zambia,,,,,,,,,,,3057,3057.0,,,,,
HRH_17,Number of medical assistants,https://www.who.int/data/gho/indicator-metadata-registry/imr-details/4547,PUBLISHED,Published,,2016,2016,,AFR,Africa,,ZMB,Zambia,,,,,,,,,,,1814,1814.0,,,,,
HRH_17,Number of medical assistants,https://www.who.int/data/gho/indicator-metadata-registry/imr-details/4547,PUBLISHED,Published,,2006,2006,,AFR,Africa,,ZMB,Zambia,,,,,,,,,,,1161,1161.0,,,,,
HRH_17,Number of medical assistants,https://www.who.int/data/gho/indicator-metadata-registry/imr-details/4547,PUBLISHED,Published,,2004,2004,,AFR,Africa,,ZMB,Zambia,,,,,,,,,,,2122,2122.0,,,,,
HRH_17,Number of medical assistants,https://www.who.int/data/gho/indicator-metadata-registry/imr-details/4547,PUBLISHED,Published,,2012,2012,,AFR,Africa,,ZMB,Zambia,,,,,,,,,,,3141,3141.0,,,,,
