GHO (CODE),GHO (DISPLAY),GHO (URL),PUBLISHSTATE (CODE),PUBLISHSTATE (DISPLAY),PUBLISHSTATE (URL),YEAR (CODE),YEAR (DISPLAY),YEAR (URL),REGION (CODE),REGION (DISPLAY),REGION (URL),WORLDBANKINCOMEGROUP (CODE),WORLDBANKINCOMEGROUP (DISPLAY),WORLDBANKINCOMEGROUP (URL),COUNTRY (CODE),COUNTRY (DISPLAY),COUNTRY (URL),Display Value,Numeric,Low,High,StdErr,StdDev,Comments
HWWS_1,Handwashing with soap after using the toilet (%),,PUBLISHED,Published,,2010,2010,,SEAR,South-East Asia,,WB_LI,Low-income,,BGD,Bangladesh,,26,26.0,,,,,"Luby SP, Kadir MA, Yushuf Sharker MA, Yeasmin F, Unicomb L, Sirajul Islam M. A community-randomised controlled trial promoting waterless hand sanitizer and handwashing with soap, Dhaka, Bangladesh. Tropical Medicine & International Health. 2010;15:1508-1516."
HWWS_1,Handwashing with soap after using the toilet (%),,PUBLISHED,Published,,2007,2007,,WPR,Western Pacific,,WB_HI,High-income,,NZL,New Zealand,,72,72.0,,,,,"Garbutt C, Simmons G, Patrick D, Miller T. The public hand hygiene practices of New Zealanders: a national survey. New Zeal Med J. 2007;120."
HWWS_1,Handwashing with soap after using the toilet (%),,PUBLISHED,Published,,2005,2005,,AFR,Africa,,WB_LI,Low-income,,SEN,Senegal,,23,23.0,,,,,"Senegal MGP-Afrique. Rapport Provisoire: Initiative de partenariat public/privé de lavage des mains. Situtation de référence en matière de lavage des mains au Sénégal, Dakar.  Senegal MGP-Afrique; 2005."
HWWS_1,Handwashing with soap after using the toilet (%),,PUBLISHED,Published,,2004,2004,,AMR,Americas,,WB_UMI,Upper-middle-income,,PER,Peru,,14,14.0,,,,,Prisma. Behavioral study of handwashing with soap in peri-urban and rural areas of Peru.  Lima: Enrivonmental Health Project; 2004.
HWWS_1,Handwashing with soap after using the toilet (%),,PUBLISHED,Published,,2007,2007,,AFR,Africa,,WB_LI,Low-income,,GHA,Ghana,,4,4.0,,,,,"Scott BE, Lawson DW, Curtis V. Hard to handle: understanding mothers’ handwashing behaviour in Ghana. Health Policy and Planning. 2007 Jul 1;22(4):216 -224."
HWWS_1,Handwashing with soap after using the toilet (%),,PUBLISHED,Published,,2010,2010,,AFR,Africa,,WB_LI,Low-income,,KEN,Kenya,,31,31.0,,,,,"Aunger R, Schmidt W, Ranpura A, Coombes Y, Maina PM, Matiko CN, et al. Three kinds of psychological determinants for hand-washing behaviour in Kenya. Soc Sci Med. 2010;70(3):383-391. "
HWWS_1,Handwashing with soap after using the toilet (%),,PUBLISHED,Published,,2004,2004,,AFR,Africa,,WB_LI,Low-income,,MDG,Madagascar,,4,4.0,,,,,"Taratra Pea, World Bank. Etude sur le Partenariat Public-Privé—lavage des mains avec du savon dans les Fivondronana de Bekily et Ampanihy, 2003–2004.  World Bank; 2004. "
HWWS_1,Handwashing with soap after using the toilet (%),,PUBLISHED,Published,,2007,2007,,AFR,Africa,,WB_LI,Low-income,,UGA,Uganda,,14,14.0,,,,,Steadman International. Formative research and baseline survey on handwashing with soap.  Kampala: 2007.
HWWS_1,Handwashing with soap after using the toilet (%),,PUBLISHED,Published,,2005,2005,,EUR,Europe,,WB_LI,Low-income,,KGZ,Kyrgyzstan,,18,18.0,,,,,"Biran A, Tabyshalieva A, Salmorbekova Z. Formative research for hygiene promotion in Kyrgyzstan. Health Policy Plan. 2005 Jul;20(4):213-221."
