GHO (CODE),GHO (DISPLAY),GHO (URL),PUBLISHSTATE (CODE),PUBLISHSTATE (DISPLAY),PUBLISHSTATE (URL),YEAR (CODE),YEAR (DISPLAY),YEAR (URL),REGION (CODE),REGION (DISPLAY),REGION (URL),COUNTRY (CODE),COUNTRY (DISPLAY),COUNTRY (URL),Display Value,Numeric,Low,High,StdErr,StdDev,Comments
MALARIA_15309,European Union (USD),,PUBLISHED,Published,,2001,2001,,EUR,Europe,,ARM,Armenia,,0,0.0,,,,,
MALARIA_15309,European Union (USD),,PUBLISHED,Published,,2001,2001,,EUR,Europe,,AZE,Azerbaijan,,0,0.0,,,,,
MALARIA_15309,European Union (USD),,PUBLISHED,Published,,2001,2001,,AFR,Africa,,BFA,Burkina Faso,,0,0.0,,,,,
MALARIA_15309,European Union (USD),,PUBLISHED,Published,,2001,2001,,WPR,Western Pacific,,KHM,Cambodia,,1257000,1257000.0,,,,,
MALARIA_15309,European Union (USD),,PUBLISHED,Published,,2001,2001,,AMR,Americas,,SLV,El Salvador,,0,0.0,,,,,
MALARIA_15309,European Union (USD),,PUBLISHED,Published,,2001,2001,,AFR,Africa,,ERI,Eritrea,,0,0.0,,,,,
MALARIA_15309,European Union (USD),,PUBLISHED,Published,,2001,2001,,AFR,Africa,,ETH,Ethiopia,,0,0.0,,,,,
MALARIA_15309,European Union (USD),,PUBLISHED,Published,,2001,2001,,EUR,Europe,,KAZ,Kazakhstan,,0,0.0,,,,,
MALARIA_15309,European Union (USD),,PUBLISHED,Published,,2001,2001,,AFR,Africa,,KEN,Kenya,,0,0.0,,,,,
MALARIA_15309,European Union (USD),,PUBLISHED,Published,,2001,2001,,EUR,Europe,,KGZ,Kyrgyzstan,,0,0.0,,,,,
MALARIA_15309,European Union (USD),,PUBLISHED,Published,,2001,2001,,WPR,Western Pacific,,LAO,Lao People's Democratic Republic,,737143,737143.0,,,,,
MALARIA_15309,European Union (USD),,PUBLISHED,Published,,2001,2001,,AFR,Africa,,MRT,Mauritania,,0,0.0,,,,,
MALARIA_15309,European Union (USD),,PUBLISHED,Published,,2001,2001,,EUR,Europe,,UZB,Uzbekistan,,0,0.0,,,,,
MALARIA_15309,European Union (USD),,PUBLISHED,Published,,2001,2001,,WPR,Western Pacific,,VUT,Vanuatu,,0,0.0,,,,,
MALARIA_15309,European Union (USD),,PUBLISHED,Published,,2002,2002,,EUR,Europe,,ARM,Armenia,,0,0.0,,,,,
MALARIA_15309,European Union (USD),,PUBLISHED,Published,,2002,2002,,EUR,Europe,,AZE,Azerbaijan,,0,0.0,,,,,
MALARIA_15309,European Union (USD),,PUBLISHED,Published,,2002,2002,,AFR,Africa,,BFA,Burkina Faso,,0,0.0,,,,,
MALARIA_15309,European Union (USD),,PUBLISHED,Published,,2002,2002,,WPR,Western Pacific,,KHM,Cambodia,,1900000,1900000.0,,,,,
MALARIA_15309,European Union (USD),,PUBLISHED,Published,,2002,2002,,AFR,Africa,,CAF,Central African Republic,,4000,4000.0,,,,,
MALARIA_15309,European Union (USD),,PUBLISHED,Published,,2002,2002,,AMR,Americas,,SLV,El Salvador,,0,0.0,,,,,
MALARIA_15309,European Union (USD),,PUBLISHED,Published,,2002,2002,,AFR,Africa,,ERI,Eritrea,,0,0.0,,,,,
MALARIA_15309,European Union (USD),,PUBLISHED,Published,,2002,2002,,AFR,Africa,,ETH,Ethiopia,,0,0.0,,,,,
MALARIA_15309,European Union (USD),,PUBLISHED,Published,,2002,2002,,EUR,Europe,,KAZ,Kazakhstan,,0,0.0,,,,,
MALARIA_15309,European Union (USD),,PUBLISHED,Published,,2002,2002,,AFR,Africa,,KEN,Kenya,,0,0.0,,,,,
MALARIA_15309,European Union (USD),,PUBLISHED,Published,,2002,2002,,EUR,Europe,,KGZ,Kyrgyzstan,,0,0.0,,,,,
MALARIA_15309,European Union (USD),,PUBLISHED,Published,,2002,2002,,WPR,Western Pacific,,LAO,Lao People's Democratic Republic,,654128,654128.0,,,,,
MALARIA_15309,European Union (USD),,PUBLISHED,Published,,2002,2002,,AFR,Africa,,MRT,Mauritania,,0,0.0,,,,,
MALARIA_15309,European Union (USD),,PUBLISHED,Published,,2002,2002,,EUR,Europe,,TJK,Tajikistan,,250000,250000.0,,,,,
MALARIA_15309,European Union (USD),,PUBLISHED,Published,,2002,2002,,EUR,Europe,,UZB,Uzbekistan,,0,0.0,,,,,
MALARIA_15309,European Union (USD),,PUBLISHED,Published,,2002,2002,,WPR,Western Pacific,,VUT,Vanuatu,,0,0.0,,,,,
MALARIA_15309,European Union (USD),,PUBLISHED,Published,,2003,2003,,EUR,Europe,,ARM,Armenia,,0,0.0,,,,,
MALARIA_15309,European Union (USD),,PUBLISHED,Published,,2003,2003,,EUR,Europe,,AZE,Azerbaijan,,0,0.0,,,,,
MALARIA_15309,European Union (USD),,PUBLISHED,Published,,2003,2003,,AFR,Africa,,BFA,Burkina Faso,,0,0.0,,,,,
MALARIA_15309,European Union (USD),,PUBLISHED,Published,,2003,2003,,WPR,Western Pacific,,KHM,Cambodia,,0,0.0,,,,,
MALARIA_15309,European Union (USD),,PUBLISHED,Published,,2003,2003,,AFR,Africa,,CAF,Central African Republic,,4000,4000.0,,,,,
MALARIA_15309,European Union (USD),,PUBLISHED,Published,,2003,2003,,AMR,Americas,,SLV,El Salvador,,0,0.0,,,,,
MALARIA_15309,European Union (USD),,PUBLISHED,Published,,2003,2003,,AFR,Africa,,ERI,Eritrea,,0,0.0,,,,,
MALARIA_15309,European Union (USD),,PUBLISHED,Published,,2003,2003,,AFR,Africa,,ETH,Ethiopia,,0,0.0,,,,,
MALARIA_15309,European Union (USD),,PUBLISHED,Published,,2003,2003,,EUR,Europe,,KAZ,Kazakhstan,,0,0.0,,,,,
MALARIA_15309,European Union (USD),,PUBLISHED,Published,,2003,2003,,AFR,Africa,,KEN,Kenya,,0,0.0,,,,,
MALARIA_15309,European Union (USD),,PUBLISHED,Published,,2003,2003,,EUR,Europe,,KGZ,Kyrgyzstan,,0,0.0,,,,,
MALARIA_15309,European Union (USD),,PUBLISHED,Published,,2003,2003,,AFR,Africa,,MRT,Mauritania,,0,0.0,,,,,
MALARIA_15309,European Union (USD),,PUBLISHED,Published,,2003,2003,,EUR,Europe,,UZB,Uzbekistan,,0,0.0,,,,,
MALARIA_15309,European Union (USD),,PUBLISHED,Published,,2003,2003,,WPR,Western Pacific,,VUT,Vanuatu,,0,0.0,,,,,
MALARIA_15309,European Union (USD),,PUBLISHED,Published,,2004,2004,,EUR,Europe,,ARM,Armenia,,0,0.0,,,,,
MALARIA_15309,European Union (USD),,PUBLISHED,Published,,2004,2004,,EUR,Europe,,AZE,Azerbaijan,,0,0.0,,,,,
MALARIA_15309,European Union (USD),,PUBLISHED,Published,,2004,2004,,AFR,Africa,,BFA,Burkina Faso,,0,0.0,,,,,
MALARIA_15309,European Union (USD),,PUBLISHED,Published,,2004,2004,,WPR,Western Pacific,,KHM,Cambodia,,0,0.0,,,,,
MALARIA_15309,European Union (USD),,PUBLISHED,Published,,2004,2004,,AFR,Africa,,CAF,Central African Republic,,90000,90000.0,,,,,
MALARIA_15309,European Union (USD),,PUBLISHED,Published,,2004,2004,,AMR,Americas,,SLV,El Salvador,,0,0.0,,,,,
MALARIA_15309,European Union (USD),,PUBLISHED,Published,,2004,2004,,AFR,Africa,,ERI,Eritrea,,0,0.0,,,,,
MALARIA_15309,European Union (USD),,PUBLISHED,Published,,2004,2004,,AFR,Africa,,ETH,Ethiopia,,0,0.0,,,,,
MALARIA_15309,European Union (USD),,PUBLISHED,Published,,2004,2004,,AFR,Africa,,GMB,Gambia,,0,0.0,,,,,
MALARIA_15309,European Union (USD),,PUBLISHED,Published,,2004,2004,,EUR,Europe,,KAZ,Kazakhstan,,0,0.0,,,,,
MALARIA_15309,European Union (USD),,PUBLISHED,Published,,2004,2004,,AFR,Africa,,KEN,Kenya,,0,0.0,,,,,
MALARIA_15309,European Union (USD),,PUBLISHED,Published,,2004,2004,,EUR,Europe,,KGZ,Kyrgyzstan,,0,0.0,,,,,
MALARIA_15309,European Union (USD),,PUBLISHED,Published,,2004,2004,,AFR,Africa,,MRT,Mauritania,,0,0.0,,,,,
MALARIA_15309,European Union (USD),,PUBLISHED,Published,,2004,2004,,AFR,Africa,,NER,Niger,,0,0.0,,,,,
MALARIA_15309,European Union (USD),,PUBLISHED,Published,,2004,2004,,AFR,Africa,,STP,Sao Tome and Principe,,0,0.0,,,,,
MALARIA_15309,European Union (USD),,PUBLISHED,Published,,2004,2004,,EMR,Eastern Mediterranean,,SDN,Sudan,,0,0.0,,,,,
MALARIA_15309,European Union (USD),,PUBLISHED,Published,,2004,2004,,EUR,Europe,,TJK,Tajikistan,,100000,100000.0,,,,,
MALARIA_15309,European Union (USD),,PUBLISHED,Published,,2004,2004,,EUR,Europe,,UZB,Uzbekistan,,0,0.0,,,,,
MALARIA_15309,European Union (USD),,PUBLISHED,Published,,2004,2004,,WPR,Western Pacific,,VUT,Vanuatu,,0,0.0,,,,,
MALARIA_15309,European Union (USD),,PUBLISHED,Published,,2005,2005,,AFR,Africa,,AGO,Angola,,0,0.0,,,,,
MALARIA_15309,European Union (USD),,PUBLISHED,Published,,2005,2005,,EUR,Europe,,ARM,Armenia,,0,0.0,,,,,
MALARIA_15309,European Union (USD),,PUBLISHED,Published,,2005,2005,,EUR,Europe,,AZE,Azerbaijan,,0,0.0,,,,,
MALARIA_15309,European Union (USD),,PUBLISHED,Published,,2005,2005,,AFR,Africa,,BFA,Burkina Faso,,0,0.0,,,,,
MALARIA_15309,European Union (USD),,PUBLISHED,Published,,2005,2005,,AFR,Africa,,BDI,Burundi,,300000,300000.0,,,,,
MALARIA_15309,European Union (USD),,PUBLISHED,Published,,2005,2005,,WPR,Western Pacific,,KHM,Cambodia,,0,0.0,,,,,
MALARIA_15309,European Union (USD),,PUBLISHED,Published,,2005,2005,,AFR,Africa,,CAF,Central African Republic,,90000,90000.0,,,,,
MALARIA_15309,European Union (USD),,PUBLISHED,Published,,2005,2005,,AMR,Americas,,SLV,El Salvador,,0,0.0,,,,,
MALARIA_15309,European Union (USD),,PUBLISHED,Published,,2005,2005,,AFR,Africa,,ERI,Eritrea,,0,0.0,,,,,
MALARIA_15309,European Union (USD),,PUBLISHED,Published,,2005,2005,,AFR,Africa,,ETH,Ethiopia,,0,0.0,,,,,
MALARIA_15309,European Union (USD),,PUBLISHED,Published,,2005,2005,,AFR,Africa,,GMB,Gambia,,0,0.0,,,,,
MALARIA_15309,European Union (USD),,PUBLISHED,Published,,2005,2005,,EUR,Europe,,KAZ,Kazakhstan,,0,0.0,,,,,
MALARIA_15309,European Union (USD),,PUBLISHED,Published,,2005,2005,,AFR,Africa,,KEN,Kenya,,0,0.0,,,,,
MALARIA_15309,European Union (USD),,PUBLISHED,Published,,2005,2005,,EUR,Europe,,KGZ,Kyrgyzstan,,0,0.0,,,,,
MALARIA_15309,European Union (USD),,PUBLISHED,Published,,2005,2005,,AFR,Africa,,MRT,Mauritania,,0,0.0,,,,,
MALARIA_15309,European Union (USD),,PUBLISHED,Published,,2005,2005,,AFR,Africa,,STP,Sao Tome and Principe,,0,0.0,,,,,
MALARIA_15309,European Union (USD),,PUBLISHED,Published,,2005,2005,,EMR,Eastern Mediterranean,,SDN,Sudan,,732830,732830.0,,,,,
MALARIA_15309,European Union (USD),,PUBLISHED,Published,,2005,2005,,EUR,Europe,,UZB,Uzbekistan,,0,0.0,,,,,
MALARIA_15309,European Union (USD),,PUBLISHED,Published,,2005,2005,,WPR,Western Pacific,,VUT,Vanuatu,,0,0.0,,,,,
MALARIA_15309,European Union (USD),,PUBLISHED,Published,,2006,2006,,AFR,Africa,,AGO,Angola,,0,0.0,,,,,
MALARIA_15309,European Union (USD),,PUBLISHED,Published,,2006,2006,,EUR,Europe,,ARM,Armenia,,0,0.0,,,,,
MALARIA_15309,European Union (USD),,PUBLISHED,Published,,2006,2006,,EUR,Europe,,AZE,Azerbaijan,,0,0.0,,,,,
MALARIA_15309,European Union (USD),,PUBLISHED,Published,,2006,2006,,AFR,Africa,,BFA,Burkina Faso,,0,0.0,,,,,
MALARIA_15309,European Union (USD),,PUBLISHED,Published,,2006,2006,,WPR,Western Pacific,,KHM,Cambodia,,0,0.0,,,,,
MALARIA_15309,European Union (USD),,PUBLISHED,Published,,2006,2006,,AFR,Africa,,CAF,Central African Republic,,100000,100000.0,,,,,
MALARIA_15309,European Union (USD),,PUBLISHED,Published,,2006,2006,,AMR,Americas,,SLV,El Salvador,,0,0.0,,,,,
MALARIA_15309,European Union (USD),,PUBLISHED,Published,,2006,2006,,AFR,Africa,,ERI,Eritrea,,0,0.0,,,,,
MALARIA_15309,European Union (USD),,PUBLISHED,Published,,2006,2006,,AFR,Africa,,ETH,Ethiopia,,0,0.0,,,,,
MALARIA_15309,European Union (USD),,PUBLISHED,Published,,2006,2006,,AFR,Africa,,GMB,Gambia,,0,0.0,,,,,
MALARIA_15309,European Union (USD),,PUBLISHED,Published,,2006,2006,,AFR,Africa,,GHA,Ghana,,70000,70000.0,,,,,
MALARIA_15309,European Union (USD),,PUBLISHED,Published,,2006,2006,,AMR,Americas,,GUY,Guyana,,49654,49654.0,,,,,
MALARIA_15309,European Union (USD),,PUBLISHED,Published,,2006,2006,,EUR,Europe,,KAZ,Kazakhstan,,0,0.0,,,,,
MALARIA_15309,European Union (USD),,PUBLISHED,Published,,2006,2006,,AFR,Africa,,KEN,Kenya,,0,0.0,,,,,
MALARIA_15309,European Union (USD),,PUBLISHED,Published,,2006,2006,,EUR,Europe,,KGZ,Kyrgyzstan,,0,0.0,,,,,
MALARIA_15309,European Union (USD),,PUBLISHED,Published,,2006,2006,,AFR,Africa,,MRT,Mauritania,,0,0.0,,,,,
MALARIA_15309,European Union (USD),,PUBLISHED,Published,,2006,2006,,AFR,Africa,,STP,Sao Tome and Principe,,0,0.0,,,,,
MALARIA_15309,European Union (USD),,PUBLISHED,Published,,2006,2006,,AFR,Africa,,SLE,Sierra Leone,,1047500,1047500.0,,,,,
MALARIA_15309,European Union (USD),,PUBLISHED,Published,,2006,2006,,EMR,Eastern Mediterranean,,SDN,Sudan,,39900,39900.0,,,,,
MALARIA_15309,European Union (USD),,PUBLISHED,Published,,2006,2006,,SEAR,South-East Asia,,TLS,Timor-Leste,,882000,882000.0,,,,,
MALARIA_15309,European Union (USD),,PUBLISHED,Published,,2006,2006,,AFR,Africa,,TGO,Togo,,0,0.0,,,,,
MALARIA_15309,European Union (USD),,PUBLISHED,Published,,2006,2006,,EUR,Europe,,UZB,Uzbekistan,,0,0.0,,,,,
MALARIA_15309,European Union (USD),,PUBLISHED,Published,,2006,2006,,WPR,Western Pacific,,VUT,Vanuatu,,0,0.0,,,,,
MALARIA_15309,European Union (USD),,PUBLISHED,Published,,2007,2007,,AMR,Americas,,BRA,Brazil,,0,0.0,,,,,
MALARIA_15309,European Union (USD),,PUBLISHED,Published,,2007,2007,,AFR,Africa,,BFA,Burkina Faso,,0,0.0,,,,,
MALARIA_15309,European Union (USD),,PUBLISHED,Published,,2007,2007,,AFR,Africa,,ETH,Ethiopia,,0,0.0,,,,,
