GHO (CODE),GHO (DISPLAY),GHO (URL),PUBLISHSTATE (CODE),PUBLISHSTATE (DISPLAY),PUBLISHSTATE (URL),YEAR (CODE),YEAR (DISPLAY),YEAR (URL),REGION (CODE),REGION (DISPLAY),REGION (URL),COUNTRY (CODE),COUNTRY (DISPLAY),COUNTRY (URL),Display Value,Numeric,Low,High,StdErr,StdDev,Comments
MALARIA_15283,Government health budget (USD),,PUBLISHED,Published,,2001,2001,,AFR,Africa,,AGO,Angola,,99999999,99999999.0,,,,,
MALARIA_15283,Government health budget (USD),,PUBLISHED,Published,,2001,2001,,EUR,Europe,,ARM,Armenia,,99999999,99999999.0,,,,,
MALARIA_15283,Government health budget (USD),,PUBLISHED,Published,,2001,2001,,EUR,Europe,,AZE,Azerbaijan,,35174000,35174000.0,,,,,
MALARIA_15283,Government health budget (USD),,PUBLISHED,Published,,2001,2001,,AFR,Africa,,BEN,Benin,,39287,39287.0,,,,,
MALARIA_15283,Government health budget (USD),,PUBLISHED,Published,,2001,2001,,AMR,Americas,,BOL,Bolivia (Plurinational State of),,38801120,38801120.0,,,,,
MALARIA_15283,Government health budget (USD),,PUBLISHED,Published,,2001,2001,,AFR,Africa,,BWA,Botswana,,99999999,99999999.0,,,,,
MALARIA_15283,Government health budget (USD),,PUBLISHED,Published,,2001,2001,,AFR,Africa,,BFA,Burkina Faso,,61508000,61508000.0,,,,,
MALARIA_15283,Government health budget (USD),,PUBLISHED,Published,,2001,2001,,WPR,Western Pacific,,KHM,Cambodia,,30545750,30545750.0,,,,,
MALARIA_15283,Government health budget (USD),,PUBLISHED,Published,,2001,2001,,AFR,Africa,,CMR,Cameroon,,99999999,99999999.0,,,,,
MALARIA_15283,Government health budget (USD),,PUBLISHED,Published,,2001,2001,,AFR,Africa,,TCD,Chad,,42042330,42042330.0,,,,,
MALARIA_15283,Government health budget (USD),,PUBLISHED,Published,,2001,2001,,AMR,Americas,,COL,Colombia,,99999999,99999999.0,,,,,
MALARIA_15283,Government health budget (USD),,PUBLISHED,Published,,2001,2001,,AMR,Americas,,CRI,Costa Rica,,99999999,99999999.0,,,,,
MALARIA_15283,Government health budget (USD),,PUBLISHED,Published,,2001,2001,,AFR,Africa,,CIV,Côte d'Ivoire,,99999999,99999999.0,,,,,
MALARIA_15283,Government health budget (USD),,PUBLISHED,Published,,2001,2001,,AMR,Americas,,DOM,Dominican Republic,,99999999,99999999.0,,,,,
MALARIA_15283,Government health budget (USD),,PUBLISHED,Published,,2001,2001,,AFR,Africa,,GMB,Gambia,,13090065,13090065.0,,,,,
MALARIA_15283,Government health budget (USD),,PUBLISHED,Published,,2001,2001,,EUR,Europe,,GEO,Georgia,,48135538,48135538.0,,,,,
MALARIA_15283,Government health budget (USD),,PUBLISHED,Published,,2001,2001,,AMR,Americas,,GUY,Guyana,,2285849,2285849.0,,,,,
MALARIA_15283,Government health budget (USD),,PUBLISHED,Published,,2001,2001,,AMR,Americas,,HND,Honduras,,99999999,99999999.0,,,,,
MALARIA_15283,Government health budget (USD),,PUBLISHED,Published,,2001,2001,,SEAR,South-East Asia,,IND,India,,99999999,99999999.0,,,,,
MALARIA_15283,Government health budget (USD),,PUBLISHED,Published,,2001,2001,,EUR,Europe,,KAZ,Kazakhstan,,99999999,99999999.0,,,,,
MALARIA_15283,Government health budget (USD),,PUBLISHED,Published,,2001,2001,,AFR,Africa,,KEN,Kenya,,99999999,99999999.0,,,,,
MALARIA_15283,Government health budget (USD),,PUBLISHED,Published,,2001,2001,,EUR,Europe,,KGZ,Kyrgyzstan,,33116374,33116374.0,,,,,
MALARIA_15283,Government health budget (USD),,PUBLISHED,Published,,2001,2001,,AFR,Africa,,MDG,Madagascar,,99999999,99999999.0,,,,,
MALARIA_15283,Government health budget (USD),,PUBLISHED,Published,,2001,2001,,AMR,Americas,,MEX,Mexico,,99999999,99999999.0,,,,,
MALARIA_15283,Government health budget (USD),,PUBLISHED,Published,,2001,2001,,AFR,Africa,,NAM,Namibia,,99999999,99999999.0,,,,,
MALARIA_15283,Government health budget (USD),,PUBLISHED,Published,,2001,2001,,EMR,Eastern Mediterranean,,PAK,Pakistan,,99999999,99999999.0,,,,,
MALARIA_15283,Government health budget (USD),,PUBLISHED,Published,,2001,2001,,WPR,Western Pacific,,PNG,Papua New Guinea,,114007,114007.0,,,,,
MALARIA_15283,Government health budget (USD),,PUBLISHED,Published,,2001,2001,,AFR,Africa,,SEN,Senegal,,76074000,76074000.0,,,,,
MALARIA_15283,Government health budget (USD),,PUBLISHED,Published,,2001,2001,,WPR,Western Pacific,,SLB,Solomon Islands,,13248057,13248057.0,,,,,
MALARIA_15283,Government health budget (USD),,PUBLISHED,Published,,2001,2001,,AFR,Africa,,ZAF,South Africa,,61,61.0,,,,,
MALARIA_15283,Government health budget (USD),,PUBLISHED,Published,,2001,2001,,SEAR,South-East Asia,,LKA,Sri Lanka,,99999999,99999999.0,,,,,
MALARIA_15283,Government health budget (USD),,PUBLISHED,Published,,2001,2001,,EMR,Eastern Mediterranean,,SDN,Sudan,,97425000,97425000.0,,,,,
MALARIA_15283,Government health budget (USD),,PUBLISHED,Published,,2001,2001,,AMR,Americas,,SUR,Suriname,,6800000,6800000.0,,,,,
MALARIA_15283,Government health budget (USD),,PUBLISHED,Published,,2001,2001,,SEAR,South-East Asia,,THA,Thailand,,99999999,99999999.0,,,,,
MALARIA_15283,Government health budget (USD),,PUBLISHED,Published,,2001,2001,,AFR,Africa,,TGO,Togo,,23324334,23324334.0,,,,,
MALARIA_15283,Government health budget (USD),,PUBLISHED,Published,,2001,2001,,EUR,Europe,,TUR,Turkey,,99999999,99999999.0,,,,,
MALARIA_15283,Government health budget (USD),,PUBLISHED,Published,,2001,2001,,EUR,Europe,,UZB,Uzbekistan,,99999999,99999999.0,,,,,
MALARIA_15283,Government health budget (USD),,PUBLISHED,Published,,2001,2001,,WPR,Western Pacific,,VUT,Vanuatu,,9672384,9672384.0,,,,,
MALARIA_15283,Government health budget (USD),,PUBLISHED,Published,,2001,2001,,EMR,Eastern Mediterranean,,YEM,Yemen,,99999999,99999999.0,,,,,
MALARIA_15283,Government health budget (USD),,PUBLISHED,Published,,2002,2002,,AFR,Africa,,AGO,Angola,,99999999,99999999.0,,,,,
MALARIA_15283,Government health budget (USD),,PUBLISHED,Published,,2002,2002,,EUR,Europe,,ARM,Armenia,,99999999,99999999.0,,,,,
MALARIA_15283,Government health budget (USD),,PUBLISHED,Published,,2002,2002,,EUR,Europe,,AZE,Azerbaijan,,38528000,38528000.0,,,,,
MALARIA_15283,Government health budget (USD),,PUBLISHED,Published,,2002,2002,,AFR,Africa,,BEN,Benin,,38317,38317.0,,,,,
MALARIA_15283,Government health budget (USD),,PUBLISHED,Published,,2002,2002,,AMR,Americas,,BOL,Bolivia (Plurinational State of),,46561344,46561344.0,,,,,
MALARIA_15283,Government health budget (USD),,PUBLISHED,Published,,2002,2002,,AFR,Africa,,BWA,Botswana,,99999999,99999999.0,,,,,
MALARIA_15283,Government health budget (USD),,PUBLISHED,Published,,2002,2002,,AFR,Africa,,BFA,Burkina Faso,,74592600,74592600.0,,,,,
MALARIA_15283,Government health budget (USD),,PUBLISHED,Published,,2002,2002,,WPR,Western Pacific,,KHM,Cambodia,,39846000,39846000.0,,,,,
MALARIA_15283,Government health budget (USD),,PUBLISHED,Published,,2002,2002,,AFR,Africa,,CMR,Cameroon,,99999999,99999999.0,,,,,
MALARIA_15283,Government health budget (USD),,PUBLISHED,Published,,2002,2002,,AFR,Africa,,TCD,Chad,,54052140,54052140.0,,,,,
MALARIA_15283,Government health budget (USD),,PUBLISHED,Published,,2002,2002,,AMR,Americas,,COL,Colombia,,99999999,99999999.0,,,,,
MALARIA_15283,Government health budget (USD),,PUBLISHED,Published,,2002,2002,,AMR,Americas,,CRI,Costa Rica,,99999999,99999999.0,,,,,
MALARIA_15283,Government health budget (USD),,PUBLISHED,Published,,2002,2002,,AFR,Africa,,CIV,Côte d'Ivoire,,99999999,99999999.0,,,,,
MALARIA_15283,Government health budget (USD),,PUBLISHED,Published,,2002,2002,,AMR,Americas,,DOM,Dominican Republic,,99999999,99999999.0,,,,,
MALARIA_15283,Government health budget (USD),,PUBLISHED,Published,,2002,2002,,AFR,Africa,,ETH,Ethiopia,,99999999,99999999.0,,,,,
MALARIA_15283,Government health budget (USD),,PUBLISHED,Published,,2002,2002,,AFR,Africa,,GMB,Gambia,,12374539,12374539.0,,,,,
MALARIA_15283,Government health budget (USD),,PUBLISHED,Published,,2002,2002,,EUR,Europe,,GEO,Georgia,,53274538,53274538.0,,,,,
MALARIA_15283,Government health budget (USD),,PUBLISHED,Published,,2002,2002,,AMR,Americas,,GUY,Guyana,,26561735,26561735.0,,,,,
MALARIA_15283,Government health budget (USD),,PUBLISHED,Published,,2002,2002,,AMR,Americas,,HND,Honduras,,99999999,99999999.0,,,,,
MALARIA_15283,Government health budget (USD),,PUBLISHED,Published,,2002,2002,,SEAR,South-East Asia,,IND,India,,99999999,99999999.0,,,,,
MALARIA_15283,Government health budget (USD),,PUBLISHED,Published,,2002,2002,,EUR,Europe,,KAZ,Kazakhstan,,99999999,99999999.0,,,,,
MALARIA_15283,Government health budget (USD),,PUBLISHED,Published,,2002,2002,,AFR,Africa,,KEN,Kenya,,99999999,99999999.0,,,,,
MALARIA_15283,Government health budget (USD),,PUBLISHED,Published,,2002,2002,,EUR,Europe,,KGZ,Kyrgyzstan,,38470243,38470243.0,,,,,
MALARIA_15283,Government health budget (USD),,PUBLISHED,Published,,2002,2002,,WPR,Western Pacific,,LAO,Lao People's Democratic Republic,,3969513,3969513.0,,,,,
MALARIA_15283,Government health budget (USD),,PUBLISHED,Published,,2002,2002,,AFR,Africa,,MDG,Madagascar,,99999999,99999999.0,,,,,
MALARIA_15283,Government health budget (USD),,PUBLISHED,Published,,2002,2002,,AFR,Africa,,MLI,Mali,,79155058,79155058.0,,,,,
MALARIA_15283,Government health budget (USD),,PUBLISHED,Published,,2002,2002,,AMR,Americas,,MEX,Mexico,,99999999,99999999.0,,,,,
MALARIA_15283,Government health budget (USD),,PUBLISHED,Published,,2002,2002,,AFR,Africa,,NAM,Namibia,,99999999,99999999.0,,,,,
MALARIA_15283,Government health budget (USD),,PUBLISHED,Published,,2002,2002,,AFR,Africa,,NGA,Nigeria,,99999999,99999999.0,,,,,
MALARIA_15283,Government health budget (USD),,PUBLISHED,Published,,2002,2002,,EMR,Eastern Mediterranean,,PAK,Pakistan,,99999999,99999999.0,,,,,
MALARIA_15283,Government health budget (USD),,PUBLISHED,Published,,2002,2002,,WPR,Western Pacific,,PNG,Papua New Guinea,,106581,106581.0,,,,,
MALARIA_15283,Government health budget (USD),,PUBLISHED,Published,,2002,2002,,AFR,Africa,,SEN,Senegal,,85680000,85680000.0,,,,,
MALARIA_15283,Government health budget (USD),,PUBLISHED,Published,,2002,2002,,WPR,Western Pacific,,SLB,Solomon Islands,,8058600,8058600.0,,,,,
MALARIA_15283,Government health budget (USD),,PUBLISHED,Published,,2002,2002,,AFR,Africa,,ZAF,South Africa,,75,75.0,,,,,
MALARIA_15283,Government health budget (USD),,PUBLISHED,Published,,2002,2002,,SEAR,South-East Asia,,LKA,Sri Lanka,,99999999,99999999.0,,,,,
MALARIA_15283,Government health budget (USD),,PUBLISHED,Published,,2002,2002,,EMR,Eastern Mediterranean,,SDN,Sudan,,99999999,99999999.0,,,,,
MALARIA_15283,Government health budget (USD),,PUBLISHED,Published,,2002,2002,,AMR,Americas,,SUR,Suriname,,9400000,9400000.0,,,,,
MALARIA_15283,Government health budget (USD),,PUBLISHED,Published,,2002,2002,,AFR,Africa,,TGO,Togo,,21326361,21326361.0,,,,,
MALARIA_15283,Government health budget (USD),,PUBLISHED,Published,,2002,2002,,EUR,Europe,,TUR,Turkey,,99999999,99999999.0,,,,,
MALARIA_15283,Government health budget (USD),,PUBLISHED,Published,,2002,2002,,EUR,Europe,,UZB,Uzbekistan,,99999999,99999999.0,,,,,
MALARIA_15283,Government health budget (USD),,PUBLISHED,Published,,2002,2002,,WPR,Western Pacific,,VUT,Vanuatu,,9000865,9000865.0,,,,,
MALARIA_15283,Government health budget (USD),,PUBLISHED,Published,,2002,2002,,AMR,Americas,,VEN,Venezuela (Bolivarian Republic of),,99999999,99999999.0,,,,,
MALARIA_15283,Government health budget (USD),,PUBLISHED,Published,,2002,2002,,EMR,Eastern Mediterranean,,YEM,Yemen,,99999999,99999999.0,,,,,
MALARIA_15283,Government health budget (USD),,PUBLISHED,Published,,2003,2003,,AFR,Africa,,AGO,Angola,,99999999,99999999.0,,,,,
MALARIA_15283,Government health budget (USD),,PUBLISHED,Published,,2003,2003,,EUR,Europe,,ARM,Armenia,,99999999,99999999.0,,,,,
MALARIA_15283,Government health budget (USD),,PUBLISHED,Published,,2003,2003,,EUR,Europe,,AZE,Azerbaijan,,47558000,47558000.0,,,,,
MALARIA_15283,Government health budget (USD),,PUBLISHED,Published,,2003,2003,,AFR,Africa,,BEN,Benin,,39418,39418.0,,,,,
MALARIA_15283,Government health budget (USD),,PUBLISHED,Published,,2003,2003,,AMR,Americas,,BOL,Bolivia (Plurinational State of),,47204444,47204444.0,,,,,
MALARIA_15283,Government health budget (USD),,PUBLISHED,Published,,2003,2003,,AFR,Africa,,BFA,Burkina Faso,,80268600,80268600.0,,,,,
MALARIA_15283,Government health budget (USD),,PUBLISHED,Published,,2003,2003,,WPR,Western Pacific,,KHM,Cambodia,,50597417,50597417.0,,,,,
MALARIA_15283,Government health budget (USD),,PUBLISHED,Published,,2003,2003,,AFR,Africa,,CMR,Cameroon,,99999999,99999999.0,,,,,
MALARIA_15283,Government health budget (USD),,PUBLISHED,Published,,2003,2003,,AFR,Africa,,TCD,Chad,,66817250,66817250.0,,,,,
MALARIA_15283,Government health budget (USD),,PUBLISHED,Published,,2003,2003,,AMR,Americas,,COL,Colombia,,99999999,99999999.0,,,,,
MALARIA_15283,Government health budget (USD),,PUBLISHED,Published,,2003,2003,,AMR,Americas,,CRI,Costa Rica,,99999999,99999999.0,,,,,
MALARIA_15283,Government health budget (USD),,PUBLISHED,Published,,2003,2003,,AFR,Africa,,CIV,Côte d'Ivoire,,99999999,99999999.0,,,,,
MALARIA_15283,Government health budget (USD),,PUBLISHED,Published,,2003,2003,,AMR,Americas,,DOM,Dominican Republic,,99999999,99999999.0,,,,,
MALARIA_15283,Government health budget (USD),,PUBLISHED,Published,,2003,2003,,AFR,Africa,,ETH,Ethiopia,,99999999,99999999.0,,,,,
MALARIA_15283,Government health budget (USD),,PUBLISHED,Published,,2003,2003,,AFR,Africa,,GMB,Gambia,,13474884,13474884.0,,,,,
MALARIA_15283,Government health budget (USD),,PUBLISHED,Published,,2003,2003,,EUR,Europe,,GEO,Georgia,,54261585,54261585.0,,,,,
MALARIA_15283,Government health budget (USD),,PUBLISHED,Published,,2003,2003,,AFR,Africa,,GIN,Guinea,,29454847,29454847.0,,,,,
MALARIA_15283,Government health budget (USD),,PUBLISHED,Published,,2003,2003,,AMR,Americas,,GUY,Guyana,,3197076,3197076.0,,,,,
MALARIA_15283,Government health budget (USD),,PUBLISHED,Published,,2003,2003,,AMR,Americas,,HND,Honduras,,29378708,29378708.0,,,,,
MALARIA_15283,Government health budget (USD),,PUBLISHED,Published,,2003,2003,,SEAR,South-East Asia,,IND,India,,99999999,99999999.0,,,,,
MALARIA_15283,Government health budget (USD),,PUBLISHED,Published,,2003,2003,,EUR,Europe,,KAZ,Kazakhstan,,99999999,99999999.0,,,,,
MALARIA_15283,Government health budget (USD),,PUBLISHED,Published,,2003,2003,,AFR,Africa,,KEN,Kenya,,99999999,99999999.0,,,,,
MALARIA_15283,Government health budget (USD),,PUBLISHED,Published,,2003,2003,,EUR,Europe,,KGZ,Kyrgyzstan,,40684187,40684187.0,,,,,
MALARIA_15283,Government health budget (USD),,PUBLISHED,Published,,2003,2003,,WPR,Western Pacific,,LAO,Lao People's Democratic Republic,,3155448,3155448.0,,,,,
MALARIA_15283,Government health budget (USD),,PUBLISHED,Published,,2003,2003,,AFR,Africa,,MDG,Madagascar,,99999999,99999999.0,,,,,
MALARIA_15283,Government health budget (USD),,PUBLISHED,Published,,2003,2003,,AFR,Africa,,MLI,Mali,,99999999,99999999.0,,,,,
MALARIA_15283,Government health budget (USD),,PUBLISHED,Published,,2003,2003,,AFR,Africa,,NAM,Namibia,,99999999,99999999.0,,,,,
MALARIA_15283,Government health budget (USD),,PUBLISHED,Published,,2003,2003,,EMR,Eastern Mediterranean,,PAK,Pakistan,,99999999,99999999.0,,,,,
MALARIA_15283,Government health budget (USD),,PUBLISHED,Published,,2003,2003,,WPR,Western Pacific,,PNG,Papua New Guinea,,119419,119419.0,,,,,
MALARIA_15283,Government health budget (USD),,PUBLISHED,Published,,2003,2003,,AFR,Africa,,SEN,Senegal,,97752000,97752000.0,,,,,
MALARIA_15283,Government health budget (USD),,PUBLISHED,Published,,2003,2003,,WPR,Western Pacific,,SLB,Solomon Islands,,5692805,5692805.0,,,,,
MALARIA_15283,Government health budget (USD),,PUBLISHED,Published,,2003,2003,,AFR,Africa,,ZAF,South Africa,,39,39.0,,,,,
MALARIA_15283,Government health budget (USD),,PUBLISHED,Published,,2003,2003,,SEAR,South-East Asia,,LKA,Sri Lanka,,99999999,99999999.0,,,,,
MALARIA_15283,Government health budget (USD),,PUBLISHED,Published,,2003,2003,,EMR,Eastern Mediterranean,,SDN,Sudan,,86695000,86695000.0,,,,,
MALARIA_15283,Government health budget (USD),,PUBLISHED,Published,,2003,2003,,AMR,Americas,,SUR,Suriname,,9400000,9400000.0,,,,,
MALARIA_15283,Government health budget (USD),,PUBLISHED,Published,,2003,2003,,SEAR,South-East Asia,,THA,Thailand,,94000000,94000000.0,,,,,
MALARIA_15283,Government health budget (USD),,PUBLISHED,Published,,2003,2003,,AFR,Africa,,TGO,Togo,,25471752,25471752.0,,,,,
MALARIA_15283,Government health budget (USD),,PUBLISHED,Published,,2003,2003,,EUR,Europe,,TUR,Turkey,,99999999,99999999.0,,,,,
MALARIA_15283,Government health budget (USD),,PUBLISHED,Published,,2003,2003,,EUR,Europe,,UZB,Uzbekistan,,99999999,99999999.0,,,,,
MALARIA_15283,Government health budget (USD),,PUBLISHED,Published,,2003,2003,,WPR,Western Pacific,,VUT,Vanuatu,,9246461,9246461.0,,,,,
MALARIA_15283,Government health budget (USD),,PUBLISHED,Published,,2003,2003,,AMR,Americas,,VEN,Venezuela (Bolivarian Republic of),,99999999,99999999.0,,,,,
MALARIA_15283,Government health budget (USD),,PUBLISHED,Published,,2003,2003,,EMR,Eastern Mediterranean,,YEM,Yemen,,99999999,99999999.0,,,,,
MALARIA_15283,Government health budget (USD),,PUBLISHED,Published,,2004,2004,,AFR,Africa,,AGO,Angola,,99999999,99999999.0,,,,,
MALARIA_15283,Government health budget (USD),,PUBLISHED,Published,,2004,2004,,EUR,Europe,,ARM,Armenia,,99999999,99999999.0,,,,,
MALARIA_15283,Government health budget (USD),,PUBLISHED,Published,,2004,2004,,EUR,Europe,,AZE,Azerbaijan,,63210000,63210000.0,,,,,
MALARIA_15283,Government health budget (USD),,PUBLISHED,Published,,2004,2004,,AFR,Africa,,BEN,Benin,,45587,45587.0,,,,,
MALARIA_15283,Government health budget (USD),,PUBLISHED,Published,,2004,2004,,AMR,Americas,,BOL,Bolivia (Plurinational State of),,47204444,47204444.0,,,,,
MALARIA_15283,Government health budget (USD),,PUBLISHED,Published,,2004,2004,,AFR,Africa,,BWA,Botswana,,99999999,99999999.0,,,,,
MALARIA_15283,Government health budget (USD),,PUBLISHED,Published,,2004,2004,,AFR,Africa,,BFA,Burkina Faso,,99999999,99999999.0,,,,,
MALARIA_15283,Government health budget (USD),,PUBLISHED,Published,,2004,2004,,WPR,Western Pacific,,KHM,Cambodia,,56725000,56725000.0,,,,,
MALARIA_15283,Government health budget (USD),,PUBLISHED,Published,,2004,2004,,AFR,Africa,,CMR,Cameroon,,99999999,99999999.0,,,,,
MALARIA_15283,Government health budget (USD),,PUBLISHED,Published,,2004,2004,,AFR,Africa,,TCD,Chad,,80382522,80382522.0,,,,,
MALARIA_15283,Government health budget (USD),,PUBLISHED,Published,,2004,2004,,AMR,Americas,,COL,Colombia,,99999999,99999999.0,,,,,
MALARIA_15283,Government health budget (USD),,PUBLISHED,Published,,2004,2004,,AMR,Americas,,CRI,Costa Rica,,99999999,99999999.0,,,,,
MALARIA_15283,Government health budget (USD),,PUBLISHED,Published,,2004,2004,,AFR,Africa,,CIV,Côte d'Ivoire,,99999999,99999999.0,,,,,
MALARIA_15283,Government health budget (USD),,PUBLISHED,Published,,2004,2004,,AMR,Americas,,DOM,Dominican Republic,,99999999,99999999.0,,,,,
MALARIA_15283,Government health budget (USD),,PUBLISHED,Published,,2004,2004,,AFR,Africa,,ETH,Ethiopia,,99999999,99999999.0,,,,,
MALARIA_15283,Government health budget (USD),,PUBLISHED,Published,,2004,2004,,AFR,Africa,,GMB,Gambia,,12825631,12825631.0,,,,,
MALARIA_15283,Government health budget (USD),,PUBLISHED,Published,,2004,2004,,EUR,Europe,,GEO,Georgia,,66392604,66392604.0,,,,,
MALARIA_15283,Government health budget (USD),,PUBLISHED,Published,,2004,2004,,AFR,Africa,,GHA,Ghana,,0,0.0,,,,,
MALARIA_15283,Government health budget (USD),,PUBLISHED,Published,,2004,2004,,AFR,Africa,,GIN,Guinea,,21473287,21473287.0,,,,,
MALARIA_15283,Government health budget (USD),,PUBLISHED,Published,,2004,2004,,AMR,Americas,,GUY,Guyana,,32550041,32550041.0,,,,,
MALARIA_15283,Government health budget (USD),,PUBLISHED,Published,,2004,2004,,AMR,Americas,,HND,Honduras,,99999999,99999999.0,,,,,
MALARIA_15283,Government health budget (USD),,PUBLISHED,Published,,2004,2004,,SEAR,South-East Asia,,IND,India,,99999999,99999999.0,,,,,
MALARIA_15283,Government health budget (USD),,PUBLISHED,Published,,2004,2004,,SEAR,South-East Asia,,IDN,Indonesia,,99999999,99999999.0,,,,,
MALARIA_15283,Government health budget (USD),,PUBLISHED,Published,,2004,2004,,EUR,Europe,,KAZ,Kazakhstan,,99999999,99999999.0,,,,,
MALARIA_15283,Government health budget (USD),,PUBLISHED,Published,,2004,2004,,AFR,Africa,,KEN,Kenya,,99999999,99999999.0,,,,,
MALARIA_15283,Government health budget (USD),,PUBLISHED,Published,,2004,2004,,EUR,Europe,,KGZ,Kyrgyzstan,,48000924,48000924.0,,,,,
MALARIA_15283,Government health budget (USD),,PUBLISHED,Published,,2004,2004,,WPR,Western Pacific,,LAO,Lao People's Democratic Republic,,3548009,3548009.0,,,,,
MALARIA_15283,Government health budget (USD),,PUBLISHED,Published,,2004,2004,,SEAR,South-East Asia,,MDV,Maldives,,99999999,99999999.0,,,,,
MALARIA_15283,Government health budget (USD),,PUBLISHED,Published,,2004,2004,,AFR,Africa,,MLI,Mali,,99999999,99999999.0,,,,,
MALARIA_15283,Government health budget (USD),,PUBLISHED,Published,,2004,2004,,AMR,Americas,,MEX,Mexico,,99999999,99999999.0,,,,,
MALARIA_15283,Government health budget (USD),,PUBLISHED,Published,,2004,2004,,SEAR,South-East Asia,,MMR,Myanmar,,19415234,19415234.0,,,,,
MALARIA_15283,Government health budget (USD),,PUBLISHED,Published,,2004,2004,,AFR,Africa,,NAM,Namibia,,99999999,99999999.0,,,,,
MALARIA_15283,Government health budget (USD),,PUBLISHED,Published,,2004,2004,,AFR,Africa,,NER,Niger,,7420000,7420000.0,,,,,
MALARIA_15283,Government health budget (USD),,PUBLISHED,Published,,2004,2004,,AFR,Africa,,NGA,Nigeria,,99999999,99999999.0,,,,,
MALARIA_15283,Government health budget (USD),,PUBLISHED,Published,,2004,2004,,EMR,Eastern Mediterranean,,PAK,Pakistan,,99999999,99999999.0,,,,,
MALARIA_15283,Government health budget (USD),,PUBLISHED,Published,,2004,2004,,WPR,Western Pacific,,PNG,Papua New Guinea,,148518,148518.0,,,,,
MALARIA_15283,Government health budget (USD),,PUBLISHED,Published,,2004,2004,,AFR,Africa,,STP,Sao Tome and Principe,,2453156,2453156.0,,,,,
MALARIA_15283,Government health budget (USD),,PUBLISHED,Published,,2004,2004,,AFR,Africa,,SEN,Senegal,,99999999,99999999.0,,,,,
MALARIA_15283,Government health budget (USD),,PUBLISHED,Published,,2004,2004,,WPR,Western Pacific,,SLB,Solomon Islands,,9445173,9445173.0,,,,,
MALARIA_15283,Government health budget (USD),,PUBLISHED,Published,,2004,2004,,AFR,Africa,,ZAF,South Africa,,41,41.0,,,,,
MALARIA_15283,Government health budget (USD),,PUBLISHED,Published,,2004,2004,,SEAR,South-East Asia,,LKA,Sri Lanka,,99999999,99999999.0,,,,,
MALARIA_15283,Government health budget (USD),,PUBLISHED,Published,,2004,2004,,EMR,Eastern Mediterranean,,SDN,Sudan,,71352692,71352692.0,,,,,
MALARIA_15283,Government health budget (USD),,PUBLISHED,Published,,2004,2004,,AMR,Americas,,SUR,Suriname,,9400000,9400000.0,,,,,
MALARIA_15283,Government health budget (USD),,PUBLISHED,Published,,2004,2004,,SEAR,South-East Asia,,THA,Thailand,,99999999,99999999.0,,,,,
MALARIA_15283,Government health budget (USD),,PUBLISHED,Published,,2004,2004,,AFR,Africa,,TGO,Togo,,21361375,21361375.0,,,,,
MALARIA_15283,Government health budget (USD),,PUBLISHED,Published,,2004,2004,,EUR,Europe,,TUR,Turkey,,99999999,99999999.0,,,,,
MALARIA_15283,Government health budget (USD),,PUBLISHED,Published,,2004,2004,,EUR,Europe,,UZB,Uzbekistan,,99999999,99999999.0,,,,,
MALARIA_15283,Government health budget (USD),,PUBLISHED,Published,,2004,2004,,WPR,Western Pacific,,VUT,Vanuatu,,9061450,9061450.0,,,,,
MALARIA_15283,Government health budget (USD),,PUBLISHED,Published,,2004,2004,,AMR,Americas,,VEN,Venezuela (Bolivarian Republic of),,99999999,99999999.0,,,,,
MALARIA_15283,Government health budget (USD),,PUBLISHED,Published,,2004,2004,,EMR,Eastern Mediterranean,,YEM,Yemen,,99999999,99999999.0,,,,,
MALARIA_15283,Government health budget (USD),,PUBLISHED,Published,,2005,2005,,EMR,Eastern Mediterranean,,AFG,Afghanistan,,56920000,56920000.0,,,,,
MALARIA_15283,Government health budget (USD),,PUBLISHED,Published,,2005,2005,,AFR,Africa,,AGO,Angola,,99999999,99999999.0,,,,,
MALARIA_15283,Government health budget (USD),,PUBLISHED,Published,,2005,2005,,EUR,Europe,,ARM,Armenia,,99999999,99999999.0,,,,,
MALARIA_15283,Government health budget (USD),,PUBLISHED,Published,,2005,2005,,EUR,Europe,,AZE,Azerbaijan,,99158000,99158000.0,,,,,
MALARIA_15283,Government health budget (USD),,PUBLISHED,Published,,2005,2005,,AFR,Africa,,BEN,Benin,,46855,46855.0,,,,,
MALARIA_15283,Government health budget (USD),,PUBLISHED,Published,,2005,2005,,AMR,Americas,,BOL,Bolivia (Plurinational State of),,47204444,47204444.0,,,,,
MALARIA_15283,Government health budget (USD),,PUBLISHED,Published,,2005,2005,,AFR,Africa,,BWA,Botswana,,99999999,99999999.0,,,,,
MALARIA_15283,Government health budget (USD),,PUBLISHED,Published,,2005,2005,,AFR,Africa,,BFA,Burkina Faso,,80380000,80380000.0,,,,,
MALARIA_15283,Government health budget (USD),,PUBLISHED,Published,,2005,2005,,WPR,Western Pacific,,KHM,Cambodia,,60111732,60111732.0,,,,,
MALARIA_15283,Government health budget (USD),,PUBLISHED,Published,,2005,2005,,AFR,Africa,,CMR,Cameroon,,99999999,99999999.0,,,,,
MALARIA_15283,Government health budget (USD),,PUBLISHED,Published,,2005,2005,,AFR,Africa,,TCD,Chad,,73247713,73247713.0,,,,,
MALARIA_15283,Government health budget (USD),,PUBLISHED,Published,,2005,2005,,AMR,Americas,,CRI,Costa Rica,,99999999,99999999.0,,,,,
MALARIA_15283,Government health budget (USD),,PUBLISHED,Published,,2005,2005,,AFR,Africa,,CIV,Côte d'Ivoire,,99999999,99999999.0,,,,,
MALARIA_15283,Government health budget (USD),,PUBLISHED,Published,,2005,2005,,AMR,Americas,,DOM,Dominican Republic,,99999999,99999999.0,,,,,
MALARIA_15283,Government health budget (USD),,PUBLISHED,Published,,2005,2005,,AMR,Americas,,ECU,Ecuador,,6780500,6780500.0,,,,,
MALARIA_15283,Government health budget (USD),,PUBLISHED,Published,,2005,2005,,AFR,Africa,,ETH,Ethiopia,,99999999,99999999.0,,,,,
MALARIA_15283,Government health budget (USD),,PUBLISHED,Published,,2005,2005,,AFR,Africa,,GMB,Gambia,,14277399,14277399.0,,,,,
MALARIA_15283,Government health budget (USD),,PUBLISHED,Published,,2005,2005,,EUR,Europe,,GEO,Georgia,,97694468,97694468.0,,,,,
MALARIA_15283,Government health budget (USD),,PUBLISHED,Published,,2005,2005,,AFR,Africa,,GIN,Guinea,,15361700,15361700.0,,,,,
MALARIA_15283,Government health budget (USD),,PUBLISHED,Published,,2005,2005,,AMR,Americas,,GUY,Guyana,,3423101,3423101.0,,,,,
MALARIA_15283,Government health budget (USD),,PUBLISHED,Published,,2005,2005,,AMR,Americas,,HND,Honduras,,99999999,99999999.0,,,,,
MALARIA_15283,Government health budget (USD),,PUBLISHED,Published,,2005,2005,,SEAR,South-East Asia,,IND,India,,99999999,99999999.0,,,,,
MALARIA_15283,Government health budget (USD),,PUBLISHED,Published,,2005,2005,,EUR,Europe,,KAZ,Kazakhstan,,99999999,99999999.0,,,,,
MALARIA_15283,Government health budget (USD),,PUBLISHED,Published,,2005,2005,,AFR,Africa,,KEN,Kenya,,99999999,99999999.0,,,,,
MALARIA_15283,Government health budget (USD),,PUBLISHED,Published,,2005,2005,,EUR,Europe,,KGZ,Kyrgyzstan,,66498220,66498220.0,,,,,
MALARIA_15283,Government health budget (USD),,PUBLISHED,Published,,2005,2005,,WPR,Western Pacific,,LAO,Lao People's Democratic Republic,,4270102,4270102.0,,,,,
MALARIA_15283,Government health budget (USD),,PUBLISHED,Published,,2005,2005,,SEAR,South-East Asia,,MDV,Maldives,,99999999,99999999.0,,,,,
MALARIA_15283,Government health budget (USD),,PUBLISHED,Published,,2005,2005,,AMR,Americas,,MEX,Mexico,,99999999,99999999.0,,,,,
MALARIA_15283,Government health budget (USD),,PUBLISHED,Published,,2005,2005,,AFR,Africa,,NAM,Namibia,,99999999,99999999.0,,,,,
MALARIA_15283,Government health budget (USD),,PUBLISHED,Published,,2005,2005,,AFR,Africa,,NGA,Nigeria,,99999999,99999999.0,,,,,
MALARIA_15283,Government health budget (USD),,PUBLISHED,Published,,2005,2005,,EMR,Eastern Mediterranean,,PAK,Pakistan,,99999999,99999999.0,,,,,
MALARIA_15283,Government health budget (USD),,PUBLISHED,Published,,2005,2005,,WPR,Western Pacific,,PNG,Papua New Guinea,,151868,151868.0,,,,,
MALARIA_15283,Government health budget (USD),,PUBLISHED,Published,,2005,2005,,AFR,Africa,,STP,Sao Tome and Principe,,2531558,2531558.0,,,,,
MALARIA_15283,Government health budget (USD),,PUBLISHED,Published,,2005,2005,,AFR,Africa,,SEN,Senegal,,99999999,99999999.0,,,,,
MALARIA_15283,Government health budget (USD),,PUBLISHED,Published,,2005,2005,,AFR,Africa,,SLE,Sierra Leone,,14593600,14593600.0,,,,,
MALARIA_15283,Government health budget (USD),,PUBLISHED,Published,,2005,2005,,WPR,Western Pacific,,SLB,Solomon Islands,,11861292,11861292.0,,,,,
MALARIA_15283,Government health budget (USD),,PUBLISHED,Published,,2005,2005,,AFR,Africa,,ZAF,South Africa,,48,48.0,,,,,
MALARIA_15283,Government health budget (USD),,PUBLISHED,Published,,2005,2005,,SEAR,South-East Asia,,LKA,Sri Lanka,,29612738,29612738.0,,,,,
MALARIA_15283,Government health budget (USD),,PUBLISHED,Published,,2005,2005,,EMR,Eastern Mediterranean,,SDN,Sudan,,99999999,99999999.0,,,,,
MALARIA_15283,Government health budget (USD),,PUBLISHED,Published,,2005,2005,,SEAR,South-East Asia,,THA,Thailand,,99999999,99999999.0,,,,,
MALARIA_15283,Government health budget (USD),,PUBLISHED,Published,,2005,2005,,AFR,Africa,,TGO,Togo,,26770824,26770824.0,,,,,
MALARIA_15283,Government health budget (USD),,PUBLISHED,Published,,2005,2005,,EUR,Europe,,TUR,Turkey,,99999999,99999999.0,,,,,
MALARIA_15283,Government health budget (USD),,PUBLISHED,Published,,2005,2005,,EUR,Europe,,UZB,Uzbekistan,,99999999,99999999.0,,,,,
MALARIA_15283,Government health budget (USD),,PUBLISHED,Published,,2005,2005,,WPR,Western Pacific,,VUT,Vanuatu,,9526182,9526182.0,,,,,
MALARIA_15283,Government health budget (USD),,PUBLISHED,Published,,2005,2005,,AMR,Americas,,VEN,Venezuela (Bolivarian Republic of),,99999999,99999999.0,,,,,
MALARIA_15283,Government health budget (USD),,PUBLISHED,Published,,2005,2005,,EMR,Eastern Mediterranean,,YEM,Yemen,,99999999,99999999.0,,,,,
MALARIA_15283,Government health budget (USD),,PUBLISHED,Published,,2006,2006,,EMR,Eastern Mediterranean,,AFG,Afghanistan,,99999999,99999999.0,,,,,
MALARIA_15283,Government health budget (USD),,PUBLISHED,Published,,2006,2006,,AMR,Americas,,ARG,Argentina,,99999999,99999999.0,,,,,
MALARIA_15283,Government health budget (USD),,PUBLISHED,Published,,2006,2006,,EUR,Europe,,ARM,Armenia,,99999999,99999999.0,,,,,
MALARIA_15283,Government health budget (USD),,PUBLISHED,Published,,2006,2006,,EUR,Europe,,AZE,Azerbaijan,,99999999,99999999.0,,,,,
MALARIA_15283,Government health budget (USD),,PUBLISHED,Published,,2006,2006,,AFR,Africa,,BEN,Benin,,48917,48917.0,,,,,
MALARIA_15283,Government health budget (USD),,PUBLISHED,Published,,2006,2006,,AFR,Africa,,BFA,Burkina Faso,,99999999,99999999.0,,,,,
MALARIA_15283,Government health budget (USD),,PUBLISHED,Published,,2006,2006,,AFR,Africa,,BDI,Burundi,,99999999,99999999.0,,,,,
MALARIA_15283,Government health budget (USD),,PUBLISHED,Published,,2006,2006,,WPR,Western Pacific,,KHM,Cambodia,,65253250,65253250.0,,,,,
MALARIA_15283,Government health budget (USD),,PUBLISHED,Published,,2006,2006,,AFR,Africa,,CMR,Cameroon,,99999999,99999999.0,,,,,
MALARIA_15283,Government health budget (USD),,PUBLISHED,Published,,2006,2006,,AFR,Africa,,CAF,Central African Republic,,11427620,11427620.0,,,,,
MALARIA_15283,Government health budget (USD),,PUBLISHED,Published,,2006,2006,,AFR,Africa,,TCD,Chad,,60571334,60571334.0,,,,,
MALARIA_15283,Government health budget (USD),,PUBLISHED,Published,,2006,2006,,AMR,Americas,,COL,Colombia,,99999999,99999999.0,,,,,
MALARIA_15283,Government health budget (USD),,PUBLISHED,Published,,2006,2006,,AMR,Americas,,CRI,Costa Rica,,99999999,99999999.0,,,,,
MALARIA_15283,Government health budget (USD),,PUBLISHED,Published,,2006,2006,,AFR,Africa,,CIV,Côte d'Ivoire,,99999999,99999999.0,,,,,
MALARIA_15283,Government health budget (USD),,PUBLISHED,Published,,2006,2006,,AMR,Americas,,DOM,Dominican Republic,,99999999,99999999.0,,,,,
MALARIA_15283,Government health budget (USD),,PUBLISHED,Published,,2006,2006,,AFR,Africa,,ETH,Ethiopia,,99999999,99999999.0,,,,,
MALARIA_15283,Government health budget (USD),,PUBLISHED,Published,,2006,2006,,EUR,Europe,,GEO,Georgia,,99999999,99999999.0,,,,,
MALARIA_15283,Government health budget (USD),,PUBLISHED,Published,,2006,2006,,AFR,Africa,,GHA,Ghana,,29490000,29490000.0,,,,,
MALARIA_15283,Government health budget (USD),,PUBLISHED,Published,,2006,2006,,AMR,Americas,,GTM,Guatemala,,99999999,99999999.0,,,,,
MALARIA_15283,Government health budget (USD),,PUBLISHED,Published,,2006,2006,,AFR,Africa,,GIN,Guinea,,14599280,14599280.0,,,,,
MALARIA_15283,Government health budget (USD),,PUBLISHED,Published,,2006,2006,,AMR,Americas,,GUY,Guyana,,4188628,4188628.0,,,,,
MALARIA_15283,Government health budget (USD),,PUBLISHED,Published,,2006,2006,,SEAR,South-East Asia,,IND,India,,99999999,99999999.0,,,,,
MALARIA_15283,Government health budget (USD),,PUBLISHED,Published,,2006,2006,,SEAR,South-East Asia,,IDN,Indonesia,,99999999,99999999.0,,,,,
MALARIA_15283,Government health budget (USD),,PUBLISHED,Published,,2006,2006,,EUR,Europe,,KAZ,Kazakhstan,,99999999,99999999.0,,,,,
MALARIA_15283,Government health budget (USD),,PUBLISHED,Published,,2006,2006,,AFR,Africa,,KEN,Kenya,,99999999,99999999.0,,,,,
MALARIA_15283,Government health budget (USD),,PUBLISHED,Published,,2006,2006,,EUR,Europe,,KGZ,Kyrgyzstan,,75703523,75703523.0,,,,,
MALARIA_15283,Government health budget (USD),,PUBLISHED,Published,,2006,2006,,AFR,Africa,,LBR,Liberia,,7,7.0,,,,,
MALARIA_15283,Government health budget (USD),,PUBLISHED,Published,,2006,2006,,AFR,Africa,,MWI,Malawi,,60000000,60000000.0,,,,,
MALARIA_15283,Government health budget (USD),,PUBLISHED,Published,,2006,2006,,SEAR,South-East Asia,,MDV,Maldives,,49942068,49942068.0,,,,,
MALARIA_15283,Government health budget (USD),,PUBLISHED,Published,,2006,2006,,AFR,Africa,,NAM,Namibia,,99999999,99999999.0,,,,,
MALARIA_15283,Government health budget (USD),,PUBLISHED,Published,,2006,2006,,AMR,Americas,,NIC,Nicaragua,,99999999,99999999.0,,,,,
MALARIA_15283,Government health budget (USD),,PUBLISHED,Published,,2006,2006,,AFR,Africa,,NGA,Nigeria,,99999999,99999999.0,,,,,
MALARIA_15283,Government health budget (USD),,PUBLISHED,Published,,2006,2006,,EMR,Eastern Mediterranean,,PAK,Pakistan,,99999999,99999999.0,,,,,
MALARIA_15283,Government health budget (USD),,PUBLISHED,Published,,2006,2006,,WPR,Western Pacific,,PNG,Papua New Guinea,,145032,145032.0,,,,,
MALARIA_15283,Government health budget (USD),,PUBLISHED,Published,,2006,2006,,AFR,Africa,,STP,Sao Tome and Principe,,2817826,2817826.0,,,,,
MALARIA_15283,Government health budget (USD),,PUBLISHED,Published,,2006,2006,,AFR,Africa,,SEN,Senegal,,99999999,99999999.0,,,,,
MALARIA_15283,Government health budget (USD),,PUBLISHED,Published,,2006,2006,,AFR,Africa,,SLE,Sierra Leone,,13720033,13720033.0,,,,,
MALARIA_15283,Government health budget (USD),,PUBLISHED,Published,,2006,2006,,WPR,Western Pacific,,SLB,Solomon Islands,,14146937,14146937.0,,,,,
MALARIA_15283,Government health budget (USD),,PUBLISHED,Published,,2006,2006,,AFR,Africa,,ZAF,South Africa,,54,54.0,,,,,
MALARIA_15283,Government health budget (USD),,PUBLISHED,Published,,2006,2006,,SEAR,South-East Asia,,LKA,Sri Lanka,,99999999,99999999.0,,,,,
MALARIA_15283,Government health budget (USD),,PUBLISHED,Published,,2006,2006,,EMR,Eastern Mediterranean,,SDN,Sudan,,99999999,99999999.0,,,,,
MALARIA_15283,Government health budget (USD),,PUBLISHED,Published,,2006,2006,,EUR,Europe,,TJK,Tajikistan,,99999999,99999999.0,,,,,
MALARIA_15283,Government health budget (USD),,PUBLISHED,Published,,2006,2006,,SEAR,South-East Asia,,THA,Thailand,,99999999,99999999.0,,,,,
MALARIA_15283,Government health budget (USD),,PUBLISHED,Published,,2006,2006,,AFR,Africa,,TGO,Togo,,39582565,39582565.0,,,,,
MALARIA_15283,Government health budget (USD),,PUBLISHED,Published,,2006,2006,,EUR,Europe,,TUR,Turkey,,99999999,99999999.0,,,,,
MALARIA_15283,Government health budget (USD),,PUBLISHED,Published,,2006,2006,,EUR,Europe,,UZB,Uzbekistan,,99999999,99999999.0,,,,,
MALARIA_15283,Government health budget (USD),,PUBLISHED,Published,,2006,2006,,WPR,Western Pacific,,VUT,Vanuatu,,10249640,10249640.0,,,,,
MALARIA_15283,Government health budget (USD),,PUBLISHED,Published,,2007,2007,,EMR,Eastern Mediterranean,,AFG,Afghanistan,,99999999,99999999.0,,,,,
MALARIA_15283,Government health budget (USD),,PUBLISHED,Published,,2007,2007,,AFR,Africa,,BFA,Burkina Faso,,99999999,99999999.0,,,,,
MALARIA_15283,Government health budget (USD),,PUBLISHED,Published,,2007,2007,,AFR,Africa,,ETH,Ethiopia,,99999999,99999999.0,,,,,
MALARIA_15283,Government health budget (USD),,PUBLISHED,Published,,2007,2007,,AFR,Africa,,GHA,Ghana,,99999999,99999999.0,,,,,
MALARIA_15283,Government health budget (USD),,PUBLISHED,Published,,2007,2007,,SEAR,South-East Asia,,IND,India,,99999999,99999999.0,,,,,
MALARIA_15283,Government health budget (USD),,PUBLISHED,Published,,2007,2007,,SEAR,South-East Asia,,NPL,Nepal,,99999999,99999999.0,,,,,
MALARIA_15283,Government health budget (USD),,PUBLISHED,Published,,2007,2007,,AFR,Africa,,SEN,Senegal,,99999999,99999999.0,,,,,
MALARIA_15283,Government health budget (USD),,PUBLISHED,Published,,2007,2007,,EMR,Eastern Mediterranean,,SDN,Sudan,,82500000,82500000.0,,,,,
MALARIA_15283,Government health budget (USD),,PUBLISHED,Published,,2007,2007,,SEAR,South-East Asia,,THA,Thailand,,99999999,99999999.0,,,,,
