GHO (CODE),GHO (DISPLAY),GHO (URL),PUBLISHSTATE (CODE),PUBLISHSTATE (DISPLAY),PUBLISHSTATE (URL),YEAR (CODE),YEAR (DISPLAY),YEAR (URL),REGION (CODE),REGION (DISPLAY),REGION (URL),COUNTRY (CODE),COUNTRY (DISPLAY),COUNTRY (URL),Display Value,Numeric,Low,High,StdErr,StdDev,Comments
MDG_0000000033,Antiretroviral therapy coverage among people with HIV infection eligible for ART according to 2010 guidelines (%),https://www.who.int/data/gho/indicator-metadata-registry/imr-details/12,PUBLISHED,Published,,2012,2012,,AMR,Americas,,BRA,Brazil,,  [80-91],,79.89428000000001,91.31778,,,"Coverage is calculated based on the latest modelling output, and may differ from the estimated coverage based on the officially reported number of people receiving antiretroviral therapy to the UN."
MDG_0000000033,Antiretroviral therapy coverage among people with HIV infection eligible for ART according to 2010 guidelines (%),https://www.who.int/data/gho/indicator-metadata-registry/imr-details/12,PUBLISHED,Published,,2012,2012,,EMR,Eastern Mediterranean,,SDN,Sudan,, [8-12],,7.877269999999999,11.66742,,,
MDG_0000000033,Antiretroviral therapy coverage among people with HIV infection eligible for ART according to 2010 guidelines (%),https://www.who.int/data/gho/indicator-metadata-registry/imr-details/12,PUBLISHED,Published,,2012,2012,,AFR,Africa,,BWA,Botswana,,>95 [>95->95],95.0,95.0,95.0,,,
MDG_0000000033,Antiretroviral therapy coverage among people with HIV infection eligible for ART according to 2010 guidelines (%),https://www.who.int/data/gho/indicator-metadata-registry/imr-details/12,PUBLISHED,Published,,2012,2012,,AFR,Africa,,CPV,Cabo Verde,,>95 [>95->95],95.0,95.0,95.0,,,
MDG_0000000033,Antiretroviral therapy coverage among people with HIV infection eligible for ART according to 2010 guidelines (%),https://www.who.int/data/gho/indicator-metadata-registry/imr-details/12,PUBLISHED,Published,,2012,2012,,AMR,Americas,,CUB,Cuba,,>95 [>95->95],95.0,95.0,95.0,,,
MDG_0000000033,Antiretroviral therapy coverage among people with HIV infection eligible for ART according to 2010 guidelines (%),https://www.who.int/data/gho/indicator-metadata-registry/imr-details/12,PUBLISHED,Published,,2012,2012,,AFR,Africa,,MDG,Madagascar,,1 [1-1],1.25291,1.07796,1.47632,,,
MDG_0000000033,Antiretroviral therapy coverage among people with HIV infection eligible for ART according to 2010 guidelines (%),https://www.who.int/data/gho/indicator-metadata-registry/imr-details/12,PUBLISHED,Published,,2012,2012,,SEAR,South-East Asia,,BTN,Bhutan,,12 [6-21],11.83801,5.73152,20.54054,,,
MDG_0000000033,Antiretroviral therapy coverage among people with HIV infection eligible for ART according to 2010 guidelines (%),https://www.who.int/data/gho/indicator-metadata-registry/imr-details/12,PUBLISHED,Published,,2012,2012,,EMR,Eastern Mediterranean,,SOM,Somalia,,12 [8-17],11.55931,7.72962,16.50916,,,
MDG_0000000033,Antiretroviral therapy coverage among people with HIV infection eligible for ART according to 2010 guidelines (%),https://www.who.int/data/gho/indicator-metadata-registry/imr-details/12,PUBLISHED,Published,,2012,2012,,EMR,Eastern Mediterranean,,IRN,Iran (Islamic Republic of),,13 [10-17],12.84523,9.73621,16.94366,,,
MDG_0000000033,Antiretroviral therapy coverage among people with HIV infection eligible for ART according to 2010 guidelines (%),https://www.who.int/data/gho/indicator-metadata-registry/imr-details/12,PUBLISHED,Published,,2012,2012,,EMR,Eastern Mediterranean,,YEM,Yemen,,14 [5-26],13.98964,5.2016,25.78445,,,
MDG_0000000033,Antiretroviral therapy coverage among people with HIV infection eligible for ART according to 2010 guidelines (%),https://www.who.int/data/gho/indicator-metadata-registry/imr-details/12,PUBLISHED,Published,,2012,2012,,EMR,Eastern Mediterranean,,PAK,Pakistan,,14 [8-21],13.58491,7.79856,21.20435,,,"Coverage is calculated based on the latest modelling output, and may differ from the estimated coverage based on the officially reported number of people receiving antiretroviral therapy to the UN."
MDG_0000000033,Antiretroviral therapy coverage among people with HIV infection eligible for ART according to 2010 guidelines (%),https://www.who.int/data/gho/indicator-metadata-registry/imr-details/12,PUBLISHED,Published,,2012,2012,,SEAR,South-East Asia,,IDN,Indonesia,,17 [12-25],17.39668,12.404630000000001,24.93364,,,
MDG_0000000033,Antiretroviral therapy coverage among people with HIV infection eligible for ART according to 2010 guidelines (%),https://www.who.int/data/gho/indicator-metadata-registry/imr-details/12,PUBLISHED,Published,,2012,2012,,EUR,Europe,,AZE,Azerbaijan,,24 [19-31],24.42469,19.104110000000002,31.11259,,,"Coverage is calculated based on the latest modelling output, and may differ from the estimated coverage based on the officially reported number of people receiving antiretroviral therapy to the UN."
MDG_0000000033,Antiretroviral therapy coverage among people with HIV infection eligible for ART according to 2010 guidelines (%),https://www.who.int/data/gho/indicator-metadata-registry/imr-details/12,PUBLISHED,Published,,2012,2012,,SEAR,South-East Asia,,MDV,Maldives,,26 [20-32],25.792920000000002,20.26219,31.588590000000003,,,
MDG_0000000033,Antiretroviral therapy coverage among people with HIV infection eligible for ART according to 2010 guidelines (%),https://www.who.int/data/gho/indicator-metadata-registry/imr-details/12,PUBLISHED,Published,,2012,2012,,SEAR,South-East Asia,,BGD,Bangladesh,,27 [4-59],26.80645,4.403580000000001,58.72792,,,
MDG_0000000033,Antiretroviral therapy coverage among people with HIV infection eligible for ART according to 2010 guidelines (%),https://www.who.int/data/gho/indicator-metadata-registry/imr-details/12,PUBLISHED,Published,,2012,2012,,EUR,Europe,,TJK,Tajikistan,,28 [17-42],27.84743,16.64806,42.490840000000006,,,
MDG_0000000033,Antiretroviral therapy coverage among people with HIV infection eligible for ART according to 2010 guidelines (%),https://www.who.int/data/gho/indicator-metadata-registry/imr-details/12,PUBLISHED,Published,,2012,2012,,EUR,Europe,,MDA,Republic of Moldova,,29 [24-34],28.66814,23.611179999999997,33.859809999999996,,,
MDG_0000000033,Antiretroviral therapy coverage among people with HIV infection eligible for ART according to 2010 guidelines (%),https://www.who.int/data/gho/indicator-metadata-registry/imr-details/12,PUBLISHED,Published,,2012,2012,,EUR,Europe,,KGZ,Kyrgyzstan,,30 [20-42],23.0,16.0,32.0,,,
MDG_0000000033,Antiretroviral therapy coverage among people with HIV infection eligible for ART according to 2010 guidelines (%),https://www.who.int/data/gho/indicator-metadata-registry/imr-details/12,PUBLISHED,Published,,2012,2012,,EMR,Eastern Mediterranean,,DJI,Djibouti,,31 [26-38],31.36508,26.05027,37.77721,,,
MDG_0000000033,Antiretroviral therapy coverage among people with HIV infection eligible for ART according to 2010 guidelines (%),https://www.who.int/data/gho/indicator-metadata-registry/imr-details/12,PUBLISHED,Published,,2012,2012,,AFR,Africa,,COD,Democratic Republic of the Congo,,31 [29-34],31.23755,28.559009999999997,33.92273,,,"Coverage is calculated based on the latest modelling output, and may differ from the estimated coverage based on the officially reported number of people receiving antiretroviral therapy to the UN."
MDG_0000000033,Antiretroviral therapy coverage among people with HIV infection eligible for ART according to 2010 guidelines (%),https://www.who.int/data/gho/indicator-metadata-registry/imr-details/12,PUBLISHED,Published,,2012,2012,,SEAR,South-East Asia,,NPL,Nepal,,32 [26-38],31.957440000000002,25.71115,37.71437,,,
MDG_0000000033,Antiretroviral therapy coverage among people with HIV infection eligible for ART according to 2010 guidelines (%),https://www.who.int/data/gho/indicator-metadata-registry/imr-details/12,PUBLISHED,Published,,2012,2012,,AFR,Africa,,NGA,Nigeria,,32 [29-35],31.9448,29.003320000000002,35.27108,,,
MDG_0000000033,Antiretroviral therapy coverage among people with HIV infection eligible for ART according to 2010 guidelines (%),https://www.who.int/data/gho/indicator-metadata-registry/imr-details/12,PUBLISHED,Published,,2012,2012,,AFR,Africa,,SLE,Sierra Leone,,33 [24-42],32.69467,24.11809,41.577729999999995,,,
MDG_0000000033,Antiretroviral therapy coverage among people with HIV infection eligible for ART according to 2010 guidelines (%),https://www.who.int/data/gho/indicator-metadata-registry/imr-details/12,PUBLISHED,Published,,2012,2012,,SEAR,South-East Asia,,LKA,Sri Lanka,,34 [22-44],34.17508,21.85145,44.08252,,,
MDG_0000000033,Antiretroviral therapy coverage among people with HIV infection eligible for ART according to 2010 guidelines (%),https://www.who.int/data/gho/indicator-metadata-registry/imr-details/12,PUBLISHED,Published,,2012,2012,,AMR,Americas,,BOL,Bolivia (Plurinational State of),,35 [24-51],34.62722,23.86192,50.94828,,,
MDG_0000000033,Antiretroviral therapy coverage among people with HIV infection eligible for ART according to 2010 guidelines (%),https://www.who.int/data/gho/indicator-metadata-registry/imr-details/12,PUBLISHED,Published,,2012,2012,,EUR,Europe,,ARM,Armenia,,35 [25-48],34.91446,25.21056,47.66454,,,
MDG_0000000033,Antiretroviral therapy coverage among people with HIV infection eligible for ART according to 2010 guidelines (%),https://www.who.int/data/gho/indicator-metadata-registry/imr-details/12,PUBLISHED,Published,,2012,2012,,AFR,Africa,,MRT,Mauritania,,35 [27-44],34.96933,27.154609999999998,44.4051,,,
MDG_0000000033,Antiretroviral therapy coverage among people with HIV infection eligible for ART according to 2010 guidelines (%),https://www.who.int/data/gho/indicator-metadata-registry/imr-details/12,PUBLISHED,Published,,2012,2012,,AFR,Africa,,MUS,Mauritius,,36 [32-39],35.7695,31.82576,38.726859999999995,,,
MDG_0000000033,Antiretroviral therapy coverage among people with HIV infection eligible for ART according to 2010 guidelines (%),https://www.who.int/data/gho/indicator-metadata-registry/imr-details/12,PUBLISHED,Published,,2012,2012,,EMR,Eastern Mediterranean,,EGY,Egypt,,37 [13-42],37.15032,12.60759,42.32894,,,
MDG_0000000033,Antiretroviral therapy coverage among people with HIV infection eligible for ART according to 2010 guidelines (%),https://www.who.int/data/gho/indicator-metadata-registry/imr-details/12,PUBLISHED,Published,,2012,2012,,AFR,Africa,,GNB,Guinea-Bissau,,37 [30-46],37.056129999999996,29.59202,46.06622,,,"Coverage is calculated based on the latest modelling output, and may differ from the estimated coverage based on the officially reported number of people receiving antiretroviral therapy to the UN."
MDG_0000000033,Antiretroviral therapy coverage among people with HIV infection eligible for ART according to 2010 guidelines (%),https://www.who.int/data/gho/indicator-metadata-registry/imr-details/12,PUBLISHED,Published,,2012,2012,,AFR,Africa,,COG,Congo,,39 [36-43],39.42805,36.37937,42.73669,,,
MDG_0000000033,Antiretroviral therapy coverage among people with HIV infection eligible for ART according to 2010 guidelines (%),https://www.who.int/data/gho/indicator-metadata-registry/imr-details/12,PUBLISHED,Published,,2012,2012,,AFR,Africa,,TCD,Chad,,40 [33-46],39.91091,33.0478,45.671620000000004,,,
MDG_0000000033,Antiretroviral therapy coverage among people with HIV infection eligible for ART according to 2010 guidelines (%),https://www.who.int/data/gho/indicator-metadata-registry/imr-details/12,PUBLISHED,Published,,2012,2012,,EUR,Europe,,UKR,Ukraine,,41 [36-47],40.95028,36.316179999999996,46.583079999999995,,,"Coverage is calculated based on the latest modelling output, and may differ from the estimated coverage based on the officially reported number of people receiving antiretroviral therapy to the UN."
MDG_0000000033,Antiretroviral therapy coverage among people with HIV infection eligible for ART according to 2010 guidelines (%),https://www.who.int/data/gho/indicator-metadata-registry/imr-details/12,PUBLISHED,Published,,2012,2012,,WPR,Western Pacific,,MYS,Malaysia,,42 [33-53],41.7296,33.05792,53.12016,,,
MDG_0000000033,Antiretroviral therapy coverage among people with HIV infection eligible for ART according to 2010 guidelines (%),https://www.who.int/data/gho/indicator-metadata-registry/imr-details/12,PUBLISHED,Published,,2012,2012,,AFR,Africa,,AGO,Angola,,42 [35-50],42.34104,35.39737,50.19551,,,"Coverage is calculated based on the latest modelling output, and may differ from the estimated coverage based on the officially reported number of people receiving antiretroviral therapy to the UN."
MDG_0000000033,Antiretroviral therapy coverage among people with HIV infection eligible for ART according to 2010 guidelines (%),https://www.who.int/data/gho/indicator-metadata-registry/imr-details/12,PUBLISHED,Published,,2012,2012,,WPR,Western Pacific,,FJI,Fiji,,43 [34-51],42.58065,34.285709999999995,51.36187,,,
MDG_0000000033,Antiretroviral therapy coverage among people with HIV infection eligible for ART according to 2010 guidelines (%),https://www.who.int/data/gho/indicator-metadata-registry/imr-details/12,PUBLISHED,Published,,2012,2012,,EUR,Europe,,UZB,Uzbekistan,,43 [35-51],42.994859999999996,34.64725,51.483540000000005,,,
MDG_0000000033,Antiretroviral therapy coverage among people with HIV infection eligible for ART according to 2010 guidelines (%),https://www.who.int/data/gho/indicator-metadata-registry/imr-details/12,PUBLISHED,Published,,2012,2012,,AFR,Africa,,LBR,Liberia,,43 [38-48],42.590579999999996,37.82104,47.96008,,,
MDG_0000000033,Antiretroviral therapy coverage among people with HIV infection eligible for ART according to 2010 guidelines (%),https://www.who.int/data/gho/indicator-metadata-registry/imr-details/12,PUBLISHED,Published,,2012,2012,,AFR,Africa,,STP,Sao Tome and Principe,,44 [34-58],44.33286,33.84447,58.4121,,,
MDG_0000000033,Antiretroviral therapy coverage among people with HIV infection eligible for ART according to 2010 guidelines (%),https://www.who.int/data/gho/indicator-metadata-registry/imr-details/12,PUBLISHED,Published,,2012,2012,,AFR,Africa,,MOZ,Mozambique,,45 [40-49],44.99593,40.2155,49.32093,,,
MDG_0000000033,Antiretroviral therapy coverage among people with HIV infection eligible for ART according to 2010 guidelines (%),https://www.who.int/data/gho/indicator-metadata-registry/imr-details/12,PUBLISHED,Published,,2012,2012,,EUR,Europe,,BLR,Belarus,,45 [41-48],44.59981,40.75911,48.07108,,,
MDG_0000000033,Antiretroviral therapy coverage among people with HIV infection eligible for ART according to 2010 guidelines (%),https://www.who.int/data/gho/indicator-metadata-registry/imr-details/12,PUBLISHED,Published,,2012,2012,,AFR,Africa,,CMR,Cameroon,,45 [41-48],44.541140000000006,41.14588,47.92242,,,
MDG_0000000033,Antiretroviral therapy coverage among people with HIV infection eligible for ART according to 2010 guidelines (%),https://www.who.int/data/gho/indicator-metadata-registry/imr-details/12,PUBLISHED,Published,,2012,2012,,AFR,Africa,,NER,Niger,,46 [39-53],45.69019,38.80656,53.47521,,,
MDG_0000000033,Antiretroviral therapy coverage among people with HIV infection eligible for ART according to 2010 guidelines (%),https://www.who.int/data/gho/indicator-metadata-registry/imr-details/12,PUBLISHED,Published,,2012,2012,,AFR,Africa,,TGO,Togo,,46 [40-52],46.31876,40.081720000000004,52.08702,,,
MDG_0000000033,Antiretroviral therapy coverage among people with HIV infection eligible for ART according to 2010 guidelines (%),https://www.who.int/data/gho/indicator-metadata-registry/imr-details/12,PUBLISHED,Published,,2012,2012,,AMR,Americas,,SLV,El Salvador,,47 [32-61],47.19045,32.42386,61.29925,,,
MDG_0000000033,Antiretroviral therapy coverage among people with HIV infection eligible for ART according to 2010 guidelines (%),https://www.who.int/data/gho/indicator-metadata-registry/imr-details/12,PUBLISHED,Published,,2012,2012,,SEAR,South-East Asia,,MMR,Myanmar,,48 [44-54],47.62154,43.83335,54.28825,,,
MDG_0000000033,Antiretroviral therapy coverage among people with HIV infection eligible for ART according to 2010 guidelines (%),https://www.who.int/data/gho/indicator-metadata-registry/imr-details/12,PUBLISHED,Published,,2012,2012,,EMR,Eastern Mediterranean,,MAR,Morocco,,49 [39-61],48.77219,38.64034,61.10855,,,
MDG_0000000033,Antiretroviral therapy coverage among people with HIV infection eligible for ART according to 2010 guidelines (%),https://www.who.int/data/gho/indicator-metadata-registry/imr-details/12,PUBLISHED,Published,,2012,2012,,AFR,Africa,,CIV,Côte d'Ivoire,,49 [43-54],48.72654,43.242670000000004,53.924780000000005,,,
MDG_0000000033,Antiretroviral therapy coverage among people with HIV infection eligible for ART according to 2010 guidelines (%),https://www.who.int/data/gho/indicator-metadata-registry/imr-details/12,PUBLISHED,Published,,2012,2012,,AFR,Africa,,GIN,Guinea,,50 [43-58],50.02063,43.07499,57.843819999999994,,,
MDG_0000000033,Antiretroviral therapy coverage among people with HIV infection eligible for ART according to 2010 guidelines (%),https://www.who.int/data/gho/indicator-metadata-registry/imr-details/12,PUBLISHED,Published,,2012,2012,,SEAR,South-East Asia,,IND,India,,50 [44-58],49.647659999999995,43.677170000000004,57.697140000000005,,,"Coverage is calculated based on the latest modelling output, and may differ from the estimated coverage based on the officially reported number of people receiving antiretroviral therapy to the UN. (numerator). Coverage is based on 2011 national estimated eligibility (denominator). "
MDG_0000000033,Antiretroviral therapy coverage among people with HIV infection eligible for ART according to 2010 guidelines (%),https://www.who.int/data/gho/indicator-metadata-registry/imr-details/12,PUBLISHED,Published,,2012,2012,,AMR,Americas,,GTM,Guatemala,,51 [30-71],51.1974,30.20133,70.94778000000001,,,
MDG_0000000033,Antiretroviral therapy coverage among people with HIV infection eligible for ART according to 2010 guidelines (%),https://www.who.int/data/gho/indicator-metadata-registry/imr-details/12,PUBLISHED,Published,,2012,2012,,WPR,Western Pacific,,LAO,Lao People's Democratic Republic,,51 [44-58],51.19638,44.46733,58.04008,,,
MDG_0000000033,Antiretroviral therapy coverage among people with HIV infection eligible for ART according to 2010 guidelines (%),https://www.who.int/data/gho/indicator-metadata-registry/imr-details/12,PUBLISHED,Published,,2012,2012,,AFR,Africa,,MLI,Mali,,52 [45-61],51.88306,44.9424,60.689409999999995,,,
MDG_0000000033,Antiretroviral therapy coverage among people with HIV infection eligible for ART according to 2010 guidelines (%),https://www.who.int/data/gho/indicator-metadata-registry/imr-details/12,PUBLISHED,Published,,2012,2012,,AFR,Africa,,LSO,Lesotho,,54 [52-57],54.32346999999999,51.56622,57.044540000000005,,,
MDG_0000000033,Antiretroviral therapy coverage among people with HIV infection eligible for ART according to 2010 guidelines (%),https://www.who.int/data/gho/indicator-metadata-registry/imr-details/12,PUBLISHED,Published,,2012,2012,,EMR,Eastern Mediterranean,,TUN,Tunisia,,55 [37-83],55.01814,36.69355,83.0292,,,
MDG_0000000033,Antiretroviral therapy coverage among people with HIV infection eligible for ART according to 2010 guidelines (%),https://www.who.int/data/gho/indicator-metadata-registry/imr-details/12,PUBLISHED,Published,,2012,2012,,AMR,Americas,,ECU,Ecuador,,55 [42-83],54.80713000000001,42.17757,82.72792,,,Coverage is based on an update of 2012 data received in October 2013.
MDG_0000000033,Antiretroviral therapy coverage among people with HIV infection eligible for ART according to 2010 guidelines (%),https://www.who.int/data/gho/indicator-metadata-registry/imr-details/12,PUBLISHED,Published,,2012,2012,,AFR,Africa,,GMB,Gambia,,55 [43-69],54.8288,43.442820000000005,68.96485,,,
MDG_0000000033,Antiretroviral therapy coverage among people with HIV infection eligible for ART according to 2010 guidelines (%),https://www.who.int/data/gho/indicator-metadata-registry/imr-details/12,PUBLISHED,Published,,2012,2012,,AMR,Americas,,COL,Colombia,,55 [43-70],55.438759999999995,43.22643,70.43354000000001,,,
MDG_0000000033,Antiretroviral therapy coverage among people with HIV infection eligible for ART according to 2010 guidelines (%),https://www.who.int/data/gho/indicator-metadata-registry/imr-details/12,PUBLISHED,Published,,2012,2012,,WPR,Western Pacific,,VNM,Viet Nam,,58 [32->95],58.4254,31.824209999999997,95.0,,,
MDG_0000000033,Antiretroviral therapy coverage among people with HIV infection eligible for ART according to 2010 guidelines (%),https://www.who.int/data/gho/indicator-metadata-registry/imr-details/12,PUBLISHED,Published,,2012,2012,,AFR,Africa,,BDI,Burundi,,58 [50-66],58.15361,50.46355,66.16454,,,
MDG_0000000033,Antiretroviral therapy coverage among people with HIV infection eligible for ART according to 2010 guidelines (%),https://www.who.int/data/gho/indicator-metadata-registry/imr-details/12,PUBLISHED,Published,,2012,2012,,AMR,Americas,,HND,Honduras,,58 [50-67],58.19385,49.82226,66.55784,,,
MDG_0000000033,Antiretroviral therapy coverage among people with HIV infection eligible for ART according to 2010 guidelines (%),https://www.who.int/data/gho/indicator-metadata-registry/imr-details/12,PUBLISHED,Published,,2012,2012,,AFR,Africa,,GHA,Ghana,,58 [51-65],57.821690000000004,51.38633,64.79945,,,
MDG_0000000033,Antiretroviral therapy coverage among people with HIV infection eligible for ART according to 2010 guidelines (%),https://www.who.int/data/gho/indicator-metadata-registry/imr-details/12,PUBLISHED,Published,,2012,2012,,AMR,Americas,,PER,Peru,,59 [28-93],59.2354,28.2604,92.5097,,,"Coverage is calculated based on the latest modelling output, and may differ from the estimated coverage based on the officially reported number of people receiving antiretroviral therapy to the UN."
MDG_0000000033,Antiretroviral therapy coverage among people with HIV infection eligible for ART according to 2010 guidelines (%),https://www.who.int/data/gho/indicator-metadata-registry/imr-details/12,PUBLISHED,Published,,2012,2012,,AMR,Americas,,HTI,Haiti,,60 [55-65],60.05112,55.16859,65.23753,,,
MDG_0000000033,Antiretroviral therapy coverage among people with HIV infection eligible for ART according to 2010 guidelines (%),https://www.who.int/data/gho/indicator-metadata-registry/imr-details/12,PUBLISHED,Published,,2012,2012,,AFR,Africa,,TZA,United Republic of Tanzania,,61 [55-66],60.878190000000004,55.451969999999996,66.33588,,,
MDG_0000000033,Antiretroviral therapy coverage among people with HIV infection eligible for ART according to 2010 guidelines (%),https://www.who.int/data/gho/indicator-metadata-registry/imr-details/12,PUBLISHED,Published,,2012,2012,,AFR,Africa,,ETH,Ethiopia,,61 [56-66],60.87033,56.2099,65.80814000000001,,,
MDG_0000000033,Antiretroviral therapy coverage among people with HIV infection eligible for ART according to 2010 guidelines (%),https://www.who.int/data/gho/indicator-metadata-registry/imr-details/12,PUBLISHED,Published,,2012,2012,,AFR,Africa,,SEN,Senegal,,62 [54-71],61.93407,54.17005,71.07198000000001,,,
MDG_0000000033,Antiretroviral therapy coverage among people with HIV infection eligible for ART according to 2010 guidelines (%),https://www.who.int/data/gho/indicator-metadata-registry/imr-details/12,PUBLISHED,Published,,2012,2012,,AFR,Africa,,GAB,Gabon,,62 [56-67],61.57145,55.87944,67.15268,,,
MDG_0000000033,Antiretroviral therapy coverage among people with HIV infection eligible for ART according to 2010 guidelines (%),https://www.who.int/data/gho/indicator-metadata-registry/imr-details/12,PUBLISHED,Published,,2012,2012,,AFR,Africa,,BFA,Burkina Faso,,62 [56-69],62.23199,55.687090000000005,69.19202,,,
MDG_0000000033,Antiretroviral therapy coverage among people with HIV infection eligible for ART according to 2010 guidelines (%),https://www.who.int/data/gho/indicator-metadata-registry/imr-details/12,PUBLISHED,Published,,2012,2012,,AFR,Africa,,UGA,Uganda,,64 [57-71],64.34131,56.914919999999995,71.09874,,,
MDG_0000000033,Antiretroviral therapy coverage among people with HIV infection eligible for ART according to 2010 guidelines (%),https://www.who.int/data/gho/indicator-metadata-registry/imr-details/12,PUBLISHED,Published,,2012,2012,,AMR,Americas,,URY,Uruguay,,65 [52-79],64.80948000000001,51.59975,79.07794,,,
MDG_0000000033,Antiretroviral therapy coverage among people with HIV infection eligible for ART according to 2010 guidelines (%),https://www.who.int/data/gho/indicator-metadata-registry/imr-details/12,PUBLISHED,Published,,2012,2012,,AMR,Americas,,SUR,Suriname,,66 [62-70],66.08863000000001,61.63522,69.75089,,,
MDG_0000000033,Antiretroviral therapy coverage among people with HIV infection eligible for ART according to 2010 guidelines (%),https://www.who.int/data/gho/indicator-metadata-registry/imr-details/12,PUBLISHED,Published,,2012,2012,,AFR,Africa,,BEN,Benin,,67 [61-73],66.91598,61.458380000000005,72.59773,,,
MDG_0000000033,Antiretroviral therapy coverage among people with HIV infection eligible for ART according to 2010 guidelines (%),https://www.who.int/data/gho/indicator-metadata-registry/imr-details/12,PUBLISHED,Published,,2012,2012,,AMR,Americas,,JAM,Jamaica,,69 [60-78],68.51682,60.40741,77.50056,,,
MDG_0000000033,Antiretroviral therapy coverage among people with HIV infection eligible for ART according to 2010 guidelines (%),https://www.who.int/data/gho/indicator-metadata-registry/imr-details/12,PUBLISHED,Published,,2012,2012,,AFR,Africa,,MWI,Malawi,,69 [66-73],69.32497,65.71915,73.03751,,,
MDG_0000000033,Antiretroviral therapy coverage among people with HIV infection eligible for ART according to 2010 guidelines (%),https://www.who.int/data/gho/indicator-metadata-registry/imr-details/12,PUBLISHED,Published,,2012,2012,,AMR,Americas,,VEN,Venezuela (Bolivarian Republic of),,71 [52-91],70.77515,52.227740000000004,90.78673,,,
MDG_0000000033,Antiretroviral therapy coverage among people with HIV infection eligible for ART according to 2010 guidelines (%),https://www.who.int/data/gho/indicator-metadata-registry/imr-details/12,PUBLISHED,Published,,2012,2012,,AMR,Americas,,BLZ,Belize,,71 [67-76],71.48526,66.7549,76.23942,,,
MDG_0000000033,Antiretroviral therapy coverage among people with HIV infection eligible for ART according to 2010 guidelines (%),https://www.who.int/data/gho/indicator-metadata-registry/imr-details/12,PUBLISHED,Published,,2012,2012,,AMR,Americas,,NIC,Nicaragua,,72 [50->95],71.73272,49.738820000000004,95.0,,,
MDG_0000000033,Antiretroviral therapy coverage among people with HIV infection eligible for ART according to 2010 guidelines (%),https://www.who.int/data/gho/indicator-metadata-registry/imr-details/12,PUBLISHED,Published,,2012,2012,,EUR,Europe,,GEO,Georgia,,72 [54-86],71.56863,53.53954,85.57594,,,"Coverage is calculated based on the latest modelling output, and may differ from the estimated coverage based on the officially reported number of people receiving antiretroviral therapy to the UN."
MDG_0000000033,Antiretroviral therapy coverage among people with HIV infection eligible for ART according to 2010 guidelines (%),https://www.who.int/data/gho/indicator-metadata-registry/imr-details/12,PUBLISHED,Published,,2012,2012,,AMR,Americas,,PRY,Paraguay,,73 [47->95],72.71506,47.1724,95.0,,,
MDG_0000000033,Antiretroviral therapy coverage among people with HIV infection eligible for ART according to 2010 guidelines (%),https://www.who.int/data/gho/indicator-metadata-registry/imr-details/12,PUBLISHED,Published,,2012,2012,,WPR,Western Pacific,,PHL,Philippines,,73 [52-94],73.13089000000001,51.74866,94.42942,,,
MDG_0000000033,Antiretroviral therapy coverage among people with HIV infection eligible for ART according to 2010 guidelines (%),https://www.who.int/data/gho/indicator-metadata-registry/imr-details/12,PUBLISHED,Published,,2012,2012,,AFR,Africa,,ERI,Eritrea,,73 [58-87],72.83012,57.54994,87.30663,,,
MDG_0000000033,Antiretroviral therapy coverage among people with HIV infection eligible for ART according to 2010 guidelines (%),https://www.who.int/data/gho/indicator-metadata-registry/imr-details/12,PUBLISHED,Published,,2012,2012,,AFR,Africa,,KEN,Kenya,,73 [69-77],73.02332,68.90966999999999,76.85280999999999,,,
MDG_0000000033,Antiretroviral therapy coverage among people with HIV infection eligible for ART according to 2010 guidelines (%),https://www.who.int/data/gho/indicator-metadata-registry/imr-details/12,PUBLISHED,Published,,2012,2012,,AMR,Americas,,CRI,Costa Rica,,74 [69-80],74.14698,68.80654,79.70576,,,
MDG_0000000033,Antiretroviral therapy coverage among people with HIV infection eligible for ART according to 2010 guidelines (%),https://www.who.int/data/gho/indicator-metadata-registry/imr-details/12,PUBLISHED,Published,,2012,2012,,AMR,Americas,,PAN,Panama,,76 [61-93],75.93226999999999,60.87101,93.45436,,,"Coverage is calculated based on the latest modelling output, and may differ from the estimated coverage based on the officially reported number of people receiving antiretroviral therapy to the UN."
MDG_0000000033,Antiretroviral therapy coverage among people with HIV infection eligible for ART according to 2010 guidelines (%),https://www.who.int/data/gho/indicator-metadata-registry/imr-details/12,PUBLISHED,Published,,2012,2012,,SEAR,South-East Asia,,THA,Thailand,,76 [72-80],75.74964,72.12144,80.32829,,,"Coverage is calculated based on the latest modelling output, and may differ from the estimated coverage based on the officially reported number of people receiving antiretroviral therapy to the UN."
MDG_0000000033,Antiretroviral therapy coverage among people with HIV infection eligible for ART according to 2010 guidelines (%),https://www.who.int/data/gho/indicator-metadata-registry/imr-details/12,PUBLISHED,Published,,2012,2012,,AMR,Americas,,DOM,Dominican Republic,,77 [70-84],76.99316999999999,69.70201,83.99229,,,
MDG_0000000033,Antiretroviral therapy coverage among people with HIV infection eligible for ART according to 2010 guidelines (%),https://www.who.int/data/gho/indicator-metadata-registry/imr-details/12,PUBLISHED,Published,,2012,2012,,WPR,Western Pacific,,PNG,Papua New Guinea,,79 [66-92],78.93183,66.26859,92.36809000000001,,,
MDG_0000000033,Antiretroviral therapy coverage among people with HIV infection eligible for ART according to 2010 guidelines (%),https://www.who.int/data/gho/indicator-metadata-registry/imr-details/12,PUBLISHED,Published,,2012,2012,,AFR,Africa,,ZMB,Zambia,,79 [75-83],79.43711,75.09947,83.45161999999999,,,
MDG_0000000033,Antiretroviral therapy coverage among people with HIV infection eligible for ART according to 2010 guidelines (%),https://www.who.int/data/gho/indicator-metadata-registry/imr-details/12,PUBLISHED,Published,,2012,2012,,AFR,Africa,,ZWE,Zimbabwe,,79 [75-83],78.96353,75.01664,83.07938,,,
MDG_0000000033,Antiretroviral therapy coverage among people with HIV infection eligible for ART according to 2010 guidelines (%),https://www.who.int/data/gho/indicator-metadata-registry/imr-details/12,PUBLISHED,Published,,2012,2012,,EMR,Eastern Mediterranean,,AFG,Afghanistan,,8 [3-20],8.0,3.0,20.0,,,"Coverage is calculated based on the latest modelling output, and may differ from the estimated coverage based on the officially reported number of people receiving antiretroviral therapy to the UN."
MDG_0000000033,Antiretroviral therapy coverage among people with HIV infection eligible for ART according to 2010 guidelines (%),https://www.who.int/data/gho/indicator-metadata-registry/imr-details/12,PUBLISHED,Published,,2012,2012,,EMR,Eastern Mediterranean,,SSD,South Sudan,,8 [5-12],8.2139,5.45672,12.057830000000001,,,
MDG_0000000033,Antiretroviral therapy coverage among people with HIV infection eligible for ART according to 2010 guidelines (%),https://www.who.int/data/gho/indicator-metadata-registry/imr-details/12,PUBLISHED,Published,,2012,2012,,AFR,Africa,,ZAF,South Africa,,80 [75-83],79.80733000000001,75.45945,82.99381,,,
MDG_0000000033,Antiretroviral therapy coverage among people with HIV infection eligible for ART according to 2010 guidelines (%),https://www.who.int/data/gho/indicator-metadata-registry/imr-details/12,PUBLISHED,Published,,2012,2012,,AMR,Americas,,ARG,Argentina,,81 [73-92],81.29919,73.12028000000001,91.96642,,,
MDG_0000000033,Antiretroviral therapy coverage among people with HIV infection eligible for ART according to 2010 guidelines (%),https://www.who.int/data/gho/indicator-metadata-registry/imr-details/12,PUBLISHED,Published,,2012,2012,,AMR,Americas,,MEX,Mexico,,82 [73-90],81.85703000000001,73.3602,90.39945999999999,,,
MDG_0000000033,Antiretroviral therapy coverage among people with HIV infection eligible for ART according to 2010 guidelines (%),https://www.who.int/data/gho/indicator-metadata-registry/imr-details/12,PUBLISHED,Published,,2012,2012,,AFR,Africa,,SWZ,Eswatini,,82 [78-86],82.34851,78.49668,86.41749,,,
MDG_0000000033,Antiretroviral therapy coverage among people with HIV infection eligible for ART according to 2010 guidelines (%),https://www.who.int/data/gho/indicator-metadata-registry/imr-details/12,PUBLISHED,Published,,2012,2012,,WPR,Western Pacific,,KHM,Cambodia,,84 [49->95],83.81829,49.051320000000004,95.0,,,
MDG_0000000033,Antiretroviral therapy coverage among people with HIV infection eligible for ART according to 2010 guidelines (%),https://www.who.int/data/gho/indicator-metadata-registry/imr-details/12,PUBLISHED,Published,,2012,2012,,AMR,Americas,,CHL,Chile,,86 [65->95],86.17713,65.49332,95.0,,,
MDG_0000000033,Antiretroviral therapy coverage among people with HIV infection eligible for ART according to 2010 guidelines (%),https://www.who.int/data/gho/indicator-metadata-registry/imr-details/12,PUBLISHED,Published,,2012,2012,,AFR,Africa,,RWA,Rwanda,,87 [80-93],86.80221999999999,79.74757,93.08925,,,
MDG_0000000033,Antiretroviral therapy coverage among people with HIV infection eligible for ART according to 2010 guidelines (%),https://www.who.int/data/gho/indicator-metadata-registry/imr-details/12,PUBLISHED,Published,,2012,2012,,AFR,Africa,,NAM,Namibia,,90 [82->95],90.30034,82.47946999999999,95.0,,,
MDG_0000000033,Antiretroviral therapy coverage among people with HIV infection eligible for ART according to 2010 guidelines (%),https://www.who.int/data/gho/indicator-metadata-registry/imr-details/12,PUBLISHED,Published,,2012,2012,,AMR,Americas,,GUY,Guyana,,93 [66->95],92.90177,65.84588000000001,95.0,,,
MDG_0000000033,Antiretroviral therapy coverage among people with HIV infection eligible for ART according to 2010 guidelines (%),https://www.who.int/data/gho/indicator-metadata-registry/imr-details/12,PUBLISHED,Published,,2012,2012,,EUR,Europe,,ALB,Albania,,No data,,,,,,
MDG_0000000033,Antiretroviral therapy coverage among people with HIV infection eligible for ART according to 2010 guidelines (%),https://www.who.int/data/gho/indicator-metadata-registry/imr-details/12,PUBLISHED,Published,,2012,2012,,EUR,Europe,,AND,Andorra,,No data,,,,,,
MDG_0000000033,Antiretroviral therapy coverage among people with HIV infection eligible for ART according to 2010 guidelines (%),https://www.who.int/data/gho/indicator-metadata-registry/imr-details/12,PUBLISHED,Published,,2012,2012,,EMR,Eastern Mediterranean,,ARE,United Arab Emirates,,No data,,,,,,
MDG_0000000033,Antiretroviral therapy coverage among people with HIV infection eligible for ART according to 2010 guidelines (%),https://www.who.int/data/gho/indicator-metadata-registry/imr-details/12,PUBLISHED,Published,,2012,2012,,AMR,Americas,,ATG,Antigua and Barbuda,,No data,,,,,,
MDG_0000000033,Antiretroviral therapy coverage among people with HIV infection eligible for ART according to 2010 guidelines (%),https://www.who.int/data/gho/indicator-metadata-registry/imr-details/12,PUBLISHED,Published,,2012,2012,,WPR,Western Pacific,,AUS,Australia,,No data,,,,,,
MDG_0000000033,Antiretroviral therapy coverage among people with HIV infection eligible for ART according to 2010 guidelines (%),https://www.who.int/data/gho/indicator-metadata-registry/imr-details/12,PUBLISHED,Published,,2012,2012,,EUR,Europe,,AUT,Austria,,No data,,,,,,
MDG_0000000033,Antiretroviral therapy coverage among people with HIV infection eligible for ART according to 2010 guidelines (%),https://www.who.int/data/gho/indicator-metadata-registry/imr-details/12,PUBLISHED,Published,,2012,2012,,EUR,Europe,,BEL,Belgium,,No data,,,,,,
MDG_0000000033,Antiretroviral therapy coverage among people with HIV infection eligible for ART according to 2010 guidelines (%),https://www.who.int/data/gho/indicator-metadata-registry/imr-details/12,PUBLISHED,Published,,2012,2012,,EUR,Europe,,BGR,Bulgaria,,No data,,,,,,
MDG_0000000033,Antiretroviral therapy coverage among people with HIV infection eligible for ART according to 2010 guidelines (%),https://www.who.int/data/gho/indicator-metadata-registry/imr-details/12,PUBLISHED,Published,,2012,2012,,EMR,Eastern Mediterranean,,BHR,Bahrain,,No data,,,,,,
MDG_0000000033,Antiretroviral therapy coverage among people with HIV infection eligible for ART according to 2010 guidelines (%),https://www.who.int/data/gho/indicator-metadata-registry/imr-details/12,PUBLISHED,Published,,2012,2012,,AMR,Americas,,BHS,Bahamas,,No data,,,,,,
MDG_0000000033,Antiretroviral therapy coverage among people with HIV infection eligible for ART according to 2010 guidelines (%),https://www.who.int/data/gho/indicator-metadata-registry/imr-details/12,PUBLISHED,Published,,2012,2012,,EUR,Europe,,BIH,Bosnia and Herzegovina,,No data,,,,,,
MDG_0000000033,Antiretroviral therapy coverage among people with HIV infection eligible for ART according to 2010 guidelines (%),https://www.who.int/data/gho/indicator-metadata-registry/imr-details/12,PUBLISHED,Published,,2012,2012,,AMR,Americas,,BRB,Barbados,,No data,,,,,,
MDG_0000000033,Antiretroviral therapy coverage among people with HIV infection eligible for ART according to 2010 guidelines (%),https://www.who.int/data/gho/indicator-metadata-registry/imr-details/12,PUBLISHED,Published,,2012,2012,,WPR,Western Pacific,,BRN,Brunei Darussalam,,No data,,,,,,
MDG_0000000033,Antiretroviral therapy coverage among people with HIV infection eligible for ART according to 2010 guidelines (%),https://www.who.int/data/gho/indicator-metadata-registry/imr-details/12,PUBLISHED,Published,,2012,2012,,AFR,Africa,,CAF,Central African Republic,,No data,,,,,,
MDG_0000000033,Antiretroviral therapy coverage among people with HIV infection eligible for ART according to 2010 guidelines (%),https://www.who.int/data/gho/indicator-metadata-registry/imr-details/12,PUBLISHED,Published,,2012,2012,,AMR,Americas,,CAN,Canada,,No data,,,,,,
MDG_0000000033,Antiretroviral therapy coverage among people with HIV infection eligible for ART according to 2010 guidelines (%),https://www.who.int/data/gho/indicator-metadata-registry/imr-details/12,PUBLISHED,Published,,2012,2012,,EUR,Europe,,CHE,Switzerland,,No data,,,,,,
MDG_0000000033,Antiretroviral therapy coverage among people with HIV infection eligible for ART according to 2010 guidelines (%),https://www.who.int/data/gho/indicator-metadata-registry/imr-details/12,PUBLISHED,Published,,2012,2012,,WPR,Western Pacific,,CHN,China,,No data,,,,,,
MDG_0000000033,Antiretroviral therapy coverage among people with HIV infection eligible for ART according to 2010 guidelines (%),https://www.who.int/data/gho/indicator-metadata-registry/imr-details/12,PUBLISHED,Published,,2012,2012,,WPR,Western Pacific,,COK,Cook Islands,,No data,,,,,,
MDG_0000000033,Antiretroviral therapy coverage among people with HIV infection eligible for ART according to 2010 guidelines (%),https://www.who.int/data/gho/indicator-metadata-registry/imr-details/12,PUBLISHED,Published,,2012,2012,,AFR,Africa,,COM,Comoros,,No data,,,,,,
MDG_0000000033,Antiretroviral therapy coverage among people with HIV infection eligible for ART according to 2010 guidelines (%),https://www.who.int/data/gho/indicator-metadata-registry/imr-details/12,PUBLISHED,Published,,2012,2012,,EUR,Europe,,CYP,Cyprus,,No data,,,,,,
MDG_0000000033,Antiretroviral therapy coverage among people with HIV infection eligible for ART according to 2010 guidelines (%),https://www.who.int/data/gho/indicator-metadata-registry/imr-details/12,PUBLISHED,Published,,2012,2012,,EUR,Europe,,CZE,Czechia,,No data,,,,,,
MDG_0000000033,Antiretroviral therapy coverage among people with HIV infection eligible for ART according to 2010 guidelines (%),https://www.who.int/data/gho/indicator-metadata-registry/imr-details/12,PUBLISHED,Published,,2012,2012,,EUR,Europe,,DEU,Germany,,No data,,,,,,
MDG_0000000033,Antiretroviral therapy coverage among people with HIV infection eligible for ART according to 2010 guidelines (%),https://www.who.int/data/gho/indicator-metadata-registry/imr-details/12,PUBLISHED,Published,,2012,2012,,AMR,Americas,,DMA,Dominica,,No data,,,,,,
MDG_0000000033,Antiretroviral therapy coverage among people with HIV infection eligible for ART according to 2010 guidelines (%),https://www.who.int/data/gho/indicator-metadata-registry/imr-details/12,PUBLISHED,Published,,2012,2012,,EUR,Europe,,DNK,Denmark,,No data,,,,,,
MDG_0000000033,Antiretroviral therapy coverage among people with HIV infection eligible for ART according to 2010 guidelines (%),https://www.who.int/data/gho/indicator-metadata-registry/imr-details/12,PUBLISHED,Published,,2012,2012,,AFR,Africa,,DZA,Algeria,,No data,,,,,,
MDG_0000000033,Antiretroviral therapy coverage among people with HIV infection eligible for ART according to 2010 guidelines (%),https://www.who.int/data/gho/indicator-metadata-registry/imr-details/12,PUBLISHED,Published,,2012,2012,,EUR,Europe,,ESP,Spain,,No data,,,,,,
MDG_0000000033,Antiretroviral therapy coverage among people with HIV infection eligible for ART according to 2010 guidelines (%),https://www.who.int/data/gho/indicator-metadata-registry/imr-details/12,PUBLISHED,Published,,2012,2012,,EUR,Europe,,EST,Estonia,,No data,,,,,,
MDG_0000000033,Antiretroviral therapy coverage among people with HIV infection eligible for ART according to 2010 guidelines (%),https://www.who.int/data/gho/indicator-metadata-registry/imr-details/12,PUBLISHED,Published,,2012,2012,,EUR,Europe,,FIN,Finland,,No data,,,,,,
MDG_0000000033,Antiretroviral therapy coverage among people with HIV infection eligible for ART according to 2010 guidelines (%),https://www.who.int/data/gho/indicator-metadata-registry/imr-details/12,PUBLISHED,Published,,2012,2012,,EUR,Europe,,FRA,France,,No data,,,,,,
MDG_0000000033,Antiretroviral therapy coverage among people with HIV infection eligible for ART according to 2010 guidelines (%),https://www.who.int/data/gho/indicator-metadata-registry/imr-details/12,PUBLISHED,Published,,2012,2012,,WPR,Western Pacific,,FSM,Micronesia (Federated States of),,No data,,,,,,
MDG_0000000033,Antiretroviral therapy coverage among people with HIV infection eligible for ART according to 2010 guidelines (%),https://www.who.int/data/gho/indicator-metadata-registry/imr-details/12,PUBLISHED,Published,,2012,2012,,EUR,Europe,,GBR,United Kingdom of Great Britain and Northern Ireland,,No data,,,,,,
MDG_0000000033,Antiretroviral therapy coverage among people with HIV infection eligible for ART according to 2010 guidelines (%),https://www.who.int/data/gho/indicator-metadata-registry/imr-details/12,PUBLISHED,Published,,2012,2012,,AFR,Africa,,GNQ,Equatorial Guinea,,No data,,,,,,
MDG_0000000033,Antiretroviral therapy coverage among people with HIV infection eligible for ART according to 2010 guidelines (%),https://www.who.int/data/gho/indicator-metadata-registry/imr-details/12,PUBLISHED,Published,,2012,2012,,EUR,Europe,,GRC,Greece,,No data,,,,,,
MDG_0000000033,Antiretroviral therapy coverage among people with HIV infection eligible for ART according to 2010 guidelines (%),https://www.who.int/data/gho/indicator-metadata-registry/imr-details/12,PUBLISHED,Published,,2012,2012,,AMR,Americas,,GRD,Grenada,,No data,,,,,,
MDG_0000000033,Antiretroviral therapy coverage among people with HIV infection eligible for ART according to 2010 guidelines (%),https://www.who.int/data/gho/indicator-metadata-registry/imr-details/12,PUBLISHED,Published,,2012,2012,,EUR,Europe,,HRV,Croatia,,No data,,,,,,
MDG_0000000033,Antiretroviral therapy coverage among people with HIV infection eligible for ART according to 2010 guidelines (%),https://www.who.int/data/gho/indicator-metadata-registry/imr-details/12,PUBLISHED,Published,,2012,2012,,EUR,Europe,,HUN,Hungary,,No data,,,,,,
MDG_0000000033,Antiretroviral therapy coverage among people with HIV infection eligible for ART according to 2010 guidelines (%),https://www.who.int/data/gho/indicator-metadata-registry/imr-details/12,PUBLISHED,Published,,2012,2012,,EUR,Europe,,IRL,Ireland,,No data,,,,,,
MDG_0000000033,Antiretroviral therapy coverage among people with HIV infection eligible for ART according to 2010 guidelines (%),https://www.who.int/data/gho/indicator-metadata-registry/imr-details/12,PUBLISHED,Published,,2012,2012,,EMR,Eastern Mediterranean,,IRQ,Iraq,,No data,,,,,,
MDG_0000000033,Antiretroviral therapy coverage among people with HIV infection eligible for ART according to 2010 guidelines (%),https://www.who.int/data/gho/indicator-metadata-registry/imr-details/12,PUBLISHED,Published,,2012,2012,,EUR,Europe,,ISL,Iceland,,No data,,,,,,
MDG_0000000033,Antiretroviral therapy coverage among people with HIV infection eligible for ART according to 2010 guidelines (%),https://www.who.int/data/gho/indicator-metadata-registry/imr-details/12,PUBLISHED,Published,,2012,2012,,EUR,Europe,,ISR,Israel,,No data,,,,,,
MDG_0000000033,Antiretroviral therapy coverage among people with HIV infection eligible for ART according to 2010 guidelines (%),https://www.who.int/data/gho/indicator-metadata-registry/imr-details/12,PUBLISHED,Published,,2012,2012,,EUR,Europe,,ITA,Italy,,No data,,,,,,
MDG_0000000033,Antiretroviral therapy coverage among people with HIV infection eligible for ART according to 2010 guidelines (%),https://www.who.int/data/gho/indicator-metadata-registry/imr-details/12,PUBLISHED,Published,,2012,2012,,EMR,Eastern Mediterranean,,JOR,Jordan,,No data,,,,,,
MDG_0000000033,Antiretroviral therapy coverage among people with HIV infection eligible for ART according to 2010 guidelines (%),https://www.who.int/data/gho/indicator-metadata-registry/imr-details/12,PUBLISHED,Published,,2012,2012,,WPR,Western Pacific,,JPN,Japan,,No data,,,,,,
MDG_0000000033,Antiretroviral therapy coverage among people with HIV infection eligible for ART according to 2010 guidelines (%),https://www.who.int/data/gho/indicator-metadata-registry/imr-details/12,PUBLISHED,Published,,2012,2012,,EUR,Europe,,KAZ,Kazakhstan,,No data,,,,,,
MDG_0000000033,Antiretroviral therapy coverage among people with HIV infection eligible for ART according to 2010 guidelines (%),https://www.who.int/data/gho/indicator-metadata-registry/imr-details/12,PUBLISHED,Published,,2012,2012,,WPR,Western Pacific,,KIR,Kiribati,,No data,,,,,,
MDG_0000000033,Antiretroviral therapy coverage among people with HIV infection eligible for ART according to 2010 guidelines (%),https://www.who.int/data/gho/indicator-metadata-registry/imr-details/12,PUBLISHED,Published,,2012,2012,,AMR,Americas,,KNA,Saint Kitts and Nevis,,No data,,,,,,
MDG_0000000033,Antiretroviral therapy coverage among people with HIV infection eligible for ART according to 2010 guidelines (%),https://www.who.int/data/gho/indicator-metadata-registry/imr-details/12,PUBLISHED,Published,,2012,2012,,WPR,Western Pacific,,KOR,Republic of Korea,,No data,,,,,,
MDG_0000000033,Antiretroviral therapy coverage among people with HIV infection eligible for ART according to 2010 guidelines (%),https://www.who.int/data/gho/indicator-metadata-registry/imr-details/12,PUBLISHED,Published,,2012,2012,,EMR,Eastern Mediterranean,,KWT,Kuwait,,No data,,,,,,
MDG_0000000033,Antiretroviral therapy coverage among people with HIV infection eligible for ART according to 2010 guidelines (%),https://www.who.int/data/gho/indicator-metadata-registry/imr-details/12,PUBLISHED,Published,,2012,2012,,EMR,Eastern Mediterranean,,LBN,Lebanon,,No data,,,,,,
MDG_0000000033,Antiretroviral therapy coverage among people with HIV infection eligible for ART according to 2010 guidelines (%),https://www.who.int/data/gho/indicator-metadata-registry/imr-details/12,PUBLISHED,Published,,2012,2012,,EMR,Eastern Mediterranean,,LBY,Libya,,No data,,,,,,
MDG_0000000033,Antiretroviral therapy coverage among people with HIV infection eligible for ART according to 2010 guidelines (%),https://www.who.int/data/gho/indicator-metadata-registry/imr-details/12,PUBLISHED,Published,,2012,2012,,AMR,Americas,,LCA,Saint Lucia,,No data,,,,,,
MDG_0000000033,Antiretroviral therapy coverage among people with HIV infection eligible for ART according to 2010 guidelines (%),https://www.who.int/data/gho/indicator-metadata-registry/imr-details/12,PUBLISHED,Published,,2012,2012,,EUR,Europe,,LTU,Lithuania,,No data,,,,,,
MDG_0000000033,Antiretroviral therapy coverage among people with HIV infection eligible for ART according to 2010 guidelines (%),https://www.who.int/data/gho/indicator-metadata-registry/imr-details/12,PUBLISHED,Published,,2012,2012,,EUR,Europe,,LUX,Luxembourg,,No data,,,,,,
MDG_0000000033,Antiretroviral therapy coverage among people with HIV infection eligible for ART according to 2010 guidelines (%),https://www.who.int/data/gho/indicator-metadata-registry/imr-details/12,PUBLISHED,Published,,2012,2012,,EUR,Europe,,LVA,Latvia,,No data,,,,,,
MDG_0000000033,Antiretroviral therapy coverage among people with HIV infection eligible for ART according to 2010 guidelines (%),https://www.who.int/data/gho/indicator-metadata-registry/imr-details/12,PUBLISHED,Published,,2012,2012,,EUR,Europe,,MCO,Monaco,,No data,,,,,,
MDG_0000000033,Antiretroviral therapy coverage among people with HIV infection eligible for ART according to 2010 guidelines (%),https://www.who.int/data/gho/indicator-metadata-registry/imr-details/12,PUBLISHED,Published,,2012,2012,,WPR,Western Pacific,,MHL,Marshall Islands,,No data,,,,,,
MDG_0000000033,Antiretroviral therapy coverage among people with HIV infection eligible for ART according to 2010 guidelines (%),https://www.who.int/data/gho/indicator-metadata-registry/imr-details/12,PUBLISHED,Published,,2012,2012,,EUR,Europe,,MKD,Republic of North Macedonia,,No data,,,,,,
MDG_0000000033,Antiretroviral therapy coverage among people with HIV infection eligible for ART according to 2010 guidelines (%),https://www.who.int/data/gho/indicator-metadata-registry/imr-details/12,PUBLISHED,Published,,2012,2012,,EUR,Europe,,MLT,Malta,,No data,,,,,,
MDG_0000000033,Antiretroviral therapy coverage among people with HIV infection eligible for ART according to 2010 guidelines (%),https://www.who.int/data/gho/indicator-metadata-registry/imr-details/12,PUBLISHED,Published,,2012,2012,,EUR,Europe,,MNE,Montenegro,,No data,,,,,,
MDG_0000000033,Antiretroviral therapy coverage among people with HIV infection eligible for ART according to 2010 guidelines (%),https://www.who.int/data/gho/indicator-metadata-registry/imr-details/12,PUBLISHED,Published,,2012,2012,,WPR,Western Pacific,,MNG,Mongolia,,No data,,,,,,
MDG_0000000033,Antiretroviral therapy coverage among people with HIV infection eligible for ART according to 2010 guidelines (%),https://www.who.int/data/gho/indicator-metadata-registry/imr-details/12,PUBLISHED,Published,,2012,2012,,WPR,Western Pacific,,NIU,Niue,,No data,,,,,,
MDG_0000000033,Antiretroviral therapy coverage among people with HIV infection eligible for ART according to 2010 guidelines (%),https://www.who.int/data/gho/indicator-metadata-registry/imr-details/12,PUBLISHED,Published,,2012,2012,,EUR,Europe,,NLD,Netherlands,,No data,,,,,,
MDG_0000000033,Antiretroviral therapy coverage among people with HIV infection eligible for ART according to 2010 guidelines (%),https://www.who.int/data/gho/indicator-metadata-registry/imr-details/12,PUBLISHED,Published,,2012,2012,,EUR,Europe,,NOR,Norway,,No data,,,,,,
MDG_0000000033,Antiretroviral therapy coverage among people with HIV infection eligible for ART according to 2010 guidelines (%),https://www.who.int/data/gho/indicator-metadata-registry/imr-details/12,PUBLISHED,Published,,2012,2012,,WPR,Western Pacific,,NRU,Nauru,,No data,,,,,,
MDG_0000000033,Antiretroviral therapy coverage among people with HIV infection eligible for ART according to 2010 guidelines (%),https://www.who.int/data/gho/indicator-metadata-registry/imr-details/12,PUBLISHED,Published,,2012,2012,,WPR,Western Pacific,,NZL,New Zealand,,No data,,,,,,
MDG_0000000033,Antiretroviral therapy coverage among people with HIV infection eligible for ART according to 2010 guidelines (%),https://www.who.int/data/gho/indicator-metadata-registry/imr-details/12,PUBLISHED,Published,,2012,2012,,EMR,Eastern Mediterranean,,OMN,Oman,,No data,,,,,,
MDG_0000000033,Antiretroviral therapy coverage among people with HIV infection eligible for ART according to 2010 guidelines (%),https://www.who.int/data/gho/indicator-metadata-registry/imr-details/12,PUBLISHED,Published,,2012,2012,,WPR,Western Pacific,,PLW,Palau,,No data,,,,,,
MDG_0000000033,Antiretroviral therapy coverage among people with HIV infection eligible for ART according to 2010 guidelines (%),https://www.who.int/data/gho/indicator-metadata-registry/imr-details/12,PUBLISHED,Published,,2012,2012,,EUR,Europe,,POL,Poland,,No data,,,,,,
MDG_0000000033,Antiretroviral therapy coverage among people with HIV infection eligible for ART according to 2010 guidelines (%),https://www.who.int/data/gho/indicator-metadata-registry/imr-details/12,PUBLISHED,Published,,2012,2012,,SEAR,South-East Asia,,PRK,Democratic People's Republic of Korea,,No data,,,,,,
MDG_0000000033,Antiretroviral therapy coverage among people with HIV infection eligible for ART according to 2010 guidelines (%),https://www.who.int/data/gho/indicator-metadata-registry/imr-details/12,PUBLISHED,Published,,2012,2012,,EUR,Europe,,PRT,Portugal,,No data,,,,,,
MDG_0000000033,Antiretroviral therapy coverage among people with HIV infection eligible for ART according to 2010 guidelines (%),https://www.who.int/data/gho/indicator-metadata-registry/imr-details/12,PUBLISHED,Published,,2012,2012,,EMR,Eastern Mediterranean,,QAT,Qatar,,No data,,,,,,
MDG_0000000033,Antiretroviral therapy coverage among people with HIV infection eligible for ART according to 2010 guidelines (%),https://www.who.int/data/gho/indicator-metadata-registry/imr-details/12,PUBLISHED,Published,,2012,2012,,EUR,Europe,,ROU,Romania,,No data,,,,,,
MDG_0000000033,Antiretroviral therapy coverage among people with HIV infection eligible for ART according to 2010 guidelines (%),https://www.who.int/data/gho/indicator-metadata-registry/imr-details/12,PUBLISHED,Published,,2012,2012,,EUR,Europe,,RUS,Russian Federation,,No data,,,,,,
MDG_0000000033,Antiretroviral therapy coverage among people with HIV infection eligible for ART according to 2010 guidelines (%),https://www.who.int/data/gho/indicator-metadata-registry/imr-details/12,PUBLISHED,Published,,2012,2012,,EMR,Eastern Mediterranean,,SAU,Saudi Arabia,,No data,,,,,,
MDG_0000000033,Antiretroviral therapy coverage among people with HIV infection eligible for ART according to 2010 guidelines (%),https://www.who.int/data/gho/indicator-metadata-registry/imr-details/12,PUBLISHED,Published,,2012,2012,,WPR,Western Pacific,,SGP,Singapore,,No data,,,,,,
MDG_0000000033,Antiretroviral therapy coverage among people with HIV infection eligible for ART according to 2010 guidelines (%),https://www.who.int/data/gho/indicator-metadata-registry/imr-details/12,PUBLISHED,Published,,2012,2012,,WPR,Western Pacific,,SLB,Solomon Islands,,No data,,,,,,
MDG_0000000033,Antiretroviral therapy coverage among people with HIV infection eligible for ART according to 2010 guidelines (%),https://www.who.int/data/gho/indicator-metadata-registry/imr-details/12,PUBLISHED,Published,,2012,2012,,EUR,Europe,,SMR,San Marino,,No data,,,,,,
MDG_0000000033,Antiretroviral therapy coverage among people with HIV infection eligible for ART according to 2010 guidelines (%),https://www.who.int/data/gho/indicator-metadata-registry/imr-details/12,PUBLISHED,Published,,2012,2012,,EUR,Europe,,SRB,Serbia,,No data,,,,,,
MDG_0000000033,Antiretroviral therapy coverage among people with HIV infection eligible for ART according to 2010 guidelines (%),https://www.who.int/data/gho/indicator-metadata-registry/imr-details/12,PUBLISHED,Published,,2012,2012,,EUR,Europe,,SVK,Slovakia,,No data,,,,,,
MDG_0000000033,Antiretroviral therapy coverage among people with HIV infection eligible for ART according to 2010 guidelines (%),https://www.who.int/data/gho/indicator-metadata-registry/imr-details/12,PUBLISHED,Published,,2012,2012,,EUR,Europe,,SVN,Slovenia,,No data,,,,,,
MDG_0000000033,Antiretroviral therapy coverage among people with HIV infection eligible for ART according to 2010 guidelines (%),https://www.who.int/data/gho/indicator-metadata-registry/imr-details/12,PUBLISHED,Published,,2012,2012,,EUR,Europe,,SWE,Sweden,,No data,,,,,,
MDG_0000000033,Antiretroviral therapy coverage among people with HIV infection eligible for ART according to 2010 guidelines (%),https://www.who.int/data/gho/indicator-metadata-registry/imr-details/12,PUBLISHED,Published,,2012,2012,,AFR,Africa,,SYC,Seychelles,,No data,,,,,,
MDG_0000000033,Antiretroviral therapy coverage among people with HIV infection eligible for ART according to 2010 guidelines (%),https://www.who.int/data/gho/indicator-metadata-registry/imr-details/12,PUBLISHED,Published,,2012,2012,,EMR,Eastern Mediterranean,,SYR,Syrian Arab Republic,,No data,,,,,,
MDG_0000000033,Antiretroviral therapy coverage among people with HIV infection eligible for ART according to 2010 guidelines (%),https://www.who.int/data/gho/indicator-metadata-registry/imr-details/12,PUBLISHED,Published,,2012,2012,,EUR,Europe,,TKM,Turkmenistan,,No data,,,,,,
MDG_0000000033,Antiretroviral therapy coverage among people with HIV infection eligible for ART according to 2010 guidelines (%),https://www.who.int/data/gho/indicator-metadata-registry/imr-details/12,PUBLISHED,Published,,2012,2012,,SEAR,South-East Asia,,TLS,Timor-Leste,,No data,,,,,,
MDG_0000000033,Antiretroviral therapy coverage among people with HIV infection eligible for ART according to 2010 guidelines (%),https://www.who.int/data/gho/indicator-metadata-registry/imr-details/12,PUBLISHED,Published,,2012,2012,,WPR,Western Pacific,,TON,Tonga,,No data,,,,,,
MDG_0000000033,Antiretroviral therapy coverage among people with HIV infection eligible for ART according to 2010 guidelines (%),https://www.who.int/data/gho/indicator-metadata-registry/imr-details/12,PUBLISHED,Published,,2012,2012,,AMR,Americas,,TTO,Trinidad and Tobago,,No data,,,,,,
MDG_0000000033,Antiretroviral therapy coverage among people with HIV infection eligible for ART according to 2010 guidelines (%),https://www.who.int/data/gho/indicator-metadata-registry/imr-details/12,PUBLISHED,Published,,2012,2012,,EUR,Europe,,TUR,Turkey,,No data,,,,,,
MDG_0000000033,Antiretroviral therapy coverage among people with HIV infection eligible for ART according to 2010 guidelines (%),https://www.who.int/data/gho/indicator-metadata-registry/imr-details/12,PUBLISHED,Published,,2012,2012,,WPR,Western Pacific,,TUV,Tuvalu,,No data,,,,,,
MDG_0000000033,Antiretroviral therapy coverage among people with HIV infection eligible for ART according to 2010 guidelines (%),https://www.who.int/data/gho/indicator-metadata-registry/imr-details/12,PUBLISHED,Published,,2012,2012,,AMR,Americas,,USA,United States of America,,No data,,,,,,
MDG_0000000033,Antiretroviral therapy coverage among people with HIV infection eligible for ART according to 2010 guidelines (%),https://www.who.int/data/gho/indicator-metadata-registry/imr-details/12,PUBLISHED,Published,,2012,2012,,AMR,Americas,,VCT,Saint Vincent and the Grenadines,,No data,,,,,,
MDG_0000000033,Antiretroviral therapy coverage among people with HIV infection eligible for ART according to 2010 guidelines (%),https://www.who.int/data/gho/indicator-metadata-registry/imr-details/12,PUBLISHED,Published,,2012,2012,,WPR,Western Pacific,,VUT,Vanuatu,,No data,,,,,,
MDG_0000000033,Antiretroviral therapy coverage among people with HIV infection eligible for ART according to 2010 guidelines (%),https://www.who.int/data/gho/indicator-metadata-registry/imr-details/12,PUBLISHED,Published,,2012,2012,,WPR,Western Pacific,,WSM,Samoa,,No data,,,,,,
