GHO (CODE),GHO (DISPLAY),GHO (URL),PUBLISHSTATE (CODE),PUBLISHSTATE (DISPLAY),PUBLISHSTATE (URL),YEAR (CODE),YEAR (DISPLAY),YEAR (URL),REGION (CODE),REGION (DISPLAY),REGION (URL),COUNTRY (CODE),COUNTRY (DISPLAY),COUNTRY (URL),Display Value,Numeric,Low,High,StdErr,StdDev,Comments
MDG_0000000025_AGE1519,"Births attended by skilled health personnel, among girls aged 15-19 (%)",https://www.who.int/data/gho/indicator-metadata-registry/imr-details/25,PUBLISHED,Published,,2009,2009,,AFR,Africa,,AGO,Angola,,55.8,49.0,,,,,
MDG_0000000025_AGE1519,"Births attended by skilled health personnel, among girls aged 15-19 (%)",https://www.who.int/data/gho/indicator-metadata-registry/imr-details/25,PUBLISHED,Published,,2011,2011,,SEAR,South-East Asia,,BGD,Bangladesh,,32.3,32.3,,,,,
MDG_0000000025_AGE1519,"Births attended by skilled health personnel, among girls aged 15-19 (%)",https://www.who.int/data/gho/indicator-metadata-registry/imr-details/25,PUBLISHED,Published,,2010,2010,,SEAR,South-East Asia,,BTN,Bhutan,,58.2,58.2,,,,,
MDG_0000000025_AGE1519,"Births attended by skilled health personnel, among girls aged 15-19 (%)",https://www.who.int/data/gho/indicator-metadata-registry/imr-details/25,PUBLISHED,Published,,2010,2010,,AMR,Americas,,COL,Colombia,,73.1,73.1,,,,,
MDG_0000000025_AGE1519,"Births attended by skilled health personnel, among girls aged 15-19 (%)",https://www.who.int/data/gho/indicator-metadata-registry/imr-details/25,PUBLISHED,Published,,2010,2010,,AFR,Africa,,CAF,Central African Republic,,52.1,52.1,,,,,
MDG_0000000025_AGE1519,"Births attended by skilled health personnel, among girls aged 15-19 (%)",https://www.who.int/data/gho/indicator-metadata-registry/imr-details/25,PUBLISHED,Published,,2010,2010,,AFR,Africa,,GMB,Gambia,,63.5,63.5,,,,,
MDG_0000000025_AGE1519,"Births attended by skilled health personnel, among girls aged 15-19 (%)",https://www.who.int/data/gho/indicator-metadata-registry/imr-details/25,PUBLISHED,Published,,2005,2005,,AFR,Africa,,GIN,Guinea,,45.6,45.6,,,,,
MDG_0000000025_AGE1519,"Births attended by skilled health personnel, among girls aged 15-19 (%)",https://www.who.int/data/gho/indicator-metadata-registry/imr-details/25,PUBLISHED,Published,,2007,2007,,SEAR,South-East Asia,,IDN,Indonesia,,62.6,62.6,,,,,
MDG_0000000025_AGE1519,"Births attended by skilled health personnel, among girls aged 15-19 (%)",https://www.who.int/data/gho/indicator-metadata-registry/imr-details/25,PUBLISHED,Published,,2011,2011,,EMR,Eastern Mediterranean,,IRQ,Iraq,,92.4,92.4,,,,,
MDG_0000000025_AGE1519,"Births attended by skilled health personnel, among girls aged 15-19 (%)",https://www.who.int/data/gho/indicator-metadata-registry/imr-details/25,PUBLISHED,Published,,2007,2007,,AFR,Africa,,LBR,Liberia,,49.9,49.9,,,,,
MDG_0000000025_AGE1519,"Births attended by skilled health personnel, among girls aged 15-19 (%)",https://www.who.int/data/gho/indicator-metadata-registry/imr-details/25,PUBLISHED,Published,,2009,2009,,AFR,Africa,,LSO,Lesotho,,63.7,63.7,,,,,
MDG_0000000025_AGE1519,"Births attended by skilled health personnel, among girls aged 15-19 (%)",https://www.who.int/data/gho/indicator-metadata-registry/imr-details/25,PUBLISHED,Published,,2006,2006,,AFR,Africa,,MLI,Mali,,52.0,52.0,,,,,
MDG_0000000025_AGE1519,"Births attended by skilled health personnel, among girls aged 15-19 (%)",https://www.who.int/data/gho/indicator-metadata-registry/imr-details/25,PUBLISHED,Published,,2010,2010,,WPR,Western Pacific,,MNG,Mongolia,,98.0,98.0,,,,,
MDG_0000000025_AGE1519,"Births attended by skilled health personnel, among girls aged 15-19 (%)",https://www.who.int/data/gho/indicator-metadata-registry/imr-details/25,PUBLISHED,Published,,2006,2006,,AMR,Americas,,NIC,Nicaragua,,75.7,75.7,,,,,
MDG_0000000025_AGE1519,"Births attended by skilled health personnel, among girls aged 15-19 (%)",https://www.who.int/data/gho/indicator-metadata-registry/imr-details/25,PUBLISHED,Published,,2007,2007,,EMR,Eastern Mediterranean,,PAK,Pakistan,,43.3,43.3,,,,,
MDG_0000000025_AGE1519,"Births attended by skilled health personnel, among girls aged 15-19 (%)",https://www.who.int/data/gho/indicator-metadata-registry/imr-details/25,PUBLISHED,Published,,2006,2006,,EMR,Eastern Mediterranean,,SSD,South Sudan,,47.8,47.8,,,,,
MDG_0000000025_AGE1519,"Births attended by skilled health personnel, among girls aged 15-19 (%)",https://www.who.int/data/gho/indicator-metadata-registry/imr-details/25,PUBLISHED,Published,,2010,2010,,AMR,Americas,,SUR,Suriname,,92.6,92.6,,,,,
MDG_0000000025_AGE1519,"Births attended by skilled health personnel, among girls aged 15-19 (%)",https://www.who.int/data/gho/indicator-metadata-registry/imr-details/25,PUBLISHED,Published,,2006,2006,,SEAR,South-East Asia,,THA,Thailand,,98.1,98.1,,,,,
MDG_0000000025_AGE1519,"Births attended by skilled health personnel, among girls aged 15-19 (%)",https://www.who.int/data/gho/indicator-metadata-registry/imr-details/25,PUBLISHED,Published,,2011,2011,,AFR,Africa,,UGA,Uganda,,67.1,67.1,,,,,
MDG_0000000025_AGE1519,"Births attended by skilled health personnel, among girls aged 15-19 (%)",https://www.who.int/data/gho/indicator-metadata-registry/imr-details/25,PUBLISHED,Published,,2010,2010,,AFR,Africa,,ZWE,Zimbabwe,,64.8,64.8,,,,,
MDG_0000000025_AGE1519,"Births attended by skilled health personnel, among girls aged 15-19 (%)",https://www.who.int/data/gho/indicator-metadata-registry/imr-details/25,PUBLISHED,Published,,2010,2010,,EUR,Europe,,ARM,Armenia,,99.0,99.0,,,,,
MDG_0000000025_AGE1519,"Births attended by skilled health personnel, among girls aged 15-19 (%)",https://www.who.int/data/gho/indicator-metadata-registry/imr-details/25,PUBLISHED,Published,,2006,2006,,EUR,Europe,,AZE,Azerbaijan,,69.1,69.1,,,,,
MDG_0000000025_AGE1519,"Births attended by skilled health personnel, among girls aged 15-19 (%)",https://www.who.int/data/gho/indicator-metadata-registry/imr-details/25,PUBLISHED,Published,,2010,2010,,AFR,Africa,,BDI,Burundi,,70.5,70.5,,,,,
MDG_0000000025_AGE1519,"Births attended by skilled health personnel, among girls aged 15-19 (%)",https://www.who.int/data/gho/indicator-metadata-registry/imr-details/25,PUBLISHED,Published,,2006,2006,,AFR,Africa,,BEN,Benin,,74.9,74.9,,,,,
MDG_0000000025_AGE1519,"Births attended by skilled health personnel, among girls aged 15-19 (%)",https://www.who.int/data/gho/indicator-metadata-registry/imr-details/25,PUBLISHED,Published,,2007,2007,,AMR,Americas,,DOM,Dominican Republic,,95.0,95.0,,,,,
MDG_0000000025_AGE1519,"Births attended by skilled health personnel, among girls aged 15-19 (%)",https://www.who.int/data/gho/indicator-metadata-registry/imr-details/25,PUBLISHED,Published,,2008,2008,,EMR,Eastern Mediterranean,,EGY,Egypt,,78.8,78.8,,,,,
MDG_0000000025_AGE1519,"Births attended by skilled health personnel, among girls aged 15-19 (%)",https://www.who.int/data/gho/indicator-metadata-registry/imr-details/25,PUBLISHED,Published,,2011,2011,,AFR,Africa,,ETH,Ethiopia,,32.8,32.8,,,,,
MDG_0000000025_AGE1519,"Births attended by skilled health personnel, among girls aged 15-19 (%)",https://www.who.int/data/gho/indicator-metadata-registry/imr-details/25,PUBLISHED,Published,,2012,2012,,AFR,Africa,,GAB,Gabon,,88.8,88.8,,,,,
MDG_0000000025_AGE1519,"Births attended by skilled health personnel, among girls aged 15-19 (%)",https://www.who.int/data/gho/indicator-metadata-registry/imr-details/25,PUBLISHED,Published,,2007,2007,,EMR,Eastern Mediterranean,,JOR,Jordan,,97.7,97.7,,,,,
MDG_0000000025_AGE1519,"Births attended by skilled health personnel, among girls aged 15-19 (%)",https://www.who.int/data/gho/indicator-metadata-registry/imr-details/25,PUBLISHED,Published,,2005,2005,,EUR,Europe,,KAZ,Kazakhstan,,100.0,100.0,,,,,
MDG_0000000025_AGE1519,"Births attended by skilled health personnel, among girls aged 15-19 (%)",https://www.who.int/data/gho/indicator-metadata-registry/imr-details/25,PUBLISHED,Published,,2009,2009,,AFR,Africa,,KEN,Kenya,,47.7,47.7,,,,,
MDG_0000000025_AGE1519,"Births attended by skilled health personnel, among girls aged 15-19 (%)",https://www.who.int/data/gho/indicator-metadata-registry/imr-details/25,PUBLISHED,Published,,2006,2006,,EUR,Europe,,KGZ,Kyrgyzstan,,100.0,100.0,,,,,
MDG_0000000025_AGE1519,"Births attended by skilled health personnel, among girls aged 15-19 (%)",https://www.who.int/data/gho/indicator-metadata-registry/imr-details/25,PUBLISHED,Published,,2007,2007,,AFR,Africa,,MRT,Mauritania,,65.5,65.5,,,,,
MDG_0000000025_AGE1519,"Births attended by skilled health personnel, among girls aged 15-19 (%)",https://www.who.int/data/gho/indicator-metadata-registry/imr-details/25,PUBLISHED,Published,,2010,2010,,AFR,Africa,,MWI,Malawi,,74.0,74.0,,,,,
MDG_0000000025_AGE1519,"Births attended by skilled health personnel, among girls aged 15-19 (%)",https://www.who.int/data/gho/indicator-metadata-registry/imr-details/25,PUBLISHED,Published,,2007,2007,,AFR,Africa,,NAM,Namibia,,81.5,81.5,,,,,
MDG_0000000025_AGE1519,"Births attended by skilled health personnel, among girls aged 15-19 (%)",https://www.who.int/data/gho/indicator-metadata-registry/imr-details/25,PUBLISHED,Published,,2006,2006,,AFR,Africa,,NER,Niger,,16.8,16.8,,,,,
MDG_0000000025_AGE1519,"Births attended by skilled health personnel, among girls aged 15-19 (%)",https://www.who.int/data/gho/indicator-metadata-registry/imr-details/25,PUBLISHED,Published,,2007,2007,,AFR,Africa,,SWZ,Eswatini,,76.2,76.2,,,,,
MDG_0000000025_AGE1519,"Births attended by skilled health personnel, among girls aged 15-19 (%)",https://www.who.int/data/gho/indicator-metadata-registry/imr-details/25,PUBLISHED,Published,,2006,2006,,EMR,Eastern Mediterranean,,SYR,Syrian Arab Republic,,97.2,97.2,,,,,
MDG_0000000025_AGE1519,"Births attended by skilled health personnel, among girls aged 15-19 (%)",https://www.who.int/data/gho/indicator-metadata-registry/imr-details/25,PUBLISHED,Published,,2004,2004,,AFR,Africa,,TCD,Chad,,19.5,19.5,,,,,
MDG_0000000025_AGE1519,"Births attended by skilled health personnel, among girls aged 15-19 (%)",https://www.who.int/data/gho/indicator-metadata-registry/imr-details/25,PUBLISHED,Published,,2010,2010,,AFR,Africa,,TGO,Togo,,72.3,72.3,,,,,
MDG_0000000025_AGE1519,"Births attended by skilled health personnel, among girls aged 15-19 (%)",https://www.who.int/data/gho/indicator-metadata-registry/imr-details/25,PUBLISHED,Published,,2010,2010,,EMR,Eastern Mediterranean,,AFG,Afghanistan,,56.6,56.6,,,,,
MDG_0000000025_AGE1519,"Births attended by skilled health personnel, among girls aged 15-19 (%)",https://www.who.int/data/gho/indicator-metadata-registry/imr-details/25,PUBLISHED,Published,,2008,2008,,EUR,Europe,,ALB,Albania,,99.5,99.5,,,,,
MDG_0000000025_AGE1519,"Births attended by skilled health personnel, among girls aged 15-19 (%)",https://www.who.int/data/gho/indicator-metadata-registry/imr-details/25,PUBLISHED,Published,,2010,2010,,AFR,Africa,,BFA,Burkina Faso,,69.2,69.2,,,,,
MDG_0000000025_AGE1519,"Births attended by skilled health personnel, among girls aged 15-19 (%)",https://www.who.int/data/gho/indicator-metadata-registry/imr-details/25,PUBLISHED,Published,,2008,2008,,AMR,Americas,,BOL,Bolivia (Plurinational State of),,75.3,75.3,,,,,
MDG_0000000025_AGE1519,"Births attended by skilled health personnel, among girls aged 15-19 (%)",https://www.who.int/data/gho/indicator-metadata-registry/imr-details/25,PUBLISHED,Published,,2005,2005,,AFR,Africa,,COG,Congo,,87.1,87.1,,,,,
MDG_0000000025_AGE1519,"Births attended by skilled health personnel, among girls aged 15-19 (%)",https://www.who.int/data/gho/indicator-metadata-registry/imr-details/25,PUBLISHED,Published,,2005,2005,,AMR,Americas,,COL,Colombia,,92.2,92.2,,,,,
MDG_0000000025_AGE1519,"Births attended by skilled health personnel, among girls aged 15-19 (%)",https://www.who.int/data/gho/indicator-metadata-registry/imr-details/25,PUBLISHED,Published,,2008,2008,,AFR,Africa,,GHA,Ghana,,52.2,52.2,,,,,
MDG_0000000025_AGE1519,"Births attended by skilled health personnel, among girls aged 15-19 (%)",https://www.who.int/data/gho/indicator-metadata-registry/imr-details/25,PUBLISHED,Published,,2008,2008,,AMR,Americas,,GTM,Guatemala,,92.6,92.6,,,,,
MDG_0000000025_AGE1519,"Births attended by skilled health personnel, among girls aged 15-19 (%)",https://www.who.int/data/gho/indicator-metadata-registry/imr-details/25,PUBLISHED,Published,,2006,2006,,AMR,Americas,,HTI,Haiti,,30.1,30.1,,,,,
MDG_0000000025_AGE1519,"Births attended by skilled health personnel, among girls aged 15-19 (%)",https://www.who.int/data/gho/indicator-metadata-registry/imr-details/25,PUBLISHED,Published,,2007,2007,,SEAR,South-East Asia,,IND,India,,47.5,47.5,,,,,
MDG_0000000025_AGE1519,"Births attended by skilled health personnel, among girls aged 15-19 (%)",https://www.who.int/data/gho/indicator-metadata-registry/imr-details/25,PUBLISHED,Published,,2008,2008,,AMR,Americas,,JAM,Jamaica,,98.0,98.0,,,,,
MDG_0000000025_AGE1519,"Births attended by skilled health personnel, among girls aged 15-19 (%)",https://www.who.int/data/gho/indicator-metadata-registry/imr-details/25,PUBLISHED,Published,,2005,2005,,WPR,Western Pacific,,KHM,Cambodia,,49.3,49.3,,,,,
MDG_0000000025_AGE1519,"Births attended by skilled health personnel, among girls aged 15-19 (%)",https://www.who.int/data/gho/indicator-metadata-registry/imr-details/25,PUBLISHED,Published,,2006,2006,,SEAR,South-East Asia,,LKA,Sri Lanka,,98.1,98.1,,,,,
MDG_0000000025_AGE1519,"Births attended by skilled health personnel, among girls aged 15-19 (%)",https://www.who.int/data/gho/indicator-metadata-registry/imr-details/25,PUBLISHED,Published,,2009,2009,,SEAR,South-East Asia,,MMR,Myanmar,,59.0,59.0,,,,,
MDG_0000000025_AGE1519,"Births attended by skilled health personnel, among girls aged 15-19 (%)",https://www.who.int/data/gho/indicator-metadata-registry/imr-details/25,PUBLISHED,Published,,2011,2011,,AFR,Africa,,MOZ,Mozambique,,61.3,61.3,,,,,
MDG_0000000025_AGE1519,"Births attended by skilled health personnel, among girls aged 15-19 (%)",https://www.who.int/data/gho/indicator-metadata-registry/imr-details/25,PUBLISHED,Published,,2008,2008,,AFR,Africa,,NGA,Nigeria,,24.6,24.6,,,,,
MDG_0000000025_AGE1519,"Births attended by skilled health personnel, among girls aged 15-19 (%)",https://www.who.int/data/gho/indicator-metadata-registry/imr-details/25,PUBLISHED,Published,,2011,2011,,SEAR,South-East Asia,,NPL,Nepal,,42.1,42.1,,,,,
MDG_0000000025_AGE1519,"Births attended by skilled health personnel, among girls aged 15-19 (%)",https://www.who.int/data/gho/indicator-metadata-registry/imr-details/25,PUBLISHED,Published,,2012,2012,,AMR,Americas,,PER,Peru,,85.8,85.8,,,,,
MDG_0000000025_AGE1519,"Births attended by skilled health personnel, among girls aged 15-19 (%)",https://www.who.int/data/gho/indicator-metadata-registry/imr-details/25,PUBLISHED,Published,,2010,2010,,EUR,Europe,,SRB,Serbia,,98.7,98.7,,,,,
MDG_0000000025_AGE1519,"Births attended by skilled health personnel, among girls aged 15-19 (%)",https://www.who.int/data/gho/indicator-metadata-registry/imr-details/25,PUBLISHED,Published,,2008,2008,,AFR,Africa,,STP,Sao Tome and Principe,,85.7,85.7,,,,,
MDG_0000000025_AGE1519,"Births attended by skilled health personnel, among girls aged 15-19 (%)",https://www.who.int/data/gho/indicator-metadata-registry/imr-details/25,PUBLISHED,Published,,2010,2010,,AFR,Africa,,TZA,United Republic of Tanzania,,56.5,56.5,,,,,
MDG_0000000025_AGE1519,"Births attended by skilled health personnel, among girls aged 15-19 (%)",https://www.who.int/data/gho/indicator-metadata-registry/imr-details/25,PUBLISHED,Published,,2007,2007,,EUR,Europe,,UKR,Ukraine,,98.8,98.8,,,,,
MDG_0000000025_AGE1519,"Births attended by skilled health personnel, among girls aged 15-19 (%)",https://www.who.int/data/gho/indicator-metadata-registry/imr-details/25,PUBLISHED,Published,,2007,2007,,AFR,Africa,,BWA,Botswana,,91.3,91.3,,,,,
MDG_0000000025_AGE1519,"Births attended by skilled health personnel, among girls aged 15-19 (%)",https://www.who.int/data/gho/indicator-metadata-registry/imr-details/25,PUBLISHED,Published,,2011,2011,,AFR,Africa,,BLZ,Belize,,97.2,97.2,,,,,
MDG_0000000025_AGE1519,"Births attended by skilled health personnel, among girls aged 15-19 (%)",https://www.who.int/data/gho/indicator-metadata-registry/imr-details/25,PUBLISHED,Published,,2006,2006,,AFR,Africa,,CIV,Côte d'Ivoire,,60.9,60.9,,,,,
MDG_0000000025_AGE1519,"Births attended by skilled health personnel, among girls aged 15-19 (%)",https://www.who.int/data/gho/indicator-metadata-registry/imr-details/25,PUBLISHED,Published,,2011,2011,,AFR,Africa,,CMR,Cameroon,,60.6,60.6,,,,,
MDG_0000000025_AGE1519,"Births attended by skilled health personnel, among girls aged 15-19 (%)",https://www.who.int/data/gho/indicator-metadata-registry/imr-details/25,PUBLISHED,Published,,2007,2007,,AFR,Africa,,COD,Democratic Republic of the Congo,,75.6,75.6,,,,,
MDG_0000000025_AGE1519,"Births attended by skilled health personnel, among girls aged 15-19 (%)",https://www.who.int/data/gho/indicator-metadata-registry/imr-details/25,PUBLISHED,Published,,2005,2005,,AFR,Africa,,GIN,Guinea,,44.9,44.9,,,,,
MDG_0000000025_AGE1519,"Births attended by skilled health personnel, among girls aged 15-19 (%)",https://www.who.int/data/gho/indicator-metadata-registry/imr-details/25,PUBLISHED,Published,,2010,2010,,AFR,Africa,,GNB,Guinea-Bissau,,52.4,52.4,,,,,
MDG_0000000025_AGE1519,"Births attended by skilled health personnel, among girls aged 15-19 (%)",https://www.who.int/data/gho/indicator-metadata-registry/imr-details/25,PUBLISHED,Published,,2009,2009,,AMR,Americas,,GUY,Guyana,,94.8,94.8,,,,,
MDG_0000000025_AGE1519,"Births attended by skilled health personnel, among girls aged 15-19 (%)",https://www.who.int/data/gho/indicator-metadata-registry/imr-details/25,PUBLISHED,Published,,2005,2005,,AMR,Americas,,HND,Honduras,,73.6,73.6,,,,,
MDG_0000000025_AGE1519,"Births attended by skilled health personnel, among girls aged 15-19 (%)",https://www.who.int/data/gho/indicator-metadata-registry/imr-details/25,PUBLISHED,Published,,2004,2004,,EMR,Eastern Mediterranean,,MAR,Morocco,,70.3,70.3,,,,,
MDG_0000000025_AGE1519,"Births attended by skilled health personnel, among girls aged 15-19 (%)",https://www.who.int/data/gho/indicator-metadata-registry/imr-details/25,PUBLISHED,Published,,2005,2005,,EUR,Europe,,MDA,Republic of Moldova,,100.0,100.0,,,,,
MDG_0000000025_AGE1519,"Births attended by skilled health personnel, among girls aged 15-19 (%)",https://www.who.int/data/gho/indicator-metadata-registry/imr-details/25,PUBLISHED,Published,,2008,2008,,AFR,Africa,,MDG,Madagascar,,40.2,40.2,,,,,
MDG_0000000025_AGE1519,"Births attended by skilled health personnel, among girls aged 15-19 (%)",https://www.who.int/data/gho/indicator-metadata-registry/imr-details/25,PUBLISHED,Published,,2009,2009,,SEAR,South-East Asia,,MDV,Maldives,,92.5,92.5,,,,,
MDG_0000000025_AGE1519,"Births attended by skilled health personnel, among girls aged 15-19 (%)",https://www.who.int/data/gho/indicator-metadata-registry/imr-details/25,PUBLISHED,Published,,2008,2008,,WPR,Western Pacific,,PHL,Philippines,,59.0,59.0,,,,,
MDG_0000000025_AGE1519,"Births attended by skilled health personnel, among girls aged 15-19 (%)",https://www.who.int/data/gho/indicator-metadata-registry/imr-details/25,PUBLISHED,Published,,2010,2010,,AFR,Africa,,RWA,Rwanda,,83.1,83.1,,,,,
MDG_0000000025_AGE1519,"Births attended by skilled health personnel, among girls aged 15-19 (%)",https://www.who.int/data/gho/indicator-metadata-registry/imr-details/25,PUBLISHED,Published,,2010,2010,,AFR,Africa,,SEN,Senegal,,64.6,64.6,,,,,
MDG_0000000025_AGE1519,"Births attended by skilled health personnel, among girls aged 15-19 (%)",https://www.who.int/data/gho/indicator-metadata-registry/imr-details/25,PUBLISHED,Published,,2008,2008,,AFR,Africa,,SLE,Sierra Leone,,44.8,44.8,,,,,
MDG_0000000025_AGE1519,"Births attended by skilled health personnel, among girls aged 15-19 (%)",https://www.who.int/data/gho/indicator-metadata-registry/imr-details/25,PUBLISHED,Published,,2011,2011,,WPR,Western Pacific,,VNM,Viet Nam,,86.0,86.0,,,,,
MDG_0000000025_AGE1519,"Births attended by skilled health personnel, among girls aged 15-19 (%)",https://www.who.int/data/gho/indicator-metadata-registry/imr-details/25,PUBLISHED,Published,,2007,2007,,WPR,Western Pacific,,VUT,Vanuatu,,72.9,72.9,,,,,
MDG_0000000025_AGE1519,"Births attended by skilled health personnel, among girls aged 15-19 (%)",https://www.who.int/data/gho/indicator-metadata-registry/imr-details/25,PUBLISHED,Published,,2009,2009,,WPR,Western Pacific,,WSM,Samoa,,85.9,85.9,,,,,
MDG_0000000025_AGE1519,"Births attended by skilled health personnel, among girls aged 15-19 (%)",https://www.who.int/data/gho/indicator-metadata-registry/imr-details/25,PUBLISHED,Published,,2006,2006,,EMR,Eastern Mediterranean,,YEM,Yemen,,37.0,37.0,,,,,
MDG_0000000025_AGE1519,"Births attended by skilled health personnel, among girls aged 15-19 (%)",https://www.who.int/data/gho/indicator-metadata-registry/imr-details/25,PUBLISHED,Published,,2007,2007,,AFR,Africa,,ZMB,Zambia,,53.6,53.6,,,,,
