GHO (CODE),GHO (DISPLAY),GHO (URL),PUBLISHSTATE (CODE),PUBLISHSTATE (DISPLAY),PUBLISHSTATE (URL),YEAR (CODE),YEAR (DISPLAY),YEAR (URL),REGION (CODE),REGION (DISPLAY),REGION (URL),WORLDBANKINCOMEGROUP (CODE),WORLDBANKINCOMEGROUP (DISPLAY),WORLDBANKINCOMEGROUP (URL),Display Value,Numeric,Low,High,StdErr,StdDev,Comments
MDG_0000000019,Prevalence of HIV among adults aged >=15 years (per 100 000 population),https://www.who.int/data/gho/indicator-metadata-registry/imr-details/19,PUBLISHED,Published,,2007,2007,,AFR,Africa,,,,,4735,4735.0,4735.0,4735.0,,,
MDG_0000000019,Prevalence of HIV among adults aged >=15 years (per 100 000 population),https://www.who.int/data/gho/indicator-metadata-registry/imr-details/19,PUBLISHED,Published,,2007,2007,,NOTSPEC,Not specified,,WB_LMI,Lower-middle-income,,263,263.0,263.0,263.0,,,
MDG_0000000019,Prevalence of HIV among adults aged >=15 years (per 100 000 population),https://www.who.int/data/gho/indicator-metadata-registry/imr-details/19,PUBLISHED,Published,,2007,2007,,NOTSPEC,Not specified,,WB_UMI,Upper-middle-income,,1482,1482.0,1482.0,1482.0,,,
MDG_0000000019,Prevalence of HIV among adults aged >=15 years (per 100 000 population),https://www.who.int/data/gho/indicator-metadata-registry/imr-details/19,PUBLISHED,Published,,2007,2007,,GLOBAL,Global,,,,,644,644.0,644.0,644.0,,,
MDG_0000000019,Prevalence of HIV among adults aged >=15 years (per 100 000 population),https://www.who.int/data/gho/indicator-metadata-registry/imr-details/19,PUBLISHED,Published,,2007,2007,,WPR,Western Pacific,,,,,89,89.0,89.0,89.0,,,
MDG_0000000019,Prevalence of HIV among adults aged >=15 years (per 100 000 population),https://www.who.int/data/gho/indicator-metadata-registry/imr-details/19,PUBLISHED,Published,,2007,2007,,AMR,Americas,,,,,448,448.0,448.0,448.0,,,
MDG_0000000019,Prevalence of HIV among adults aged >=15 years (per 100 000 population),https://www.who.int/data/gho/indicator-metadata-registry/imr-details/19,PUBLISHED,Published,,2007,2007,,NOTSPEC,Not specified,,WB_LI,Low-income,,1842,1842.0,1842.0,1842.0,,,
MDG_0000000019,Prevalence of HIV among adults aged >=15 years (per 100 000 population),https://www.who.int/data/gho/indicator-metadata-registry/imr-details/19,PUBLISHED,Published,,2007,2007,,SEAR,South-East Asia,,,,,295,295.0,295.0,295.0,,,
MDG_0000000019,Prevalence of HIV among adults aged >=15 years (per 100 000 population),https://www.who.int/data/gho/indicator-metadata-registry/imr-details/19,PUBLISHED,Published,,2007,2007,,EMR,Eastern Mediterranean,,,,,202,202.0,202.0,202.0,,,
MDG_0000000019,Prevalence of HIV among adults aged >=15 years (per 100 000 population),https://www.who.int/data/gho/indicator-metadata-registry/imr-details/19,PUBLISHED,Published,,2007,2007,,EUR,Europe,,,,,336,336.0,336.0,336.0,,,
MDG_0000000019,Prevalence of HIV among adults aged >=15 years (per 100 000 population),https://www.who.int/data/gho/indicator-metadata-registry/imr-details/19,PUBLISHED,Published,,2007,2007,,NOTSPEC,Not specified,,WB_WORLD_INCOME,Global,,644,644.0,644.0,644.0,,,
MDG_0000000019,Prevalence of HIV among adults aged >=15 years (per 100 000 population),https://www.who.int/data/gho/indicator-metadata-registry/imr-details/19,PUBLISHED,Published,,2007,2007,,NOTSPEC,Not specified,,WB_HI,High-income,,241,241.0,241.0,241.0,,,
