GHO (CODE),GHO (DISPLAY),GHO (URL),PUBLISHSTATE (CODE),PUBLISHSTATE (DISPLAY),PUBLISHSTATE (URL),YEAR (CODE),YEAR (DISPLAY),YEAR (URL),REGION (CODE),REGION (DISPLAY),REGION (URL),WORLDBANKINCOMEGROUP (CODE),WORLDBANKINCOMEGROUP (DISPLAY),WORLDBANKINCOMEGROUP (URL),Display Value,Numeric,Low,High,StdErr,StdDev,Comments
MDG_0000000018,Deaths due to tuberculosis among HIV-positive people (per 100 000 population),https://www.who.int/data/gho/indicator-metadata-registry/imr-details/17,PUBLISHED,Published,,2007,2007,,AFR,Africa,,,,,47.6,47.6,47.6,47.6,,,
MDG_0000000018,Deaths due to tuberculosis among HIV-positive people (per 100 000 population),https://www.who.int/data/gho/indicator-metadata-registry/imr-details/17,PUBLISHED,Published,,2007,2007,,EMR,Eastern Mediterranean,,,,,1.4,1.4,1.4,1.4,,,
MDG_0000000018,Deaths due to tuberculosis among HIV-positive people (per 100 000 population),https://www.who.int/data/gho/indicator-metadata-registry/imr-details/17,PUBLISHED,Published,,2007,2007,,NOTSPEC,Not specified,,WB_UMI,Upper-middle-income,,12.9,12.9,12.9,12.9,,,
MDG_0000000018,Deaths due to tuberculosis among HIV-positive people (per 100 000 population),https://www.who.int/data/gho/indicator-metadata-registry/imr-details/17,PUBLISHED,Published,,2007,2007,,AMR,Americas,,,,,0.9,0.9,0.9,0.9,,,
MDG_0000000018,Deaths due to tuberculosis among HIV-positive people (per 100 000 population),https://www.who.int/data/gho/indicator-metadata-registry/imr-details/17,PUBLISHED,Published,,2007,2007,,EUR,Europe,,,,,0.9,0.9,0.9,0.9,,,
MDG_0000000018,Deaths due to tuberculosis among HIV-positive people (per 100 000 population),https://www.who.int/data/gho/indicator-metadata-registry/imr-details/17,PUBLISHED,Published,,2007,2007,,SEAR,South-East Asia,,,,,2.3,2.3,2.3,2.3,,,
MDG_0000000018,Deaths due to tuberculosis among HIV-positive people (per 100 000 population),https://www.who.int/data/gho/indicator-metadata-registry/imr-details/17,PUBLISHED,Published,,2007,2007,,WPR,Western Pacific,,,,,0.8,0.8,0.8,0.8,,,
MDG_0000000018,Deaths due to tuberculosis among HIV-positive people (per 100 000 population),https://www.who.int/data/gho/indicator-metadata-registry/imr-details/17,PUBLISHED,Published,,2007,2007,,NOTSPEC,Not specified,,WB_WORLD_INCOME,Global,,6.8,6.8,6.8,6.8,,,
MDG_0000000018,Deaths due to tuberculosis among HIV-positive people (per 100 000 population),https://www.who.int/data/gho/indicator-metadata-registry/imr-details/17,PUBLISHED,Published,,2007,2007,,NOTSPEC,Not specified,,WB_HI,High-income,,0.1,0.1,0.1,0.1,,,
MDG_0000000018,Deaths due to tuberculosis among HIV-positive people (per 100 000 population),https://www.who.int/data/gho/indicator-metadata-registry/imr-details/17,PUBLISHED,Published,,2007,2007,,NOTSPEC,Not specified,,WB_LI,Low-income,,21.1,21.1,21.1,21.1,,,
MDG_0000000018,Deaths due to tuberculosis among HIV-positive people (per 100 000 population),https://www.who.int/data/gho/indicator-metadata-registry/imr-details/17,PUBLISHED,Published,,2007,2007,,NOTSPEC,Not specified,,WB_LMI,Lower-middle-income,,2.1,2.1,2.1,2.1,,,
MDG_0000000018,Deaths due to tuberculosis among HIV-positive people (per 100 000 population),https://www.who.int/data/gho/indicator-metadata-registry/imr-details/17,PUBLISHED,Published,,2007,2007,,GLOBAL,Global,,,,,6.8,6.8,6.8,6.8,,,
