GHO (CODE),GHO (DISPLAY),GHO (URL),PUBLISHSTATE (CODE),PUBLISHSTATE (DISPLAY),PUBLISHSTATE (URL),YEAR (CODE),YEAR (DISPLAY),YEAR (URL),REGION (CODE),REGION (DISPLAY),REGION (URL),WORLDBANKINCOMEGROUP (CODE),WORLDBANKINCOMEGROUP (DISPLAY),WORLDBANKINCOMEGROUP (URL),COUNTRY (CODE),COUNTRY (DISPLAY),COUNTRY (URL),Display Value,Numeric,Low,High,StdErr,StdDev,Comments
MEDS3010700,Presence of National Medicines Policy implementation plan,https://www.who.int/data/gho/indicator-metadata-registry/imr-details/2273,PUBLISHED,Published,,2010,2010,,AMR,Americas,,WB_UMI,Upper-middle-income,,ARG,Argentina,,No,0.0,,,,,
MEDS3010700,Presence of National Medicines Policy implementation plan,https://www.who.int/data/gho/indicator-metadata-registry/imr-details/2273,PUBLISHED,Published,,2010,2010,,EUR,Europe,,WB_LMI,Lower-middle-income,,AZE,Azerbaijan,,No,0.0,,,,,
MEDS3010700,Presence of National Medicines Policy implementation plan,https://www.who.int/data/gho/indicator-metadata-registry/imr-details/2273,PUBLISHED,Published,,2007,2007,,EUR,Europe,,WB_HI,High-income,,BEL,Belgium,,Yes,0.0,,,,,
MEDS3010700,Presence of National Medicines Policy implementation plan,https://www.who.int/data/gho/indicator-metadata-registry/imr-details/2273,PUBLISHED,Published,,2007,2007,,EMR,Eastern Mediterranean,,WB_HI,High-income,,BHR,Bahrain,,Yes,0.0,,,,,
MEDS3010700,Presence of National Medicines Policy implementation plan,https://www.who.int/data/gho/indicator-metadata-registry/imr-details/2273,PUBLISHED,Published,,2011,2011,,AMR,Americas,,WB_LMI,Lower-middle-income,,BLZ,Belize,,No,0.0,,,,,
MEDS3010700,Presence of National Medicines Policy implementation plan,https://www.who.int/data/gho/indicator-metadata-registry/imr-details/2273,PUBLISHED,Published,,2011,2011,,AMR,Americas,,WB_LMI,Lower-middle-income,,BOL,Bolivia (Plurinational State of),,Yes,0.0,,,,,
MEDS3010700,Presence of National Medicines Policy implementation plan,https://www.who.int/data/gho/indicator-metadata-registry/imr-details/2273,PUBLISHED,Published,,2011,2011,,AMR,Americas,,WB_HI,High-income,,BRB,Barbados,,No,0.0,,,,,
MEDS3010700,Presence of National Medicines Policy implementation plan,https://www.who.int/data/gho/indicator-metadata-registry/imr-details/2273,PUBLISHED,Published,,2007,2007,,EUR,Europe,,WB_HI,High-income,,CHE,Switzerland,,Yes,0.0,,,,,
MEDS3010700,Presence of National Medicines Policy implementation plan,https://www.who.int/data/gho/indicator-metadata-registry/imr-details/2273,PUBLISHED,Published,,2011,2011,,AMR,Americas,,WB_UMI,Upper-middle-income,,CRI,Costa Rica,,Yes,0.0,,,,,
MEDS3010700,Presence of National Medicines Policy implementation plan,https://www.who.int/data/gho/indicator-metadata-registry/imr-details/2273,PUBLISHED,Published,,2010,2010,,AMR,Americas,,WB_UMI,Upper-middle-income,,DOM,Dominican Republic,,Yes,0.0,,,,,
MEDS3010700,Presence of National Medicines Policy implementation plan,https://www.who.int/data/gho/indicator-metadata-registry/imr-details/2273,PUBLISHED,Published,,2007,2007,,EUR,Europe,,WB_HI,High-income,,EST,Estonia,,No,0.0,,,,,
MEDS3010700,Presence of National Medicines Policy implementation plan,https://www.who.int/data/gho/indicator-metadata-registry/imr-details/2273,PUBLISHED,Published,,2011,2011,,AMR,Americas,,WB_UMI,Upper-middle-income,,GRD,Grenada,,No,0.0,,,,,
MEDS3010700,Presence of National Medicines Policy implementation plan,https://www.who.int/data/gho/indicator-metadata-registry/imr-details/2273,PUBLISHED,Published,,2011,2011,,AMR,Americas,,WB_LMI,Lower-middle-income,,GTM,Guatemala,,No,0.0,,,,,
MEDS3010700,Presence of National Medicines Policy implementation plan,https://www.who.int/data/gho/indicator-metadata-registry/imr-details/2273,PUBLISHED,Published,,2009,2009,,SEAR,South-East Asia,,WB_LMI,Lower-middle-income,,IDN,Indonesia,,Yes,0.0,,,,,
MEDS3010700,Presence of National Medicines Policy implementation plan,https://www.who.int/data/gho/indicator-metadata-registry/imr-details/2273,PUBLISHED,Published,,2007,2007,,SEAR,South-East Asia,,WB_LMI,Lower-middle-income,,IND,India,,No,0.0,,,,,
MEDS3010700,Presence of National Medicines Policy implementation plan,https://www.who.int/data/gho/indicator-metadata-registry/imr-details/2273,PUBLISHED,Published,,2010,2010,,EMR,Eastern Mediterranean,,WB_LMI,Lower-middle-income,,JOR,Jordan,,No,0.0,,,,,
MEDS3010700,Presence of National Medicines Policy implementation plan,https://www.who.int/data/gho/indicator-metadata-registry/imr-details/2273,PUBLISHED,Published,,2011,2011,,AMR,Americas,,WB_UMI,Upper-middle-income,,KNA,Saint Kitts and Nevis,,No,0.0,,,,,
MEDS3010700,Presence of National Medicines Policy implementation plan,https://www.who.int/data/gho/indicator-metadata-registry/imr-details/2273,PUBLISHED,Published,,2007,2007,,EMR,Eastern Mediterranean,,WB_UMI,Upper-middle-income,,LBN,Lebanon,,Yes,0.0,,,,,
MEDS3010700,Presence of National Medicines Policy implementation plan,https://www.who.int/data/gho/indicator-metadata-registry/imr-details/2273,PUBLISHED,Published,,2008,2008,,EMR,Eastern Mediterranean,,WB_LMI,Lower-middle-income,,MAR,Morocco,,Yes,0.0,,,,,
MEDS3010700,Presence of National Medicines Policy implementation plan,https://www.who.int/data/gho/indicator-metadata-registry/imr-details/2273,PUBLISHED,Published,,2007,2007,,EUR,Europe,,WB_LMI,Lower-middle-income,,MDA,Republic of Moldova,,Yes,0.0,,,,,
MEDS3010700,Presence of National Medicines Policy implementation plan,https://www.who.int/data/gho/indicator-metadata-registry/imr-details/2273,PUBLISHED,Published,,2010,2010,,SEAR,South-East Asia,,WB_LMI,Lower-middle-income,,MDV,Maldives,,No,0.0,,,,,
MEDS3010700,Presence of National Medicines Policy implementation plan,https://www.who.int/data/gho/indicator-metadata-registry/imr-details/2273,PUBLISHED,Published,,2011,2011,,EUR,Europe,,WB_HI,High-income,,MLT,Malta,,No,0.0,,,,,
MEDS3010700,Presence of National Medicines Policy implementation plan,https://www.who.int/data/gho/indicator-metadata-registry/imr-details/2273,PUBLISHED,Published,,2011,2011,,AMR,Americas,,WB_LMI,Lower-middle-income,,NIC,Nicaragua,,Yes,0.0,,,,,
MEDS3010700,Presence of National Medicines Policy implementation plan,https://www.who.int/data/gho/indicator-metadata-registry/imr-details/2273,PUBLISHED,Published,,2005,2005,,EMR,Eastern Mediterranean,,WB_HI,High-income,,OMN,Oman,,Yes,0.0,,,,,
MEDS3010700,Presence of National Medicines Policy implementation plan,https://www.who.int/data/gho/indicator-metadata-registry/imr-details/2273,PUBLISHED,Published,,2011,2011,,AMR,Americas,,WB_UMI,Upper-middle-income,,PAN,Panama,,Yes,0.0,,,,,
MEDS3010700,Presence of National Medicines Policy implementation plan,https://www.who.int/data/gho/indicator-metadata-registry/imr-details/2273,PUBLISHED,Published,,2009,2009,,AMR,Americas,,WB_UMI,Upper-middle-income,,PER,Peru,,Yes,0.0,,,,,
MEDS3010700,Presence of National Medicines Policy implementation plan,https://www.who.int/data/gho/indicator-metadata-registry/imr-details/2273,PUBLISHED,Published,,2005,2005,,EUR,Europe,,WB_HI,High-income,,PRT,Portugal,,Yes,0.0,,,,,
MEDS3010700,Presence of National Medicines Policy implementation plan,https://www.who.int/data/gho/indicator-metadata-registry/imr-details/2273,PUBLISHED,Published,,2005,2005,,EMR,Eastern Mediterranean,,WB_HI,High-income,,SAU,Saudi Arabia,,Yes,0.0,,,,,
MEDS3010700,Presence of National Medicines Policy implementation plan,https://www.who.int/data/gho/indicator-metadata-registry/imr-details/2273,PUBLISHED,Published,,2011,2011,,AMR,Americas,,WB_LMI,Lower-middle-income,,SLV,El Salvador,,Yes,0.0,,,,,
MEDS3010700,Presence of National Medicines Policy implementation plan,https://www.who.int/data/gho/indicator-metadata-registry/imr-details/2273,PUBLISHED,Published,,2005,2005,,AMR,Americas,,WB_UMI,Upper-middle-income,,SUR,Suriname,,Yes,0.0,,,,,
MEDS3010700,Presence of National Medicines Policy implementation plan,https://www.who.int/data/gho/indicator-metadata-registry/imr-details/2273,PUBLISHED,Published,,2004,2004,,EUR,Europe,,WB_LI,Low-income,,TJK,Tajikistan,,Yes,0.0,,,,,
MEDS3010700,Presence of National Medicines Policy implementation plan,https://www.who.int/data/gho/indicator-metadata-registry/imr-details/2273,PUBLISHED,Published,,2011,2011,,AMR,Americas,,WB_HI,High-income,,TTO,Trinidad and Tobago,,No,0.0,,,,,
MEDS3010700,Presence of National Medicines Policy implementation plan,https://www.who.int/data/gho/indicator-metadata-registry/imr-details/2273,PUBLISHED,Published,,2010,2010,,EUR,Europe,,WB_UMI,Upper-middle-income,,TUR,Turkey,,Yes,0.0,,,,,
MEDS3010700,Presence of National Medicines Policy implementation plan,https://www.who.int/data/gho/indicator-metadata-registry/imr-details/2273,PUBLISHED,Published,,2011,2011,,EUR,Europe,,WB_LMI,Lower-middle-income,,UKR,Ukraine,,Yes,0.0,,,,,
MEDS3010700,Presence of National Medicines Policy implementation plan,https://www.who.int/data/gho/indicator-metadata-registry/imr-details/2273,PUBLISHED,Published,,2011,2011,,AMR,Americas,,WB_UMI,Upper-middle-income,,URY,Uruguay,,No,0.0,,,,,
MEDS3010700,Presence of National Medicines Policy implementation plan,https://www.who.int/data/gho/indicator-metadata-registry/imr-details/2273,PUBLISHED,Published,,2007,2007,,EUR,Europe,,WB_LI,Low-income,,UZB,Uzbekistan,,Yes,0.0,,,,,
MEDS3010700,Presence of National Medicines Policy implementation plan,https://www.who.int/data/gho/indicator-metadata-registry/imr-details/2273,PUBLISHED,Published,,2011,2011,,AMR,Americas,,WB_UMI,Upper-middle-income,,VCT,Saint Vincent and the Grenadines,,No,0.0,,,,,
MEDS3010700,Presence of National Medicines Policy implementation plan,https://www.who.int/data/gho/indicator-metadata-registry/imr-details/2273,PUBLISHED,Published,,2006,2006,,AFR,Africa,,WB_LI,Low-income,,ZWE,Zimbabwe,,Yes,0.0,,,,,
