GHO (CODE),GHO (DISPLAY),GHO (URL),PUBLISHSTATE (CODE),PUBLISHSTATE (DISPLAY),PUBLISHSTATE (URL),YEAR (CODE),YEAR (DISPLAY),YEAR (URL),REGION (CODE),REGION (DISPLAY),REGION (URL),WORLDBANKINCOMEGROUP (CODE),WORLDBANKINCOMEGROUP (DISPLAY),WORLDBANKINCOMEGROUP (URL),COUNTRY (CODE),COUNTRY (DISPLAY),COUNTRY (URL),Display Value,Numeric,Low,High,StdErr,StdDev,Comments
MEDS8010100,National Essential Medicine List exists,https://www.who.int/data/gho/indicator-metadata-registry/imr-details/2290,PUBLISHED,Published,,2007,2007,,EMR,Eastern Mediterranean,,WB_LI,Low-income,,AFG,Afghanistan,,Yes,0.0,,,,,
MEDS8010100,National Essential Medicine List exists,https://www.who.int/data/gho/indicator-metadata-registry/imr-details/2290,PUBLISHED,Published,,2010,2010,,AMR,Americas,,WB_UMI,Upper-middle-income,,ARG,Argentina,,Yes,0.0,,,,,
MEDS8010100,National Essential Medicine List exists,https://www.who.int/data/gho/indicator-metadata-registry/imr-details/2290,PUBLISHED,Published,,2008,2008,,EUR,Europe,,WB_LMI,Lower-middle-income,,AZE,Azerbaijan,,Yes,0.0,,,,,
MEDS8010100,National Essential Medicine List exists,https://www.who.int/data/gho/indicator-metadata-registry/imr-details/2290,PUBLISHED,Published,,2008,2008,,EUR,Europe,,WB_HI,High-income,,BEL,Belgium,,No,0.0,,,,,
MEDS8010100,National Essential Medicine List exists,https://www.who.int/data/gho/indicator-metadata-registry/imr-details/2290,PUBLISHED,Published,,2007,2007,,EMR,Eastern Mediterranean,,WB_HI,High-income,,BHR,Bahrain,,Yes,0.0,,,,,
MEDS8010100,National Essential Medicine List exists,https://www.who.int/data/gho/indicator-metadata-registry/imr-details/2290,PUBLISHED,Published,,2011,2011,,AMR,Americas,,WB_LMI,Lower-middle-income,,BLZ,Belize,,Yes,0.0,,,,,
MEDS8010100,National Essential Medicine List exists,https://www.who.int/data/gho/indicator-metadata-registry/imr-details/2290,PUBLISHED,Published,,2011,2011,,AMR,Americas,,WB_LMI,Lower-middle-income,,BOL,Bolivia (Plurinational State of),,Yes,0.0,,,,,
MEDS8010100,National Essential Medicine List exists,https://www.who.int/data/gho/indicator-metadata-registry/imr-details/2290,PUBLISHED,Published,,2011,2011,,AMR,Americas,,WB_HI,High-income,,BRB,Barbados,,Yes,0.0,,,,,
MEDS8010100,National Essential Medicine List exists,https://www.who.int/data/gho/indicator-metadata-registry/imr-details/2290,PUBLISHED,Published,,2011,2011,,AMR,Americas,,WB_UMI,Upper-middle-income,,URY,Uruguay,,Yes,0.0,,,,,
MEDS8010100,National Essential Medicine List exists,https://www.who.int/data/gho/indicator-metadata-registry/imr-details/2290,PUBLISHED,Published,,2010,2010,,AMR,Americas,,WB_UMI,Upper-middle-income,,CRI,Costa Rica,,Yes,0.0,,,,,
MEDS8010100,National Essential Medicine List exists,https://www.who.int/data/gho/indicator-metadata-registry/imr-details/2290,PUBLISHED,Published,,2005,2005,,AMR,Americas,,WB_UMI,Upper-middle-income,,DOM,Dominican Republic,,Yes,0.0,,,,,
MEDS8010100,National Essential Medicine List exists,https://www.who.int/data/gho/indicator-metadata-registry/imr-details/2290,PUBLISHED,Published,,2006,2006,,EMR,Eastern Mediterranean,,WB_LMI,Lower-middle-income,,EGY,Egypt,,Yes,0.0,,,,,
MEDS8010100,National Essential Medicine List exists,https://www.who.int/data/gho/indicator-metadata-registry/imr-details/2290,PUBLISHED,Published,,2007,2007,,EUR,Europe,,WB_HI,High-income,,EST,Estonia,,Yes,0.0,,,,,
MEDS8010100,National Essential Medicine List exists,https://www.who.int/data/gho/indicator-metadata-registry/imr-details/2290,PUBLISHED,Published,,2009,2009,,AMR,Americas,,WB_UMI,Upper-middle-income,,GRD,Grenada,,Yes,0.0,,,,,
MEDS8010100,National Essential Medicine List exists,https://www.who.int/data/gho/indicator-metadata-registry/imr-details/2290,PUBLISHED,Published,,2011,2011,,AMR,Americas,,WB_LMI,Lower-middle-income,,GTM,Guatemala,,No,0.0,,,,,
MEDS8010100,National Essential Medicine List exists,https://www.who.int/data/gho/indicator-metadata-registry/imr-details/2290,PUBLISHED,Published,,2010,2010,,EUR,Europe,,WB_HI,High-income,,HRV,Croatia,,Yes,0.0,,,,,
MEDS8010100,National Essential Medicine List exists,https://www.who.int/data/gho/indicator-metadata-registry/imr-details/2290,PUBLISHED,Published,,2008,2008,,SEAR,South-East Asia,,WB_LMI,Lower-middle-income,,IDN,Indonesia,,Yes,0.0,,,,,
MEDS8010100,National Essential Medicine List exists,https://www.who.int/data/gho/indicator-metadata-registry/imr-details/2290,PUBLISHED,Published,,2011,2011,,SEAR,South-East Asia,,WB_LMI,Lower-middle-income,,IND,India,,Yes,0.0,,,,,
MEDS8010100,National Essential Medicine List exists,https://www.who.int/data/gho/indicator-metadata-registry/imr-details/2290,PUBLISHED,Published,,2011,2011,,EMR,Eastern Mediterranean,,WB_LMI,Lower-middle-income,,IRQ,Iraq,,Yes,0.0,,,,,
MEDS8010100,National Essential Medicine List exists,https://www.who.int/data/gho/indicator-metadata-registry/imr-details/2290,PUBLISHED,Published,,2006,2006,,EMR,Eastern Mediterranean,,WB_LMI,Lower-middle-income,,JOR,Jordan,,Yes,0.0,,,,,
MEDS8010100,National Essential Medicine List exists,https://www.who.int/data/gho/indicator-metadata-registry/imr-details/2290,PUBLISHED,Published,,2011,2011,,AMR,Americas,,WB_UMI,Upper-middle-income,,KNA,Saint Kitts and Nevis,,Yes,0.0,,,,,
MEDS8010100,National Essential Medicine List exists,https://www.who.int/data/gho/indicator-metadata-registry/imr-details/2290,PUBLISHED,Published,,2010,2010,,EMR,Eastern Mediterranean,,WB_UMI,Upper-middle-income,,LBN,Lebanon,,Yes,0.0,,,,,
MEDS8010100,National Essential Medicine List exists,https://www.who.int/data/gho/indicator-metadata-registry/imr-details/2290,PUBLISHED,Published,,2009,2009,,SEAR,South-East Asia,,WB_LMI,Lower-middle-income,,LKA,Sri Lanka,,Yes,0.0,,,,,
MEDS8010100,National Essential Medicine List exists,https://www.who.int/data/gho/indicator-metadata-registry/imr-details/2290,PUBLISHED,Published,,2010,2010,,EMR,Eastern Mediterranean,,WB_LMI,Lower-middle-income,,MAR,Morocco,,Yes,0.0,,,,,
MEDS8010100,National Essential Medicine List exists,https://www.who.int/data/gho/indicator-metadata-registry/imr-details/2290,PUBLISHED,Published,,2011,2011,,EUR,Europe,,WB_LMI,Lower-middle-income,,MDA,Republic of Moldova,,Yes,0.0,,,,,
MEDS8010100,National Essential Medicine List exists,https://www.who.int/data/gho/indicator-metadata-registry/imr-details/2290,PUBLISHED,Published,,2009,2009,,SEAR,South-East Asia,,WB_LMI,Lower-middle-income,,MDV,Maldives,,Yes,0.0,,,,,
MEDS8010100,National Essential Medicine List exists,https://www.who.int/data/gho/indicator-metadata-registry/imr-details/2290,PUBLISHED,Published,,2011,2011,,EUR,Europe,,WB_HI,High-income,,MLT,Malta,,Yes,0.0,,,,,
MEDS8010100,National Essential Medicine List exists,https://www.who.int/data/gho/indicator-metadata-registry/imr-details/2290,PUBLISHED,Published,,2009,2009,,EUR,Europe,,WB_UMI,Upper-middle-income,,MNE,Montenegro,,Yes,0.0,,,,,
MEDS8010100,National Essential Medicine List exists,https://www.who.int/data/gho/indicator-metadata-registry/imr-details/2290,PUBLISHED,Published,,2011,2011,,AMR,Americas,,WB_LMI,Lower-middle-income,,NIC,Nicaragua,,Yes,0.0,,,,,
MEDS8010100,National Essential Medicine List exists,https://www.who.int/data/gho/indicator-metadata-registry/imr-details/2290,PUBLISHED,Published,,2011,2011,,SEAR,South-East Asia,,WB_LI,Low-income,,NPL,Nepal,,Yes,0.0,,,,,
MEDS8010100,National Essential Medicine List exists,https://www.who.int/data/gho/indicator-metadata-registry/imr-details/2290,PUBLISHED,Published,,2011,2011,,EMR,Eastern Mediterranean,,WB_HI,High-income,,OMN,Oman,,Yes,0.0,,,,,
MEDS8010100,National Essential Medicine List exists,https://www.who.int/data/gho/indicator-metadata-registry/imr-details/2290,PUBLISHED,Published,,2011,2011,,AMR,Americas,,WB_UMI,Upper-middle-income,,PAN,Panama,,Yes,0.0,,,,,
MEDS8010100,National Essential Medicine List exists,https://www.who.int/data/gho/indicator-metadata-registry/imr-details/2290,PUBLISHED,Published,,2010,2010,,AMR,Americas,,WB_UMI,Upper-middle-income,,PER,Peru,,Yes,0.0,,,,,
MEDS8010100,National Essential Medicine List exists,https://www.who.int/data/gho/indicator-metadata-registry/imr-details/2290,PUBLISHED,Published,,2008,2008,,WPR,Western Pacific,,WB_LMI,Lower-middle-income,,PHL,Philippines,,Yes,0.0,,,,,
MEDS8010100,National Essential Medicine List exists,https://www.who.int/data/gho/indicator-metadata-registry/imr-details/2290,PUBLISHED,Published,,2011,2011,,EMR,Eastern Mediterranean,,WB_HI,High-income,,SAU,Saudi Arabia,,Yes,0.0,,,,,
MEDS8010100,National Essential Medicine List exists,https://www.who.int/data/gho/indicator-metadata-registry/imr-details/2290,PUBLISHED,Published,,2007,2007,,EMR,Eastern Mediterranean,,WB_LMI,Lower-middle-income,,SDN,Sudan,,Yes,0.0,,,,,
MEDS8010100,National Essential Medicine List exists,https://www.who.int/data/gho/indicator-metadata-registry/imr-details/2290,PUBLISHED,Published,,2009,2009,,AMR,Americas,,WB_LMI,Lower-middle-income,,SLV,El Salvador,,Yes,0.0,,,,,
MEDS8010100,National Essential Medicine List exists,https://www.who.int/data/gho/indicator-metadata-registry/imr-details/2290,PUBLISHED,Published,,2010,2010,,AMR,Americas,,WB_UMI,Upper-middle-income,,SUR,Suriname,,Yes,0.0,,,,,
MEDS8010100,National Essential Medicine List exists,https://www.who.int/data/gho/indicator-metadata-registry/imr-details/2290,PUBLISHED,Published,,2007,2007,,EUR,Europe,,WB_LI,Low-income,,TJK,Tajikistan,,Yes,0.0,,,,,
MEDS8010100,National Essential Medicine List exists,https://www.who.int/data/gho/indicator-metadata-registry/imr-details/2290,PUBLISHED,Published,,2011,2011,,AMR,Americas,,WB_HI,High-income,,TTO,Trinidad and Tobago,,Yes,0.0,,,,,
MEDS8010100,National Essential Medicine List exists,https://www.who.int/data/gho/indicator-metadata-registry/imr-details/2290,PUBLISHED,Published,,2009,2009,,EUR,Europe,,WB_LMI,Lower-middle-income,,UKR,Ukraine,,Yes,0.0,,,,,
MEDS8010100,National Essential Medicine List exists,https://www.who.int/data/gho/indicator-metadata-registry/imr-details/2290,PUBLISHED,Published,,2007,2007,,EUR,Europe,,WB_LI,Low-income,,UZB,Uzbekistan,,Yes,0.0,,,,,
MEDS8010100,National Essential Medicine List exists,https://www.who.int/data/gho/indicator-metadata-registry/imr-details/2290,PUBLISHED,Published,,2010,2010,,AMR,Americas,,WB_UMI,Upper-middle-income,,VCT,Saint Vincent and the Grenadines,,Yes,0.0,,,,,
MEDS8010100,National Essential Medicine List exists,https://www.who.int/data/gho/indicator-metadata-registry/imr-details/2290,PUBLISHED,Published,,2006,2006,,AFR,Africa,,WB_LI,Low-income,,ZWE,Zimbabwe,,Yes,0.0,,,,,
