GHO (CODE),GHO (DISPLAY),GHO (URL),PUBLISHSTATE (CODE),PUBLISHSTATE (DISPLAY),PUBLISHSTATE (URL),YEAR (CODE),YEAR (DISPLAY),YEAR (URL),REGION (CODE),REGION (DISPLAY),REGION (URL),WORLDBANKINCOMEGROUP (CODE),WORLDBANKINCOMEGROUP (DISPLAY),WORLDBANKINCOMEGROUP (URL),COUNTRY (CODE),COUNTRY (DISPLAY),COUNTRY (URL),Display Value,Numeric,Low,High,StdErr,StdDev,Comments
MEDS5021700S,Registration Fee pharmaceutical containing New Chemical Entity,https://www.who.int/data/gho/indicator-metadata-registry/imr-details/2279,PUBLISHED,Published,,2011,2011,,EMR,Eastern Mediterranean,,WB_LI,Low-income,,AFG,Afghanistan,,100,100.0,,,,,
MEDS5021700S,Registration Fee pharmaceutical containing New Chemical Entity,https://www.who.int/data/gho/indicator-metadata-registry/imr-details/2279,PUBLISHED,Published,,2010,2010,,AMR,Americas,,WB_UMI,Upper-middle-income,,ARG,Argentina,,"2,308",2.0,,,,,
MEDS5021700S,Registration Fee pharmaceutical containing New Chemical Entity,https://www.who.int/data/gho/indicator-metadata-registry/imr-details/2279,PUBLISHED,Published,,2010,2010,,EUR,Europe,,WB_LMI,Lower-middle-income,,AZE,Azerbaijan,,126,126.0,,,,,
MEDS5021700S,Registration Fee pharmaceutical containing New Chemical Entity,https://www.who.int/data/gho/indicator-metadata-registry/imr-details/2279,PUBLISHED,Published,,2010,2010,,EUR,Europe,,WB_HI,High-income,,BEL,Belgium,,"12000,11",12000.0,,,,,
MEDS5021700S,Registration Fee pharmaceutical containing New Chemical Entity,https://www.who.int/data/gho/indicator-metadata-registry/imr-details/2279,PUBLISHED,Published,,2005,2005,,AMR,Americas,,WB_LMI,Lower-middle-income,,BOL,Bolivia (Plurinational State of),,516,516.0,,,,,
MEDS5021700S,Registration Fee pharmaceutical containing New Chemical Entity,https://www.who.int/data/gho/indicator-metadata-registry/imr-details/2279,PUBLISHED,Published,,2011,2011,,AMR,Americas,,WB_HI,High-income,,BRB,Barbados,,0,0.0,,,,,
MEDS5021700S,Registration Fee pharmaceutical containing New Chemical Entity,https://www.who.int/data/gho/indicator-metadata-registry/imr-details/2279,PUBLISHED,Published,,2011,2011,,EUR,Europe,,WB_HI,High-income,,CHE,Switzerland,,25000,25000.0,,,,,
MEDS5021700S,Registration Fee pharmaceutical containing New Chemical Entity,https://www.who.int/data/gho/indicator-metadata-registry/imr-details/2279,PUBLISHED,Published,,2000,2000,,AMR,Americas,,WB_UMI,Upper-middle-income,,CRI,Costa Rica,,500,500.0,,,,,
MEDS5021700S,Registration Fee pharmaceutical containing New Chemical Entity,https://www.who.int/data/gho/indicator-metadata-registry/imr-details/2279,PUBLISHED,Published,,2007,2007,,EUR,Europe,,WB_HI,High-income,,HRV,Croatia,,5050,5050.0,,,,,
MEDS5021700S,Registration Fee pharmaceutical containing New Chemical Entity,https://www.who.int/data/gho/indicator-metadata-registry/imr-details/2279,PUBLISHED,Published,,2011,2011,,AMR,Americas,,WB_UMI,Upper-middle-income,,URY,Uruguay,,805,805.0,,,,,
MEDS5021700S,Registration Fee pharmaceutical containing New Chemical Entity,https://www.who.int/data/gho/indicator-metadata-registry/imr-details/2279,PUBLISHED,Published,,2011,2011,,AMR,Americas,,WB_UMI,Upper-middle-income,,DOM,Dominican Republic,,187,187.0,,,,,
MEDS5021700S,Registration Fee pharmaceutical containing New Chemical Entity,https://www.who.int/data/gho/indicator-metadata-registry/imr-details/2279,PUBLISHED,Published,,2009,2009,,EMR,Eastern Mediterranean,,WB_LMI,Lower-middle-income,,EGY,Egypt,,"1,675",1.0,,,,,
MEDS5021700S,Registration Fee pharmaceutical containing New Chemical Entity,https://www.who.int/data/gho/indicator-metadata-registry/imr-details/2279,PUBLISHED,Published,,2011,2011,,EUR,Europe,,WB_HI,High-income,,EST,Estonia,,1804,1804.0,,,,,
MEDS5021700S,Registration Fee pharmaceutical containing New Chemical Entity,https://www.who.int/data/gho/indicator-metadata-registry/imr-details/2279,PUBLISHED,Published,,2011,2011,,EUR,Europe,,WB_HI,High-income,,FIN,Finland,,19318,19318.0,,,,,
MEDS5021700S,Registration Fee pharmaceutical containing New Chemical Entity,https://www.who.int/data/gho/indicator-metadata-registry/imr-details/2279,PUBLISHED,Published,,2011,2011,,AMR,Americas,,WB_LMI,Lower-middle-income,,GTM,Guatemala,,262.5,262.5,,,,,
MEDS5021700S,Registration Fee pharmaceutical containing New Chemical Entity,https://www.who.int/data/gho/indicator-metadata-registry/imr-details/2279,PUBLISHED,Published,,2010,2010,,SEAR,South-East Asia,,WB_LMI,Lower-middle-income,,IDN,Indonesia,,"3,318.95",3.0,,,,,
MEDS5021700S,Registration Fee pharmaceutical containing New Chemical Entity,https://www.who.int/data/gho/indicator-metadata-registry/imr-details/2279,PUBLISHED,Published,,2011,2011,,EMR,Eastern Mediterranean,,WB_LMI,Lower-middle-income,,IRQ,Iraq,,165,165.0,,,,,
MEDS5021700S,Registration Fee pharmaceutical containing New Chemical Entity,https://www.who.int/data/gho/indicator-metadata-registry/imr-details/2279,PUBLISHED,Published,,2010,2010,,EMR,Eastern Mediterranean,,WB_LMI,Lower-middle-income,,JOR,Jordan,,2119,2119.0,,,,,
MEDS5021700S,Registration Fee pharmaceutical containing New Chemical Entity,https://www.who.int/data/gho/indicator-metadata-registry/imr-details/2279,PUBLISHED,Published,,2010,2010,,EUR,Europe,,WB_LI,Low-income,,KGZ,Kyrgyzstan,,1500,1500.0,,,,,
MEDS5021700S,Registration Fee pharmaceutical containing New Chemical Entity,https://www.who.int/data/gho/indicator-metadata-registry/imr-details/2279,PUBLISHED,Published,,2011,2011,,EMR,Eastern Mediterranean,,WB_UMI,Upper-middle-income,,LBN,Lebanon,,"2,350",2.0,,,,,
MEDS5021700S,Registration Fee pharmaceutical containing New Chemical Entity,https://www.who.int/data/gho/indicator-metadata-registry/imr-details/2279,PUBLISHED,Published,,2006,2006,,EMR,Eastern Mediterranean,,WB_LMI,Lower-middle-income,,MAR,Morocco,,1518,1518.0,,,,,
MEDS5021700S,Registration Fee pharmaceutical containing New Chemical Entity,https://www.who.int/data/gho/indicator-metadata-registry/imr-details/2279,PUBLISHED,Published,,2010,2010,,SEAR,South-East Asia,,WB_LMI,Lower-middle-income,,MDV,Maldives,,39,39.0,,,,,
MEDS5021700S,Registration Fee pharmaceutical containing New Chemical Entity,https://www.who.int/data/gho/indicator-metadata-registry/imr-details/2279,PUBLISHED,Published,,2011,2011,,EUR,Europe,,WB_HI,High-income,,MLT,Malta,,116468,116468.0,,,,,
MEDS5021700S,Registration Fee pharmaceutical containing New Chemical Entity,https://www.who.int/data/gho/indicator-metadata-registry/imr-details/2279,PUBLISHED,Published,,2009,2009,,EUR,Europe,,WB_UMI,Upper-middle-income,,MNE,Montenegro,,"2,337",2.0,,,,,
MEDS5021700S,Registration Fee pharmaceutical containing New Chemical Entity,https://www.who.int/data/gho/indicator-metadata-registry/imr-details/2279,PUBLISHED,Published,,2011,2011,,SEAR,South-East Asia,,WB_LI,Low-income,,NPL,Nepal,,37,37.0,,,,,
MEDS5021700S,Registration Fee pharmaceutical containing New Chemical Entity,https://www.who.int/data/gho/indicator-metadata-registry/imr-details/2279,PUBLISHED,Published,,2010,2010,,EMR,Eastern Mediterranean,,WB_LMI,Lower-middle-income,,PAK,Pakistan,,"15,000",15.0,,,,,
MEDS5021700S,Registration Fee pharmaceutical containing New Chemical Entity,https://www.who.int/data/gho/indicator-metadata-registry/imr-details/2279,PUBLISHED,Published,,2011,2011,,AMR,Americas,,WB_UMI,Upper-middle-income,,PAN,Panama,,200,200.0,,,,,
MEDS5021700S,Registration Fee pharmaceutical containing New Chemical Entity,https://www.who.int/data/gho/indicator-metadata-registry/imr-details/2279,PUBLISHED,Published,,2001,2001,,WPR,Western Pacific,,WB_LMI,Lower-middle-income,,PHL,Philippines,,464.25,464.25,,,,,
MEDS5021700S,Registration Fee pharmaceutical containing New Chemical Entity,https://www.who.int/data/gho/indicator-metadata-registry/imr-details/2279,PUBLISHED,Published,,2011,2011,,EMR,Eastern Mediterranean,,WB_HI,High-income,,QAT,Qatar,,0,0.0,,,,,
MEDS5021700S,Registration Fee pharmaceutical containing New Chemical Entity,https://www.who.int/data/gho/indicator-metadata-registry/imr-details/2279,PUBLISHED,Published,,2011,2011,,EMR,Eastern Mediterranean,,WB_HI,High-income,,SAU,Saudi Arabia,,"25,333",25.0,,,,,
MEDS5021700S,Registration Fee pharmaceutical containing New Chemical Entity,https://www.who.int/data/gho/indicator-metadata-registry/imr-details/2279,PUBLISHED,Published,,2010,2010,,EMR,Eastern Mediterranean,,WB_LMI,Lower-middle-income,,SDN,Sudan,,600,600.0,,,,,
MEDS5021700S,Registration Fee pharmaceutical containing New Chemical Entity,https://www.who.int/data/gho/indicator-metadata-registry/imr-details/2279,PUBLISHED,Published,,2011,2011,,AMR,Americas,,WB_LMI,Lower-middle-income,,SLV,El Salvador,,28.57,28.57,,,,,
MEDS5021700S,Registration Fee pharmaceutical containing New Chemical Entity,https://www.who.int/data/gho/indicator-metadata-registry/imr-details/2279,PUBLISHED,Published,,2010,2010,,AMR,Americas,,WB_UMI,Upper-middle-income,,SUR,Suriname,,18,18.0,,,,,
MEDS5021700S,Registration Fee pharmaceutical containing New Chemical Entity,https://www.who.int/data/gho/indicator-metadata-registry/imr-details/2279,PUBLISHED,Published,,1965,1965,,AMR,Americas,,WB_HI,High-income,,TTO,Trinidad and Tobago,,123,123.0,,,,,
MEDS5021700S,Registration Fee pharmaceutical containing New Chemical Entity,https://www.who.int/data/gho/indicator-metadata-registry/imr-details/2279,PUBLISHED,Published,,2010,2010,,EUR,Europe,,WB_LMI,Lower-middle-income,,UKR,Ukraine,,4404,4404.0,,,,,
MEDS5021700S,Registration Fee pharmaceutical containing New Chemical Entity,https://www.who.int/data/gho/indicator-metadata-registry/imr-details/2279,PUBLISHED,Published,,2011,2011,,AFR,Africa,,WB_LI,Low-income,,ZWE,Zimbabwe,,"3,000",3.0,,,,,
