GHO (CODE),GHO (DISPLAY),GHO (URL),PUBLISHSTATE (CODE),PUBLISHSTATE (DISPLAY),PUBLISHSTATE (URL),YEAR (CODE),YEAR (DISPLAY),YEAR (URL),REGION (CODE),REGION (DISPLAY),REGION (URL),COUNTRY (CODE),COUNTRY (DISPLAY),COUNTRY (URL),Display Value,Numeric,Low,High,StdErr,StdDev,Comments
NCD_CCS_rheumreg,Existence of a register of patients who had rheumatic fever and rheumatic heart disease,https://www.who.int/data/gho/indicator-metadata-registry/imr-details/4983,PUBLISHED,Published,,2017,2017,,EMR,Eastern Mediterranean,,AFG,Afghanistan,,No,,,,,,
NCD_CCS_rheumreg,Existence of a register of patients who had rheumatic fever and rheumatic heart disease,https://www.who.int/data/gho/indicator-metadata-registry/imr-details/4983,PUBLISHED,Published,,2017,2017,,EUR,Europe,,ALB,Albania,,No,,,,,,
NCD_CCS_rheumreg,Existence of a register of patients who had rheumatic fever and rheumatic heart disease,https://www.who.int/data/gho/indicator-metadata-registry/imr-details/4983,PUBLISHED,Published,,2017,2017,,AFR,Africa,,DZA,Algeria,,Yes,,,,,,
NCD_CCS_rheumreg,Existence of a register of patients who had rheumatic fever and rheumatic heart disease,https://www.who.int/data/gho/indicator-metadata-registry/imr-details/4983,PUBLISHED,Published,,2017,2017,,EUR,Europe,,AND,Andorra,,No,,,,,,
NCD_CCS_rheumreg,Existence of a register of patients who had rheumatic fever and rheumatic heart disease,https://www.who.int/data/gho/indicator-metadata-registry/imr-details/4983,PUBLISHED,Published,,2017,2017,,AFR,Africa,,AGO,Angola,,No,,,,,,
NCD_CCS_rheumreg,Existence of a register of patients who had rheumatic fever and rheumatic heart disease,https://www.who.int/data/gho/indicator-metadata-registry/imr-details/4983,PUBLISHED,Published,,2017,2017,,AMR,Americas,,ATG,Antigua and Barbuda,,No,,,,,,
NCD_CCS_rheumreg,Existence of a register of patients who had rheumatic fever and rheumatic heart disease,https://www.who.int/data/gho/indicator-metadata-registry/imr-details/4983,PUBLISHED,Published,,2017,2017,,AMR,Americas,,ARG,Argentina,,No,,,,,,
NCD_CCS_rheumreg,Existence of a register of patients who had rheumatic fever and rheumatic heart disease,https://www.who.int/data/gho/indicator-metadata-registry/imr-details/4983,PUBLISHED,Published,,2017,2017,,EUR,Europe,,ARM,Armenia,,No,,,,,,
NCD_CCS_rheumreg,Existence of a register of patients who had rheumatic fever and rheumatic heart disease,https://www.who.int/data/gho/indicator-metadata-registry/imr-details/4983,PUBLISHED,Published,,2017,2017,,WPR,Western Pacific,,AUS,Australia,,Yes,,,,,,
NCD_CCS_rheumreg,Existence of a register of patients who had rheumatic fever and rheumatic heart disease,https://www.who.int/data/gho/indicator-metadata-registry/imr-details/4983,PUBLISHED,Published,,2017,2017,,EUR,Europe,,AUT,Austria,,Don't know,,,,,,
NCD_CCS_rheumreg,Existence of a register of patients who had rheumatic fever and rheumatic heart disease,https://www.who.int/data/gho/indicator-metadata-registry/imr-details/4983,PUBLISHED,Published,,2017,2017,,EUR,Europe,,AZE,Azerbaijan,,No,,,,,,
NCD_CCS_rheumreg,Existence of a register of patients who had rheumatic fever and rheumatic heart disease,https://www.who.int/data/gho/indicator-metadata-registry/imr-details/4983,PUBLISHED,Published,,2017,2017,,AMR,Americas,,BHS,Bahamas,,No,,,,,,
NCD_CCS_rheumreg,Existence of a register of patients who had rheumatic fever and rheumatic heart disease,https://www.who.int/data/gho/indicator-metadata-registry/imr-details/4983,PUBLISHED,Published,,2017,2017,,EMR,Eastern Mediterranean,,BHR,Bahrain,,Yes,,,,,,
NCD_CCS_rheumreg,Existence of a register of patients who had rheumatic fever and rheumatic heart disease,https://www.who.int/data/gho/indicator-metadata-registry/imr-details/4983,PUBLISHED,Published,,2017,2017,,SEAR,South-East Asia,,BGD,Bangladesh,,No,,,,,,
NCD_CCS_rheumreg,Existence of a register of patients who had rheumatic fever and rheumatic heart disease,https://www.who.int/data/gho/indicator-metadata-registry/imr-details/4983,PUBLISHED,Published,,2017,2017,,AMR,Americas,,BRB,Barbados,,No,,,,,,
NCD_CCS_rheumreg,Existence of a register of patients who had rheumatic fever and rheumatic heart disease,https://www.who.int/data/gho/indicator-metadata-registry/imr-details/4983,PUBLISHED,Published,,2017,2017,,EUR,Europe,,BLR,Belarus,,No,,,,,,
NCD_CCS_rheumreg,Existence of a register of patients who had rheumatic fever and rheumatic heart disease,https://www.who.int/data/gho/indicator-metadata-registry/imr-details/4983,PUBLISHED,Published,,2017,2017,,EUR,Europe,,BEL,Belgium,,No,,,,,,
NCD_CCS_rheumreg,Existence of a register of patients who had rheumatic fever and rheumatic heart disease,https://www.who.int/data/gho/indicator-metadata-registry/imr-details/4983,PUBLISHED,Published,,2017,2017,,AMR,Americas,,BLZ,Belize,,No,,,,,,
NCD_CCS_rheumreg,Existence of a register of patients who had rheumatic fever and rheumatic heart disease,https://www.who.int/data/gho/indicator-metadata-registry/imr-details/4983,PUBLISHED,Published,,2017,2017,,AFR,Africa,,BEN,Benin,,No,,,,,,
NCD_CCS_rheumreg,Existence of a register of patients who had rheumatic fever and rheumatic heart disease,https://www.who.int/data/gho/indicator-metadata-registry/imr-details/4983,PUBLISHED,Published,,2017,2017,,SEAR,South-East Asia,,BTN,Bhutan,,No,,,,,,
NCD_CCS_rheumreg,Existence of a register of patients who had rheumatic fever and rheumatic heart disease,https://www.who.int/data/gho/indicator-metadata-registry/imr-details/4983,PUBLISHED,Published,,2017,2017,,AMR,Americas,,BOL,Bolivia (Plurinational State of),,Don't know,,,,,,
NCD_CCS_rheumreg,Existence of a register of patients who had rheumatic fever and rheumatic heart disease,https://www.who.int/data/gho/indicator-metadata-registry/imr-details/4983,PUBLISHED,Published,,2017,2017,,EUR,Europe,,BIH,Bosnia and Herzegovina,,No,,,,,,
NCD_CCS_rheumreg,Existence of a register of patients who had rheumatic fever and rheumatic heart disease,https://www.who.int/data/gho/indicator-metadata-registry/imr-details/4983,PUBLISHED,Published,,2017,2017,,AFR,Africa,,BWA,Botswana,,No,,,,,,
NCD_CCS_rheumreg,Existence of a register of patients who had rheumatic fever and rheumatic heart disease,https://www.who.int/data/gho/indicator-metadata-registry/imr-details/4983,PUBLISHED,Published,,2017,2017,,AMR,Americas,,BRA,Brazil,,No,,,,,,
NCD_CCS_rheumreg,Existence of a register of patients who had rheumatic fever and rheumatic heart disease,https://www.who.int/data/gho/indicator-metadata-registry/imr-details/4983,PUBLISHED,Published,,2017,2017,,WPR,Western Pacific,,BRN,Brunei Darussalam,,No,,,,,,
NCD_CCS_rheumreg,Existence of a register of patients who had rheumatic fever and rheumatic heart disease,https://www.who.int/data/gho/indicator-metadata-registry/imr-details/4983,PUBLISHED,Published,,2017,2017,,EUR,Europe,,BGR,Bulgaria,,Don't know,,,,,,
NCD_CCS_rheumreg,Existence of a register of patients who had rheumatic fever and rheumatic heart disease,https://www.who.int/data/gho/indicator-metadata-registry/imr-details/4983,PUBLISHED,Published,,2017,2017,,AFR,Africa,,BFA,Burkina Faso,,No,,,,,,
NCD_CCS_rheumreg,Existence of a register of patients who had rheumatic fever and rheumatic heart disease,https://www.who.int/data/gho/indicator-metadata-registry/imr-details/4983,PUBLISHED,Published,,2017,2017,,AFR,Africa,,BDI,Burundi,,No,,,,,,
NCD_CCS_rheumreg,Existence of a register of patients who had rheumatic fever and rheumatic heart disease,https://www.who.int/data/gho/indicator-metadata-registry/imr-details/4983,PUBLISHED,Published,,2017,2017,,AFR,Africa,,CPV,Cabo Verde,,Yes,,,,,,
NCD_CCS_rheumreg,Existence of a register of patients who had rheumatic fever and rheumatic heart disease,https://www.who.int/data/gho/indicator-metadata-registry/imr-details/4983,PUBLISHED,Published,,2017,2017,,WPR,Western Pacific,,KHM,Cambodia,,No,,,,,,
NCD_CCS_rheumreg,Existence of a register of patients who had rheumatic fever and rheumatic heart disease,https://www.who.int/data/gho/indicator-metadata-registry/imr-details/4983,PUBLISHED,Published,,2017,2017,,AFR,Africa,,CMR,Cameroon,,No,,,,,,
NCD_CCS_rheumreg,Existence of a register of patients who had rheumatic fever and rheumatic heart disease,https://www.who.int/data/gho/indicator-metadata-registry/imr-details/4983,PUBLISHED,Published,,2017,2017,,AMR,Americas,,CAN,Canada,,No,,,,,,
NCD_CCS_rheumreg,Existence of a register of patients who had rheumatic fever and rheumatic heart disease,https://www.who.int/data/gho/indicator-metadata-registry/imr-details/4983,PUBLISHED,Published,,2017,2017,,AFR,Africa,,CAF,Central African Republic,,No,,,,,,
NCD_CCS_rheumreg,Existence of a register of patients who had rheumatic fever and rheumatic heart disease,https://www.who.int/data/gho/indicator-metadata-registry/imr-details/4983,PUBLISHED,Published,,2017,2017,,AFR,Africa,,TCD,Chad,,No,,,,,,
NCD_CCS_rheumreg,Existence of a register of patients who had rheumatic fever and rheumatic heart disease,https://www.who.int/data/gho/indicator-metadata-registry/imr-details/4983,PUBLISHED,Published,,2017,2017,,AMR,Americas,,CHL,Chile,,No,,,,,,
NCD_CCS_rheumreg,Existence of a register of patients who had rheumatic fever and rheumatic heart disease,https://www.who.int/data/gho/indicator-metadata-registry/imr-details/4983,PUBLISHED,Published,,2017,2017,,WPR,Western Pacific,,CHN,China,,No,,,,,,
NCD_CCS_rheumreg,Existence of a register of patients who had rheumatic fever and rheumatic heart disease,https://www.who.int/data/gho/indicator-metadata-registry/imr-details/4983,PUBLISHED,Published,,2017,2017,,AMR,Americas,,COL,Colombia,,Don't know,,,,,,
NCD_CCS_rheumreg,Existence of a register of patients who had rheumatic fever and rheumatic heart disease,https://www.who.int/data/gho/indicator-metadata-registry/imr-details/4983,PUBLISHED,Published,,2017,2017,,AFR,Africa,,COM,Comoros,,No,,,,,,
NCD_CCS_rheumreg,Existence of a register of patients who had rheumatic fever and rheumatic heart disease,https://www.who.int/data/gho/indicator-metadata-registry/imr-details/4983,PUBLISHED,Published,,2017,2017,,AFR,Africa,,COG,Congo,,Yes,,,,,,
NCD_CCS_rheumreg,Existence of a register of patients who had rheumatic fever and rheumatic heart disease,https://www.who.int/data/gho/indicator-metadata-registry/imr-details/4983,PUBLISHED,Published,,2017,2017,,WPR,Western Pacific,,COK,Cook Islands,,Yes,,,,,,
NCD_CCS_rheumreg,Existence of a register of patients who had rheumatic fever and rheumatic heart disease,https://www.who.int/data/gho/indicator-metadata-registry/imr-details/4983,PUBLISHED,Published,,2017,2017,,AMR,Americas,,CRI,Costa Rica,,No,,,,,,
NCD_CCS_rheumreg,Existence of a register of patients who had rheumatic fever and rheumatic heart disease,https://www.who.int/data/gho/indicator-metadata-registry/imr-details/4983,PUBLISHED,Published,,2017,2017,,EUR,Europe,,HRV,Croatia,,No,,,,,,
NCD_CCS_rheumreg,Existence of a register of patients who had rheumatic fever and rheumatic heart disease,https://www.who.int/data/gho/indicator-metadata-registry/imr-details/4983,PUBLISHED,Published,,2017,2017,,AMR,Americas,,CUB,Cuba,,Yes,,,,,,
NCD_CCS_rheumreg,Existence of a register of patients who had rheumatic fever and rheumatic heart disease,https://www.who.int/data/gho/indicator-metadata-registry/imr-details/4983,PUBLISHED,Published,,2017,2017,,EUR,Europe,,CYP,Cyprus,,Yes,,,,,,
NCD_CCS_rheumreg,Existence of a register of patients who had rheumatic fever and rheumatic heart disease,https://www.who.int/data/gho/indicator-metadata-registry/imr-details/4983,PUBLISHED,Published,,2017,2017,,EUR,Europe,,CZE,Czechia,,No,,,,,,
NCD_CCS_rheumreg,Existence of a register of patients who had rheumatic fever and rheumatic heart disease,https://www.who.int/data/gho/indicator-metadata-registry/imr-details/4983,PUBLISHED,Published,,2017,2017,,AFR,Africa,,CIV,Côte d'Ivoire,,No,,,,,,
NCD_CCS_rheumreg,Existence of a register of patients who had rheumatic fever and rheumatic heart disease,https://www.who.int/data/gho/indicator-metadata-registry/imr-details/4983,PUBLISHED,Published,,2017,2017,,SEAR,South-East Asia,,PRK,Democratic People's Republic of Korea,,Yes,,,,,,
NCD_CCS_rheumreg,Existence of a register of patients who had rheumatic fever and rheumatic heart disease,https://www.who.int/data/gho/indicator-metadata-registry/imr-details/4983,PUBLISHED,Published,,2017,2017,,AFR,Africa,,COD,Democratic Republic of the Congo,,No,,,,,,
NCD_CCS_rheumreg,Existence of a register of patients who had rheumatic fever and rheumatic heart disease,https://www.who.int/data/gho/indicator-metadata-registry/imr-details/4983,PUBLISHED,Published,,2017,2017,,EUR,Europe,,DNK,Denmark,,Don't know,,,,,,
NCD_CCS_rheumreg,Existence of a register of patients who had rheumatic fever and rheumatic heart disease,https://www.who.int/data/gho/indicator-metadata-registry/imr-details/4983,PUBLISHED,Published,,2017,2017,,EMR,Eastern Mediterranean,,DJI,Djibouti,,No,,,,,,
NCD_CCS_rheumreg,Existence of a register of patients who had rheumatic fever and rheumatic heart disease,https://www.who.int/data/gho/indicator-metadata-registry/imr-details/4983,PUBLISHED,Published,,2017,2017,,AMR,Americas,,DMA,Dominica,,Don't know,,,,,,
NCD_CCS_rheumreg,Existence of a register of patients who had rheumatic fever and rheumatic heart disease,https://www.who.int/data/gho/indicator-metadata-registry/imr-details/4983,PUBLISHED,Published,,2017,2017,,AMR,Americas,,DOM,Dominican Republic,,Yes,,,,,,
NCD_CCS_rheumreg,Existence of a register of patients who had rheumatic fever and rheumatic heart disease,https://www.who.int/data/gho/indicator-metadata-registry/imr-details/4983,PUBLISHED,Published,,2017,2017,,AMR,Americas,,ECU,Ecuador,,No,,,,,,
NCD_CCS_rheumreg,Existence of a register of patients who had rheumatic fever and rheumatic heart disease,https://www.who.int/data/gho/indicator-metadata-registry/imr-details/4983,PUBLISHED,Published,,2017,2017,,EMR,Eastern Mediterranean,,EGY,Egypt,,No,,,,,,
NCD_CCS_rheumreg,Existence of a register of patients who had rheumatic fever and rheumatic heart disease,https://www.who.int/data/gho/indicator-metadata-registry/imr-details/4983,PUBLISHED,Published,,2017,2017,,AMR,Americas,,SLV,El Salvador,,No,,,,,,
NCD_CCS_rheumreg,Existence of a register of patients who had rheumatic fever and rheumatic heart disease,https://www.who.int/data/gho/indicator-metadata-registry/imr-details/4983,PUBLISHED,Published,,2017,2017,,AFR,Africa,,GNQ,Equatorial Guinea,,Don't know,,,,,,
NCD_CCS_rheumreg,Existence of a register of patients who had rheumatic fever and rheumatic heart disease,https://www.who.int/data/gho/indicator-metadata-registry/imr-details/4983,PUBLISHED,Published,,2017,2017,,AFR,Africa,,ERI,Eritrea,,Yes,,,,,,
NCD_CCS_rheumreg,Existence of a register of patients who had rheumatic fever and rheumatic heart disease,https://www.who.int/data/gho/indicator-metadata-registry/imr-details/4983,PUBLISHED,Published,,2017,2017,,EUR,Europe,,EST,Estonia,,Yes,,,,,,
NCD_CCS_rheumreg,Existence of a register of patients who had rheumatic fever and rheumatic heart disease,https://www.who.int/data/gho/indicator-metadata-registry/imr-details/4983,PUBLISHED,Published,,2017,2017,,AFR,Africa,,ETH,Ethiopia,,No,,,,,,
NCD_CCS_rheumreg,Existence of a register of patients who had rheumatic fever and rheumatic heart disease,https://www.who.int/data/gho/indicator-metadata-registry/imr-details/4983,PUBLISHED,Published,,2017,2017,,WPR,Western Pacific,,FJI,Fiji,,Yes,,,,,,
NCD_CCS_rheumreg,Existence of a register of patients who had rheumatic fever and rheumatic heart disease,https://www.who.int/data/gho/indicator-metadata-registry/imr-details/4983,PUBLISHED,Published,,2017,2017,,EUR,Europe,,FIN,Finland,,No,,,,,,
NCD_CCS_rheumreg,Existence of a register of patients who had rheumatic fever and rheumatic heart disease,https://www.who.int/data/gho/indicator-metadata-registry/imr-details/4983,PUBLISHED,Published,,2017,2017,,EUR,Europe,,FRA,France,,No,,,,,,
NCD_CCS_rheumreg,Existence of a register of patients who had rheumatic fever and rheumatic heart disease,https://www.who.int/data/gho/indicator-metadata-registry/imr-details/4983,PUBLISHED,Published,,2017,2017,,AFR,Africa,,GAB,Gabon,,No,,,,,,
NCD_CCS_rheumreg,Existence of a register of patients who had rheumatic fever and rheumatic heart disease,https://www.who.int/data/gho/indicator-metadata-registry/imr-details/4983,PUBLISHED,Published,,2017,2017,,AFR,Africa,,GMB,Gambia,,No response,,,,,,
NCD_CCS_rheumreg,Existence of a register of patients who had rheumatic fever and rheumatic heart disease,https://www.who.int/data/gho/indicator-metadata-registry/imr-details/4983,PUBLISHED,Published,,2017,2017,,EUR,Europe,,GEO,Georgia,,No,,,,,,
NCD_CCS_rheumreg,Existence of a register of patients who had rheumatic fever and rheumatic heart disease,https://www.who.int/data/gho/indicator-metadata-registry/imr-details/4983,PUBLISHED,Published,,2017,2017,,EUR,Europe,,DEU,Germany,,Don't know,,,,,,
NCD_CCS_rheumreg,Existence of a register of patients who had rheumatic fever and rheumatic heart disease,https://www.who.int/data/gho/indicator-metadata-registry/imr-details/4983,PUBLISHED,Published,,2017,2017,,AFR,Africa,,GHA,Ghana,,No,,,,,,
NCD_CCS_rheumreg,Existence of a register of patients who had rheumatic fever and rheumatic heart disease,https://www.who.int/data/gho/indicator-metadata-registry/imr-details/4983,PUBLISHED,Published,,2017,2017,,EUR,Europe,,GRC,Greece,,No,,,,,,
NCD_CCS_rheumreg,Existence of a register of patients who had rheumatic fever and rheumatic heart disease,https://www.who.int/data/gho/indicator-metadata-registry/imr-details/4983,PUBLISHED,Published,,2017,2017,,AMR,Americas,,GRD,Grenada,,Yes,,,,,,
NCD_CCS_rheumreg,Existence of a register of patients who had rheumatic fever and rheumatic heart disease,https://www.who.int/data/gho/indicator-metadata-registry/imr-details/4983,PUBLISHED,Published,,2017,2017,,AMR,Americas,,GTM,Guatemala,,Yes,,,,,,
NCD_CCS_rheumreg,Existence of a register of patients who had rheumatic fever and rheumatic heart disease,https://www.who.int/data/gho/indicator-metadata-registry/imr-details/4983,PUBLISHED,Published,,2017,2017,,AFR,Africa,,GIN,Guinea,,No,,,,,,
NCD_CCS_rheumreg,Existence of a register of patients who had rheumatic fever and rheumatic heart disease,https://www.who.int/data/gho/indicator-metadata-registry/imr-details/4983,PUBLISHED,Published,,2017,2017,,AFR,Africa,,GNB,Guinea-Bissau,,No,,,,,,
NCD_CCS_rheumreg,Existence of a register of patients who had rheumatic fever and rheumatic heart disease,https://www.who.int/data/gho/indicator-metadata-registry/imr-details/4983,PUBLISHED,Published,,2017,2017,,AMR,Americas,,GUY,Guyana,,No,,,,,,
NCD_CCS_rheumreg,Existence of a register of patients who had rheumatic fever and rheumatic heart disease,https://www.who.int/data/gho/indicator-metadata-registry/imr-details/4983,PUBLISHED,Published,,2017,2017,,AMR,Americas,,HTI,Haiti,,No,,,,,,
NCD_CCS_rheumreg,Existence of a register of patients who had rheumatic fever and rheumatic heart disease,https://www.who.int/data/gho/indicator-metadata-registry/imr-details/4983,PUBLISHED,Published,,2017,2017,,AMR,Americas,,HND,Honduras,,No,,,,,,
NCD_CCS_rheumreg,Existence of a register of patients who had rheumatic fever and rheumatic heart disease,https://www.who.int/data/gho/indicator-metadata-registry/imr-details/4983,PUBLISHED,Published,,2017,2017,,EUR,Europe,,HUN,Hungary,,Don't know,,,,,,
NCD_CCS_rheumreg,Existence of a register of patients who had rheumatic fever and rheumatic heart disease,https://www.who.int/data/gho/indicator-metadata-registry/imr-details/4983,PUBLISHED,Published,,2017,2017,,EUR,Europe,,ISL,Iceland,,No,,,,,,
NCD_CCS_rheumreg,Existence of a register of patients who had rheumatic fever and rheumatic heart disease,https://www.who.int/data/gho/indicator-metadata-registry/imr-details/4983,PUBLISHED,Published,,2017,2017,,SEAR,South-East Asia,,IND,India,,No,,,,,,
NCD_CCS_rheumreg,Existence of a register of patients who had rheumatic fever and rheumatic heart disease,https://www.who.int/data/gho/indicator-metadata-registry/imr-details/4983,PUBLISHED,Published,,2017,2017,,SEAR,South-East Asia,,IDN,Indonesia,,No,,,,,,
NCD_CCS_rheumreg,Existence of a register of patients who had rheumatic fever and rheumatic heart disease,https://www.who.int/data/gho/indicator-metadata-registry/imr-details/4983,PUBLISHED,Published,,2017,2017,,EMR,Eastern Mediterranean,,IRN,Iran (Islamic Republic of),,No,,,,,,
NCD_CCS_rheumreg,Existence of a register of patients who had rheumatic fever and rheumatic heart disease,https://www.who.int/data/gho/indicator-metadata-registry/imr-details/4983,PUBLISHED,Published,,2017,2017,,EMR,Eastern Mediterranean,,IRQ,Iraq,,Don't know,,,,,,
NCD_CCS_rheumreg,Existence of a register of patients who had rheumatic fever and rheumatic heart disease,https://www.who.int/data/gho/indicator-metadata-registry/imr-details/4983,PUBLISHED,Published,,2017,2017,,EUR,Europe,,IRL,Ireland,,No,,,,,,
NCD_CCS_rheumreg,Existence of a register of patients who had rheumatic fever and rheumatic heart disease,https://www.who.int/data/gho/indicator-metadata-registry/imr-details/4983,PUBLISHED,Published,,2017,2017,,EUR,Europe,,ISR,Israel,,No,,,,,,
NCD_CCS_rheumreg,Existence of a register of patients who had rheumatic fever and rheumatic heart disease,https://www.who.int/data/gho/indicator-metadata-registry/imr-details/4983,PUBLISHED,Published,,2017,2017,,EUR,Europe,,ITA,Italy,,No,,,,,,
NCD_CCS_rheumreg,Existence of a register of patients who had rheumatic fever and rheumatic heart disease,https://www.who.int/data/gho/indicator-metadata-registry/imr-details/4983,PUBLISHED,Published,,2017,2017,,AMR,Americas,,JAM,Jamaica,,Yes,,,,,,
NCD_CCS_rheumreg,Existence of a register of patients who had rheumatic fever and rheumatic heart disease,https://www.who.int/data/gho/indicator-metadata-registry/imr-details/4983,PUBLISHED,Published,,2017,2017,,WPR,Western Pacific,,JPN,Japan,,Don't know,,,,,,
NCD_CCS_rheumreg,Existence of a register of patients who had rheumatic fever and rheumatic heart disease,https://www.who.int/data/gho/indicator-metadata-registry/imr-details/4983,PUBLISHED,Published,,2017,2017,,EMR,Eastern Mediterranean,,JOR,Jordan,,No,,,,,,
NCD_CCS_rheumreg,Existence of a register of patients who had rheumatic fever and rheumatic heart disease,https://www.who.int/data/gho/indicator-metadata-registry/imr-details/4983,PUBLISHED,Published,,2017,2017,,EUR,Europe,,KAZ,Kazakhstan,,No,,,,,,
NCD_CCS_rheumreg,Existence of a register of patients who had rheumatic fever and rheumatic heart disease,https://www.who.int/data/gho/indicator-metadata-registry/imr-details/4983,PUBLISHED,Published,,2017,2017,,AFR,Africa,,KEN,Kenya,,Yes,,,,,,
NCD_CCS_rheumreg,Existence of a register of patients who had rheumatic fever and rheumatic heart disease,https://www.who.int/data/gho/indicator-metadata-registry/imr-details/4983,PUBLISHED,Published,,2017,2017,,WPR,Western Pacific,,KIR,Kiribati,,Yes,,,,,,
NCD_CCS_rheumreg,Existence of a register of patients who had rheumatic fever and rheumatic heart disease,https://www.who.int/data/gho/indicator-metadata-registry/imr-details/4983,PUBLISHED,Published,,2017,2017,,EMR,Eastern Mediterranean,,KWT,Kuwait,,Don't know,,,,,,
NCD_CCS_rheumreg,Existence of a register of patients who had rheumatic fever and rheumatic heart disease,https://www.who.int/data/gho/indicator-metadata-registry/imr-details/4983,PUBLISHED,Published,,2017,2017,,EUR,Europe,,KGZ,Kyrgyzstan,,No,,,,,,
NCD_CCS_rheumreg,Existence of a register of patients who had rheumatic fever and rheumatic heart disease,https://www.who.int/data/gho/indicator-metadata-registry/imr-details/4983,PUBLISHED,Published,,2017,2017,,WPR,Western Pacific,,LAO,Lao People's Democratic Republic,,No,,,,,,
NCD_CCS_rheumreg,Existence of a register of patients who had rheumatic fever and rheumatic heart disease,https://www.who.int/data/gho/indicator-metadata-registry/imr-details/4983,PUBLISHED,Published,,2017,2017,,EUR,Europe,,LVA,Latvia,,No,,,,,,
NCD_CCS_rheumreg,Existence of a register of patients who had rheumatic fever and rheumatic heart disease,https://www.who.int/data/gho/indicator-metadata-registry/imr-details/4983,PUBLISHED,Published,,2017,2017,,EMR,Eastern Mediterranean,,LBN,Lebanon,,No,,,,,,
NCD_CCS_rheumreg,Existence of a register of patients who had rheumatic fever and rheumatic heart disease,https://www.who.int/data/gho/indicator-metadata-registry/imr-details/4983,PUBLISHED,Published,,2017,2017,,AFR,Africa,,LSO,Lesotho,,No,,,,,,
NCD_CCS_rheumreg,Existence of a register of patients who had rheumatic fever and rheumatic heart disease,https://www.who.int/data/gho/indicator-metadata-registry/imr-details/4983,PUBLISHED,Published,,2017,2017,,AFR,Africa,,LBR,Liberia,,No,,,,,,
NCD_CCS_rheumreg,Existence of a register of patients who had rheumatic fever and rheumatic heart disease,https://www.who.int/data/gho/indicator-metadata-registry/imr-details/4983,PUBLISHED,Published,,2017,2017,,EMR,Eastern Mediterranean,,LBY,Libya,,No,,,,,,
NCD_CCS_rheumreg,Existence of a register of patients who had rheumatic fever and rheumatic heart disease,https://www.who.int/data/gho/indicator-metadata-registry/imr-details/4983,PUBLISHED,Published,,2017,2017,,EUR,Europe,,LTU,Lithuania,,Yes,,,,,,
NCD_CCS_rheumreg,Existence of a register of patients who had rheumatic fever and rheumatic heart disease,https://www.who.int/data/gho/indicator-metadata-registry/imr-details/4983,PUBLISHED,Published,,2017,2017,,EUR,Europe,,LUX,Luxembourg,,No,,,,,,
NCD_CCS_rheumreg,Existence of a register of patients who had rheumatic fever and rheumatic heart disease,https://www.who.int/data/gho/indicator-metadata-registry/imr-details/4983,PUBLISHED,Published,,2017,2017,,AFR,Africa,,MDG,Madagascar,,Yes,,,,,,
NCD_CCS_rheumreg,Existence of a register of patients who had rheumatic fever and rheumatic heart disease,https://www.who.int/data/gho/indicator-metadata-registry/imr-details/4983,PUBLISHED,Published,,2017,2017,,AFR,Africa,,MWI,Malawi,,Yes,,,,,,
NCD_CCS_rheumreg,Existence of a register of patients who had rheumatic fever and rheumatic heart disease,https://www.who.int/data/gho/indicator-metadata-registry/imr-details/4983,PUBLISHED,Published,,2017,2017,,WPR,Western Pacific,,MYS,Malaysia,,No,,,,,,
NCD_CCS_rheumreg,Existence of a register of patients who had rheumatic fever and rheumatic heart disease,https://www.who.int/data/gho/indicator-metadata-registry/imr-details/4983,PUBLISHED,Published,,2017,2017,,SEAR,South-East Asia,,MDV,Maldives,,No,,,,,,
NCD_CCS_rheumreg,Existence of a register of patients who had rheumatic fever and rheumatic heart disease,https://www.who.int/data/gho/indicator-metadata-registry/imr-details/4983,PUBLISHED,Published,,2017,2017,,AFR,Africa,,MLI,Mali,,No,,,,,,
NCD_CCS_rheumreg,Existence of a register of patients who had rheumatic fever and rheumatic heart disease,https://www.who.int/data/gho/indicator-metadata-registry/imr-details/4983,PUBLISHED,Published,,2017,2017,,EUR,Europe,,MLT,Malta,,No,,,,,,
NCD_CCS_rheumreg,Existence of a register of patients who had rheumatic fever and rheumatic heart disease,https://www.who.int/data/gho/indicator-metadata-registry/imr-details/4983,PUBLISHED,Published,,2017,2017,,WPR,Western Pacific,,MHL,Marshall Islands,,No,,,,,,
NCD_CCS_rheumreg,Existence of a register of patients who had rheumatic fever and rheumatic heart disease,https://www.who.int/data/gho/indicator-metadata-registry/imr-details/4983,PUBLISHED,Published,,2017,2017,,AFR,Africa,,MRT,Mauritania,,No,,,,,,
NCD_CCS_rheumreg,Existence of a register of patients who had rheumatic fever and rheumatic heart disease,https://www.who.int/data/gho/indicator-metadata-registry/imr-details/4983,PUBLISHED,Published,,2017,2017,,AFR,Africa,,MUS,Mauritius,,No,,,,,,
NCD_CCS_rheumreg,Existence of a register of patients who had rheumatic fever and rheumatic heart disease,https://www.who.int/data/gho/indicator-metadata-registry/imr-details/4983,PUBLISHED,Published,,2017,2017,,AMR,Americas,,MEX,Mexico,,Don't know,,,,,,
NCD_CCS_rheumreg,Existence of a register of patients who had rheumatic fever and rheumatic heart disease,https://www.who.int/data/gho/indicator-metadata-registry/imr-details/4983,PUBLISHED,Published,,2017,2017,,WPR,Western Pacific,,FSM,Micronesia (Federated States of),,Don't know,,,,,,
NCD_CCS_rheumreg,Existence of a register of patients who had rheumatic fever and rheumatic heart disease,https://www.who.int/data/gho/indicator-metadata-registry/imr-details/4983,PUBLISHED,Published,,2017,2017,,EUR,Europe,,MCO,Monaco,,No,,,,,,
NCD_CCS_rheumreg,Existence of a register of patients who had rheumatic fever and rheumatic heart disease,https://www.who.int/data/gho/indicator-metadata-registry/imr-details/4983,PUBLISHED,Published,,2017,2017,,WPR,Western Pacific,,MNG,Mongolia,,No,,,,,,
NCD_CCS_rheumreg,Existence of a register of patients who had rheumatic fever and rheumatic heart disease,https://www.who.int/data/gho/indicator-metadata-registry/imr-details/4983,PUBLISHED,Published,,2017,2017,,EUR,Europe,,MNE,Montenegro,,No,,,,,,
NCD_CCS_rheumreg,Existence of a register of patients who had rheumatic fever and rheumatic heart disease,https://www.who.int/data/gho/indicator-metadata-registry/imr-details/4983,PUBLISHED,Published,,2017,2017,,EMR,Eastern Mediterranean,,MAR,Morocco,,No,,,,,,
NCD_CCS_rheumreg,Existence of a register of patients who had rheumatic fever and rheumatic heart disease,https://www.who.int/data/gho/indicator-metadata-registry/imr-details/4983,PUBLISHED,Published,,2017,2017,,AFR,Africa,,MOZ,Mozambique,,Yes,,,,,,
NCD_CCS_rheumreg,Existence of a register of patients who had rheumatic fever and rheumatic heart disease,https://www.who.int/data/gho/indicator-metadata-registry/imr-details/4983,PUBLISHED,Published,,2017,2017,,SEAR,South-East Asia,,MMR,Myanmar,,Yes,,,,,,
NCD_CCS_rheumreg,Existence of a register of patients who had rheumatic fever and rheumatic heart disease,https://www.who.int/data/gho/indicator-metadata-registry/imr-details/4983,PUBLISHED,Published,,2017,2017,,AFR,Africa,,NAM,Namibia,,No,,,,,,
NCD_CCS_rheumreg,Existence of a register of patients who had rheumatic fever and rheumatic heart disease,https://www.who.int/data/gho/indicator-metadata-registry/imr-details/4983,PUBLISHED,Published,,2017,2017,,WPR,Western Pacific,,NRU,Nauru,,Yes,,,,,,
NCD_CCS_rheumreg,Existence of a register of patients who had rheumatic fever and rheumatic heart disease,https://www.who.int/data/gho/indicator-metadata-registry/imr-details/4983,PUBLISHED,Published,,2017,2017,,SEAR,South-East Asia,,NPL,Nepal,,Yes,,,,,,
NCD_CCS_rheumreg,Existence of a register of patients who had rheumatic fever and rheumatic heart disease,https://www.who.int/data/gho/indicator-metadata-registry/imr-details/4983,PUBLISHED,Published,,2017,2017,,EUR,Europe,,NLD,Netherlands,,No,,,,,,
NCD_CCS_rheumreg,Existence of a register of patients who had rheumatic fever and rheumatic heart disease,https://www.who.int/data/gho/indicator-metadata-registry/imr-details/4983,PUBLISHED,Published,,2017,2017,,WPR,Western Pacific,,NZL,New Zealand,,No,,,,,,
NCD_CCS_rheumreg,Existence of a register of patients who had rheumatic fever and rheumatic heart disease,https://www.who.int/data/gho/indicator-metadata-registry/imr-details/4983,PUBLISHED,Published,,2017,2017,,AMR,Americas,,NIC,Nicaragua,,No,,,,,,
NCD_CCS_rheumreg,Existence of a register of patients who had rheumatic fever and rheumatic heart disease,https://www.who.int/data/gho/indicator-metadata-registry/imr-details/4983,PUBLISHED,Published,,2017,2017,,AFR,Africa,,NER,Niger,,No,,,,,,
NCD_CCS_rheumreg,Existence of a register of patients who had rheumatic fever and rheumatic heart disease,https://www.who.int/data/gho/indicator-metadata-registry/imr-details/4983,PUBLISHED,Published,,2017,2017,,AFR,Africa,,NGA,Nigeria,,No,,,,,,
NCD_CCS_rheumreg,Existence of a register of patients who had rheumatic fever and rheumatic heart disease,https://www.who.int/data/gho/indicator-metadata-registry/imr-details/4983,PUBLISHED,Published,,2017,2017,,WPR,Western Pacific,,NIU,Niue,,Yes,,,,,,
NCD_CCS_rheumreg,Existence of a register of patients who had rheumatic fever and rheumatic heart disease,https://www.who.int/data/gho/indicator-metadata-registry/imr-details/4983,PUBLISHED,Published,,2017,2017,,EUR,Europe,,NOR,Norway,,No,,,,,,
NCD_CCS_rheumreg,Existence of a register of patients who had rheumatic fever and rheumatic heart disease,https://www.who.int/data/gho/indicator-metadata-registry/imr-details/4983,PUBLISHED,Published,,2017,2017,,EMR,Eastern Mediterranean,,OMN,Oman,,No,,,,,,
NCD_CCS_rheumreg,Existence of a register of patients who had rheumatic fever and rheumatic heart disease,https://www.who.int/data/gho/indicator-metadata-registry/imr-details/4983,PUBLISHED,Published,,2017,2017,,EMR,Eastern Mediterranean,,PAK,Pakistan,,No,,,,,,
NCD_CCS_rheumreg,Existence of a register of patients who had rheumatic fever and rheumatic heart disease,https://www.who.int/data/gho/indicator-metadata-registry/imr-details/4983,PUBLISHED,Published,,2017,2017,,WPR,Western Pacific,,PLW,Palau,,Yes,,,,,,
NCD_CCS_rheumreg,Existence of a register of patients who had rheumatic fever and rheumatic heart disease,https://www.who.int/data/gho/indicator-metadata-registry/imr-details/4983,PUBLISHED,Published,,2017,2017,,AMR,Americas,,PAN,Panama,,Yes,,,,,,
NCD_CCS_rheumreg,Existence of a register of patients who had rheumatic fever and rheumatic heart disease,https://www.who.int/data/gho/indicator-metadata-registry/imr-details/4983,PUBLISHED,Published,,2017,2017,,WPR,Western Pacific,,PNG,Papua New Guinea,,Yes,,,,,,
NCD_CCS_rheumreg,Existence of a register of patients who had rheumatic fever and rheumatic heart disease,https://www.who.int/data/gho/indicator-metadata-registry/imr-details/4983,PUBLISHED,Published,,2017,2017,,AMR,Americas,,PRY,Paraguay,,No,,,,,,
NCD_CCS_rheumreg,Existence of a register of patients who had rheumatic fever and rheumatic heart disease,https://www.who.int/data/gho/indicator-metadata-registry/imr-details/4983,PUBLISHED,Published,,2017,2017,,AMR,Americas,,PER,Peru,,No,,,,,,
NCD_CCS_rheumreg,Existence of a register of patients who had rheumatic fever and rheumatic heart disease,https://www.who.int/data/gho/indicator-metadata-registry/imr-details/4983,PUBLISHED,Published,,2017,2017,,WPR,Western Pacific,,PHL,Philippines,,Don't know,,,,,,
NCD_CCS_rheumreg,Existence of a register of patients who had rheumatic fever and rheumatic heart disease,https://www.who.int/data/gho/indicator-metadata-registry/imr-details/4983,PUBLISHED,Published,,2017,2017,,EUR,Europe,,POL,Poland,,No,,,,,,
NCD_CCS_rheumreg,Existence of a register of patients who had rheumatic fever and rheumatic heart disease,https://www.who.int/data/gho/indicator-metadata-registry/imr-details/4983,PUBLISHED,Published,,2017,2017,,EUR,Europe,,PRT,Portugal,,No,,,,,,
NCD_CCS_rheumreg,Existence of a register of patients who had rheumatic fever and rheumatic heart disease,https://www.who.int/data/gho/indicator-metadata-registry/imr-details/4983,PUBLISHED,Published,,2017,2017,,EMR,Eastern Mediterranean,,QAT,Qatar,,Don't know,,,,,,
NCD_CCS_rheumreg,Existence of a register of patients who had rheumatic fever and rheumatic heart disease,https://www.who.int/data/gho/indicator-metadata-registry/imr-details/4983,PUBLISHED,Published,,2017,2017,,WPR,Western Pacific,,KOR,Republic of Korea,,No,,,,,,
NCD_CCS_rheumreg,Existence of a register of patients who had rheumatic fever and rheumatic heart disease,https://www.who.int/data/gho/indicator-metadata-registry/imr-details/4983,PUBLISHED,Published,,2017,2017,,EUR,Europe,,MDA,Republic of Moldova,,No,,,,,,
NCD_CCS_rheumreg,Existence of a register of patients who had rheumatic fever and rheumatic heart disease,https://www.who.int/data/gho/indicator-metadata-registry/imr-details/4983,PUBLISHED,Published,,2017,2017,,EUR,Europe,,ROU,Romania,,No,,,,,,
NCD_CCS_rheumreg,Existence of a register of patients who had rheumatic fever and rheumatic heart disease,https://www.who.int/data/gho/indicator-metadata-registry/imr-details/4983,PUBLISHED,Published,,2017,2017,,EUR,Europe,,RUS,Russian Federation,,Don't know,,,,,,
NCD_CCS_rheumreg,Existence of a register of patients who had rheumatic fever and rheumatic heart disease,https://www.who.int/data/gho/indicator-metadata-registry/imr-details/4983,PUBLISHED,Published,,2017,2017,,AFR,Africa,,RWA,Rwanda,,Yes,,,,,,
NCD_CCS_rheumreg,Existence of a register of patients who had rheumatic fever and rheumatic heart disease,https://www.who.int/data/gho/indicator-metadata-registry/imr-details/4983,PUBLISHED,Published,,2017,2017,,AMR,Americas,,KNA,Saint Kitts and Nevis,,No,,,,,,
NCD_CCS_rheumreg,Existence of a register of patients who had rheumatic fever and rheumatic heart disease,https://www.who.int/data/gho/indicator-metadata-registry/imr-details/4983,PUBLISHED,Published,,2017,2017,,AMR,Americas,,LCA,Saint Lucia,,No,,,,,,
NCD_CCS_rheumreg,Existence of a register of patients who had rheumatic fever and rheumatic heart disease,https://www.who.int/data/gho/indicator-metadata-registry/imr-details/4983,PUBLISHED,Published,,2017,2017,,AMR,Americas,,VCT,Saint Vincent and the Grenadines,,Yes,,,,,,
NCD_CCS_rheumreg,Existence of a register of patients who had rheumatic fever and rheumatic heart disease,https://www.who.int/data/gho/indicator-metadata-registry/imr-details/4983,PUBLISHED,Published,,2017,2017,,WPR,Western Pacific,,WSM,Samoa,,Yes,,,,,,
NCD_CCS_rheumreg,Existence of a register of patients who had rheumatic fever and rheumatic heart disease,https://www.who.int/data/gho/indicator-metadata-registry/imr-details/4983,PUBLISHED,Published,,2017,2017,,EUR,Europe,,SMR,San Marino,,Don't know,,,,,,
NCD_CCS_rheumreg,Existence of a register of patients who had rheumatic fever and rheumatic heart disease,https://www.who.int/data/gho/indicator-metadata-registry/imr-details/4983,PUBLISHED,Published,,2017,2017,,AFR,Africa,,STP,Sao Tome and Principe,,No,,,,,,
NCD_CCS_rheumreg,Existence of a register of patients who had rheumatic fever and rheumatic heart disease,https://www.who.int/data/gho/indicator-metadata-registry/imr-details/4983,PUBLISHED,Published,,2017,2017,,EMR,Eastern Mediterranean,,SAU,Saudi Arabia,,No,,,,,,
NCD_CCS_rheumreg,Existence of a register of patients who had rheumatic fever and rheumatic heart disease,https://www.who.int/data/gho/indicator-metadata-registry/imr-details/4983,PUBLISHED,Published,,2017,2017,,AFR,Africa,,SEN,Senegal,,No,,,,,,
NCD_CCS_rheumreg,Existence of a register of patients who had rheumatic fever and rheumatic heart disease,https://www.who.int/data/gho/indicator-metadata-registry/imr-details/4983,PUBLISHED,Published,,2017,2017,,EUR,Europe,,SRB,Serbia,,No,,,,,,
NCD_CCS_rheumreg,Existence of a register of patients who had rheumatic fever and rheumatic heart disease,https://www.who.int/data/gho/indicator-metadata-registry/imr-details/4983,PUBLISHED,Published,,2017,2017,,AFR,Africa,,SYC,Seychelles,,No,,,,,,
NCD_CCS_rheumreg,Existence of a register of patients who had rheumatic fever and rheumatic heart disease,https://www.who.int/data/gho/indicator-metadata-registry/imr-details/4983,PUBLISHED,Published,,2017,2017,,AFR,Africa,,SLE,Sierra Leone,,Don't know,,,,,,
NCD_CCS_rheumreg,Existence of a register of patients who had rheumatic fever and rheumatic heart disease,https://www.who.int/data/gho/indicator-metadata-registry/imr-details/4983,PUBLISHED,Published,,2017,2017,,WPR,Western Pacific,,SGP,Singapore,,Yes,,,,,,
NCD_CCS_rheumreg,Existence of a register of patients who had rheumatic fever and rheumatic heart disease,https://www.who.int/data/gho/indicator-metadata-registry/imr-details/4983,PUBLISHED,Published,,2017,2017,,EUR,Europe,,SVK,Slovakia,,No response,,,,,,
NCD_CCS_rheumreg,Existence of a register of patients who had rheumatic fever and rheumatic heart disease,https://www.who.int/data/gho/indicator-metadata-registry/imr-details/4983,PUBLISHED,Published,,2017,2017,,EUR,Europe,,SVN,Slovenia,,Don't know,,,,,,
NCD_CCS_rheumreg,Existence of a register of patients who had rheumatic fever and rheumatic heart disease,https://www.who.int/data/gho/indicator-metadata-registry/imr-details/4983,PUBLISHED,Published,,2017,2017,,WPR,Western Pacific,,SLB,Solomon Islands,,Yes,,,,,,
NCD_CCS_rheumreg,Existence of a register of patients who had rheumatic fever and rheumatic heart disease,https://www.who.int/data/gho/indicator-metadata-registry/imr-details/4983,PUBLISHED,Published,,2017,2017,,EMR,Eastern Mediterranean,,SOM,Somalia,,No,,,,,,
NCD_CCS_rheumreg,Existence of a register of patients who had rheumatic fever and rheumatic heart disease,https://www.who.int/data/gho/indicator-metadata-registry/imr-details/4983,PUBLISHED,Published,,2017,2017,,AFR,Africa,,ZAF,South Africa,,No,,,,,,
NCD_CCS_rheumreg,Existence of a register of patients who had rheumatic fever and rheumatic heart disease,https://www.who.int/data/gho/indicator-metadata-registry/imr-details/4983,PUBLISHED,Published,,2017,2017,,AFR,Africa,,SSD,South Sudan,,No,,,,,,
NCD_CCS_rheumreg,Existence of a register of patients who had rheumatic fever and rheumatic heart disease,https://www.who.int/data/gho/indicator-metadata-registry/imr-details/4983,PUBLISHED,Published,,2017,2017,,EUR,Europe,,ESP,Spain,,No,,,,,,
NCD_CCS_rheumreg,Existence of a register of patients who had rheumatic fever and rheumatic heart disease,https://www.who.int/data/gho/indicator-metadata-registry/imr-details/4983,PUBLISHED,Published,,2017,2017,,SEAR,South-East Asia,,LKA,Sri Lanka,,No,,,,,,
NCD_CCS_rheumreg,Existence of a register of patients who had rheumatic fever and rheumatic heart disease,https://www.who.int/data/gho/indicator-metadata-registry/imr-details/4983,PUBLISHED,Published,,2017,2017,,EMR,Eastern Mediterranean,,SDN,Sudan,,No,,,,,,
NCD_CCS_rheumreg,Existence of a register of patients who had rheumatic fever and rheumatic heart disease,https://www.who.int/data/gho/indicator-metadata-registry/imr-details/4983,PUBLISHED,Published,,2017,2017,,AMR,Americas,,SUR,Suriname,,No,,,,,,
NCD_CCS_rheumreg,Existence of a register of patients who had rheumatic fever and rheumatic heart disease,https://www.who.int/data/gho/indicator-metadata-registry/imr-details/4983,PUBLISHED,Published,,2017,2017,,AFR,Africa,,SWZ,Eswatini,,No,,,,,,
NCD_CCS_rheumreg,Existence of a register of patients who had rheumatic fever and rheumatic heart disease,https://www.who.int/data/gho/indicator-metadata-registry/imr-details/4983,PUBLISHED,Published,,2017,2017,,EUR,Europe,,SWE,Sweden,,Yes,,,,,,
NCD_CCS_rheumreg,Existence of a register of patients who had rheumatic fever and rheumatic heart disease,https://www.who.int/data/gho/indicator-metadata-registry/imr-details/4983,PUBLISHED,Published,,2017,2017,,EUR,Europe,,CHE,Switzerland,,Yes,,,,,,
NCD_CCS_rheumreg,Existence of a register of patients who had rheumatic fever and rheumatic heart disease,https://www.who.int/data/gho/indicator-metadata-registry/imr-details/4983,PUBLISHED,Published,,2017,2017,,EMR,Eastern Mediterranean,,SYR,Syrian Arab Republic,,No,,,,,,
NCD_CCS_rheumreg,Existence of a register of patients who had rheumatic fever and rheumatic heart disease,https://www.who.int/data/gho/indicator-metadata-registry/imr-details/4983,PUBLISHED,Published,,2017,2017,,EUR,Europe,,TJK,Tajikistan,,No,,,,,,
NCD_CCS_rheumreg,Existence of a register of patients who had rheumatic fever and rheumatic heart disease,https://www.who.int/data/gho/indicator-metadata-registry/imr-details/4983,PUBLISHED,Published,,2017,2017,,SEAR,South-East Asia,,THA,Thailand,,Yes,,,,,,
NCD_CCS_rheumreg,Existence of a register of patients who had rheumatic fever and rheumatic heart disease,https://www.who.int/data/gho/indicator-metadata-registry/imr-details/4983,PUBLISHED,Published,,2017,2017,,EUR,Europe,,MKD,Republic of North Macedonia,,Don't know,,,,,,
NCD_CCS_rheumreg,Existence of a register of patients who had rheumatic fever and rheumatic heart disease,https://www.who.int/data/gho/indicator-metadata-registry/imr-details/4983,PUBLISHED,Published,,2017,2017,,SEAR,South-East Asia,,TLS,Timor-Leste,,Yes,,,,,,
NCD_CCS_rheumreg,Existence of a register of patients who had rheumatic fever and rheumatic heart disease,https://www.who.int/data/gho/indicator-metadata-registry/imr-details/4983,PUBLISHED,Published,,2017,2017,,AFR,Africa,,TGO,Togo,,No,,,,,,
NCD_CCS_rheumreg,Existence of a register of patients who had rheumatic fever and rheumatic heart disease,https://www.who.int/data/gho/indicator-metadata-registry/imr-details/4983,PUBLISHED,Published,,2017,2017,,WPR,Western Pacific,,TON,Tonga,,Yes,,,,,,
NCD_CCS_rheumreg,Existence of a register of patients who had rheumatic fever and rheumatic heart disease,https://www.who.int/data/gho/indicator-metadata-registry/imr-details/4983,PUBLISHED,Published,,2017,2017,,AMR,Americas,,TTO,Trinidad and Tobago,,No,,,,,,
NCD_CCS_rheumreg,Existence of a register of patients who had rheumatic fever and rheumatic heart disease,https://www.who.int/data/gho/indicator-metadata-registry/imr-details/4983,PUBLISHED,Published,,2017,2017,,EMR,Eastern Mediterranean,,TUN,Tunisia,,No,,,,,,
NCD_CCS_rheumreg,Existence of a register of patients who had rheumatic fever and rheumatic heart disease,https://www.who.int/data/gho/indicator-metadata-registry/imr-details/4983,PUBLISHED,Published,,2017,2017,,EUR,Europe,,TUR,Turkey,,Yes,,,,,,
NCD_CCS_rheumreg,Existence of a register of patients who had rheumatic fever and rheumatic heart disease,https://www.who.int/data/gho/indicator-metadata-registry/imr-details/4983,PUBLISHED,Published,,2017,2017,,EUR,Europe,,TKM,Turkmenistan,,Yes,,,,,,
NCD_CCS_rheumreg,Existence of a register of patients who had rheumatic fever and rheumatic heart disease,https://www.who.int/data/gho/indicator-metadata-registry/imr-details/4983,PUBLISHED,Published,,2017,2017,,WPR,Western Pacific,,TUV,Tuvalu,,Yes,,,,,,
NCD_CCS_rheumreg,Existence of a register of patients who had rheumatic fever and rheumatic heart disease,https://www.who.int/data/gho/indicator-metadata-registry/imr-details/4983,PUBLISHED,Published,,2017,2017,,AFR,Africa,,UGA,Uganda,,No,,,,,,
NCD_CCS_rheumreg,Existence of a register of patients who had rheumatic fever and rheumatic heart disease,https://www.who.int/data/gho/indicator-metadata-registry/imr-details/4983,PUBLISHED,Published,,2017,2017,,EUR,Europe,,UKR,Ukraine,,No,,,,,,
NCD_CCS_rheumreg,Existence of a register of patients who had rheumatic fever and rheumatic heart disease,https://www.who.int/data/gho/indicator-metadata-registry/imr-details/4983,PUBLISHED,Published,,2017,2017,,EMR,Eastern Mediterranean,,ARE,United Arab Emirates,,No,,,,,,
NCD_CCS_rheumreg,Existence of a register of patients who had rheumatic fever and rheumatic heart disease,https://www.who.int/data/gho/indicator-metadata-registry/imr-details/4983,PUBLISHED,Published,,2017,2017,,EUR,Europe,,GBR,United Kingdom of Great Britain and Northern Ireland,,Don't know,,,,,,
NCD_CCS_rheumreg,Existence of a register of patients who had rheumatic fever and rheumatic heart disease,https://www.who.int/data/gho/indicator-metadata-registry/imr-details/4983,PUBLISHED,Published,,2017,2017,,AFR,Africa,,TZA,United Republic of Tanzania,,No,,,,,,
NCD_CCS_rheumreg,Existence of a register of patients who had rheumatic fever and rheumatic heart disease,https://www.who.int/data/gho/indicator-metadata-registry/imr-details/4983,PUBLISHED,Published,,2017,2017,,AMR,Americas,,USA,United States of America,,No,,,,,,
NCD_CCS_rheumreg,Existence of a register of patients who had rheumatic fever and rheumatic heart disease,https://www.who.int/data/gho/indicator-metadata-registry/imr-details/4983,PUBLISHED,Published,,2017,2017,,AMR,Americas,,URY,Uruguay,,No,,,,,,
NCD_CCS_rheumreg,Existence of a register of patients who had rheumatic fever and rheumatic heart disease,https://www.who.int/data/gho/indicator-metadata-registry/imr-details/4983,PUBLISHED,Published,,2017,2017,,EUR,Europe,,UZB,Uzbekistan,,Yes,,,,,,
NCD_CCS_rheumreg,Existence of a register of patients who had rheumatic fever and rheumatic heart disease,https://www.who.int/data/gho/indicator-metadata-registry/imr-details/4983,PUBLISHED,Published,,2017,2017,,WPR,Western Pacific,,VUT,Vanuatu,,Yes,,,,,,
NCD_CCS_rheumreg,Existence of a register of patients who had rheumatic fever and rheumatic heart disease,https://www.who.int/data/gho/indicator-metadata-registry/imr-details/4983,PUBLISHED,Published,,2017,2017,,AMR,Americas,,VEN,Venezuela (Bolivarian Republic of),,No,,,,,,
NCD_CCS_rheumreg,Existence of a register of patients who had rheumatic fever and rheumatic heart disease,https://www.who.int/data/gho/indicator-metadata-registry/imr-details/4983,PUBLISHED,Published,,2017,2017,,WPR,Western Pacific,,VNM,Viet Nam,,Don't know,,,,,,
NCD_CCS_rheumreg,Existence of a register of patients who had rheumatic fever and rheumatic heart disease,https://www.who.int/data/gho/indicator-metadata-registry/imr-details/4983,PUBLISHED,Published,,2017,2017,,EMR,Eastern Mediterranean,,YEM,Yemen,,No,,,,,,
NCD_CCS_rheumreg,Existence of a register of patients who had rheumatic fever and rheumatic heart disease,https://www.who.int/data/gho/indicator-metadata-registry/imr-details/4983,PUBLISHED,Published,,2017,2017,,AFR,Africa,,ZMB,Zambia,,No,,,,,,
NCD_CCS_rheumreg,Existence of a register of patients who had rheumatic fever and rheumatic heart disease,https://www.who.int/data/gho/indicator-metadata-registry/imr-details/4983,PUBLISHED,Published,,2017,2017,,AFR,Africa,,ZWE,Zimbabwe,,Yes,,,,,,
NCD_CCS_rheumreg,Existence of a register of patients who had rheumatic fever and rheumatic heart disease,https://www.who.int/data/gho/indicator-metadata-registry/imr-details/4983,PUBLISHED,Published,,2019,2019,,EMR,Eastern Mediterranean,,AFG,Afghanistan,,No,,,,,,
NCD_CCS_rheumreg,Existence of a register of patients who had rheumatic fever and rheumatic heart disease,https://www.who.int/data/gho/indicator-metadata-registry/imr-details/4983,PUBLISHED,Published,,2019,2019,,AFR,Africa,,AGO,Angola,,Yes,,,,,,
NCD_CCS_rheumreg,Existence of a register of patients who had rheumatic fever and rheumatic heart disease,https://www.who.int/data/gho/indicator-metadata-registry/imr-details/4983,PUBLISHED,Published,,2019,2019,,EUR,Europe,,ALB,Albania,,No,,,,,,
NCD_CCS_rheumreg,Existence of a register of patients who had rheumatic fever and rheumatic heart disease,https://www.who.int/data/gho/indicator-metadata-registry/imr-details/4983,PUBLISHED,Published,,2019,2019,,EUR,Europe,,AND,Andorra,,No,,,,,,
NCD_CCS_rheumreg,Existence of a register of patients who had rheumatic fever and rheumatic heart disease,https://www.who.int/data/gho/indicator-metadata-registry/imr-details/4983,PUBLISHED,Published,,2019,2019,,EMR,Eastern Mediterranean,,ARE,United Arab Emirates,,No,,,,,,
NCD_CCS_rheumreg,Existence of a register of patients who had rheumatic fever and rheumatic heart disease,https://www.who.int/data/gho/indicator-metadata-registry/imr-details/4983,PUBLISHED,Published,,2019,2019,,AMR,Americas,,ARG,Argentina,,No,,,,,,
NCD_CCS_rheumreg,Existence of a register of patients who had rheumatic fever and rheumatic heart disease,https://www.who.int/data/gho/indicator-metadata-registry/imr-details/4983,PUBLISHED,Published,,2019,2019,,EUR,Europe,,ARM,Armenia,,No,,,,,,
NCD_CCS_rheumreg,Existence of a register of patients who had rheumatic fever and rheumatic heart disease,https://www.who.int/data/gho/indicator-metadata-registry/imr-details/4983,PUBLISHED,Published,,2019,2019,,AMR,Americas,,ATG,Antigua and Barbuda,,No,,,,,,
NCD_CCS_rheumreg,Existence of a register of patients who had rheumatic fever and rheumatic heart disease,https://www.who.int/data/gho/indicator-metadata-registry/imr-details/4983,PUBLISHED,Published,,2019,2019,,WPR,Western Pacific,,AUS,Australia,,Yes,,,,,,
NCD_CCS_rheumreg,Existence of a register of patients who had rheumatic fever and rheumatic heart disease,https://www.who.int/data/gho/indicator-metadata-registry/imr-details/4983,PUBLISHED,Published,,2019,2019,,EUR,Europe,,AUT,Austria,,Don't know,,,,,,
NCD_CCS_rheumreg,Existence of a register of patients who had rheumatic fever and rheumatic heart disease,https://www.who.int/data/gho/indicator-metadata-registry/imr-details/4983,PUBLISHED,Published,,2019,2019,,EUR,Europe,,AZE,Azerbaijan,,No,,,,,,
NCD_CCS_rheumreg,Existence of a register of patients who had rheumatic fever and rheumatic heart disease,https://www.who.int/data/gho/indicator-metadata-registry/imr-details/4983,PUBLISHED,Published,,2019,2019,,AFR,Africa,,BDI,Burundi,,No,,,,,,
NCD_CCS_rheumreg,Existence of a register of patients who had rheumatic fever and rheumatic heart disease,https://www.who.int/data/gho/indicator-metadata-registry/imr-details/4983,PUBLISHED,Published,,2019,2019,,EUR,Europe,,BEL,Belgium,,No,,,,,,
NCD_CCS_rheumreg,Existence of a register of patients who had rheumatic fever and rheumatic heart disease,https://www.who.int/data/gho/indicator-metadata-registry/imr-details/4983,PUBLISHED,Published,,2019,2019,,AFR,Africa,,BEN,Benin,,No,,,,,,
NCD_CCS_rheumreg,Existence of a register of patients who had rheumatic fever and rheumatic heart disease,https://www.who.int/data/gho/indicator-metadata-registry/imr-details/4983,PUBLISHED,Published,,2019,2019,,AFR,Africa,,BFA,Burkina Faso,,No,,,,,,
NCD_CCS_rheumreg,Existence of a register of patients who had rheumatic fever and rheumatic heart disease,https://www.who.int/data/gho/indicator-metadata-registry/imr-details/4983,PUBLISHED,Published,,2019,2019,,SEAR,South-East Asia,,BGD,Bangladesh,,No,,,,,,
NCD_CCS_rheumreg,Existence of a register of patients who had rheumatic fever and rheumatic heart disease,https://www.who.int/data/gho/indicator-metadata-registry/imr-details/4983,PUBLISHED,Published,,2019,2019,,EUR,Europe,,BGR,Bulgaria,,Don't know,,,,,,
NCD_CCS_rheumreg,Existence of a register of patients who had rheumatic fever and rheumatic heart disease,https://www.who.int/data/gho/indicator-metadata-registry/imr-details/4983,PUBLISHED,Published,,2019,2019,,EMR,Eastern Mediterranean,,BHR,Bahrain,,Yes,,,,,,
NCD_CCS_rheumreg,Existence of a register of patients who had rheumatic fever and rheumatic heart disease,https://www.who.int/data/gho/indicator-metadata-registry/imr-details/4983,PUBLISHED,Published,,2019,2019,,AMR,Americas,,BHS,Bahamas,,Don't know,,,,,,
NCD_CCS_rheumreg,Existence of a register of patients who had rheumatic fever and rheumatic heart disease,https://www.who.int/data/gho/indicator-metadata-registry/imr-details/4983,PUBLISHED,Published,,2019,2019,,EUR,Europe,,BIH,Bosnia and Herzegovina,,No,,,,,,
NCD_CCS_rheumreg,Existence of a register of patients who had rheumatic fever and rheumatic heart disease,https://www.who.int/data/gho/indicator-metadata-registry/imr-details/4983,PUBLISHED,Published,,2019,2019,,EUR,Europe,,BLR,Belarus,,No,,,,,,
NCD_CCS_rheumreg,Existence of a register of patients who had rheumatic fever and rheumatic heart disease,https://www.who.int/data/gho/indicator-metadata-registry/imr-details/4983,PUBLISHED,Published,,2019,2019,,AMR,Americas,,BLZ,Belize,,No,,,,,,
NCD_CCS_rheumreg,Existence of a register of patients who had rheumatic fever and rheumatic heart disease,https://www.who.int/data/gho/indicator-metadata-registry/imr-details/4983,PUBLISHED,Published,,2019,2019,,AMR,Americas,,BOL,Bolivia (Plurinational State of),,Don't know,,,,,,
NCD_CCS_rheumreg,Existence of a register of patients who had rheumatic fever and rheumatic heart disease,https://www.who.int/data/gho/indicator-metadata-registry/imr-details/4983,PUBLISHED,Published,,2019,2019,,AMR,Americas,,BRA,Brazil,,No,,,,,,
NCD_CCS_rheumreg,Existence of a register of patients who had rheumatic fever and rheumatic heart disease,https://www.who.int/data/gho/indicator-metadata-registry/imr-details/4983,PUBLISHED,Published,,2019,2019,,AMR,Americas,,BRB,Barbados,,No,,,,,,
NCD_CCS_rheumreg,Existence of a register of patients who had rheumatic fever and rheumatic heart disease,https://www.who.int/data/gho/indicator-metadata-registry/imr-details/4983,PUBLISHED,Published,,2019,2019,,WPR,Western Pacific,,BRN,Brunei Darussalam,,No,,,,,,
NCD_CCS_rheumreg,Existence of a register of patients who had rheumatic fever and rheumatic heart disease,https://www.who.int/data/gho/indicator-metadata-registry/imr-details/4983,PUBLISHED,Published,,2019,2019,,SEAR,South-East Asia,,BTN,Bhutan,,Yes,,,,,,
NCD_CCS_rheumreg,Existence of a register of patients who had rheumatic fever and rheumatic heart disease,https://www.who.int/data/gho/indicator-metadata-registry/imr-details/4983,PUBLISHED,Published,,2019,2019,,AFR,Africa,,BWA,Botswana,,No,,,,,,
NCD_CCS_rheumreg,Existence of a register of patients who had rheumatic fever and rheumatic heart disease,https://www.who.int/data/gho/indicator-metadata-registry/imr-details/4983,PUBLISHED,Published,,2019,2019,,AFR,Africa,,CAF,Central African Republic,,No,,,,,,
NCD_CCS_rheumreg,Existence of a register of patients who had rheumatic fever and rheumatic heart disease,https://www.who.int/data/gho/indicator-metadata-registry/imr-details/4983,PUBLISHED,Published,,2019,2019,,AMR,Americas,,CAN,Canada,,No,,,,,,
NCD_CCS_rheumreg,Existence of a register of patients who had rheumatic fever and rheumatic heart disease,https://www.who.int/data/gho/indicator-metadata-registry/imr-details/4983,PUBLISHED,Published,,2019,2019,,EUR,Europe,,CHE,Switzerland,,No,,,,,,
NCD_CCS_rheumreg,Existence of a register of patients who had rheumatic fever and rheumatic heart disease,https://www.who.int/data/gho/indicator-metadata-registry/imr-details/4983,PUBLISHED,Published,,2019,2019,,AMR,Americas,,CHL,Chile,,Don't know,,,,,,
NCD_CCS_rheumreg,Existence of a register of patients who had rheumatic fever and rheumatic heart disease,https://www.who.int/data/gho/indicator-metadata-registry/imr-details/4983,PUBLISHED,Published,,2019,2019,,WPR,Western Pacific,,CHN,China,,No,,,,,,
NCD_CCS_rheumreg,Existence of a register of patients who had rheumatic fever and rheumatic heart disease,https://www.who.int/data/gho/indicator-metadata-registry/imr-details/4983,PUBLISHED,Published,,2019,2019,,AFR,Africa,,CIV,Côte d'Ivoire,,No,,,,,,
NCD_CCS_rheumreg,Existence of a register of patients who had rheumatic fever and rheumatic heart disease,https://www.who.int/data/gho/indicator-metadata-registry/imr-details/4983,PUBLISHED,Published,,2019,2019,,AFR,Africa,,CMR,Cameroon,,No,,,,,,
NCD_CCS_rheumreg,Existence of a register of patients who had rheumatic fever and rheumatic heart disease,https://www.who.int/data/gho/indicator-metadata-registry/imr-details/4983,PUBLISHED,Published,,2019,2019,,AFR,Africa,,COD,Democratic Republic of the Congo,,No,,,,,,
NCD_CCS_rheumreg,Existence of a register of patients who had rheumatic fever and rheumatic heart disease,https://www.who.int/data/gho/indicator-metadata-registry/imr-details/4983,PUBLISHED,Published,,2019,2019,,AFR,Africa,,COG,Congo,,Yes,,,,,,
NCD_CCS_rheumreg,Existence of a register of patients who had rheumatic fever and rheumatic heart disease,https://www.who.int/data/gho/indicator-metadata-registry/imr-details/4983,PUBLISHED,Published,,2019,2019,,WPR,Western Pacific,,COK,Cook Islands,,Yes,,,,,,
NCD_CCS_rheumreg,Existence of a register of patients who had rheumatic fever and rheumatic heart disease,https://www.who.int/data/gho/indicator-metadata-registry/imr-details/4983,PUBLISHED,Published,,2019,2019,,AMR,Americas,,COL,Colombia,,Yes,,,,,,
NCD_CCS_rheumreg,Existence of a register of patients who had rheumatic fever and rheumatic heart disease,https://www.who.int/data/gho/indicator-metadata-registry/imr-details/4983,PUBLISHED,Published,,2019,2019,,AFR,Africa,,COM,Comoros,,No,,,,,,
NCD_CCS_rheumreg,Existence of a register of patients who had rheumatic fever and rheumatic heart disease,https://www.who.int/data/gho/indicator-metadata-registry/imr-details/4983,PUBLISHED,Published,,2019,2019,,AFR,Africa,,CPV,Cabo Verde,,Yes,,,,,,
NCD_CCS_rheumreg,Existence of a register of patients who had rheumatic fever and rheumatic heart disease,https://www.who.int/data/gho/indicator-metadata-registry/imr-details/4983,PUBLISHED,Published,,2019,2019,,AMR,Americas,,CRI,Costa Rica,,Yes,,,,,,
NCD_CCS_rheumreg,Existence of a register of patients who had rheumatic fever and rheumatic heart disease,https://www.who.int/data/gho/indicator-metadata-registry/imr-details/4983,PUBLISHED,Published,,2019,2019,,AMR,Americas,,CUB,Cuba,,Yes,,,,,,
NCD_CCS_rheumreg,Existence of a register of patients who had rheumatic fever and rheumatic heart disease,https://www.who.int/data/gho/indicator-metadata-registry/imr-details/4983,PUBLISHED,Published,,2019,2019,,EUR,Europe,,CYP,Cyprus,,Yes,,,,,,
NCD_CCS_rheumreg,Existence of a register of patients who had rheumatic fever and rheumatic heart disease,https://www.who.int/data/gho/indicator-metadata-registry/imr-details/4983,PUBLISHED,Published,,2019,2019,,EUR,Europe,,CZE,Czechia,,No,,,,,,
NCD_CCS_rheumreg,Existence of a register of patients who had rheumatic fever and rheumatic heart disease,https://www.who.int/data/gho/indicator-metadata-registry/imr-details/4983,PUBLISHED,Published,,2019,2019,,EUR,Europe,,DEU,Germany,,Don't know,,,,,,
NCD_CCS_rheumreg,Existence of a register of patients who had rheumatic fever and rheumatic heart disease,https://www.who.int/data/gho/indicator-metadata-registry/imr-details/4983,PUBLISHED,Published,,2019,2019,,EMR,Eastern Mediterranean,,DJI,Djibouti,,No,,,,,,
NCD_CCS_rheumreg,Existence of a register of patients who had rheumatic fever and rheumatic heart disease,https://www.who.int/data/gho/indicator-metadata-registry/imr-details/4983,PUBLISHED,Published,,2019,2019,,AMR,Americas,,DMA,Dominica,,Yes,,,,,,
NCD_CCS_rheumreg,Existence of a register of patients who had rheumatic fever and rheumatic heart disease,https://www.who.int/data/gho/indicator-metadata-registry/imr-details/4983,PUBLISHED,Published,,2019,2019,,EUR,Europe,,DNK,Denmark,,No,,,,,,
NCD_CCS_rheumreg,Existence of a register of patients who had rheumatic fever and rheumatic heart disease,https://www.who.int/data/gho/indicator-metadata-registry/imr-details/4983,PUBLISHED,Published,,2019,2019,,AMR,Americas,,DOM,Dominican Republic,,No,,,,,,
NCD_CCS_rheumreg,Existence of a register of patients who had rheumatic fever and rheumatic heart disease,https://www.who.int/data/gho/indicator-metadata-registry/imr-details/4983,PUBLISHED,Published,,2019,2019,,AFR,Africa,,DZA,Algeria,,Yes,,,,,,
NCD_CCS_rheumreg,Existence of a register of patients who had rheumatic fever and rheumatic heart disease,https://www.who.int/data/gho/indicator-metadata-registry/imr-details/4983,PUBLISHED,Published,,2019,2019,,AMR,Americas,,ECU,Ecuador,,Yes,,,,,,
NCD_CCS_rheumreg,Existence of a register of patients who had rheumatic fever and rheumatic heart disease,https://www.who.int/data/gho/indicator-metadata-registry/imr-details/4983,PUBLISHED,Published,,2019,2019,,EMR,Eastern Mediterranean,,EGY,Egypt,,No,,,,,,
NCD_CCS_rheumreg,Existence of a register of patients who had rheumatic fever and rheumatic heart disease,https://www.who.int/data/gho/indicator-metadata-registry/imr-details/4983,PUBLISHED,Published,,2019,2019,,AFR,Africa,,ERI,Eritrea,,Yes,,,,,,
NCD_CCS_rheumreg,Existence of a register of patients who had rheumatic fever and rheumatic heart disease,https://www.who.int/data/gho/indicator-metadata-registry/imr-details/4983,PUBLISHED,Published,,2019,2019,,EUR,Europe,,ESP,Spain,,No,,,,,,
NCD_CCS_rheumreg,Existence of a register of patients who had rheumatic fever and rheumatic heart disease,https://www.who.int/data/gho/indicator-metadata-registry/imr-details/4983,PUBLISHED,Published,,2019,2019,,EUR,Europe,,EST,Estonia,,No,,,,,,
NCD_CCS_rheumreg,Existence of a register of patients who had rheumatic fever and rheumatic heart disease,https://www.who.int/data/gho/indicator-metadata-registry/imr-details/4983,PUBLISHED,Published,,2019,2019,,AFR,Africa,,ETH,Ethiopia,,Yes,,,,,,
NCD_CCS_rheumreg,Existence of a register of patients who had rheumatic fever and rheumatic heart disease,https://www.who.int/data/gho/indicator-metadata-registry/imr-details/4983,PUBLISHED,Published,,2019,2019,,EUR,Europe,,FIN,Finland,,No,,,,,,
NCD_CCS_rheumreg,Existence of a register of patients who had rheumatic fever and rheumatic heart disease,https://www.who.int/data/gho/indicator-metadata-registry/imr-details/4983,PUBLISHED,Published,,2019,2019,,WPR,Western Pacific,,FJI,Fiji,,Yes,,,,,,
NCD_CCS_rheumreg,Existence of a register of patients who had rheumatic fever and rheumatic heart disease,https://www.who.int/data/gho/indicator-metadata-registry/imr-details/4983,PUBLISHED,Published,,2019,2019,,EUR,Europe,,FRA,France,,No,,,,,,
NCD_CCS_rheumreg,Existence of a register of patients who had rheumatic fever and rheumatic heart disease,https://www.who.int/data/gho/indicator-metadata-registry/imr-details/4983,PUBLISHED,Published,,2019,2019,,WPR,Western Pacific,,FSM,Micronesia (Federated States of),,Yes,,,,,,
NCD_CCS_rheumreg,Existence of a register of patients who had rheumatic fever and rheumatic heart disease,https://www.who.int/data/gho/indicator-metadata-registry/imr-details/4983,PUBLISHED,Published,,2019,2019,,AFR,Africa,,GAB,Gabon,,No,,,,,,
NCD_CCS_rheumreg,Existence of a register of patients who had rheumatic fever and rheumatic heart disease,https://www.who.int/data/gho/indicator-metadata-registry/imr-details/4983,PUBLISHED,Published,,2019,2019,,EUR,Europe,,GBR,United Kingdom of Great Britain and Northern Ireland,,Yes,,,,,,
NCD_CCS_rheumreg,Existence of a register of patients who had rheumatic fever and rheumatic heart disease,https://www.who.int/data/gho/indicator-metadata-registry/imr-details/4983,PUBLISHED,Published,,2019,2019,,EUR,Europe,,GEO,Georgia,,No,,,,,,
NCD_CCS_rheumreg,Existence of a register of patients who had rheumatic fever and rheumatic heart disease,https://www.who.int/data/gho/indicator-metadata-registry/imr-details/4983,PUBLISHED,Published,,2019,2019,,AFR,Africa,,GHA,Ghana,,No,,,,,,
NCD_CCS_rheumreg,Existence of a register of patients who had rheumatic fever and rheumatic heart disease,https://www.who.int/data/gho/indicator-metadata-registry/imr-details/4983,PUBLISHED,Published,,2019,2019,,AFR,Africa,,GIN,Guinea,,No,,,,,,
NCD_CCS_rheumreg,Existence of a register of patients who had rheumatic fever and rheumatic heart disease,https://www.who.int/data/gho/indicator-metadata-registry/imr-details/4983,PUBLISHED,Published,,2019,2019,,AFR,Africa,,GMB,Gambia,,No,,,,,,
NCD_CCS_rheumreg,Existence of a register of patients who had rheumatic fever and rheumatic heart disease,https://www.who.int/data/gho/indicator-metadata-registry/imr-details/4983,PUBLISHED,Published,,2019,2019,,AFR,Africa,,GNB,Guinea-Bissau,,Yes,,,,,,
NCD_CCS_rheumreg,Existence of a register of patients who had rheumatic fever and rheumatic heart disease,https://www.who.int/data/gho/indicator-metadata-registry/imr-details/4983,PUBLISHED,Published,,2019,2019,,AFR,Africa,,GNQ,Equatorial Guinea,,No,,,,,,
NCD_CCS_rheumreg,Existence of a register of patients who had rheumatic fever and rheumatic heart disease,https://www.who.int/data/gho/indicator-metadata-registry/imr-details/4983,PUBLISHED,Published,,2019,2019,,EUR,Europe,,GRC,Greece,,No,,,,,,
NCD_CCS_rheumreg,Existence of a register of patients who had rheumatic fever and rheumatic heart disease,https://www.who.int/data/gho/indicator-metadata-registry/imr-details/4983,PUBLISHED,Published,,2019,2019,,AMR,Americas,,GRD,Grenada,,No,,,,,,
NCD_CCS_rheumreg,Existence of a register of patients who had rheumatic fever and rheumatic heart disease,https://www.who.int/data/gho/indicator-metadata-registry/imr-details/4983,PUBLISHED,Published,,2019,2019,,AMR,Americas,,GTM,Guatemala,,Yes,,,,,,
NCD_CCS_rheumreg,Existence of a register of patients who had rheumatic fever and rheumatic heart disease,https://www.who.int/data/gho/indicator-metadata-registry/imr-details/4983,PUBLISHED,Published,,2019,2019,,AMR,Americas,,GUY,Guyana,,No,,,,,,
NCD_CCS_rheumreg,Existence of a register of patients who had rheumatic fever and rheumatic heart disease,https://www.who.int/data/gho/indicator-metadata-registry/imr-details/4983,PUBLISHED,Published,,2019,2019,,AMR,Americas,,HND,Honduras,,No,,,,,,
NCD_CCS_rheumreg,Existence of a register of patients who had rheumatic fever and rheumatic heart disease,https://www.who.int/data/gho/indicator-metadata-registry/imr-details/4983,PUBLISHED,Published,,2019,2019,,EUR,Europe,,HRV,Croatia,,No,,,,,,
NCD_CCS_rheumreg,Existence of a register of patients who had rheumatic fever and rheumatic heart disease,https://www.who.int/data/gho/indicator-metadata-registry/imr-details/4983,PUBLISHED,Published,,2019,2019,,AMR,Americas,,HTI,Haiti,,No,,,,,,
NCD_CCS_rheumreg,Existence of a register of patients who had rheumatic fever and rheumatic heart disease,https://www.who.int/data/gho/indicator-metadata-registry/imr-details/4983,PUBLISHED,Published,,2019,2019,,EUR,Europe,,HUN,Hungary,,Don't know,,,,,,
NCD_CCS_rheumreg,Existence of a register of patients who had rheumatic fever and rheumatic heart disease,https://www.who.int/data/gho/indicator-metadata-registry/imr-details/4983,PUBLISHED,Published,,2019,2019,,SEAR,South-East Asia,,IDN,Indonesia,,No,,,,,,
NCD_CCS_rheumreg,Existence of a register of patients who had rheumatic fever and rheumatic heart disease,https://www.who.int/data/gho/indicator-metadata-registry/imr-details/4983,PUBLISHED,Published,,2019,2019,,SEAR,South-East Asia,,IND,India,,Yes,,,,,,
NCD_CCS_rheumreg,Existence of a register of patients who had rheumatic fever and rheumatic heart disease,https://www.who.int/data/gho/indicator-metadata-registry/imr-details/4983,PUBLISHED,Published,,2019,2019,,EUR,Europe,,IRL,Ireland,,No,,,,,,
NCD_CCS_rheumreg,Existence of a register of patients who had rheumatic fever and rheumatic heart disease,https://www.who.int/data/gho/indicator-metadata-registry/imr-details/4983,PUBLISHED,Published,,2019,2019,,EMR,Eastern Mediterranean,,IRN,Iran (Islamic Republic of),,No,,,,,,
NCD_CCS_rheumreg,Existence of a register of patients who had rheumatic fever and rheumatic heart disease,https://www.who.int/data/gho/indicator-metadata-registry/imr-details/4983,PUBLISHED,Published,,2019,2019,,EMR,Eastern Mediterranean,,IRQ,Iraq,,Don't know,,,,,,
NCD_CCS_rheumreg,Existence of a register of patients who had rheumatic fever and rheumatic heart disease,https://www.who.int/data/gho/indicator-metadata-registry/imr-details/4983,PUBLISHED,Published,,2019,2019,,EUR,Europe,,ISL,Iceland,,Yes,,,,,,
NCD_CCS_rheumreg,Existence of a register of patients who had rheumatic fever and rheumatic heart disease,https://www.who.int/data/gho/indicator-metadata-registry/imr-details/4983,PUBLISHED,Published,,2019,2019,,EUR,Europe,,ISR,Israel,,No,,,,,,
NCD_CCS_rheumreg,Existence of a register of patients who had rheumatic fever and rheumatic heart disease,https://www.who.int/data/gho/indicator-metadata-registry/imr-details/4983,PUBLISHED,Published,,2019,2019,,EUR,Europe,,ITA,Italy,,No,,,,,,
NCD_CCS_rheumreg,Existence of a register of patients who had rheumatic fever and rheumatic heart disease,https://www.who.int/data/gho/indicator-metadata-registry/imr-details/4983,PUBLISHED,Published,,2019,2019,,AMR,Americas,,JAM,Jamaica,,Yes,,,,,,
NCD_CCS_rheumreg,Existence of a register of patients who had rheumatic fever and rheumatic heart disease,https://www.who.int/data/gho/indicator-metadata-registry/imr-details/4983,PUBLISHED,Published,,2019,2019,,EMR,Eastern Mediterranean,,JOR,Jordan,,No,,,,,,
NCD_CCS_rheumreg,Existence of a register of patients who had rheumatic fever and rheumatic heart disease,https://www.who.int/data/gho/indicator-metadata-registry/imr-details/4983,PUBLISHED,Published,,2019,2019,,WPR,Western Pacific,,JPN,Japan,,Don't know,,,,,,
NCD_CCS_rheumreg,Existence of a register of patients who had rheumatic fever and rheumatic heart disease,https://www.who.int/data/gho/indicator-metadata-registry/imr-details/4983,PUBLISHED,Published,,2019,2019,,EUR,Europe,,KAZ,Kazakhstan,,No,,,,,,
NCD_CCS_rheumreg,Existence of a register of patients who had rheumatic fever and rheumatic heart disease,https://www.who.int/data/gho/indicator-metadata-registry/imr-details/4983,PUBLISHED,Published,,2019,2019,,AFR,Africa,,KEN,Kenya,,No,,,,,,
NCD_CCS_rheumreg,Existence of a register of patients who had rheumatic fever and rheumatic heart disease,https://www.who.int/data/gho/indicator-metadata-registry/imr-details/4983,PUBLISHED,Published,,2019,2019,,EUR,Europe,,KGZ,Kyrgyzstan,,No,,,,,,
NCD_CCS_rheumreg,Existence of a register of patients who had rheumatic fever and rheumatic heart disease,https://www.who.int/data/gho/indicator-metadata-registry/imr-details/4983,PUBLISHED,Published,,2019,2019,,WPR,Western Pacific,,KHM,Cambodia,,No,,,,,,
NCD_CCS_rheumreg,Existence of a register of patients who had rheumatic fever and rheumatic heart disease,https://www.who.int/data/gho/indicator-metadata-registry/imr-details/4983,PUBLISHED,Published,,2019,2019,,WPR,Western Pacific,,KIR,Kiribati,,Yes,,,,,,
NCD_CCS_rheumreg,Existence of a register of patients who had rheumatic fever and rheumatic heart disease,https://www.who.int/data/gho/indicator-metadata-registry/imr-details/4983,PUBLISHED,Published,,2019,2019,,AMR,Americas,,KNA,Saint Kitts and Nevis,,No,,,,,,
NCD_CCS_rheumreg,Existence of a register of patients who had rheumatic fever and rheumatic heart disease,https://www.who.int/data/gho/indicator-metadata-registry/imr-details/4983,PUBLISHED,Published,,2019,2019,,WPR,Western Pacific,,KOR,Republic of Korea,,No,,,,,,
NCD_CCS_rheumreg,Existence of a register of patients who had rheumatic fever and rheumatic heart disease,https://www.who.int/data/gho/indicator-metadata-registry/imr-details/4983,PUBLISHED,Published,,2019,2019,,EMR,Eastern Mediterranean,,KWT,Kuwait,,Yes,,,,,,
NCD_CCS_rheumreg,Existence of a register of patients who had rheumatic fever and rheumatic heart disease,https://www.who.int/data/gho/indicator-metadata-registry/imr-details/4983,PUBLISHED,Published,,2019,2019,,WPR,Western Pacific,,LAO,Lao People's Democratic Republic,,Yes,,,,,,
NCD_CCS_rheumreg,Existence of a register of patients who had rheumatic fever and rheumatic heart disease,https://www.who.int/data/gho/indicator-metadata-registry/imr-details/4983,PUBLISHED,Published,,2019,2019,,EMR,Eastern Mediterranean,,LBN,Lebanon,,No,,,,,,
NCD_CCS_rheumreg,Existence of a register of patients who had rheumatic fever and rheumatic heart disease,https://www.who.int/data/gho/indicator-metadata-registry/imr-details/4983,PUBLISHED,Published,,2019,2019,,AFR,Africa,,LBR,Liberia,,No,,,,,,
NCD_CCS_rheumreg,Existence of a register of patients who had rheumatic fever and rheumatic heart disease,https://www.who.int/data/gho/indicator-metadata-registry/imr-details/4983,PUBLISHED,Published,,2019,2019,,EMR,Eastern Mediterranean,,LBY,Libya,,No,,,,,,
NCD_CCS_rheumreg,Existence of a register of patients who had rheumatic fever and rheumatic heart disease,https://www.who.int/data/gho/indicator-metadata-registry/imr-details/4983,PUBLISHED,Published,,2019,2019,,AMR,Americas,,LCA,Saint Lucia,,Yes,,,,,,
NCD_CCS_rheumreg,Existence of a register of patients who had rheumatic fever and rheumatic heart disease,https://www.who.int/data/gho/indicator-metadata-registry/imr-details/4983,PUBLISHED,Published,,2019,2019,,SEAR,South-East Asia,,LKA,Sri Lanka,,Yes,,,,,,
NCD_CCS_rheumreg,Existence of a register of patients who had rheumatic fever and rheumatic heart disease,https://www.who.int/data/gho/indicator-metadata-registry/imr-details/4983,PUBLISHED,Published,,2019,2019,,AFR,Africa,,LSO,Lesotho,,No,,,,,,
NCD_CCS_rheumreg,Existence of a register of patients who had rheumatic fever and rheumatic heart disease,https://www.who.int/data/gho/indicator-metadata-registry/imr-details/4983,PUBLISHED,Published,,2019,2019,,EUR,Europe,,LTU,Lithuania,,Yes,,,,,,
NCD_CCS_rheumreg,Existence of a register of patients who had rheumatic fever and rheumatic heart disease,https://www.who.int/data/gho/indicator-metadata-registry/imr-details/4983,PUBLISHED,Published,,2019,2019,,EUR,Europe,,LUX,Luxembourg,,No,,,,,,
NCD_CCS_rheumreg,Existence of a register of patients who had rheumatic fever and rheumatic heart disease,https://www.who.int/data/gho/indicator-metadata-registry/imr-details/4983,PUBLISHED,Published,,2019,2019,,EUR,Europe,,LVA,Latvia,,No,,,,,,
NCD_CCS_rheumreg,Existence of a register of patients who had rheumatic fever and rheumatic heart disease,https://www.who.int/data/gho/indicator-metadata-registry/imr-details/4983,PUBLISHED,Published,,2019,2019,,EMR,Eastern Mediterranean,,MAR,Morocco,,No,,,,,,
NCD_CCS_rheumreg,Existence of a register of patients who had rheumatic fever and rheumatic heart disease,https://www.who.int/data/gho/indicator-metadata-registry/imr-details/4983,PUBLISHED,Published,,2019,2019,,EUR,Europe,,MCO,Monaco,,No,,,,,,
NCD_CCS_rheumreg,Existence of a register of patients who had rheumatic fever and rheumatic heart disease,https://www.who.int/data/gho/indicator-metadata-registry/imr-details/4983,PUBLISHED,Published,,2019,2019,,EUR,Europe,,MDA,Republic of Moldova,,No,,,,,,
NCD_CCS_rheumreg,Existence of a register of patients who had rheumatic fever and rheumatic heart disease,https://www.who.int/data/gho/indicator-metadata-registry/imr-details/4983,PUBLISHED,Published,,2019,2019,,AFR,Africa,,MDG,Madagascar,,No,,,,,,
NCD_CCS_rheumreg,Existence of a register of patients who had rheumatic fever and rheumatic heart disease,https://www.who.int/data/gho/indicator-metadata-registry/imr-details/4983,PUBLISHED,Published,,2019,2019,,SEAR,South-East Asia,,MDV,Maldives,,Yes,,,,,,
NCD_CCS_rheumreg,Existence of a register of patients who had rheumatic fever and rheumatic heart disease,https://www.who.int/data/gho/indicator-metadata-registry/imr-details/4983,PUBLISHED,Published,,2019,2019,,AMR,Americas,,MEX,Mexico,,No,,,,,,
NCD_CCS_rheumreg,Existence of a register of patients who had rheumatic fever and rheumatic heart disease,https://www.who.int/data/gho/indicator-metadata-registry/imr-details/4983,PUBLISHED,Published,,2019,2019,,WPR,Western Pacific,,MHL,Marshall Islands,,Yes,,,,,,
NCD_CCS_rheumreg,Existence of a register of patients who had rheumatic fever and rheumatic heart disease,https://www.who.int/data/gho/indicator-metadata-registry/imr-details/4983,PUBLISHED,Published,,2019,2019,,EUR,Europe,,MKD,Republic of North Macedonia,,Don't know,,,,,,
NCD_CCS_rheumreg,Existence of a register of patients who had rheumatic fever and rheumatic heart disease,https://www.who.int/data/gho/indicator-metadata-registry/imr-details/4983,PUBLISHED,Published,,2019,2019,,AFR,Africa,,MLI,Mali,,No,,,,,,
NCD_CCS_rheumreg,Existence of a register of patients who had rheumatic fever and rheumatic heart disease,https://www.who.int/data/gho/indicator-metadata-registry/imr-details/4983,PUBLISHED,Published,,2019,2019,,EUR,Europe,,MLT,Malta,,No,,,,,,
NCD_CCS_rheumreg,Existence of a register of patients who had rheumatic fever and rheumatic heart disease,https://www.who.int/data/gho/indicator-metadata-registry/imr-details/4983,PUBLISHED,Published,,2019,2019,,SEAR,South-East Asia,,MMR,Myanmar,,Yes,,,,,,
NCD_CCS_rheumreg,Existence of a register of patients who had rheumatic fever and rheumatic heart disease,https://www.who.int/data/gho/indicator-metadata-registry/imr-details/4983,PUBLISHED,Published,,2019,2019,,EUR,Europe,,MNE,Montenegro,,No,,,,,,
NCD_CCS_rheumreg,Existence of a register of patients who had rheumatic fever and rheumatic heart disease,https://www.who.int/data/gho/indicator-metadata-registry/imr-details/4983,PUBLISHED,Published,,2019,2019,,WPR,Western Pacific,,MNG,Mongolia,,No,,,,,,
NCD_CCS_rheumreg,Existence of a register of patients who had rheumatic fever and rheumatic heart disease,https://www.who.int/data/gho/indicator-metadata-registry/imr-details/4983,PUBLISHED,Published,,2019,2019,,AFR,Africa,,MOZ,Mozambique,,Yes,,,,,,
NCD_CCS_rheumreg,Existence of a register of patients who had rheumatic fever and rheumatic heart disease,https://www.who.int/data/gho/indicator-metadata-registry/imr-details/4983,PUBLISHED,Published,,2019,2019,,AFR,Africa,,MRT,Mauritania,,No,,,,,,
NCD_CCS_rheumreg,Existence of a register of patients who had rheumatic fever and rheumatic heart disease,https://www.who.int/data/gho/indicator-metadata-registry/imr-details/4983,PUBLISHED,Published,,2019,2019,,AFR,Africa,,MUS,Mauritius,,No,,,,,,
NCD_CCS_rheumreg,Existence of a register of patients who had rheumatic fever and rheumatic heart disease,https://www.who.int/data/gho/indicator-metadata-registry/imr-details/4983,PUBLISHED,Published,,2019,2019,,AFR,Africa,,MWI,Malawi,,Yes,,,,,,
NCD_CCS_rheumreg,Existence of a register of patients who had rheumatic fever and rheumatic heart disease,https://www.who.int/data/gho/indicator-metadata-registry/imr-details/4983,PUBLISHED,Published,,2019,2019,,WPR,Western Pacific,,MYS,Malaysia,,No,,,,,,
NCD_CCS_rheumreg,Existence of a register of patients who had rheumatic fever and rheumatic heart disease,https://www.who.int/data/gho/indicator-metadata-registry/imr-details/4983,PUBLISHED,Published,,2019,2019,,AFR,Africa,,NAM,Namibia,,No,,,,,,
NCD_CCS_rheumreg,Existence of a register of patients who had rheumatic fever and rheumatic heart disease,https://www.who.int/data/gho/indicator-metadata-registry/imr-details/4983,PUBLISHED,Published,,2019,2019,,AFR,Africa,,NER,Niger,,No,,,,,,
NCD_CCS_rheumreg,Existence of a register of patients who had rheumatic fever and rheumatic heart disease,https://www.who.int/data/gho/indicator-metadata-registry/imr-details/4983,PUBLISHED,Published,,2019,2019,,AFR,Africa,,NGA,Nigeria,,No,,,,,,
NCD_CCS_rheumreg,Existence of a register of patients who had rheumatic fever and rheumatic heart disease,https://www.who.int/data/gho/indicator-metadata-registry/imr-details/4983,PUBLISHED,Published,,2019,2019,,AMR,Americas,,NIC,Nicaragua,,No,,,,,,
NCD_CCS_rheumreg,Existence of a register of patients who had rheumatic fever and rheumatic heart disease,https://www.who.int/data/gho/indicator-metadata-registry/imr-details/4983,PUBLISHED,Published,,2019,2019,,WPR,Western Pacific,,NIU,Niue,,Yes,,,,,,
NCD_CCS_rheumreg,Existence of a register of patients who had rheumatic fever and rheumatic heart disease,https://www.who.int/data/gho/indicator-metadata-registry/imr-details/4983,PUBLISHED,Published,,2019,2019,,EUR,Europe,,NLD,Netherlands,,No,,,,,,
NCD_CCS_rheumreg,Existence of a register of patients who had rheumatic fever and rheumatic heart disease,https://www.who.int/data/gho/indicator-metadata-registry/imr-details/4983,PUBLISHED,Published,,2019,2019,,EUR,Europe,,NOR,Norway,,Yes,,,,,,
NCD_CCS_rheumreg,Existence of a register of patients who had rheumatic fever and rheumatic heart disease,https://www.who.int/data/gho/indicator-metadata-registry/imr-details/4983,PUBLISHED,Published,,2019,2019,,SEAR,South-East Asia,,NPL,Nepal,,No,,,,,,
NCD_CCS_rheumreg,Existence of a register of patients who had rheumatic fever and rheumatic heart disease,https://www.who.int/data/gho/indicator-metadata-registry/imr-details/4983,PUBLISHED,Published,,2019,2019,,WPR,Western Pacific,,NRU,Nauru,,Yes,,,,,,
NCD_CCS_rheumreg,Existence of a register of patients who had rheumatic fever and rheumatic heart disease,https://www.who.int/data/gho/indicator-metadata-registry/imr-details/4983,PUBLISHED,Published,,2019,2019,,WPR,Western Pacific,,NZL,New Zealand,,No,,,,,,
NCD_CCS_rheumreg,Existence of a register of patients who had rheumatic fever and rheumatic heart disease,https://www.who.int/data/gho/indicator-metadata-registry/imr-details/4983,PUBLISHED,Published,,2019,2019,,EMR,Eastern Mediterranean,,OMN,Oman,,No,,,,,,
NCD_CCS_rheumreg,Existence of a register of patients who had rheumatic fever and rheumatic heart disease,https://www.who.int/data/gho/indicator-metadata-registry/imr-details/4983,PUBLISHED,Published,,2019,2019,,EMR,Eastern Mediterranean,,PAK,Pakistan,,No,,,,,,
NCD_CCS_rheumreg,Existence of a register of patients who had rheumatic fever and rheumatic heart disease,https://www.who.int/data/gho/indicator-metadata-registry/imr-details/4983,PUBLISHED,Published,,2019,2019,,AMR,Americas,,PAN,Panama,,No,,,,,,
NCD_CCS_rheumreg,Existence of a register of patients who had rheumatic fever and rheumatic heart disease,https://www.who.int/data/gho/indicator-metadata-registry/imr-details/4983,PUBLISHED,Published,,2019,2019,,AMR,Americas,,PER,Peru,,No,,,,,,
NCD_CCS_rheumreg,Existence of a register of patients who had rheumatic fever and rheumatic heart disease,https://www.who.int/data/gho/indicator-metadata-registry/imr-details/4983,PUBLISHED,Published,,2019,2019,,WPR,Western Pacific,,PHL,Philippines,,No,,,,,,
NCD_CCS_rheumreg,Existence of a register of patients who had rheumatic fever and rheumatic heart disease,https://www.who.int/data/gho/indicator-metadata-registry/imr-details/4983,PUBLISHED,Published,,2019,2019,,WPR,Western Pacific,,PLW,Palau,,Yes,,,,,,
NCD_CCS_rheumreg,Existence of a register of patients who had rheumatic fever and rheumatic heart disease,https://www.who.int/data/gho/indicator-metadata-registry/imr-details/4983,PUBLISHED,Published,,2019,2019,,WPR,Western Pacific,,PNG,Papua New Guinea,,No,,,,,,
NCD_CCS_rheumreg,Existence of a register of patients who had rheumatic fever and rheumatic heart disease,https://www.who.int/data/gho/indicator-metadata-registry/imr-details/4983,PUBLISHED,Published,,2019,2019,,EUR,Europe,,POL,Poland,,No,,,,,,
NCD_CCS_rheumreg,Existence of a register of patients who had rheumatic fever and rheumatic heart disease,https://www.who.int/data/gho/indicator-metadata-registry/imr-details/4983,PUBLISHED,Published,,2019,2019,,SEAR,South-East Asia,,PRK,Democratic People's Republic of Korea,,Yes,,,,,,
NCD_CCS_rheumreg,Existence of a register of patients who had rheumatic fever and rheumatic heart disease,https://www.who.int/data/gho/indicator-metadata-registry/imr-details/4983,PUBLISHED,Published,,2019,2019,,EUR,Europe,,PRT,Portugal,,No,,,,,,
NCD_CCS_rheumreg,Existence of a register of patients who had rheumatic fever and rheumatic heart disease,https://www.who.int/data/gho/indicator-metadata-registry/imr-details/4983,PUBLISHED,Published,,2019,2019,,AMR,Americas,,PRY,Paraguay,,No,,,,,,
NCD_CCS_rheumreg,Existence of a register of patients who had rheumatic fever and rheumatic heart disease,https://www.who.int/data/gho/indicator-metadata-registry/imr-details/4983,PUBLISHED,Published,,2019,2019,,EMR,Eastern Mediterranean,,QAT,Qatar,,Don't know,,,,,,
NCD_CCS_rheumreg,Existence of a register of patients who had rheumatic fever and rheumatic heart disease,https://www.who.int/data/gho/indicator-metadata-registry/imr-details/4983,PUBLISHED,Published,,2019,2019,,EUR,Europe,,ROU,Romania,,Yes,,,,,,
NCD_CCS_rheumreg,Existence of a register of patients who had rheumatic fever and rheumatic heart disease,https://www.who.int/data/gho/indicator-metadata-registry/imr-details/4983,PUBLISHED,Published,,2019,2019,,EUR,Europe,,RUS,Russian Federation,,Don't know,,,,,,
NCD_CCS_rheumreg,Existence of a register of patients who had rheumatic fever and rheumatic heart disease,https://www.who.int/data/gho/indicator-metadata-registry/imr-details/4983,PUBLISHED,Published,,2019,2019,,AFR,Africa,,RWA,Rwanda,,Yes,,,,,,
NCD_CCS_rheumreg,Existence of a register of patients who had rheumatic fever and rheumatic heart disease,https://www.who.int/data/gho/indicator-metadata-registry/imr-details/4983,PUBLISHED,Published,,2019,2019,,EMR,Eastern Mediterranean,,SAU,Saudi Arabia,,Don't know,,,,,,
NCD_CCS_rheumreg,Existence of a register of patients who had rheumatic fever and rheumatic heart disease,https://www.who.int/data/gho/indicator-metadata-registry/imr-details/4983,PUBLISHED,Published,,2019,2019,,EMR,Eastern Mediterranean,,SDN,Sudan,,No,,,,,,
NCD_CCS_rheumreg,Existence of a register of patients who had rheumatic fever and rheumatic heart disease,https://www.who.int/data/gho/indicator-metadata-registry/imr-details/4983,PUBLISHED,Published,,2019,2019,,AFR,Africa,,SEN,Senegal,,No,,,,,,
NCD_CCS_rheumreg,Existence of a register of patients who had rheumatic fever and rheumatic heart disease,https://www.who.int/data/gho/indicator-metadata-registry/imr-details/4983,PUBLISHED,Published,,2019,2019,,WPR,Western Pacific,,SGP,Singapore,,Yes,,,,,,
NCD_CCS_rheumreg,Existence of a register of patients who had rheumatic fever and rheumatic heart disease,https://www.who.int/data/gho/indicator-metadata-registry/imr-details/4983,PUBLISHED,Published,,2019,2019,,WPR,Western Pacific,,SLB,Solomon Islands,,Yes,,,,,,
NCD_CCS_rheumreg,Existence of a register of patients who had rheumatic fever and rheumatic heart disease,https://www.who.int/data/gho/indicator-metadata-registry/imr-details/4983,PUBLISHED,Published,,2019,2019,,AFR,Africa,,SLE,Sierra Leone,,No,,,,,,
NCD_CCS_rheumreg,Existence of a register of patients who had rheumatic fever and rheumatic heart disease,https://www.who.int/data/gho/indicator-metadata-registry/imr-details/4983,PUBLISHED,Published,,2019,2019,,AMR,Americas,,SLV,El Salvador,,No,,,,,,
NCD_CCS_rheumreg,Existence of a register of patients who had rheumatic fever and rheumatic heart disease,https://www.who.int/data/gho/indicator-metadata-registry/imr-details/4983,PUBLISHED,Published,,2019,2019,,EUR,Europe,,SMR,San Marino,,No,,,,,,
NCD_CCS_rheumreg,Existence of a register of patients who had rheumatic fever and rheumatic heart disease,https://www.who.int/data/gho/indicator-metadata-registry/imr-details/4983,PUBLISHED,Published,,2019,2019,,EMR,Eastern Mediterranean,,SOM,Somalia,,No,,,,,,
NCD_CCS_rheumreg,Existence of a register of patients who had rheumatic fever and rheumatic heart disease,https://www.who.int/data/gho/indicator-metadata-registry/imr-details/4983,PUBLISHED,Published,,2019,2019,,EUR,Europe,,SRB,Serbia,,No,,,,,,
NCD_CCS_rheumreg,Existence of a register of patients who had rheumatic fever and rheumatic heart disease,https://www.who.int/data/gho/indicator-metadata-registry/imr-details/4983,PUBLISHED,Published,,2019,2019,,AFR,Africa,,SSD,South Sudan,,No,,,,,,
NCD_CCS_rheumreg,Existence of a register of patients who had rheumatic fever and rheumatic heart disease,https://www.who.int/data/gho/indicator-metadata-registry/imr-details/4983,PUBLISHED,Published,,2019,2019,,AFR,Africa,,STP,Sao Tome and Principe,,No,,,,,,
NCD_CCS_rheumreg,Existence of a register of patients who had rheumatic fever and rheumatic heart disease,https://www.who.int/data/gho/indicator-metadata-registry/imr-details/4983,PUBLISHED,Published,,2019,2019,,AMR,Americas,,SUR,Suriname,,No,,,,,,
NCD_CCS_rheumreg,Existence of a register of patients who had rheumatic fever and rheumatic heart disease,https://www.who.int/data/gho/indicator-metadata-registry/imr-details/4983,PUBLISHED,Published,,2019,2019,,EUR,Europe,,SVK,Slovakia,,No,,,,,,
NCD_CCS_rheumreg,Existence of a register of patients who had rheumatic fever and rheumatic heart disease,https://www.who.int/data/gho/indicator-metadata-registry/imr-details/4983,PUBLISHED,Published,,2019,2019,,EUR,Europe,,SVN,Slovenia,,Don't know,,,,,,
NCD_CCS_rheumreg,Existence of a register of patients who had rheumatic fever and rheumatic heart disease,https://www.who.int/data/gho/indicator-metadata-registry/imr-details/4983,PUBLISHED,Published,,2019,2019,,EUR,Europe,,SWE,Sweden,,Yes,,,,,,
NCD_CCS_rheumreg,Existence of a register of patients who had rheumatic fever and rheumatic heart disease,https://www.who.int/data/gho/indicator-metadata-registry/imr-details/4983,PUBLISHED,Published,,2019,2019,,AFR,Africa,,SWZ,Eswatini,,No,,,,,,
NCD_CCS_rheumreg,Existence of a register of patients who had rheumatic fever and rheumatic heart disease,https://www.who.int/data/gho/indicator-metadata-registry/imr-details/4983,PUBLISHED,Published,,2019,2019,,AFR,Africa,,SYC,Seychelles,,No,,,,,,
NCD_CCS_rheumreg,Existence of a register of patients who had rheumatic fever and rheumatic heart disease,https://www.who.int/data/gho/indicator-metadata-registry/imr-details/4983,PUBLISHED,Published,,2019,2019,,EMR,Eastern Mediterranean,,SYR,Syrian Arab Republic,,No,,,,,,
NCD_CCS_rheumreg,Existence of a register of patients who had rheumatic fever and rheumatic heart disease,https://www.who.int/data/gho/indicator-metadata-registry/imr-details/4983,PUBLISHED,Published,,2019,2019,,AFR,Africa,,TCD,Chad,,No,,,,,,
NCD_CCS_rheumreg,Existence of a register of patients who had rheumatic fever and rheumatic heart disease,https://www.who.int/data/gho/indicator-metadata-registry/imr-details/4983,PUBLISHED,Published,,2019,2019,,AFR,Africa,,TGO,Togo,,No,,,,,,
NCD_CCS_rheumreg,Existence of a register of patients who had rheumatic fever and rheumatic heart disease,https://www.who.int/data/gho/indicator-metadata-registry/imr-details/4983,PUBLISHED,Published,,2019,2019,,SEAR,South-East Asia,,THA,Thailand,,Yes,,,,,,
NCD_CCS_rheumreg,Existence of a register of patients who had rheumatic fever and rheumatic heart disease,https://www.who.int/data/gho/indicator-metadata-registry/imr-details/4983,PUBLISHED,Published,,2019,2019,,EUR,Europe,,TJK,Tajikistan,,No,,,,,,
NCD_CCS_rheumreg,Existence of a register of patients who had rheumatic fever and rheumatic heart disease,https://www.who.int/data/gho/indicator-metadata-registry/imr-details/4983,PUBLISHED,Published,,2019,2019,,EUR,Europe,,TKM,Turkmenistan,,Yes,,,,,,
NCD_CCS_rheumreg,Existence of a register of patients who had rheumatic fever and rheumatic heart disease,https://www.who.int/data/gho/indicator-metadata-registry/imr-details/4983,PUBLISHED,Published,,2019,2019,,SEAR,South-East Asia,,TLS,Timor-Leste,,Don't know,,,,,,
NCD_CCS_rheumreg,Existence of a register of patients who had rheumatic fever and rheumatic heart disease,https://www.who.int/data/gho/indicator-metadata-registry/imr-details/4983,PUBLISHED,Published,,2019,2019,,WPR,Western Pacific,,TON,Tonga,,Yes,,,,,,
NCD_CCS_rheumreg,Existence of a register of patients who had rheumatic fever and rheumatic heart disease,https://www.who.int/data/gho/indicator-metadata-registry/imr-details/4983,PUBLISHED,Published,,2019,2019,,AMR,Americas,,TTO,Trinidad and Tobago,,Don't know,,,,,,
NCD_CCS_rheumreg,Existence of a register of patients who had rheumatic fever and rheumatic heart disease,https://www.who.int/data/gho/indicator-metadata-registry/imr-details/4983,PUBLISHED,Published,,2019,2019,,EMR,Eastern Mediterranean,,TUN,Tunisia,,No,,,,,,
NCD_CCS_rheumreg,Existence of a register of patients who had rheumatic fever and rheumatic heart disease,https://www.who.int/data/gho/indicator-metadata-registry/imr-details/4983,PUBLISHED,Published,,2019,2019,,EUR,Europe,,TUR,Turkey,,Yes,,,,,,
NCD_CCS_rheumreg,Existence of a register of patients who had rheumatic fever and rheumatic heart disease,https://www.who.int/data/gho/indicator-metadata-registry/imr-details/4983,PUBLISHED,Published,,2019,2019,,WPR,Western Pacific,,TUV,Tuvalu,,Yes,,,,,,
NCD_CCS_rheumreg,Existence of a register of patients who had rheumatic fever and rheumatic heart disease,https://www.who.int/data/gho/indicator-metadata-registry/imr-details/4983,PUBLISHED,Published,,2019,2019,,AFR,Africa,,TZA,United Republic of Tanzania,,Yes,,,,,,
NCD_CCS_rheumreg,Existence of a register of patients who had rheumatic fever and rheumatic heart disease,https://www.who.int/data/gho/indicator-metadata-registry/imr-details/4983,PUBLISHED,Published,,2019,2019,,AFR,Africa,,UGA,Uganda,,Yes,,,,,,
NCD_CCS_rheumreg,Existence of a register of patients who had rheumatic fever and rheumatic heart disease,https://www.who.int/data/gho/indicator-metadata-registry/imr-details/4983,PUBLISHED,Published,,2019,2019,,EUR,Europe,,UKR,Ukraine,,No,,,,,,
NCD_CCS_rheumreg,Existence of a register of patients who had rheumatic fever and rheumatic heart disease,https://www.who.int/data/gho/indicator-metadata-registry/imr-details/4983,PUBLISHED,Published,,2019,2019,,AMR,Americas,,URY,Uruguay,,No,,,,,,
NCD_CCS_rheumreg,Existence of a register of patients who had rheumatic fever and rheumatic heart disease,https://www.who.int/data/gho/indicator-metadata-registry/imr-details/4983,PUBLISHED,Published,,2019,2019,,AMR,Americas,,USA,United States of America,,No,,,,,,
NCD_CCS_rheumreg,Existence of a register of patients who had rheumatic fever and rheumatic heart disease,https://www.who.int/data/gho/indicator-metadata-registry/imr-details/4983,PUBLISHED,Published,,2019,2019,,EUR,Europe,,UZB,Uzbekistan,,Yes,,,,,,
NCD_CCS_rheumreg,Existence of a register of patients who had rheumatic fever and rheumatic heart disease,https://www.who.int/data/gho/indicator-metadata-registry/imr-details/4983,PUBLISHED,Published,,2019,2019,,AMR,Americas,,VCT,Saint Vincent and the Grenadines,,Yes,,,,,,
NCD_CCS_rheumreg,Existence of a register of patients who had rheumatic fever and rheumatic heart disease,https://www.who.int/data/gho/indicator-metadata-registry/imr-details/4983,PUBLISHED,Published,,2019,2019,,AMR,Americas,,VEN,Venezuela (Bolivarian Republic of),,Yes,,,,,,
NCD_CCS_rheumreg,Existence of a register of patients who had rheumatic fever and rheumatic heart disease,https://www.who.int/data/gho/indicator-metadata-registry/imr-details/4983,PUBLISHED,Published,,2019,2019,,WPR,Western Pacific,,VNM,Viet Nam,,Don't know,,,,,,
NCD_CCS_rheumreg,Existence of a register of patients who had rheumatic fever and rheumatic heart disease,https://www.who.int/data/gho/indicator-metadata-registry/imr-details/4983,PUBLISHED,Published,,2019,2019,,WPR,Western Pacific,,VUT,Vanuatu,,Yes,,,,,,
NCD_CCS_rheumreg,Existence of a register of patients who had rheumatic fever and rheumatic heart disease,https://www.who.int/data/gho/indicator-metadata-registry/imr-details/4983,PUBLISHED,Published,,2019,2019,,WPR,Western Pacific,,WSM,Samoa,,Yes,,,,,,
NCD_CCS_rheumreg,Existence of a register of patients who had rheumatic fever and rheumatic heart disease,https://www.who.int/data/gho/indicator-metadata-registry/imr-details/4983,PUBLISHED,Published,,2019,2019,,EMR,Eastern Mediterranean,,YEM,Yemen,,No,,,,,,
NCD_CCS_rheumreg,Existence of a register of patients who had rheumatic fever and rheumatic heart disease,https://www.who.int/data/gho/indicator-metadata-registry/imr-details/4983,PUBLISHED,Published,,2019,2019,,AFR,Africa,,ZAF,South Africa,,No,,,,,,
NCD_CCS_rheumreg,Existence of a register of patients who had rheumatic fever and rheumatic heart disease,https://www.who.int/data/gho/indicator-metadata-registry/imr-details/4983,PUBLISHED,Published,,2019,2019,,AFR,Africa,,ZMB,Zambia,,No,,,,,,
NCD_CCS_rheumreg,Existence of a register of patients who had rheumatic fever and rheumatic heart disease,https://www.who.int/data/gho/indicator-metadata-registry/imr-details/4983,PUBLISHED,Published,,2019,2019,,AFR,Africa,,ZWE,Zimbabwe,,Yes,,,,,,
