GHO (CODE),GHO (DISPLAY),GHO (URL),PUBLISHSTATE (CODE),PUBLISHSTATE (DISPLAY),PUBLISHSTATE (URL),YEAR (CODE),YEAR (DISPLAY),YEAR (URL),REGION (CODE),REGION (DISPLAY),REGION (URL),COUNTRY (CODE),COUNTRY (DISPLAY),COUNTRY (URL),Display Value,Numeric,Low,High,StdErr,StdDev,Comments
RS_223_BIS,Law requires helmet to be fastened,https://www.who.int/data/gho/indicator-metadata-registry/imr-details/4651,PUBLISHED,Published,,2013,2013,,EMR,Eastern Mediterranean,,AFG,Afghanistan,,-,,,,,,No data
RS_223_BIS,Law requires helmet to be fastened,https://www.who.int/data/gho/indicator-metadata-registry/imr-details/4651,PUBLISHED,Published,,2013,2013,,AMR,Americas,,ATG,Antigua and Barbuda,,-,,,,,,No data
RS_223_BIS,Law requires helmet to be fastened,https://www.who.int/data/gho/indicator-metadata-registry/imr-details/4651,PUBLISHED,Published,,2013,2013,,AMR,Americas,,DMA,Dominica,,-,,,,,,No data
RS_223_BIS,Law requires helmet to be fastened,https://www.who.int/data/gho/indicator-metadata-registry/imr-details/4651,PUBLISHED,Published,,2013,2013,,WPR,Western Pacific,,FJI,Fiji,,-,,,,,,No data
RS_223_BIS,Law requires helmet to be fastened,https://www.who.int/data/gho/indicator-metadata-registry/imr-details/4651,PUBLISHED,Published,,2013,2013,,WPR,Western Pacific,,FSM,Micronesia (Federated States of),,-,,,,,,No data
RS_223_BIS,Law requires helmet to be fastened,https://www.who.int/data/gho/indicator-metadata-registry/imr-details/4651,PUBLISHED,Published,,2013,2013,,AFR,Africa,,GMB,Gambia,,-,,,,,,No data
RS_223_BIS,Law requires helmet to be fastened,https://www.who.int/data/gho/indicator-metadata-registry/imr-details/4651,PUBLISHED,Published,,2013,2013,,AFR,Africa,,GNB,Guinea-Bissau,,-,,,,,,No data
RS_223_BIS,Law requires helmet to be fastened,https://www.who.int/data/gho/indicator-metadata-registry/imr-details/4651,PUBLISHED,Published,,2013,2013,,AMR,Americas,,GUY,Guyana,,-,,,,,,No data
RS_223_BIS,Law requires helmet to be fastened,https://www.who.int/data/gho/indicator-metadata-registry/imr-details/4651,PUBLISHED,Published,,2013,2013,,WPR,Western Pacific,,KIR,Kiribati,,-,,,,,,No data
RS_223_BIS,Law requires helmet to be fastened,https://www.who.int/data/gho/indicator-metadata-registry/imr-details/4651,PUBLISHED,Published,,2013,2013,,AFR,Africa,,LBR,Liberia,,-,,,,,,No data
RS_223_BIS,Law requires helmet to be fastened,https://www.who.int/data/gho/indicator-metadata-registry/imr-details/4651,PUBLISHED,Published,,2013,2013,,EMR,Eastern Mediterranean,,SOM,Somalia,,-,,,,,,No data
RS_223_BIS,Law requires helmet to be fastened,https://www.who.int/data/gho/indicator-metadata-registry/imr-details/4651,PUBLISHED,Published,,2013,2013,,EUR,Europe,,ALB,Albania,,No,,,,,,
RS_223_BIS,Law requires helmet to be fastened,https://www.who.int/data/gho/indicator-metadata-registry/imr-details/4651,PUBLISHED,Published,,2013,2013,,EMR,Eastern Mediterranean,,ARE,United Arab Emirates,,No,,,,,,
RS_223_BIS,Law requires helmet to be fastened,https://www.who.int/data/gho/indicator-metadata-registry/imr-details/4651,PUBLISHED,Published,,2013,2013,,EUR,Europe,,AUT,Austria,,No,,,,,,
RS_223_BIS,Law requires helmet to be fastened,https://www.who.int/data/gho/indicator-metadata-registry/imr-details/4651,PUBLISHED,Published,,2013,2013,,EUR,Europe,,AZE,Azerbaijan,,No,,,,,,
RS_223_BIS,Law requires helmet to be fastened,https://www.who.int/data/gho/indicator-metadata-registry/imr-details/4651,PUBLISHED,Published,,2013,2013,,EUR,Europe,,BEL,Belgium,,No,,,,,,
RS_223_BIS,Law requires helmet to be fastened,https://www.who.int/data/gho/indicator-metadata-registry/imr-details/4651,PUBLISHED,Published,,2013,2013,,AFR,Africa,,BEN,Benin,,No,,,,,,
RS_223_BIS,Law requires helmet to be fastened,https://www.who.int/data/gho/indicator-metadata-registry/imr-details/4651,PUBLISHED,Published,,2013,2013,,AFR,Africa,,BFA,Burkina Faso,,No,,,,,,
RS_223_BIS,Law requires helmet to be fastened,https://www.who.int/data/gho/indicator-metadata-registry/imr-details/4651,PUBLISHED,Published,,2013,2013,,SEAR,South-East Asia,,BGD,Bangladesh,,No,,,,,,
RS_223_BIS,Law requires helmet to be fastened,https://www.who.int/data/gho/indicator-metadata-registry/imr-details/4651,PUBLISHED,Published,,2013,2013,,EUR,Europe,,BGR,Bulgaria,,No,,,,,,
RS_223_BIS,Law requires helmet to be fastened,https://www.who.int/data/gho/indicator-metadata-registry/imr-details/4651,PUBLISHED,Published,,2013,2013,,EMR,Eastern Mediterranean,,BHR,Bahrain,,No,,,,,,
RS_223_BIS,Law requires helmet to be fastened,https://www.who.int/data/gho/indicator-metadata-registry/imr-details/4651,PUBLISHED,Published,,2013,2013,,AMR,Americas,,BHS,Bahamas,,No,,,,,,
RS_223_BIS,Law requires helmet to be fastened,https://www.who.int/data/gho/indicator-metadata-registry/imr-details/4651,PUBLISHED,Published,,2013,2013,,EUR,Europe,,BIH,Bosnia and Herzegovina,,No,,,,,,
RS_223_BIS,Law requires helmet to be fastened,https://www.who.int/data/gho/indicator-metadata-registry/imr-details/4651,PUBLISHED,Published,,2013,2013,,AMR,Americas,,BOL,Bolivia (Plurinational State of),,No,,,,,,
RS_223_BIS,Law requires helmet to be fastened,https://www.who.int/data/gho/indicator-metadata-registry/imr-details/4651,PUBLISHED,Published,,2013,2013,,AMR,Americas,,BRB,Barbados,,No,,,,,,
RS_223_BIS,Law requires helmet to be fastened,https://www.who.int/data/gho/indicator-metadata-registry/imr-details/4651,PUBLISHED,Published,,2013,2013,,AFR,Africa,,CAF,Central African Republic,,No,,,,,,
RS_223_BIS,Law requires helmet to be fastened,https://www.who.int/data/gho/indicator-metadata-registry/imr-details/4651,PUBLISHED,Published,,2013,2013,,EUR,Europe,,CHE,Switzerland,,No,,,,,,
RS_223_BIS,Law requires helmet to be fastened,https://www.who.int/data/gho/indicator-metadata-registry/imr-details/4651,PUBLISHED,Published,,2013,2013,,WPR,Western Pacific,,CHN,China,,No,,,,,,
RS_223_BIS,Law requires helmet to be fastened,https://www.who.int/data/gho/indicator-metadata-registry/imr-details/4651,PUBLISHED,Published,,2013,2013,,AFR,Africa,,CIV,Côte d'Ivoire,,No,,,,,,
RS_223_BIS,Law requires helmet to be fastened,https://www.who.int/data/gho/indicator-metadata-registry/imr-details/4651,PUBLISHED,Published,,2013,2013,,AFR,Africa,,CMR,Cameroon,,No,,,,,,
RS_223_BIS,Law requires helmet to be fastened,https://www.who.int/data/gho/indicator-metadata-registry/imr-details/4651,PUBLISHED,Published,,2013,2013,,AFR,Africa,,COD,Democratic Republic of the Congo,,No,,,,,,
RS_223_BIS,Law requires helmet to be fastened,https://www.who.int/data/gho/indicator-metadata-registry/imr-details/4651,PUBLISHED,Published,,2013,2013,,AFR,Africa,,COG,Congo,,No,,,,,,
RS_223_BIS,Law requires helmet to be fastened,https://www.who.int/data/gho/indicator-metadata-registry/imr-details/4651,PUBLISHED,Published,,2013,2013,,WPR,Western Pacific,,COK,Cook Islands,,No,,,,,,
RS_223_BIS,Law requires helmet to be fastened,https://www.who.int/data/gho/indicator-metadata-registry/imr-details/4651,PUBLISHED,Published,,2013,2013,,AMR,Americas,,COL,Colombia,,No,,,,,,
RS_223_BIS,Law requires helmet to be fastened,https://www.who.int/data/gho/indicator-metadata-registry/imr-details/4651,PUBLISHED,Published,,2013,2013,,AMR,Americas,,CRI,Costa Rica,,No,,,,,,
RS_223_BIS,Law requires helmet to be fastened,https://www.who.int/data/gho/indicator-metadata-registry/imr-details/4651,PUBLISHED,Published,,2013,2013,,EUR,Europe,,CYP,Cyprus,,No,,,,,,
RS_223_BIS,Law requires helmet to be fastened,https://www.who.int/data/gho/indicator-metadata-registry/imr-details/4651,PUBLISHED,Published,,2013,2013,,EUR,Europe,,DEU,Germany,,No,,,,,,
RS_223_BIS,Law requires helmet to be fastened,https://www.who.int/data/gho/indicator-metadata-registry/imr-details/4651,PUBLISHED,Published,,2013,2013,,EMR,Eastern Mediterranean,,DJI,Djibouti,,No,,,,,,
RS_223_BIS,Law requires helmet to be fastened,https://www.who.int/data/gho/indicator-metadata-registry/imr-details/4651,PUBLISHED,Published,,2013,2013,,AMR,Americas,,DOM,Dominican Republic,,No,,,,,,
RS_223_BIS,Law requires helmet to be fastened,https://www.who.int/data/gho/indicator-metadata-registry/imr-details/4651,PUBLISHED,Published,,2013,2013,,AFR,Africa,,DZA,Algeria,,No,,,,,,
RS_223_BIS,Law requires helmet to be fastened,https://www.who.int/data/gho/indicator-metadata-registry/imr-details/4651,PUBLISHED,Published,,2013,2013,,EMR,Eastern Mediterranean,,EGY,Egypt,,No,,,,,,
RS_223_BIS,Law requires helmet to be fastened,https://www.who.int/data/gho/indicator-metadata-registry/imr-details/4651,PUBLISHED,Published,,2013,2013,,AFR,Africa,,ERI,Eritrea,,No,,,,,,
RS_223_BIS,Law requires helmet to be fastened,https://www.who.int/data/gho/indicator-metadata-registry/imr-details/4651,PUBLISHED,Published,,2013,2013,,EUR,Europe,,ESP,Spain,,No,,,,,,
RS_223_BIS,Law requires helmet to be fastened,https://www.who.int/data/gho/indicator-metadata-registry/imr-details/4651,PUBLISHED,Published,,2013,2013,,AFR,Africa,,ETH,Ethiopia,,No,,,,,,
RS_223_BIS,Law requires helmet to be fastened,https://www.who.int/data/gho/indicator-metadata-registry/imr-details/4651,PUBLISHED,Published,,2013,2013,,EUR,Europe,,FIN,Finland,,No,,,,,,
RS_223_BIS,Law requires helmet to be fastened,https://www.who.int/data/gho/indicator-metadata-registry/imr-details/4651,PUBLISHED,Published,,2013,2013,,AFR,Africa,,GAB,Gabon,,No,,,,,,
RS_223_BIS,Law requires helmet to be fastened,https://www.who.int/data/gho/indicator-metadata-registry/imr-details/4651,PUBLISHED,Published,,2013,2013,,EUR,Europe,,GEO,Georgia,,No,,,,,,
RS_223_BIS,Law requires helmet to be fastened,https://www.who.int/data/gho/indicator-metadata-registry/imr-details/4651,PUBLISHED,Published,,2013,2013,,AFR,Africa,,GIN,Guinea,,No,,,,,,
RS_223_BIS,Law requires helmet to be fastened,https://www.who.int/data/gho/indicator-metadata-registry/imr-details/4651,PUBLISHED,Published,,2013,2013,,AMR,Americas,,GTM,Guatemala,,No,,,,,,
RS_223_BIS,Law requires helmet to be fastened,https://www.who.int/data/gho/indicator-metadata-registry/imr-details/4651,PUBLISHED,Published,,2013,2013,,AMR,Americas,,HND,Honduras,,No,,,,,,
RS_223_BIS,Law requires helmet to be fastened,https://www.who.int/data/gho/indicator-metadata-registry/imr-details/4651,PUBLISHED,Published,,2013,2013,,SEAR,South-East Asia,,IDN,Indonesia,,No,,,,,,
RS_223_BIS,Law requires helmet to be fastened,https://www.who.int/data/gho/indicator-metadata-registry/imr-details/4651,PUBLISHED,Published,,2013,2013,,SEAR,South-East Asia,,IND,India,,No,,,,,,
RS_223_BIS,Law requires helmet to be fastened,https://www.who.int/data/gho/indicator-metadata-registry/imr-details/4651,PUBLISHED,Published,,2013,2013,,EUR,Europe,,IRL,Ireland,,No,,,,,,
RS_223_BIS,Law requires helmet to be fastened,https://www.who.int/data/gho/indicator-metadata-registry/imr-details/4651,PUBLISHED,Published,,2013,2013,,EMR,Eastern Mediterranean,,IRN,Iran (Islamic Republic of),,No,,,,,,
RS_223_BIS,Law requires helmet to be fastened,https://www.who.int/data/gho/indicator-metadata-registry/imr-details/4651,PUBLISHED,Published,,2013,2013,,EMR,Eastern Mediterranean,,IRQ,Iraq,,No,,,,,,
RS_223_BIS,Law requires helmet to be fastened,https://www.who.int/data/gho/indicator-metadata-registry/imr-details/4651,PUBLISHED,Published,,2013,2013,,EUR,Europe,,ISL,Iceland,,No,,,,,,
RS_223_BIS,Law requires helmet to be fastened,https://www.who.int/data/gho/indicator-metadata-registry/imr-details/4651,PUBLISHED,Published,,2013,2013,,EMR,Eastern Mediterranean,,JOR,Jordan,,No,,,,,,
RS_223_BIS,Law requires helmet to be fastened,https://www.who.int/data/gho/indicator-metadata-registry/imr-details/4651,PUBLISHED,Published,,2013,2013,,AFR,Africa,,KEN,Kenya,,No,,,,,,
RS_223_BIS,Law requires helmet to be fastened,https://www.who.int/data/gho/indicator-metadata-registry/imr-details/4651,PUBLISHED,Published,,2013,2013,,WPR,Western Pacific,,KHM,Cambodia,,No,,,,,,
RS_223_BIS,Law requires helmet to be fastened,https://www.who.int/data/gho/indicator-metadata-registry/imr-details/4651,PUBLISHED,Published,,2013,2013,,WPR,Western Pacific,,KOR,Republic of Korea,,No,,,,,,
RS_223_BIS,Law requires helmet to be fastened,https://www.who.int/data/gho/indicator-metadata-registry/imr-details/4651,PUBLISHED,Published,,2013,2013,,EMR,Eastern Mediterranean,,KWT,Kuwait,,No,,,,,,
RS_223_BIS,Law requires helmet to be fastened,https://www.who.int/data/gho/indicator-metadata-registry/imr-details/4651,PUBLISHED,Published,,2013,2013,,WPR,Western Pacific,,LAO,Lao People's Democratic Republic,,No,,,,,,
RS_223_BIS,Law requires helmet to be fastened,https://www.who.int/data/gho/indicator-metadata-registry/imr-details/4651,PUBLISHED,Published,,2013,2013,,EMR,Eastern Mediterranean,,LBY,Libya,,No,,,,,,
RS_223_BIS,Law requires helmet to be fastened,https://www.who.int/data/gho/indicator-metadata-registry/imr-details/4651,PUBLISHED,Published,,2013,2013,,AMR,Americas,,LCA,Saint Lucia,,No,,,,,,
RS_223_BIS,Law requires helmet to be fastened,https://www.who.int/data/gho/indicator-metadata-registry/imr-details/4651,PUBLISHED,Published,,2013,2013,,SEAR,South-East Asia,,LKA,Sri Lanka,,No,,,,,,
RS_223_BIS,Law requires helmet to be fastened,https://www.who.int/data/gho/indicator-metadata-registry/imr-details/4651,PUBLISHED,Published,,2013,2013,,AFR,Africa,,LSO,Lesotho,,No,,,,,,
RS_223_BIS,Law requires helmet to be fastened,https://www.who.int/data/gho/indicator-metadata-registry/imr-details/4651,PUBLISHED,Published,,2013,2013,,SEAR,South-East Asia,,MDV,Maldives,,No,,,,,,
RS_223_BIS,Law requires helmet to be fastened,https://www.who.int/data/gho/indicator-metadata-registry/imr-details/4651,PUBLISHED,Published,,2013,2013,,AMR,Americas,,MEX,Mexico,,No,,,,,,
RS_223_BIS,Law requires helmet to be fastened,https://www.who.int/data/gho/indicator-metadata-registry/imr-details/4651,PUBLISHED,Published,,2013,2013,,WPR,Western Pacific,,MHL,Marshall Islands,,No,,,,,,
RS_223_BIS,Law requires helmet to be fastened,https://www.who.int/data/gho/indicator-metadata-registry/imr-details/4651,PUBLISHED,Published,,2013,2013,,EUR,Europe,,MKD,Republic of North Macedonia,,No,,,,,,
RS_223_BIS,Law requires helmet to be fastened,https://www.who.int/data/gho/indicator-metadata-registry/imr-details/4651,PUBLISHED,Published,,2013,2013,,EUR,Europe,,MLT,Malta,,No,,,,,,
RS_223_BIS,Law requires helmet to be fastened,https://www.who.int/data/gho/indicator-metadata-registry/imr-details/4651,PUBLISHED,Published,,2013,2013,,WPR,Western Pacific,,MNG,Mongolia,,No,,,,,,
RS_223_BIS,Law requires helmet to be fastened,https://www.who.int/data/gho/indicator-metadata-registry/imr-details/4651,PUBLISHED,Published,,2013,2013,,AFR,Africa,,MRT,Mauritania,,No,,,,,,
RS_223_BIS,Law requires helmet to be fastened,https://www.who.int/data/gho/indicator-metadata-registry/imr-details/4651,PUBLISHED,Published,,2013,2013,,AFR,Africa,,MUS,Mauritius,,No,,,,,,
RS_223_BIS,Law requires helmet to be fastened,https://www.who.int/data/gho/indicator-metadata-registry/imr-details/4651,PUBLISHED,Published,,2013,2013,,AFR,Africa,,NER,Niger,,No,,,,,,
RS_223_BIS,Law requires helmet to be fastened,https://www.who.int/data/gho/indicator-metadata-registry/imr-details/4651,PUBLISHED,Published,,2013,2013,,AMR,Americas,,NIC,Nicaragua,,No,,,,,,
RS_223_BIS,Law requires helmet to be fastened,https://www.who.int/data/gho/indicator-metadata-registry/imr-details/4651,PUBLISHED,Published,,2013,2013,,EUR,Europe,,NOR,Norway,,No,,,,,,
RS_223_BIS,Law requires helmet to be fastened,https://www.who.int/data/gho/indicator-metadata-registry/imr-details/4651,PUBLISHED,Published,,2013,2013,,SEAR,South-East Asia,,NPL,Nepal,,No,,,,,,
RS_223_BIS,Law requires helmet to be fastened,https://www.who.int/data/gho/indicator-metadata-registry/imr-details/4651,PUBLISHED,Published,,2013,2013,,EMR,Eastern Mediterranean,,OMN,Oman,,No,,,,,,
RS_223_BIS,Law requires helmet to be fastened,https://www.who.int/data/gho/indicator-metadata-registry/imr-details/4651,PUBLISHED,Published,,2013,2013,,EMR,Eastern Mediterranean,,PAK,Pakistan,,No,,,,,,
RS_223_BIS,Law requires helmet to be fastened,https://www.who.int/data/gho/indicator-metadata-registry/imr-details/4651,PUBLISHED,Published,,2013,2013,,AMR,Americas,,PAN,Panama,,No,,,,,,
RS_223_BIS,Law requires helmet to be fastened,https://www.who.int/data/gho/indicator-metadata-registry/imr-details/4651,PUBLISHED,Published,,2013,2013,,AMR,Americas,,PER,Peru,,No,,,,,,
RS_223_BIS,Law requires helmet to be fastened,https://www.who.int/data/gho/indicator-metadata-registry/imr-details/4651,PUBLISHED,Published,,2013,2013,,WPR,Western Pacific,,PHL,Philippines,,No,,,,,,
RS_223_BIS,Law requires helmet to be fastened,https://www.who.int/data/gho/indicator-metadata-registry/imr-details/4651,PUBLISHED,Published,,2013,2013,,EUR,Europe,,POL,Poland,,No,,,,,,
RS_223_BIS,Law requires helmet to be fastened,https://www.who.int/data/gho/indicator-metadata-registry/imr-details/4651,PUBLISHED,Published,,2013,2013,,EMR,Eastern Mediterranean,,QAT,Qatar,,No,,,,,,
RS_223_BIS,Law requires helmet to be fastened,https://www.who.int/data/gho/indicator-metadata-registry/imr-details/4651,PUBLISHED,Published,,2013,2013,,EUR,Europe,,ROU,Romania,,No,,,,,,
RS_223_BIS,Law requires helmet to be fastened,https://www.who.int/data/gho/indicator-metadata-registry/imr-details/4651,PUBLISHED,Published,,2013,2013,,EMR,Eastern Mediterranean,,SDN,Sudan,,No,,,,,,
RS_223_BIS,Law requires helmet to be fastened,https://www.who.int/data/gho/indicator-metadata-registry/imr-details/4651,PUBLISHED,Published,,2013,2013,,AFR,Africa,,SEN,Senegal,,No,,,,,,
RS_223_BIS,Law requires helmet to be fastened,https://www.who.int/data/gho/indicator-metadata-registry/imr-details/4651,PUBLISHED,Published,,2013,2013,,AFR,Africa,,SLE,Sierra Leone,,No,,,,,,
RS_223_BIS,Law requires helmet to be fastened,https://www.who.int/data/gho/indicator-metadata-registry/imr-details/4651,PUBLISHED,Published,,2013,2013,,AMR,Americas,,SLV,El Salvador,,No,,,,,,
RS_223_BIS,Law requires helmet to be fastened,https://www.who.int/data/gho/indicator-metadata-registry/imr-details/4651,PUBLISHED,Published,,2013,2013,,EUR,Europe,,SMR,San Marino,,No,,,,,,
RS_223_BIS,Law requires helmet to be fastened,https://www.who.int/data/gho/indicator-metadata-registry/imr-details/4651,PUBLISHED,Published,,2013,2013,,AFR,Africa,,SYC,Seychelles,,No,,,,,,
RS_223_BIS,Law requires helmet to be fastened,https://www.who.int/data/gho/indicator-metadata-registry/imr-details/4651,PUBLISHED,Published,,2013,2013,,AFR,Africa,,TCD,Chad,,No,,,,,,
RS_223_BIS,Law requires helmet to be fastened,https://www.who.int/data/gho/indicator-metadata-registry/imr-details/4651,PUBLISHED,Published,,2013,2013,,AFR,Africa,,TGO,Togo,,No,,,,,,
RS_223_BIS,Law requires helmet to be fastened,https://www.who.int/data/gho/indicator-metadata-registry/imr-details/4651,PUBLISHED,Published,,2013,2013,,AMR,Americas,,TTO,Trinidad and Tobago,,No,,,,,,
RS_223_BIS,Law requires helmet to be fastened,https://www.who.int/data/gho/indicator-metadata-registry/imr-details/4651,PUBLISHED,Published,,2013,2013,,EMR,Eastern Mediterranean,,TUN,Tunisia,,No,,,,,,
RS_223_BIS,Law requires helmet to be fastened,https://www.who.int/data/gho/indicator-metadata-registry/imr-details/4651,PUBLISHED,Published,,2013,2013,,EUR,Europe,,TUR,Turkey,,No,,,,,,
RS_223_BIS,Law requires helmet to be fastened,https://www.who.int/data/gho/indicator-metadata-registry/imr-details/4651,PUBLISHED,Published,,2013,2013,,AFR,Africa,,TZA,United Republic of Tanzania,,No,,,,,,
RS_223_BIS,Law requires helmet to be fastened,https://www.who.int/data/gho/indicator-metadata-registry/imr-details/4651,PUBLISHED,Published,,2013,2013,,AFR,Africa,,UGA,Uganda,,No,,,,,,
RS_223_BIS,Law requires helmet to be fastened,https://www.who.int/data/gho/indicator-metadata-registry/imr-details/4651,PUBLISHED,Published,,2013,2013,,AMR,Americas,,URY,Uruguay,,No,,,,,,
RS_223_BIS,Law requires helmet to be fastened,https://www.who.int/data/gho/indicator-metadata-registry/imr-details/4651,PUBLISHED,Published,,2013,2013,,AMR,Americas,,USA,United States of America,,No,,,,,,
RS_223_BIS,Law requires helmet to be fastened,https://www.who.int/data/gho/indicator-metadata-registry/imr-details/4651,PUBLISHED,Published,,2013,2013,,AMR,Americas,,VCT,Saint Vincent and the Grenadines,,No,,,,,,
RS_223_BIS,Law requires helmet to be fastened,https://www.who.int/data/gho/indicator-metadata-registry/imr-details/4651,PUBLISHED,Published,,2013,2013,,WPR,Western Pacific,,VUT,Vanuatu,,No,,,,,,
RS_223_BIS,Law requires helmet to be fastened,https://www.who.int/data/gho/indicator-metadata-registry/imr-details/4651,PUBLISHED,Published,,2013,2013,,AFR,Africa,,ZMB,Zambia,,No,,,,,,
RS_223_BIS,Law requires helmet to be fastened,https://www.who.int/data/gho/indicator-metadata-registry/imr-details/4651,PUBLISHED,Published,,2013,2013,,EMR,Eastern Mediterranean,,YEM,Yemen,,No ,,,,,,
RS_223_BIS,Law requires helmet to be fastened,https://www.who.int/data/gho/indicator-metadata-registry/imr-details/4651,PUBLISHED,Published,,2013,2013,,AFR,Africa,,AGO,Angola,,Yes,,,,,,
RS_223_BIS,Law requires helmet to be fastened,https://www.who.int/data/gho/indicator-metadata-registry/imr-details/4651,PUBLISHED,Published,,2013,2013,,EUR,Europe,,AND,Andorra,,Yes,,,,,,
RS_223_BIS,Law requires helmet to be fastened,https://www.who.int/data/gho/indicator-metadata-registry/imr-details/4651,PUBLISHED,Published,,2013,2013,,AMR,Americas,,ARG,Argentina,,Yes,,,,,,
RS_223_BIS,Law requires helmet to be fastened,https://www.who.int/data/gho/indicator-metadata-registry/imr-details/4651,PUBLISHED,Published,,2013,2013,,EUR,Europe,,ARM,Armenia,,Yes,,,,,,
RS_223_BIS,Law requires helmet to be fastened,https://www.who.int/data/gho/indicator-metadata-registry/imr-details/4651,PUBLISHED,Published,,2013,2013,,WPR,Western Pacific,,AUS,Australia,,Yes,,,,,,
RS_223_BIS,Law requires helmet to be fastened,https://www.who.int/data/gho/indicator-metadata-registry/imr-details/4651,PUBLISHED,Published,,2013,2013,,EUR,Europe,,BLR,Belarus,,Yes,,,,,,
RS_223_BIS,Law requires helmet to be fastened,https://www.who.int/data/gho/indicator-metadata-registry/imr-details/4651,PUBLISHED,Published,,2013,2013,,AMR,Americas,,BLZ,Belize,,Yes,,,,,,
RS_223_BIS,Law requires helmet to be fastened,https://www.who.int/data/gho/indicator-metadata-registry/imr-details/4651,PUBLISHED,Published,,2013,2013,,AMR,Americas,,BRA,Brazil,,Yes,,,,,,
RS_223_BIS,Law requires helmet to be fastened,https://www.who.int/data/gho/indicator-metadata-registry/imr-details/4651,PUBLISHED,Published,,2013,2013,,SEAR,South-East Asia,,BTN,Bhutan,,Yes,,,,,,
RS_223_BIS,Law requires helmet to be fastened,https://www.who.int/data/gho/indicator-metadata-registry/imr-details/4651,PUBLISHED,Published,,2013,2013,,AFR,Africa,,BWA,Botswana,,Yes,,,,,,
RS_223_BIS,Law requires helmet to be fastened,https://www.who.int/data/gho/indicator-metadata-registry/imr-details/4651,PUBLISHED,Published,,2013,2013,,AMR,Americas,,CAN,Canada,,Yes,,,,,,
RS_223_BIS,Law requires helmet to be fastened,https://www.who.int/data/gho/indicator-metadata-registry/imr-details/4651,PUBLISHED,Published,,2013,2013,,AMR,Americas,,CHL,Chile,,Yes,,,,,,
RS_223_BIS,Law requires helmet to be fastened,https://www.who.int/data/gho/indicator-metadata-registry/imr-details/4651,PUBLISHED,Published,,2013,2013,,AFR,Africa,,CPV,Cabo Verde,,Yes,,,,,,
RS_223_BIS,Law requires helmet to be fastened,https://www.who.int/data/gho/indicator-metadata-registry/imr-details/4651,PUBLISHED,Published,,2013,2013,,AMR,Americas,,CUB,Cuba,,Yes,,,,,,
RS_223_BIS,Law requires helmet to be fastened,https://www.who.int/data/gho/indicator-metadata-registry/imr-details/4651,PUBLISHED,Published,,2013,2013,,EUR,Europe,,CZE,Czechia,,Yes,,,,,,
RS_223_BIS,Law requires helmet to be fastened,https://www.who.int/data/gho/indicator-metadata-registry/imr-details/4651,PUBLISHED,Published,,2013,2013,,EUR,Europe,,DNK,Denmark,,Yes,,,,,,
RS_223_BIS,Law requires helmet to be fastened,https://www.who.int/data/gho/indicator-metadata-registry/imr-details/4651,PUBLISHED,Published,,2013,2013,,AMR,Americas,,ECU,Ecuador,,Yes,,,,,,
RS_223_BIS,Law requires helmet to be fastened,https://www.who.int/data/gho/indicator-metadata-registry/imr-details/4651,PUBLISHED,Published,,2013,2013,,EUR,Europe,,EST,Estonia,,Yes,,,,,,
RS_223_BIS,Law requires helmet to be fastened,https://www.who.int/data/gho/indicator-metadata-registry/imr-details/4651,PUBLISHED,Published,,2013,2013,,EUR,Europe,,FRA,France,,Yes,,,,,,
RS_223_BIS,Law requires helmet to be fastened,https://www.who.int/data/gho/indicator-metadata-registry/imr-details/4651,PUBLISHED,Published,,2013,2013,,EUR,Europe,,GBR,United Kingdom of Great Britain and Northern Ireland,,Yes,,,,,,
RS_223_BIS,Law requires helmet to be fastened,https://www.who.int/data/gho/indicator-metadata-registry/imr-details/4651,PUBLISHED,Published,,2013,2013,,AFR,Africa,,GHA,Ghana,,Yes,,,,,,
RS_223_BIS,Law requires helmet to be fastened,https://www.who.int/data/gho/indicator-metadata-registry/imr-details/4651,PUBLISHED,Published,,2013,2013,,EUR,Europe,,GRC,Greece,,Yes,,,,,,
RS_223_BIS,Law requires helmet to be fastened,https://www.who.int/data/gho/indicator-metadata-registry/imr-details/4651,PUBLISHED,Published,,2013,2013,,EUR,Europe,,HRV,Croatia,,Yes,,,,,,
RS_223_BIS,Law requires helmet to be fastened,https://www.who.int/data/gho/indicator-metadata-registry/imr-details/4651,PUBLISHED,Published,,2013,2013,,EUR,Europe,,HUN,Hungary,,Yes,,,,,,
RS_223_BIS,Law requires helmet to be fastened,https://www.who.int/data/gho/indicator-metadata-registry/imr-details/4651,PUBLISHED,Published,,2013,2013,,EUR,Europe,,ISR,Israel,,Yes,,,,,,
RS_223_BIS,Law requires helmet to be fastened,https://www.who.int/data/gho/indicator-metadata-registry/imr-details/4651,PUBLISHED,Published,,2013,2013,,EUR,Europe,,ITA,Italy,,Yes,,,,,,
RS_223_BIS,Law requires helmet to be fastened,https://www.who.int/data/gho/indicator-metadata-registry/imr-details/4651,PUBLISHED,Published,,2013,2013,,AMR,Americas,,JAM,Jamaica,,Yes,,,,,,
RS_223_BIS,Law requires helmet to be fastened,https://www.who.int/data/gho/indicator-metadata-registry/imr-details/4651,PUBLISHED,Published,,2013,2013,,WPR,Western Pacific,,JPN,Japan,,Yes,,,,,,
RS_223_BIS,Law requires helmet to be fastened,https://www.who.int/data/gho/indicator-metadata-registry/imr-details/4651,PUBLISHED,Published,,2013,2013,,EUR,Europe,,KAZ,Kazakhstan,,Yes,,,,,,
RS_223_BIS,Law requires helmet to be fastened,https://www.who.int/data/gho/indicator-metadata-registry/imr-details/4651,PUBLISHED,Published,,2013,2013,,EUR,Europe,,KGZ,Kyrgyzstan,,Yes,,,,,,
RS_223_BIS,Law requires helmet to be fastened,https://www.who.int/data/gho/indicator-metadata-registry/imr-details/4651,PUBLISHED,Published,,2013,2013,,EMR,Eastern Mediterranean,,LBN,Lebanon,,Yes,,,,,,
RS_223_BIS,Law requires helmet to be fastened,https://www.who.int/data/gho/indicator-metadata-registry/imr-details/4651,PUBLISHED,Published,,2013,2013,,EUR,Europe,,LTU,Lithuania,,Yes,,,,,,
RS_223_BIS,Law requires helmet to be fastened,https://www.who.int/data/gho/indicator-metadata-registry/imr-details/4651,PUBLISHED,Published,,2013,2013,,EUR,Europe,,LUX,Luxembourg,,Yes,,,,,,
RS_223_BIS,Law requires helmet to be fastened,https://www.who.int/data/gho/indicator-metadata-registry/imr-details/4651,PUBLISHED,Published,,2013,2013,,EUR,Europe,,LVA,Latvia,,Yes,,,,,,
RS_223_BIS,Law requires helmet to be fastened,https://www.who.int/data/gho/indicator-metadata-registry/imr-details/4651,PUBLISHED,Published,,2013,2013,,EMR,Eastern Mediterranean,,MAR,Morocco,,Yes,,,,,,
RS_223_BIS,Law requires helmet to be fastened,https://www.who.int/data/gho/indicator-metadata-registry/imr-details/4651,PUBLISHED,Published,,2013,2013,,EUR,Europe,,MCO,Monaco,,Yes,,,,,,
RS_223_BIS,Law requires helmet to be fastened,https://www.who.int/data/gho/indicator-metadata-registry/imr-details/4651,PUBLISHED,Published,,2013,2013,,EUR,Europe,,MDA,Republic of Moldova,,Yes,,,,,,
RS_223_BIS,Law requires helmet to be fastened,https://www.who.int/data/gho/indicator-metadata-registry/imr-details/4651,PUBLISHED,Published,,2013,2013,,AFR,Africa,,MDG,Madagascar,,Yes,,,,,,
RS_223_BIS,Law requires helmet to be fastened,https://www.who.int/data/gho/indicator-metadata-registry/imr-details/4651,PUBLISHED,Published,,2013,2013,,AFR,Africa,,MLI,Mali,,Yes,,,,,,
RS_223_BIS,Law requires helmet to be fastened,https://www.who.int/data/gho/indicator-metadata-registry/imr-details/4651,PUBLISHED,Published,,2013,2013,,SEAR,South-East Asia,,MMR,Myanmar,,Yes,,,,,,
RS_223_BIS,Law requires helmet to be fastened,https://www.who.int/data/gho/indicator-metadata-registry/imr-details/4651,PUBLISHED,Published,,2013,2013,,EUR,Europe,,MNE,Montenegro,,Yes,,,,,,
RS_223_BIS,Law requires helmet to be fastened,https://www.who.int/data/gho/indicator-metadata-registry/imr-details/4651,PUBLISHED,Published,,2013,2013,,AFR,Africa,,MOZ,Mozambique,,Yes,,,,,,
RS_223_BIS,Law requires helmet to be fastened,https://www.who.int/data/gho/indicator-metadata-registry/imr-details/4651,PUBLISHED,Published,,2013,2013,,AFR,Africa,,MWI,Malawi,,Yes,,,,,,
RS_223_BIS,Law requires helmet to be fastened,https://www.who.int/data/gho/indicator-metadata-registry/imr-details/4651,PUBLISHED,Published,,2013,2013,,WPR,Western Pacific,,MYS,Malaysia,,Yes,,,,,,
RS_223_BIS,Law requires helmet to be fastened,https://www.who.int/data/gho/indicator-metadata-registry/imr-details/4651,PUBLISHED,Published,,2013,2013,,AFR,Africa,,NAM,Namibia,,Yes,,,,,,
RS_223_BIS,Law requires helmet to be fastened,https://www.who.int/data/gho/indicator-metadata-registry/imr-details/4651,PUBLISHED,Published,,2013,2013,,AFR,Africa,,NGA,Nigeria,,Yes,,,,,,
RS_223_BIS,Law requires helmet to be fastened,https://www.who.int/data/gho/indicator-metadata-registry/imr-details/4651,PUBLISHED,Published,,2013,2013,,EUR,Europe,,NLD,Netherlands,,Yes,,,,,,
RS_223_BIS,Law requires helmet to be fastened,https://www.who.int/data/gho/indicator-metadata-registry/imr-details/4651,PUBLISHED,Published,,2013,2013,,WPR,Western Pacific,,NZL,New Zealand,,Yes,,,,,,
RS_223_BIS,Law requires helmet to be fastened,https://www.who.int/data/gho/indicator-metadata-registry/imr-details/4651,PUBLISHED,Published,,2013,2013,,WPR,Western Pacific,,PLW,Palau,,Yes,,,,,,
RS_223_BIS,Law requires helmet to be fastened,https://www.who.int/data/gho/indicator-metadata-registry/imr-details/4651,PUBLISHED,Published,,2013,2013,,WPR,Western Pacific,,PNG,Papua New Guinea,,Yes,,,,,,
RS_223_BIS,Law requires helmet to be fastened,https://www.who.int/data/gho/indicator-metadata-registry/imr-details/4651,PUBLISHED,Published,,2013,2013,,EUR,Europe,,PRT,Portugal,,Yes,,,,,,
RS_223_BIS,Law requires helmet to be fastened,https://www.who.int/data/gho/indicator-metadata-registry/imr-details/4651,PUBLISHED,Published,,2013,2013,,AMR,Americas,,PRY,Paraguay,,Yes,,,,,,
RS_223_BIS,Law requires helmet to be fastened,https://www.who.int/data/gho/indicator-metadata-registry/imr-details/4651,PUBLISHED,Published,,2013,2013,,EUR,Europe,,RUS,Russian Federation,,Yes,,,,,,
RS_223_BIS,Law requires helmet to be fastened,https://www.who.int/data/gho/indicator-metadata-registry/imr-details/4651,PUBLISHED,Published,,2013,2013,,AFR,Africa,,RWA,Rwanda,,Yes,,,,,,
RS_223_BIS,Law requires helmet to be fastened,https://www.who.int/data/gho/indicator-metadata-registry/imr-details/4651,PUBLISHED,Published,,2013,2013,,EMR,Eastern Mediterranean,,SAU,Saudi Arabia,,Yes,,,,,,
RS_223_BIS,Law requires helmet to be fastened,https://www.who.int/data/gho/indicator-metadata-registry/imr-details/4651,PUBLISHED,Published,,2013,2013,,WPR,Western Pacific,,SGP,Singapore,,Yes,,,,,,
RS_223_BIS,Law requires helmet to be fastened,https://www.who.int/data/gho/indicator-metadata-registry/imr-details/4651,PUBLISHED,Published,,2013,2013,,WPR,Western Pacific,,SLB,Solomon Islands,,Yes,,,,,,
RS_223_BIS,Law requires helmet to be fastened,https://www.who.int/data/gho/indicator-metadata-registry/imr-details/4651,PUBLISHED,Published,,2013,2013,,EUR,Europe,,SRB,Serbia,,Yes,,,,,,
RS_223_BIS,Law requires helmet to be fastened,https://www.who.int/data/gho/indicator-metadata-registry/imr-details/4651,PUBLISHED,Published,,2013,2013,,AFR,Africa,,STP,Sao Tome and Principe,,Yes,,,,,,
RS_223_BIS,Law requires helmet to be fastened,https://www.who.int/data/gho/indicator-metadata-registry/imr-details/4651,PUBLISHED,Published,,2013,2013,,AMR,Americas,,SUR,Suriname,,Yes,,,,,,
RS_223_BIS,Law requires helmet to be fastened,https://www.who.int/data/gho/indicator-metadata-registry/imr-details/4651,PUBLISHED,Published,,2013,2013,,EUR,Europe,,SVK,Slovakia,,Yes,,,,,,
RS_223_BIS,Law requires helmet to be fastened,https://www.who.int/data/gho/indicator-metadata-registry/imr-details/4651,PUBLISHED,Published,,2013,2013,,EUR,Europe,,SVN,Slovenia,,Yes,,,,,,
RS_223_BIS,Law requires helmet to be fastened,https://www.who.int/data/gho/indicator-metadata-registry/imr-details/4651,PUBLISHED,Published,,2013,2013,,EUR,Europe,,SWE,Sweden,,Yes,,,,,,
RS_223_BIS,Law requires helmet to be fastened,https://www.who.int/data/gho/indicator-metadata-registry/imr-details/4651,PUBLISHED,Published,,2013,2013,,AFR,Africa,,SWZ,Eswatini,,Yes,,,,,,
RS_223_BIS,Law requires helmet to be fastened,https://www.who.int/data/gho/indicator-metadata-registry/imr-details/4651,PUBLISHED,Published,,2013,2013,,SEAR,South-East Asia,,THA,Thailand,,Yes,,,,,,
RS_223_BIS,Law requires helmet to be fastened,https://www.who.int/data/gho/indicator-metadata-registry/imr-details/4651,PUBLISHED,Published,,2013,2013,,EUR,Europe,,TJK,Tajikistan,,Yes,,,,,,
RS_223_BIS,Law requires helmet to be fastened,https://www.who.int/data/gho/indicator-metadata-registry/imr-details/4651,PUBLISHED,Published,,2013,2013,,EUR,Europe,,TKM,Turkmenistan,,Yes,,,,,,
RS_223_BIS,Law requires helmet to be fastened,https://www.who.int/data/gho/indicator-metadata-registry/imr-details/4651,PUBLISHED,Published,,2013,2013,,SEAR,South-East Asia,,TLS,Timor-Leste,,Yes,,,,,,
RS_223_BIS,Law requires helmet to be fastened,https://www.who.int/data/gho/indicator-metadata-registry/imr-details/4651,PUBLISHED,Published,,2013,2013,,WPR,Western Pacific,,TON,Tonga,,Yes,,,,,,
RS_223_BIS,Law requires helmet to be fastened,https://www.who.int/data/gho/indicator-metadata-registry/imr-details/4651,PUBLISHED,Published,,2013,2013,,EUR,Europe,,UZB,Uzbekistan,,Yes,,,,,,
RS_223_BIS,Law requires helmet to be fastened,https://www.who.int/data/gho/indicator-metadata-registry/imr-details/4651,PUBLISHED,Published,,2013,2013,,WPR,Western Pacific,,VNM,Viet Nam,,Yes,,,,,,
RS_223_BIS,Law requires helmet to be fastened,https://www.who.int/data/gho/indicator-metadata-registry/imr-details/4651,PUBLISHED,Published,,2013,2013,,WPR,Western Pacific,,WSM,Samoa,,Yes,,,,,,
RS_223_BIS,Law requires helmet to be fastened,https://www.who.int/data/gho/indicator-metadata-registry/imr-details/4651,PUBLISHED,Published,,2013,2013,,AFR,Africa,,ZAF,South Africa,,Yes,,,,,,
RS_223_BIS,Law requires helmet to be fastened,https://www.who.int/data/gho/indicator-metadata-registry/imr-details/4651,PUBLISHED,Published,,2013,2013,,AFR,Africa,,ZWE,Zimbabwe,,Yes,,,,,,
