GHO (CODE),GHO (DISPLAY),GHO (URL),PUBLISHSTATE (CODE),PUBLISHSTATE (DISPLAY),PUBLISHSTATE (URL),YEAR (CODE),YEAR (DISPLAY),YEAR (URL),REGION (CODE),REGION (DISPLAY),REGION (URL),COUNTRY (CODE),COUNTRY (DISPLAY),COUNTRY (URL),Display Value,Numeric,Low,High,StdErr,StdDev,Comments
RS_240,Training in medical emergency - available for doctors,https://www.who.int/data/gho/indicator-metadata-registry/imr-details/3356,PUBLISHED,Published,,2013,2013,,AMR,Americas,,BHS,Bahamas,,-,,,,,,No data
RS_240,Training in medical emergency - available for doctors,https://www.who.int/data/gho/indicator-metadata-registry/imr-details/3356,PUBLISHED,Published,,2013,2013,,WPR,Western Pacific,,FJI,Fiji,,-,,,,,,No data
RS_240,Training in medical emergency - available for doctors,https://www.who.int/data/gho/indicator-metadata-registry/imr-details/3356,PUBLISHED,Published,,2013,2013,,AFR,Africa,,NAM,Namibia,,-,,,,,,No data
RS_240,Training in medical emergency - available for doctors,https://www.who.int/data/gho/indicator-metadata-registry/imr-details/3356,PUBLISHED,Published,,2013,2013,,AFR,Africa,,RWA,Rwanda,,-,,,,,,No data
RS_240,Training in medical emergency - available for doctors,https://www.who.int/data/gho/indicator-metadata-registry/imr-details/3356,PUBLISHED,Published,,2013,2013,,EUR,Europe,,ALB,Albania,,No,,,,,,
RS_240,Training in medical emergency - available for doctors,https://www.who.int/data/gho/indicator-metadata-registry/imr-details/3356,PUBLISHED,Published,,2013,2013,,AFR,Africa,,DZA,Algeria,,No,,,,,,
RS_240,Training in medical emergency - available for doctors,https://www.who.int/data/gho/indicator-metadata-registry/imr-details/3356,PUBLISHED,Published,,2013,2013,,EUR,Europe,,AND,Andorra,,No,,,,,,
RS_240,Training in medical emergency - available for doctors,https://www.who.int/data/gho/indicator-metadata-registry/imr-details/3356,PUBLISHED,Published,,2013,2013,,AMR,Americas,,BLZ,Belize,,No,,,,,,
RS_240,Training in medical emergency - available for doctors,https://www.who.int/data/gho/indicator-metadata-registry/imr-details/3356,PUBLISHED,Published,,2013,2013,,AFR,Africa,,CPV,Cabo Verde,,No,,,,,,
RS_240,Training in medical emergency - available for doctors,https://www.who.int/data/gho/indicator-metadata-registry/imr-details/3356,PUBLISHED,Published,,2013,2013,,AFR,Africa,,CAF,Central African Republic,,No,,,,,,
RS_240,Training in medical emergency - available for doctors,https://www.who.int/data/gho/indicator-metadata-registry/imr-details/3356,PUBLISHED,Published,,2013,2013,,AFR,Africa,,TCD,Chad,,No,,,,,,
RS_240,Training in medical emergency - available for doctors,https://www.who.int/data/gho/indicator-metadata-registry/imr-details/3356,PUBLISHED,Published,,2013,2013,,AFR,Africa,,COG,Congo,,No,,,,,,
RS_240,Training in medical emergency - available for doctors,https://www.who.int/data/gho/indicator-metadata-registry/imr-details/3356,PUBLISHED,Published,,2013,2013,,EUR,Europe,,CYP,Cyprus,,No,,,,,,
RS_240,Training in medical emergency - available for doctors,https://www.who.int/data/gho/indicator-metadata-registry/imr-details/3356,PUBLISHED,Published,,2013,2013,,EUR,Europe,,DNK,Denmark,,No,,,,,,
RS_240,Training in medical emergency - available for doctors,https://www.who.int/data/gho/indicator-metadata-registry/imr-details/3356,PUBLISHED,Published,,2013,2013,,AMR,Americas,,SLV,El Salvador,,No,,,,,,
RS_240,Training in medical emergency - available for doctors,https://www.who.int/data/gho/indicator-metadata-registry/imr-details/3356,PUBLISHED,Published,,2013,2013,,AFR,Africa,,ERI,Eritrea,,No,,,,,,
RS_240,Training in medical emergency - available for doctors,https://www.who.int/data/gho/indicator-metadata-registry/imr-details/3356,PUBLISHED,Published,,2013,2013,,EUR,Europe,,FIN,Finland,,No,,,,,,
RS_240,Training in medical emergency - available for doctors,https://www.who.int/data/gho/indicator-metadata-registry/imr-details/3356,PUBLISHED,Published,,2013,2013,,AFR,Africa,,GAB,Gabon,,No,,,,,,
RS_240,Training in medical emergency - available for doctors,https://www.who.int/data/gho/indicator-metadata-registry/imr-details/3356,PUBLISHED,Published,,2013,2013,,AFR,Africa,,GMB,Gambia,,No,,,,,,
RS_240,Training in medical emergency - available for doctors,https://www.who.int/data/gho/indicator-metadata-registry/imr-details/3356,PUBLISHED,Published,,2013,2013,,EUR,Europe,,GRC,Greece,,No,,,,,,
RS_240,Training in medical emergency - available for doctors,https://www.who.int/data/gho/indicator-metadata-registry/imr-details/3356,PUBLISHED,Published,,2013,2013,,AMR,Americas,,GTM,Guatemala,,No,,,,,,
RS_240,Training in medical emergency - available for doctors,https://www.who.int/data/gho/indicator-metadata-registry/imr-details/3356,PUBLISHED,Published,,2013,2013,,AFR,Africa,,GIN,Guinea,,No,,,,,,
RS_240,Training in medical emergency - available for doctors,https://www.who.int/data/gho/indicator-metadata-registry/imr-details/3356,PUBLISHED,Published,,2013,2013,,AFR,Africa,,GNB,Guinea-Bissau,,No,,,,,,
RS_240,Training in medical emergency - available for doctors,https://www.who.int/data/gho/indicator-metadata-registry/imr-details/3356,PUBLISHED,Published,,2013,2013,,AMR,Americas,,HND,Honduras,,No,,,,,,
RS_240,Training in medical emergency - available for doctors,https://www.who.int/data/gho/indicator-metadata-registry/imr-details/3356,PUBLISHED,Published,,2013,2013,,AFR,Africa,,KEN,Kenya,,No,,,,,,
RS_240,Training in medical emergency - available for doctors,https://www.who.int/data/gho/indicator-metadata-registry/imr-details/3356,PUBLISHED,Published,,2013,2013,,EUR,Europe,,KGZ,Kyrgyzstan,,No,,,,,,
RS_240,Training in medical emergency - available for doctors,https://www.who.int/data/gho/indicator-metadata-registry/imr-details/3356,PUBLISHED,Published,,2013,2013,,AFR,Africa,,LBR,Liberia,,No,,,,,,
RS_240,Training in medical emergency - available for doctors,https://www.who.int/data/gho/indicator-metadata-registry/imr-details/3356,PUBLISHED,Published,,2013,2013,,WPR,Western Pacific,,FSM,Micronesia (Federated States of),,No,,,,,,
RS_240,Training in medical emergency - available for doctors,https://www.who.int/data/gho/indicator-metadata-registry/imr-details/3356,PUBLISHED,Published,,2013,2013,,AFR,Africa,,MOZ,Mozambique,,No,,,,,,
RS_240,Training in medical emergency - available for doctors,https://www.who.int/data/gho/indicator-metadata-registry/imr-details/3356,PUBLISHED,Published,,2013,2013,,EMR,Eastern Mediterranean,,PAK,Pakistan,,No,,,,,,
RS_240,Training in medical emergency - available for doctors,https://www.who.int/data/gho/indicator-metadata-registry/imr-details/3356,PUBLISHED,Published,,2013,2013,,EUR,Europe,,PRT,Portugal,,No,,,,,,
RS_240,Training in medical emergency - available for doctors,https://www.who.int/data/gho/indicator-metadata-registry/imr-details/3356,PUBLISHED,Published,,2013,2013,,AFR,Africa,,STP,Sao Tome and Principe,,No,,,,,,
RS_240,Training in medical emergency - available for doctors,https://www.who.int/data/gho/indicator-metadata-registry/imr-details/3356,PUBLISHED,Published,,2013,2013,,WPR,Western Pacific,,SLB,Solomon Islands,,No,,,,,,
RS_240,Training in medical emergency - available for doctors,https://www.who.int/data/gho/indicator-metadata-registry/imr-details/3356,PUBLISHED,Published,,2013,2013,,EMR,Eastern Mediterranean,,SOM,Somalia,,No,,,,,,
RS_240,Training in medical emergency - available for doctors,https://www.who.int/data/gho/indicator-metadata-registry/imr-details/3356,PUBLISHED,Published,,2013,2013,,EUR,Europe,,ESP,Spain,,No,,,,,,
RS_240,Training in medical emergency - available for doctors,https://www.who.int/data/gho/indicator-metadata-registry/imr-details/3356,PUBLISHED,Published,,2013,2013,,AMR,Americas,,SUR,Suriname,,No,,,,,,
RS_240,Training in medical emergency - available for doctors,https://www.who.int/data/gho/indicator-metadata-registry/imr-details/3356,PUBLISHED,Published,,2013,2013,,EUR,Europe,,TJK,Tajikistan,,No,,,,,,
RS_240,Training in medical emergency - available for doctors,https://www.who.int/data/gho/indicator-metadata-registry/imr-details/3356,PUBLISHED,Published,,2013,2013,,SEAR,South-East Asia,,TLS,Timor-Leste,,No,,,,,,
RS_240,Training in medical emergency - available for doctors,https://www.who.int/data/gho/indicator-metadata-registry/imr-details/3356,PUBLISHED,Published,,2013,2013,,EUR,Europe,,TKM,Turkmenistan,,No,,,,,,
RS_240,Training in medical emergency - available for doctors,https://www.who.int/data/gho/indicator-metadata-registry/imr-details/3356,PUBLISHED,Published,,2013,2013,,AFR,Africa,,UGA,Uganda,,No,,,,,,
RS_240,Training in medical emergency - available for doctors,https://www.who.int/data/gho/indicator-metadata-registry/imr-details/3356,PUBLISHED,Published,,2013,2013,,AFR,Africa,,ZWE,Zimbabwe,,No,,,,,,
RS_240,Training in medical emergency - available for doctors,https://www.who.int/data/gho/indicator-metadata-registry/imr-details/3356,PUBLISHED,Published,,2013,2013,,EMR,Eastern Mediterranean,,AFG,Afghanistan,,Yes,,,,,,
RS_240,Training in medical emergency - available for doctors,https://www.who.int/data/gho/indicator-metadata-registry/imr-details/3356,PUBLISHED,Published,,2013,2013,,AFR,Africa,,AGO,Angola,,Yes,,,,,,
RS_240,Training in medical emergency - available for doctors,https://www.who.int/data/gho/indicator-metadata-registry/imr-details/3356,PUBLISHED,Published,,2013,2013,,AMR,Americas,,ATG,Antigua and Barbuda,,Yes,,,,,,
RS_240,Training in medical emergency - available for doctors,https://www.who.int/data/gho/indicator-metadata-registry/imr-details/3356,PUBLISHED,Published,,2013,2013,,AMR,Americas,,ARG,Argentina,,Yes,,,,,,
RS_240,Training in medical emergency - available for doctors,https://www.who.int/data/gho/indicator-metadata-registry/imr-details/3356,PUBLISHED,Published,,2013,2013,,EUR,Europe,,ARM,Armenia,,Yes,,,,,,
RS_240,Training in medical emergency - available for doctors,https://www.who.int/data/gho/indicator-metadata-registry/imr-details/3356,PUBLISHED,Published,,2013,2013,,WPR,Western Pacific,,AUS,Australia,,Yes,,,,,,
RS_240,Training in medical emergency - available for doctors,https://www.who.int/data/gho/indicator-metadata-registry/imr-details/3356,PUBLISHED,Published,,2013,2013,,EUR,Europe,,AUT,Austria,,Yes,,,,,,
RS_240,Training in medical emergency - available for doctors,https://www.who.int/data/gho/indicator-metadata-registry/imr-details/3356,PUBLISHED,Published,,2013,2013,,EUR,Europe,,AZE,Azerbaijan,,Yes,,,,,,
RS_240,Training in medical emergency - available for doctors,https://www.who.int/data/gho/indicator-metadata-registry/imr-details/3356,PUBLISHED,Published,,2013,2013,,EMR,Eastern Mediterranean,,BHR,Bahrain,,Yes,,,,,,
RS_240,Training in medical emergency - available for doctors,https://www.who.int/data/gho/indicator-metadata-registry/imr-details/3356,PUBLISHED,Published,,2013,2013,,SEAR,South-East Asia,,BGD,Bangladesh,,Yes,,,,,,
RS_240,Training in medical emergency - available for doctors,https://www.who.int/data/gho/indicator-metadata-registry/imr-details/3356,PUBLISHED,Published,,2013,2013,,AMR,Americas,,BRB,Barbados,,Yes,,,,,,
RS_240,Training in medical emergency - available for doctors,https://www.who.int/data/gho/indicator-metadata-registry/imr-details/3356,PUBLISHED,Published,,2013,2013,,EUR,Europe,,BLR,Belarus,,Yes,,,,,,
RS_240,Training in medical emergency - available for doctors,https://www.who.int/data/gho/indicator-metadata-registry/imr-details/3356,PUBLISHED,Published,,2013,2013,,EUR,Europe,,BEL,Belgium,,Yes,,,,,,
RS_240,Training in medical emergency - available for doctors,https://www.who.int/data/gho/indicator-metadata-registry/imr-details/3356,PUBLISHED,Published,,2013,2013,,AFR,Africa,,BEN,Benin,,Yes,,,,,,
RS_240,Training in medical emergency - available for doctors,https://www.who.int/data/gho/indicator-metadata-registry/imr-details/3356,PUBLISHED,Published,,2013,2013,,SEAR,South-East Asia,,BTN,Bhutan,,Yes,,,,,,
RS_240,Training in medical emergency - available for doctors,https://www.who.int/data/gho/indicator-metadata-registry/imr-details/3356,PUBLISHED,Published,,2013,2013,,AMR,Americas,,BOL,Bolivia (Plurinational State of),,Yes,,,,,,
RS_240,Training in medical emergency - available for doctors,https://www.who.int/data/gho/indicator-metadata-registry/imr-details/3356,PUBLISHED,Published,,2013,2013,,EUR,Europe,,BIH,Bosnia and Herzegovina,,Yes,,,,,,
RS_240,Training in medical emergency - available for doctors,https://www.who.int/data/gho/indicator-metadata-registry/imr-details/3356,PUBLISHED,Published,,2013,2013,,AFR,Africa,,BWA,Botswana,,Yes,,,,,,
RS_240,Training in medical emergency - available for doctors,https://www.who.int/data/gho/indicator-metadata-registry/imr-details/3356,PUBLISHED,Published,,2013,2013,,AMR,Americas,,BRA,Brazil,,Yes,,,,,,
RS_240,Training in medical emergency - available for doctors,https://www.who.int/data/gho/indicator-metadata-registry/imr-details/3356,PUBLISHED,Published,,2013,2013,,EUR,Europe,,BGR,Bulgaria,,Yes,,,,,,
RS_240,Training in medical emergency - available for doctors,https://www.who.int/data/gho/indicator-metadata-registry/imr-details/3356,PUBLISHED,Published,,2013,2013,,AFR,Africa,,BFA,Burkina Faso,,Yes,,,,,,
RS_240,Training in medical emergency - available for doctors,https://www.who.int/data/gho/indicator-metadata-registry/imr-details/3356,PUBLISHED,Published,,2013,2013,,WPR,Western Pacific,,KHM,Cambodia,,Yes,,,,,,
RS_240,Training in medical emergency - available for doctors,https://www.who.int/data/gho/indicator-metadata-registry/imr-details/3356,PUBLISHED,Published,,2013,2013,,AFR,Africa,,CMR,Cameroon,,Yes,,,,,,
RS_240,Training in medical emergency - available for doctors,https://www.who.int/data/gho/indicator-metadata-registry/imr-details/3356,PUBLISHED,Published,,2013,2013,,AMR,Americas,,CAN,Canada,,Yes,,,,,,
RS_240,Training in medical emergency - available for doctors,https://www.who.int/data/gho/indicator-metadata-registry/imr-details/3356,PUBLISHED,Published,,2013,2013,,AMR,Americas,,CHL,Chile,,Yes,,,,,,
RS_240,Training in medical emergency - available for doctors,https://www.who.int/data/gho/indicator-metadata-registry/imr-details/3356,PUBLISHED,Published,,2013,2013,,WPR,Western Pacific,,CHN,China,,Yes,,,,,,
RS_240,Training in medical emergency - available for doctors,https://www.who.int/data/gho/indicator-metadata-registry/imr-details/3356,PUBLISHED,Published,,2013,2013,,AMR,Americas,,COL,Colombia,,Yes,,,,,,
RS_240,Training in medical emergency - available for doctors,https://www.who.int/data/gho/indicator-metadata-registry/imr-details/3356,PUBLISHED,Published,,2013,2013,,WPR,Western Pacific,,COK,Cook Islands,,Yes,,,,,,
RS_240,Training in medical emergency - available for doctors,https://www.who.int/data/gho/indicator-metadata-registry/imr-details/3356,PUBLISHED,Published,,2013,2013,,AMR,Americas,,CRI,Costa Rica,,Yes,,,,,,
RS_240,Training in medical emergency - available for doctors,https://www.who.int/data/gho/indicator-metadata-registry/imr-details/3356,PUBLISHED,Published,,2013,2013,,AFR,Africa,,CIV,Côte d'Ivoire,,Yes,,,,,,
RS_240,Training in medical emergency - available for doctors,https://www.who.int/data/gho/indicator-metadata-registry/imr-details/3356,PUBLISHED,Published,,2013,2013,,EUR,Europe,,HRV,Croatia,,Yes,,,,,,
RS_240,Training in medical emergency - available for doctors,https://www.who.int/data/gho/indicator-metadata-registry/imr-details/3356,PUBLISHED,Published,,2013,2013,,AMR,Americas,,CUB,Cuba,,Yes,,,,,,
RS_240,Training in medical emergency - available for doctors,https://www.who.int/data/gho/indicator-metadata-registry/imr-details/3356,PUBLISHED,Published,,2013,2013,,EUR,Europe,,CZE,Czechia,,Yes,,,,,,
RS_240,Training in medical emergency - available for doctors,https://www.who.int/data/gho/indicator-metadata-registry/imr-details/3356,PUBLISHED,Published,,2013,2013,,AFR,Africa,,COD,Democratic Republic of the Congo,,Yes,,,,,,
RS_240,Training in medical emergency - available for doctors,https://www.who.int/data/gho/indicator-metadata-registry/imr-details/3356,PUBLISHED,Published,,2013,2013,,EMR,Eastern Mediterranean,,DJI,Djibouti,,Yes,,,,,,
RS_240,Training in medical emergency - available for doctors,https://www.who.int/data/gho/indicator-metadata-registry/imr-details/3356,PUBLISHED,Published,,2013,2013,,AMR,Americas,,DMA,Dominica,,Yes,,,,,,
RS_240,Training in medical emergency - available for doctors,https://www.who.int/data/gho/indicator-metadata-registry/imr-details/3356,PUBLISHED,Published,,2013,2013,,AMR,Americas,,DOM,Dominican Republic,,Yes,,,,,,
RS_240,Training in medical emergency - available for doctors,https://www.who.int/data/gho/indicator-metadata-registry/imr-details/3356,PUBLISHED,Published,,2013,2013,,AMR,Americas,,ECU,Ecuador,,Yes,,,,,,
RS_240,Training in medical emergency - available for doctors,https://www.who.int/data/gho/indicator-metadata-registry/imr-details/3356,PUBLISHED,Published,,2013,2013,,EMR,Eastern Mediterranean,,EGY,Egypt,,Yes,,,,,,
RS_240,Training in medical emergency - available for doctors,https://www.who.int/data/gho/indicator-metadata-registry/imr-details/3356,PUBLISHED,Published,,2013,2013,,EUR,Europe,,EST,Estonia,,Yes,,,,,,
RS_240,Training in medical emergency - available for doctors,https://www.who.int/data/gho/indicator-metadata-registry/imr-details/3356,PUBLISHED,Published,,2013,2013,,AFR,Africa,,ETH,Ethiopia,,Yes,,,,,,
RS_240,Training in medical emergency - available for doctors,https://www.who.int/data/gho/indicator-metadata-registry/imr-details/3356,PUBLISHED,Published,,2013,2013,,EUR,Europe,,FRA,France,,Yes,,,,,,
RS_240,Training in medical emergency - available for doctors,https://www.who.int/data/gho/indicator-metadata-registry/imr-details/3356,PUBLISHED,Published,,2013,2013,,EUR,Europe,,GEO,Georgia,,Yes,,,,,,
RS_240,Training in medical emergency - available for doctors,https://www.who.int/data/gho/indicator-metadata-registry/imr-details/3356,PUBLISHED,Published,,2013,2013,,EUR,Europe,,DEU,Germany,,Yes,,,,,,
RS_240,Training in medical emergency - available for doctors,https://www.who.int/data/gho/indicator-metadata-registry/imr-details/3356,PUBLISHED,Published,,2013,2013,,AFR,Africa,,GHA,Ghana,,Yes,,,,,,
RS_240,Training in medical emergency - available for doctors,https://www.who.int/data/gho/indicator-metadata-registry/imr-details/3356,PUBLISHED,Published,,2013,2013,,AMR,Americas,,GUY,Guyana,,Yes,,,,,,
RS_240,Training in medical emergency - available for doctors,https://www.who.int/data/gho/indicator-metadata-registry/imr-details/3356,PUBLISHED,Published,,2013,2013,,EUR,Europe,,HUN,Hungary,,Yes,,,,,,
RS_240,Training in medical emergency - available for doctors,https://www.who.int/data/gho/indicator-metadata-registry/imr-details/3356,PUBLISHED,Published,,2013,2013,,EUR,Europe,,ISL,Iceland,,Yes,,,,,,
RS_240,Training in medical emergency - available for doctors,https://www.who.int/data/gho/indicator-metadata-registry/imr-details/3356,PUBLISHED,Published,,2013,2013,,SEAR,South-East Asia,,IND,India,,Yes,,,,,,
RS_240,Training in medical emergency - available for doctors,https://www.who.int/data/gho/indicator-metadata-registry/imr-details/3356,PUBLISHED,Published,,2013,2013,,SEAR,South-East Asia,,IDN,Indonesia,,Yes,,,,,,
RS_240,Training in medical emergency - available for doctors,https://www.who.int/data/gho/indicator-metadata-registry/imr-details/3356,PUBLISHED,Published,,2013,2013,,EMR,Eastern Mediterranean,,IRN,Iran (Islamic Republic of),,Yes,,,,,,
RS_240,Training in medical emergency - available for doctors,https://www.who.int/data/gho/indicator-metadata-registry/imr-details/3356,PUBLISHED,Published,,2013,2013,,EMR,Eastern Mediterranean,,IRQ,Iraq,,Yes,,,,,,
RS_240,Training in medical emergency - available for doctors,https://www.who.int/data/gho/indicator-metadata-registry/imr-details/3356,PUBLISHED,Published,,2013,2013,,EUR,Europe,,IRL,Ireland,,Yes,,,,,,
RS_240,Training in medical emergency - available for doctors,https://www.who.int/data/gho/indicator-metadata-registry/imr-details/3356,PUBLISHED,Published,,2013,2013,,EUR,Europe,,ISR,Israel,,Yes,,,,,,
RS_240,Training in medical emergency - available for doctors,https://www.who.int/data/gho/indicator-metadata-registry/imr-details/3356,PUBLISHED,Published,,2013,2013,,EUR,Europe,,ITA,Italy,,Yes,,,,,,
RS_240,Training in medical emergency - available for doctors,https://www.who.int/data/gho/indicator-metadata-registry/imr-details/3356,PUBLISHED,Published,,2013,2013,,AMR,Americas,,JAM,Jamaica,,Yes,,,,,,
RS_240,Training in medical emergency - available for doctors,https://www.who.int/data/gho/indicator-metadata-registry/imr-details/3356,PUBLISHED,Published,,2013,2013,,WPR,Western Pacific,,JPN,Japan,,Yes,,,,,,
RS_240,Training in medical emergency - available for doctors,https://www.who.int/data/gho/indicator-metadata-registry/imr-details/3356,PUBLISHED,Published,,2013,2013,,EMR,Eastern Mediterranean,,JOR,Jordan,,Yes,,,,,,
RS_240,Training in medical emergency - available for doctors,https://www.who.int/data/gho/indicator-metadata-registry/imr-details/3356,PUBLISHED,Published,,2013,2013,,EUR,Europe,,KAZ,Kazakhstan,,Yes,,,,,,
RS_240,Training in medical emergency - available for doctors,https://www.who.int/data/gho/indicator-metadata-registry/imr-details/3356,PUBLISHED,Published,,2013,2013,,WPR,Western Pacific,,KIR,Kiribati,,Yes,,,,,,
RS_240,Training in medical emergency - available for doctors,https://www.who.int/data/gho/indicator-metadata-registry/imr-details/3356,PUBLISHED,Published,,2013,2013,,EMR,Eastern Mediterranean,,KWT,Kuwait,,Yes,,,,,,
RS_240,Training in medical emergency - available for doctors,https://www.who.int/data/gho/indicator-metadata-registry/imr-details/3356,PUBLISHED,Published,,2013,2013,,WPR,Western Pacific,,LAO,Lao People's Democratic Republic,,Yes,,,,,,
RS_240,Training in medical emergency - available for doctors,https://www.who.int/data/gho/indicator-metadata-registry/imr-details/3356,PUBLISHED,Published,,2013,2013,,EUR,Europe,,LVA,Latvia,,Yes,,,,,,
RS_240,Training in medical emergency - available for doctors,https://www.who.int/data/gho/indicator-metadata-registry/imr-details/3356,PUBLISHED,Published,,2013,2013,,EMR,Eastern Mediterranean,,LBN,Lebanon,,Yes,,,,,,
RS_240,Training in medical emergency - available for doctors,https://www.who.int/data/gho/indicator-metadata-registry/imr-details/3356,PUBLISHED,Published,,2013,2013,,AFR,Africa,,LSO,Lesotho,,Yes,,,,,,
RS_240,Training in medical emergency - available for doctors,https://www.who.int/data/gho/indicator-metadata-registry/imr-details/3356,PUBLISHED,Published,,2013,2013,,EMR,Eastern Mediterranean,,LBY,Libya,,Yes,,,,,,
RS_240,Training in medical emergency - available for doctors,https://www.who.int/data/gho/indicator-metadata-registry/imr-details/3356,PUBLISHED,Published,,2013,2013,,EUR,Europe,,LTU,Lithuania,,Yes,,,,,,
RS_240,Training in medical emergency - available for doctors,https://www.who.int/data/gho/indicator-metadata-registry/imr-details/3356,PUBLISHED,Published,,2013,2013,,EUR,Europe,,LUX,Luxembourg,,Yes,,,,,,
RS_240,Training in medical emergency - available for doctors,https://www.who.int/data/gho/indicator-metadata-registry/imr-details/3356,PUBLISHED,Published,,2013,2013,,AFR,Africa,,MDG,Madagascar,,Yes,,,,,,
RS_240,Training in medical emergency - available for doctors,https://www.who.int/data/gho/indicator-metadata-registry/imr-details/3356,PUBLISHED,Published,,2013,2013,,AFR,Africa,,MWI,Malawi,,Yes,,,,,,
RS_240,Training in medical emergency - available for doctors,https://www.who.int/data/gho/indicator-metadata-registry/imr-details/3356,PUBLISHED,Published,,2013,2013,,WPR,Western Pacific,,MYS,Malaysia,,Yes,,,,,,
RS_240,Training in medical emergency - available for doctors,https://www.who.int/data/gho/indicator-metadata-registry/imr-details/3356,PUBLISHED,Published,,2013,2013,,SEAR,South-East Asia,,MDV,Maldives,,Yes,,,,,,
RS_240,Training in medical emergency - available for doctors,https://www.who.int/data/gho/indicator-metadata-registry/imr-details/3356,PUBLISHED,Published,,2013,2013,,AFR,Africa,,MLI,Mali,,Yes,,,,,,
RS_240,Training in medical emergency - available for doctors,https://www.who.int/data/gho/indicator-metadata-registry/imr-details/3356,PUBLISHED,Published,,2013,2013,,EUR,Europe,,MLT,Malta,,Yes,,,,,,
RS_240,Training in medical emergency - available for doctors,https://www.who.int/data/gho/indicator-metadata-registry/imr-details/3356,PUBLISHED,Published,,2013,2013,,WPR,Western Pacific,,MHL,Marshall Islands,,Yes,,,,,,
RS_240,Training in medical emergency - available for doctors,https://www.who.int/data/gho/indicator-metadata-registry/imr-details/3356,PUBLISHED,Published,,2013,2013,,AFR,Africa,,MRT,Mauritania,,Yes,,,,,,
RS_240,Training in medical emergency - available for doctors,https://www.who.int/data/gho/indicator-metadata-registry/imr-details/3356,PUBLISHED,Published,,2013,2013,,AFR,Africa,,MUS,Mauritius,,Yes,,,,,,
RS_240,Training in medical emergency - available for doctors,https://www.who.int/data/gho/indicator-metadata-registry/imr-details/3356,PUBLISHED,Published,,2013,2013,,AMR,Americas,,MEX,Mexico,,Yes,,,,,,
RS_240,Training in medical emergency - available for doctors,https://www.who.int/data/gho/indicator-metadata-registry/imr-details/3356,PUBLISHED,Published,,2013,2013,,EUR,Europe,,MCO,Monaco,,Yes,,,,,,
RS_240,Training in medical emergency - available for doctors,https://www.who.int/data/gho/indicator-metadata-registry/imr-details/3356,PUBLISHED,Published,,2013,2013,,WPR,Western Pacific,,MNG,Mongolia,,Yes,,,,,,
RS_240,Training in medical emergency - available for doctors,https://www.who.int/data/gho/indicator-metadata-registry/imr-details/3356,PUBLISHED,Published,,2013,2013,,EUR,Europe,,MNE,Montenegro,,Yes,,,,,,
RS_240,Training in medical emergency - available for doctors,https://www.who.int/data/gho/indicator-metadata-registry/imr-details/3356,PUBLISHED,Published,,2013,2013,,EMR,Eastern Mediterranean,,MAR,Morocco,,Yes,,,,,,
RS_240,Training in medical emergency - available for doctors,https://www.who.int/data/gho/indicator-metadata-registry/imr-details/3356,PUBLISHED,Published,,2013,2013,,SEAR,South-East Asia,,MMR,Myanmar,,Yes,,,,,,
RS_240,Training in medical emergency - available for doctors,https://www.who.int/data/gho/indicator-metadata-registry/imr-details/3356,PUBLISHED,Published,,2013,2013,,SEAR,South-East Asia,,NPL,Nepal,,Yes,,,,,,
RS_240,Training in medical emergency - available for doctors,https://www.who.int/data/gho/indicator-metadata-registry/imr-details/3356,PUBLISHED,Published,,2013,2013,,EUR,Europe,,NLD,Netherlands,,Yes,,,,,,
RS_240,Training in medical emergency - available for doctors,https://www.who.int/data/gho/indicator-metadata-registry/imr-details/3356,PUBLISHED,Published,,2013,2013,,WPR,Western Pacific,,NZL,New Zealand,,Yes,,,,,,
RS_240,Training in medical emergency - available for doctors,https://www.who.int/data/gho/indicator-metadata-registry/imr-details/3356,PUBLISHED,Published,,2013,2013,,AMR,Americas,,NIC,Nicaragua,,Yes,,,,,,
RS_240,Training in medical emergency - available for doctors,https://www.who.int/data/gho/indicator-metadata-registry/imr-details/3356,PUBLISHED,Published,,2013,2013,,AFR,Africa,,NER,Niger,,Yes,,,,,,
RS_240,Training in medical emergency - available for doctors,https://www.who.int/data/gho/indicator-metadata-registry/imr-details/3356,PUBLISHED,Published,,2013,2013,,AFR,Africa,,NGA,Nigeria,,Yes,,,,,,
RS_240,Training in medical emergency - available for doctors,https://www.who.int/data/gho/indicator-metadata-registry/imr-details/3356,PUBLISHED,Published,,2013,2013,,EUR,Europe,,NOR,Norway,,Yes,,,,,,
RS_240,Training in medical emergency - available for doctors,https://www.who.int/data/gho/indicator-metadata-registry/imr-details/3356,PUBLISHED,Published,,2013,2013,,EMR,Eastern Mediterranean,,OMN,Oman,,Yes,,,,,,
RS_240,Training in medical emergency - available for doctors,https://www.who.int/data/gho/indicator-metadata-registry/imr-details/3356,PUBLISHED,Published,,2013,2013,,WPR,Western Pacific,,PLW,Palau,,Yes,,,,,,
RS_240,Training in medical emergency - available for doctors,https://www.who.int/data/gho/indicator-metadata-registry/imr-details/3356,PUBLISHED,Published,,2013,2013,,AMR,Americas,,PAN,Panama,,Yes,,,,,,
RS_240,Training in medical emergency - available for doctors,https://www.who.int/data/gho/indicator-metadata-registry/imr-details/3356,PUBLISHED,Published,,2013,2013,,WPR,Western Pacific,,PNG,Papua New Guinea,,Yes,,,,,,
RS_240,Training in medical emergency - available for doctors,https://www.who.int/data/gho/indicator-metadata-registry/imr-details/3356,PUBLISHED,Published,,2013,2013,,AMR,Americas,,PRY,Paraguay,,Yes,,,,,,
RS_240,Training in medical emergency - available for doctors,https://www.who.int/data/gho/indicator-metadata-registry/imr-details/3356,PUBLISHED,Published,,2013,2013,,AMR,Americas,,PER,Peru,,Yes,,,,,,
RS_240,Training in medical emergency - available for doctors,https://www.who.int/data/gho/indicator-metadata-registry/imr-details/3356,PUBLISHED,Published,,2013,2013,,WPR,Western Pacific,,PHL,Philippines,,Yes,,,,,,
RS_240,Training in medical emergency - available for doctors,https://www.who.int/data/gho/indicator-metadata-registry/imr-details/3356,PUBLISHED,Published,,2013,2013,,EUR,Europe,,POL,Poland,,Yes,,,,,,
RS_240,Training in medical emergency - available for doctors,https://www.who.int/data/gho/indicator-metadata-registry/imr-details/3356,PUBLISHED,Published,,2013,2013,,EMR,Eastern Mediterranean,,QAT,Qatar,,Yes,,,,,,
RS_240,Training in medical emergency - available for doctors,https://www.who.int/data/gho/indicator-metadata-registry/imr-details/3356,PUBLISHED,Published,,2013,2013,,WPR,Western Pacific,,KOR,Republic of Korea,,Yes,,,,,,
RS_240,Training in medical emergency - available for doctors,https://www.who.int/data/gho/indicator-metadata-registry/imr-details/3356,PUBLISHED,Published,,2013,2013,,EUR,Europe,,MDA,Republic of Moldova,,Yes,,,,,,
RS_240,Training in medical emergency - available for doctors,https://www.who.int/data/gho/indicator-metadata-registry/imr-details/3356,PUBLISHED,Published,,2013,2013,,EUR,Europe,,ROU,Romania,,Yes,,,,,,
RS_240,Training in medical emergency - available for doctors,https://www.who.int/data/gho/indicator-metadata-registry/imr-details/3356,PUBLISHED,Published,,2013,2013,,EUR,Europe,,RUS,Russian Federation,,Yes,,,,,,
RS_240,Training in medical emergency - available for doctors,https://www.who.int/data/gho/indicator-metadata-registry/imr-details/3356,PUBLISHED,Published,,2013,2013,,AMR,Americas,,LCA,Saint Lucia,,Yes,,,,,,
RS_240,Training in medical emergency - available for doctors,https://www.who.int/data/gho/indicator-metadata-registry/imr-details/3356,PUBLISHED,Published,,2013,2013,,AMR,Americas,,VCT,Saint Vincent and the Grenadines,,Yes,,,,,,
RS_240,Training in medical emergency - available for doctors,https://www.who.int/data/gho/indicator-metadata-registry/imr-details/3356,PUBLISHED,Published,,2013,2013,,WPR,Western Pacific,,WSM,Samoa,,Yes,,,,,,
RS_240,Training in medical emergency - available for doctors,https://www.who.int/data/gho/indicator-metadata-registry/imr-details/3356,PUBLISHED,Published,,2013,2013,,EUR,Europe,,SMR,San Marino,,Yes,,,,,,
RS_240,Training in medical emergency - available for doctors,https://www.who.int/data/gho/indicator-metadata-registry/imr-details/3356,PUBLISHED,Published,,2013,2013,,EMR,Eastern Mediterranean,,SAU,Saudi Arabia,,Yes,,,,,,
RS_240,Training in medical emergency - available for doctors,https://www.who.int/data/gho/indicator-metadata-registry/imr-details/3356,PUBLISHED,Published,,2013,2013,,AFR,Africa,,SEN,Senegal,,Yes,,,,,,
RS_240,Training in medical emergency - available for doctors,https://www.who.int/data/gho/indicator-metadata-registry/imr-details/3356,PUBLISHED,Published,,2013,2013,,EUR,Europe,,SRB,Serbia,,Yes,,,,,,
RS_240,Training in medical emergency - available for doctors,https://www.who.int/data/gho/indicator-metadata-registry/imr-details/3356,PUBLISHED,Published,,2013,2013,,AFR,Africa,,SYC,Seychelles,,Yes,,,,,,
RS_240,Training in medical emergency - available for doctors,https://www.who.int/data/gho/indicator-metadata-registry/imr-details/3356,PUBLISHED,Published,,2013,2013,,AFR,Africa,,SLE,Sierra Leone,,Yes,,,,,,
RS_240,Training in medical emergency - available for doctors,https://www.who.int/data/gho/indicator-metadata-registry/imr-details/3356,PUBLISHED,Published,,2013,2013,,WPR,Western Pacific,,SGP,Singapore,,Yes,,,,,,
RS_240,Training in medical emergency - available for doctors,https://www.who.int/data/gho/indicator-metadata-registry/imr-details/3356,PUBLISHED,Published,,2013,2013,,EUR,Europe,,SVK,Slovakia,,Yes,,,,,,
RS_240,Training in medical emergency - available for doctors,https://www.who.int/data/gho/indicator-metadata-registry/imr-details/3356,PUBLISHED,Published,,2013,2013,,EUR,Europe,,SVN,Slovenia,,Yes,,,,,,
RS_240,Training in medical emergency - available for doctors,https://www.who.int/data/gho/indicator-metadata-registry/imr-details/3356,PUBLISHED,Published,,2013,2013,,AFR,Africa,,ZAF,South Africa,,Yes,,,,,,
RS_240,Training in medical emergency - available for doctors,https://www.who.int/data/gho/indicator-metadata-registry/imr-details/3356,PUBLISHED,Published,,2013,2013,,SEAR,South-East Asia,,LKA,Sri Lanka,,Yes,,,,,,
RS_240,Training in medical emergency - available for doctors,https://www.who.int/data/gho/indicator-metadata-registry/imr-details/3356,PUBLISHED,Published,,2013,2013,,EMR,Eastern Mediterranean,,SDN,Sudan,,Yes,,,,,,
RS_240,Training in medical emergency - available for doctors,https://www.who.int/data/gho/indicator-metadata-registry/imr-details/3356,PUBLISHED,Published,,2013,2013,,AFR,Africa,,SWZ,Eswatini,,Yes,,,,,,
RS_240,Training in medical emergency - available for doctors,https://www.who.int/data/gho/indicator-metadata-registry/imr-details/3356,PUBLISHED,Published,,2013,2013,,EUR,Europe,,SWE,Sweden,,Yes,,,,,,
RS_240,Training in medical emergency - available for doctors,https://www.who.int/data/gho/indicator-metadata-registry/imr-details/3356,PUBLISHED,Published,,2013,2013,,EUR,Europe,,CHE,Switzerland,,Yes,,,,,,
RS_240,Training in medical emergency - available for doctors,https://www.who.int/data/gho/indicator-metadata-registry/imr-details/3356,PUBLISHED,Published,,2013,2013,,SEAR,South-East Asia,,THA,Thailand,,Yes,,,,,,
RS_240,Training in medical emergency - available for doctors,https://www.who.int/data/gho/indicator-metadata-registry/imr-details/3356,PUBLISHED,Published,,2013,2013,,EUR,Europe,,MKD,Republic of North Macedonia,,Yes,,,,,,
RS_240,Training in medical emergency - available for doctors,https://www.who.int/data/gho/indicator-metadata-registry/imr-details/3356,PUBLISHED,Published,,2013,2013,,AFR,Africa,,TGO,Togo,,Yes,,,,,,
RS_240,Training in medical emergency - available for doctors,https://www.who.int/data/gho/indicator-metadata-registry/imr-details/3356,PUBLISHED,Published,,2013,2013,,WPR,Western Pacific,,TON,Tonga,,Yes,,,,,,
RS_240,Training in medical emergency - available for doctors,https://www.who.int/data/gho/indicator-metadata-registry/imr-details/3356,PUBLISHED,Published,,2013,2013,,AMR,Americas,,TTO,Trinidad and Tobago,,Yes,,,,,,
RS_240,Training in medical emergency - available for doctors,https://www.who.int/data/gho/indicator-metadata-registry/imr-details/3356,PUBLISHED,Published,,2013,2013,,EMR,Eastern Mediterranean,,TUN,Tunisia,,Yes,,,,,,
RS_240,Training in medical emergency - available for doctors,https://www.who.int/data/gho/indicator-metadata-registry/imr-details/3356,PUBLISHED,Published,,2013,2013,,EUR,Europe,,TUR,Turkey,,Yes,,,,,,
RS_240,Training in medical emergency - available for doctors,https://www.who.int/data/gho/indicator-metadata-registry/imr-details/3356,PUBLISHED,Published,,2013,2013,,EMR,Eastern Mediterranean,,ARE,United Arab Emirates,,Yes,,,,,,
RS_240,Training in medical emergency - available for doctors,https://www.who.int/data/gho/indicator-metadata-registry/imr-details/3356,PUBLISHED,Published,,2013,2013,,EUR,Europe,,GBR,United Kingdom of Great Britain and Northern Ireland,,Yes,,,,,,
RS_240,Training in medical emergency - available for doctors,https://www.who.int/data/gho/indicator-metadata-registry/imr-details/3356,PUBLISHED,Published,,2013,2013,,AFR,Africa,,TZA,United Republic of Tanzania,,Yes,,,,,,
RS_240,Training in medical emergency - available for doctors,https://www.who.int/data/gho/indicator-metadata-registry/imr-details/3356,PUBLISHED,Published,,2013,2013,,AMR,Americas,,USA,United States of America,,Yes,,,,,,
RS_240,Training in medical emergency - available for doctors,https://www.who.int/data/gho/indicator-metadata-registry/imr-details/3356,PUBLISHED,Published,,2013,2013,,AMR,Americas,,URY,Uruguay,,Yes,,,,,,
RS_240,Training in medical emergency - available for doctors,https://www.who.int/data/gho/indicator-metadata-registry/imr-details/3356,PUBLISHED,Published,,2013,2013,,EUR,Europe,,UZB,Uzbekistan,,Yes,,,,,,
RS_240,Training in medical emergency - available for doctors,https://www.who.int/data/gho/indicator-metadata-registry/imr-details/3356,PUBLISHED,Published,,2013,2013,,WPR,Western Pacific,,VUT,Vanuatu,,Yes,,,,,,
RS_240,Training in medical emergency - available for doctors,https://www.who.int/data/gho/indicator-metadata-registry/imr-details/3356,PUBLISHED,Published,,2013,2013,,WPR,Western Pacific,,VNM,Viet Nam,,Yes,,,,,,
RS_240,Training in medical emergency - available for doctors,https://www.who.int/data/gho/indicator-metadata-registry/imr-details/3356,PUBLISHED,Published,,2013,2013,,AFR,Africa,,ZMB,Zambia,,Yes,,,,,,
RS_240,Training in medical emergency - available for doctors,https://www.who.int/data/gho/indicator-metadata-registry/imr-details/3356,PUBLISHED,Published,,2013,2013,,EMR,Eastern Mediterranean,,YEM,Yemen,,Yes,,,,,,
