GHO (CODE),GHO (DISPLAY),GHO (URL),PUBLISHSTATE (CODE),PUBLISHSTATE (DISPLAY),PUBLISHSTATE (URL),YEAR (CODE),YEAR (DISPLAY),YEAR (URL),REGION (CODE),REGION (DISPLAY),REGION (URL),COUNTRY (CODE),COUNTRY (DISPLAY),COUNTRY (URL),SUBSTANCETYPE (CODE),SUBSTANCETYPE (DISPLAY),SUBSTANCETYPE (URL),Display Value,Numeric,Low,High,StdErr,StdDev,Comments
RSUD_8,Epidemiological data collection system for substance use disorders,https://www.who.int/data/gho/indicator-metadata-registry/imr-details/2504,PUBLISHED,Published,,2008,2008,,EMR,Eastern Mediterranean,,AFG,Afghanistan,,ALCOHOL,Alcohol,,no,,,,,,
RSUD_8,Epidemiological data collection system for substance use disorders,https://www.who.int/data/gho/indicator-metadata-registry/imr-details/2504,PUBLISHED,Published,,2008,2008,,EUR,Europe,,ALB,Albania,,ALCOHOL,Alcohol,,no,,,,,,
RSUD_8,Epidemiological data collection system for substance use disorders,https://www.who.int/data/gho/indicator-metadata-registry/imr-details/2504,PUBLISHED,Published,,2008,2008,,AFR,Africa,,DZA,Algeria,,ALCOHOL,Alcohol,,no,,,,,,
RSUD_8,Epidemiological data collection system for substance use disorders,https://www.who.int/data/gho/indicator-metadata-registry/imr-details/2504,PUBLISHED,Published,,2008,2008,,AFR,Africa,,AGO,Angola,,ALCOHOL,Alcohol,,no,,,,,,
RSUD_8,Epidemiological data collection system for substance use disorders,https://www.who.int/data/gho/indicator-metadata-registry/imr-details/2504,PUBLISHED,Published,,2008,2008,,WPR,Western Pacific,,AUS,Australia,,ALCOHOL,Alcohol,,yes,,,,,,
RSUD_8,Epidemiological data collection system for substance use disorders,https://www.who.int/data/gho/indicator-metadata-registry/imr-details/2504,PUBLISHED,Published,,2008,2008,,EUR,Europe,,AUT,Austria,,ALCOHOL,Alcohol,,yes,,,,,,
RSUD_8,Epidemiological data collection system for substance use disorders,https://www.who.int/data/gho/indicator-metadata-registry/imr-details/2504,PUBLISHED,Published,,2008,2008,,EUR,Europe,,BEL,Belgium,,DRUGS,Drugs,,no,,,,,,
RSUD_8,Epidemiological data collection system for substance use disorders,https://www.who.int/data/gho/indicator-metadata-registry/imr-details/2504,PUBLISHED,Published,,2008,2008,,AMR,Americas,,BLZ,Belize,,ALCOHOL,Alcohol,,no,,,,,,
RSUD_8,Epidemiological data collection system for substance use disorders,https://www.who.int/data/gho/indicator-metadata-registry/imr-details/2504,PUBLISHED,Published,,2008,2008,,AFR,Africa,,BEN,Benin,,DRUGS,Drugs,,yes,,,,,,
RSUD_8,Epidemiological data collection system for substance use disorders,https://www.who.int/data/gho/indicator-metadata-registry/imr-details/2504,PUBLISHED,Published,,2008,2008,,SEAR,South-East Asia,,BTN,Bhutan,,ALCOHOL,Alcohol,,no,,,,,,
RSUD_8,Epidemiological data collection system for substance use disorders,https://www.who.int/data/gho/indicator-metadata-registry/imr-details/2504,PUBLISHED,Published,,2008,2008,,EUR,Europe,,BGR,Bulgaria,,ALCOHOL,Alcohol,,yes,,,,,,
RSUD_8,Epidemiological data collection system for substance use disorders,https://www.who.int/data/gho/indicator-metadata-registry/imr-details/2504,PUBLISHED,Published,,2008,2008,,AMR,Americas,,CAN,Canada,,ALCOHOL,Alcohol,,yes,,,,,,
RSUD_8,Epidemiological data collection system for substance use disorders,https://www.who.int/data/gho/indicator-metadata-registry/imr-details/2504,PUBLISHED,Published,,2008,2008,,AFR,Africa,,CPV,Cabo Verde,,ALCOHOL,Alcohol,,no,,,,,,
RSUD_8,Epidemiological data collection system for substance use disorders,https://www.who.int/data/gho/indicator-metadata-registry/imr-details/2504,PUBLISHED,Published,,2008,2008,,AFR,Africa,,CAF,Central African Republic,,DRUGS,Drugs,,no,,,,,,
RSUD_8,Epidemiological data collection system for substance use disorders,https://www.who.int/data/gho/indicator-metadata-registry/imr-details/2504,PUBLISHED,Published,,2008,2008,,AFR,Africa,,COM,Comoros,,ALCOHOL,Alcohol,,no,,,,,,
RSUD_8,Epidemiological data collection system for substance use disorders,https://www.who.int/data/gho/indicator-metadata-registry/imr-details/2504,PUBLISHED,Published,,2008,2008,,AMR,Americas,,CRI,Costa Rica,,DRUGS,Drugs,,yes,,,,,,
RSUD_8,Epidemiological data collection system for substance use disorders,https://www.who.int/data/gho/indicator-metadata-registry/imr-details/2504,PUBLISHED,Published,,2008,2008,,AMR,Americas,,CRI,Costa Rica,,ALCOHOL,Alcohol,,yes,,,,,,
RSUD_8,Epidemiological data collection system for substance use disorders,https://www.who.int/data/gho/indicator-metadata-registry/imr-details/2504,PUBLISHED,Published,,2008,2008,,EUR,Europe,,CYP,Cyprus,,ALCOHOL,Alcohol,,no,,,,,,
RSUD_8,Epidemiological data collection system for substance use disorders,https://www.who.int/data/gho/indicator-metadata-registry/imr-details/2504,PUBLISHED,Published,,2008,2008,,EUR,Europe,,CYP,Cyprus,,DRUGS,Drugs,,yes,,,,,,
RSUD_8,Epidemiological data collection system for substance use disorders,https://www.who.int/data/gho/indicator-metadata-registry/imr-details/2504,PUBLISHED,Published,,2008,2008,,EUR,Europe,,DNK,Denmark,,ALCOHOL,Alcohol,,yes,,,,,,
RSUD_8,Epidemiological data collection system for substance use disorders,https://www.who.int/data/gho/indicator-metadata-registry/imr-details/2504,PUBLISHED,Published,,2008,2008,,AMR,Americas,,DOM,Dominican Republic,,ALCOHOL,Alcohol,,no,,,,,,
RSUD_8,Epidemiological data collection system for substance use disorders,https://www.who.int/data/gho/indicator-metadata-registry/imr-details/2504,PUBLISHED,Published,,2008,2008,,AMR,Americas,,ECU,Ecuador,,DRUGS,Drugs,,yes,,,,,,
RSUD_8,Epidemiological data collection system for substance use disorders,https://www.who.int/data/gho/indicator-metadata-registry/imr-details/2504,PUBLISHED,Published,,2008,2008,,EMR,Eastern Mediterranean,,EGY,Egypt,,DRUGS,Drugs,,no,,,,,,
RSUD_8,Epidemiological data collection system for substance use disorders,https://www.who.int/data/gho/indicator-metadata-registry/imr-details/2504,PUBLISHED,Published,,2008,2008,,EMR,Eastern Mediterranean,,EGY,Egypt,,ALCOHOL,Alcohol,,no,,,,,,
RSUD_8,Epidemiological data collection system for substance use disorders,https://www.who.int/data/gho/indicator-metadata-registry/imr-details/2504,PUBLISHED,Published,,2008,2008,,AMR,Americas,,SLV,El Salvador,,ALCOHOL,Alcohol,,no,,,,,,
RSUD_8,Epidemiological data collection system for substance use disorders,https://www.who.int/data/gho/indicator-metadata-registry/imr-details/2504,PUBLISHED,Published,,2008,2008,,EUR,Europe,,EST,Estonia,,DRUGS,Drugs,,yes,,,,,,
RSUD_8,Epidemiological data collection system for substance use disorders,https://www.who.int/data/gho/indicator-metadata-registry/imr-details/2504,PUBLISHED,Published,,2008,2008,,AFR,Africa,,ETH,Ethiopia,,DRUGS,Drugs,,no,,,,,,
RSUD_8,Epidemiological data collection system for substance use disorders,https://www.who.int/data/gho/indicator-metadata-registry/imr-details/2504,PUBLISHED,Published,,2008,2008,,AFR,Africa,,ETH,Ethiopia,,ALCOHOL,Alcohol,,no,,,,,,
RSUD_8,Epidemiological data collection system for substance use disorders,https://www.who.int/data/gho/indicator-metadata-registry/imr-details/2504,PUBLISHED,Published,,2008,2008,,EUR,Europe,,FIN,Finland,,DRUGS,Drugs,,yes,,,,,,
RSUD_8,Epidemiological data collection system for substance use disorders,https://www.who.int/data/gho/indicator-metadata-registry/imr-details/2504,PUBLISHED,Published,,2008,2008,,EUR,Europe,,FIN,Finland,,ALCOHOL,Alcohol,,yes,,,,,,
RSUD_8,Epidemiological data collection system for substance use disorders,https://www.who.int/data/gho/indicator-metadata-registry/imr-details/2504,PUBLISHED,Published,,2008,2008,,AFR,Africa,,GHA,Ghana,,DRUGS,Drugs,,no,,,,,,
RSUD_8,Epidemiological data collection system for substance use disorders,https://www.who.int/data/gho/indicator-metadata-registry/imr-details/2504,PUBLISHED,Published,,2008,2008,,EUR,Europe,,GRC,Greece,,DRUGS,Drugs,,yes,,,,,,
RSUD_8,Epidemiological data collection system for substance use disorders,https://www.who.int/data/gho/indicator-metadata-registry/imr-details/2504,PUBLISHED,Published,,2008,2008,,AFR,Africa,,GIN,Guinea,,DRUGS,Drugs,,no,,,,,,
RSUD_8,Epidemiological data collection system for substance use disorders,https://www.who.int/data/gho/indicator-metadata-registry/imr-details/2504,PUBLISHED,Published,,2008,2008,,AMR,Americas,,HND,Honduras,,DRUGS,Drugs,,no,,,,,,
RSUD_8,Epidemiological data collection system for substance use disorders,https://www.who.int/data/gho/indicator-metadata-registry/imr-details/2504,PUBLISHED,Published,,2008,2008,,SEAR,South-East Asia,,IND,India,,DRUGS,Drugs,,no,,,,,,
RSUD_8,Epidemiological data collection system for substance use disorders,https://www.who.int/data/gho/indicator-metadata-registry/imr-details/2504,PUBLISHED,Published,,2008,2008,,EMR,Eastern Mediterranean,,IRN,Iran (Islamic Republic of),,DRUGS,Drugs,,yes,,,,,,
RSUD_8,Epidemiological data collection system for substance use disorders,https://www.who.int/data/gho/indicator-metadata-registry/imr-details/2504,PUBLISHED,Published,,2008,2008,,EMR,Eastern Mediterranean,,IRQ,Iraq,,ALCOHOL,Alcohol,,no,,,,,,
RSUD_8,Epidemiological data collection system for substance use disorders,https://www.who.int/data/gho/indicator-metadata-registry/imr-details/2504,PUBLISHED,Published,,2008,2008,,AFR,Africa,,LSO,Lesotho,,ALCOHOL,Alcohol,,no,,,,,,
RSUD_8,Epidemiological data collection system for substance use disorders,https://www.who.int/data/gho/indicator-metadata-registry/imr-details/2504,PUBLISHED,Published,,2008,2008,,AFR,Africa,,LSO,Lesotho,,DRUGS,Drugs,,no,,,,,,
RSUD_8,Epidemiological data collection system for substance use disorders,https://www.who.int/data/gho/indicator-metadata-registry/imr-details/2504,PUBLISHED,Published,,2008,2008,,WPR,Western Pacific,,MYS,Malaysia,,ALCOHOL,Alcohol,,yes,,,,,,
RSUD_8,Epidemiological data collection system for substance use disorders,https://www.who.int/data/gho/indicator-metadata-registry/imr-details/2504,PUBLISHED,Published,,2008,2008,,AFR,Africa,,MRT,Mauritania,,ALCOHOL,Alcohol,,no,,,,,,
RSUD_8,Epidemiological data collection system for substance use disorders,https://www.who.int/data/gho/indicator-metadata-registry/imr-details/2504,PUBLISHED,Published,,2008,2008,,AFR,Africa,,MRT,Mauritania,,DRUGS,Drugs,,no,,,,,,
RSUD_8,Epidemiological data collection system for substance use disorders,https://www.who.int/data/gho/indicator-metadata-registry/imr-details/2504,PUBLISHED,Published,,2008,2008,,AMR,Americas,,MEX,Mexico,,ALCOHOL,Alcohol,,yes,,,,,,
RSUD_8,Epidemiological data collection system for substance use disorders,https://www.who.int/data/gho/indicator-metadata-registry/imr-details/2504,PUBLISHED,Published,,2008,2008,,AFR,Africa,,MOZ,Mozambique,,DRUGS,Drugs,,yes,,,,,,
RSUD_8,Epidemiological data collection system for substance use disorders,https://www.who.int/data/gho/indicator-metadata-registry/imr-details/2504,PUBLISHED,Published,,2008,2008,,AFR,Africa,,NAM,Namibia,,ALCOHOL,Alcohol,,no,,,,,,
RSUD_8,Epidemiological data collection system for substance use disorders,https://www.who.int/data/gho/indicator-metadata-registry/imr-details/2504,PUBLISHED,Published,,2008,2008,,EUR,Europe,,NLD,Netherlands,,DRUGS,Drugs,,yes,,,,,,
RSUD_8,Epidemiological data collection system for substance use disorders,https://www.who.int/data/gho/indicator-metadata-registry/imr-details/2504,PUBLISHED,Published,,2008,2008,,WPR,Western Pacific,,NZL,New Zealand,,ALCOHOL,Alcohol,,yes,,,,,,
RSUD_8,Epidemiological data collection system for substance use disorders,https://www.who.int/data/gho/indicator-metadata-registry/imr-details/2504,PUBLISHED,Published,,2008,2008,,AFR,Africa,,NER,Niger,,DRUGS,Drugs,,no,,,,,,
RSUD_8,Epidemiological data collection system for substance use disorders,https://www.who.int/data/gho/indicator-metadata-registry/imr-details/2504,PUBLISHED,Published,,2008,2008,,EMR,Eastern Mediterranean,,PAK,Pakistan,,ALCOHOL,Alcohol,,no,,,,,,
RSUD_8,Epidemiological data collection system for substance use disorders,https://www.who.int/data/gho/indicator-metadata-registry/imr-details/2504,PUBLISHED,Published,,2008,2008,,EUR,Europe,,POL,Poland,,DRUGS,Drugs,,yes,,,,,,
RSUD_8,Epidemiological data collection system for substance use disorders,https://www.who.int/data/gho/indicator-metadata-registry/imr-details/2504,PUBLISHED,Published,,2008,2008,,AMR,Americas,,LCA,Saint Lucia,,ALCOHOL,Alcohol,,yes,,,,,,
RSUD_8,Epidemiological data collection system for substance use disorders,https://www.who.int/data/gho/indicator-metadata-registry/imr-details/2504,PUBLISHED,Published,,2008,2008,,EUR,Europe,,SRB,Serbia,,ALCOHOL,Alcohol,,no,,,,,,
RSUD_8,Epidemiological data collection system for substance use disorders,https://www.who.int/data/gho/indicator-metadata-registry/imr-details/2504,PUBLISHED,Published,,2008,2008,,AFR,Africa,,SLE,Sierra Leone,,DRUGS,Drugs,,yes,,,,,,
RSUD_8,Epidemiological data collection system for substance use disorders,https://www.who.int/data/gho/indicator-metadata-registry/imr-details/2504,PUBLISHED,Published,,2008,2008,,WPR,Western Pacific,,SGP,Singapore,,DRUGS,Drugs,,yes,,,,,,
RSUD_8,Epidemiological data collection system for substance use disorders,https://www.who.int/data/gho/indicator-metadata-registry/imr-details/2504,PUBLISHED,Published,,2008,2008,,AFR,Africa,,ZAF,South Africa,,ALCOHOL,Alcohol,,yes,,,,,,
RSUD_8,Epidemiological data collection system for substance use disorders,https://www.who.int/data/gho/indicator-metadata-registry/imr-details/2504,PUBLISHED,Published,,2008,2008,,EMR,Eastern Mediterranean,,SDN,Sudan,,DRUGS,Drugs,,no,,,,,,
RSUD_8,Epidemiological data collection system for substance use disorders,https://www.who.int/data/gho/indicator-metadata-registry/imr-details/2504,PUBLISHED,Published,,2008,2008,,AFR,Africa,,SWZ,Eswatini,,DRUGS,Drugs,,no,,,,,,
RSUD_8,Epidemiological data collection system for substance use disorders,https://www.who.int/data/gho/indicator-metadata-registry/imr-details/2504,PUBLISHED,Published,,2008,2008,,EUR,Europe,,CHE,Switzerland,,DRUGS,Drugs,,yes,,,,,,
RSUD_8,Epidemiological data collection system for substance use disorders,https://www.who.int/data/gho/indicator-metadata-registry/imr-details/2504,PUBLISHED,Published,,2008,2008,,EMR,Eastern Mediterranean,,SYR,Syrian Arab Republic,,ALCOHOL,Alcohol,,no,,,,,,
RSUD_8,Epidemiological data collection system for substance use disorders,https://www.who.int/data/gho/indicator-metadata-registry/imr-details/2504,PUBLISHED,Published,,2008,2008,,SEAR,South-East Asia,,THA,Thailand,,ALCOHOL,Alcohol,,yes,,,,,,
RSUD_8,Epidemiological data collection system for substance use disorders,https://www.who.int/data/gho/indicator-metadata-registry/imr-details/2504,PUBLISHED,Published,,2008,2008,,AFR,Africa,,TGO,Togo,,ALCOHOL,Alcohol,,yes,,,,,,
RSUD_8,Epidemiological data collection system for substance use disorders,https://www.who.int/data/gho/indicator-metadata-registry/imr-details/2504,PUBLISHED,Published,,2008,2008,,AMR,Americas,,URY,Uruguay,,DRUGS,Drugs,,yes,,,,,,
RSUD_8,Epidemiological data collection system for substance use disorders,https://www.who.int/data/gho/indicator-metadata-registry/imr-details/2504,PUBLISHED,Published,,2008,2008,,WPR,Western Pacific,,VNM,Viet Nam,,ALCOHOL,Alcohol,,no,,,,,,
RSUD_8,Epidemiological data collection system for substance use disorders,https://www.who.int/data/gho/indicator-metadata-registry/imr-details/2504,PUBLISHED,Published,,2008,2008,,EUR,Europe,,MNE,Montenegro,,DRUGS,Drugs,,no,,,,,,
RSUD_8,Epidemiological data collection system for substance use disorders,https://www.who.int/data/gho/indicator-metadata-registry/imr-details/2504,PUBLISHED,Published,,2008,2008,,EMR,Eastern Mediterranean,,AFG,Afghanistan,,DRUGS,Drugs,,yes,,,,,,
RSUD_8,Epidemiological data collection system for substance use disorders,https://www.who.int/data/gho/indicator-metadata-registry/imr-details/2504,PUBLISHED,Published,,2008,2008,,EUR,Europe,,ALB,Albania,,DRUGS,Drugs,,no,,,,,,
RSUD_8,Epidemiological data collection system for substance use disorders,https://www.who.int/data/gho/indicator-metadata-registry/imr-details/2504,PUBLISHED,Published,,2008,2008,,EUR,Europe,,ARM,Armenia,,DRUGS,Drugs,,yes,,,,,,
RSUD_8,Epidemiological data collection system for substance use disorders,https://www.who.int/data/gho/indicator-metadata-registry/imr-details/2504,PUBLISHED,Published,,2008,2008,,EUR,Europe,,AUT,Austria,,DRUGS,Drugs,,yes,,,,,,
RSUD_8,Epidemiological data collection system for substance use disorders,https://www.who.int/data/gho/indicator-metadata-registry/imr-details/2504,PUBLISHED,Published,,2008,2008,,AMR,Americas,,BHS,Bahamas,,DRUGS,Drugs,,yes,,,,,,
RSUD_8,Epidemiological data collection system for substance use disorders,https://www.who.int/data/gho/indicator-metadata-registry/imr-details/2504,PUBLISHED,Published,,2008,2008,,AMR,Americas,,BHS,Bahamas,,ALCOHOL,Alcohol,,yes,,,,,,
RSUD_8,Epidemiological data collection system for substance use disorders,https://www.who.int/data/gho/indicator-metadata-registry/imr-details/2504,PUBLISHED,Published,,2008,2008,,SEAR,South-East Asia,,BGD,Bangladesh,,DRUGS,Drugs,,no,,,,,,
RSUD_8,Epidemiological data collection system for substance use disorders,https://www.who.int/data/gho/indicator-metadata-registry/imr-details/2504,PUBLISHED,Published,,2008,2008,,EUR,Europe,,BEL,Belgium,,ALCOHOL,Alcohol,,yes,,,,,,
RSUD_8,Epidemiological data collection system for substance use disorders,https://www.who.int/data/gho/indicator-metadata-registry/imr-details/2504,PUBLISHED,Published,,2008,2008,,AFR,Africa,,BEN,Benin,,ALCOHOL,Alcohol,,no,,,,,,
RSUD_8,Epidemiological data collection system for substance use disorders,https://www.who.int/data/gho/indicator-metadata-registry/imr-details/2504,PUBLISHED,Published,,2008,2008,,AFR,Africa,,BWA,Botswana,,ALCOHOL,Alcohol,,yes,,,,,,
RSUD_8,Epidemiological data collection system for substance use disorders,https://www.who.int/data/gho/indicator-metadata-registry/imr-details/2504,PUBLISHED,Published,,2008,2008,,AFR,Africa,,BFA,Burkina Faso,,ALCOHOL,Alcohol,,no,,,,,,
RSUD_8,Epidemiological data collection system for substance use disorders,https://www.who.int/data/gho/indicator-metadata-registry/imr-details/2504,PUBLISHED,Published,,2008,2008,,AFR,Africa,,CMR,Cameroon,,DRUGS,Drugs,,no,,,,,,
RSUD_8,Epidemiological data collection system for substance use disorders,https://www.who.int/data/gho/indicator-metadata-registry/imr-details/2504,PUBLISHED,Published,,2008,2008,,AFR,Africa,,CMR,Cameroon,,ALCOHOL,Alcohol,,no,,,,,,
RSUD_8,Epidemiological data collection system for substance use disorders,https://www.who.int/data/gho/indicator-metadata-registry/imr-details/2504,PUBLISHED,Published,,2008,2008,,AFR,Africa,,CPV,Cabo Verde,,DRUGS,Drugs,,no,,,,,,
RSUD_8,Epidemiological data collection system for substance use disorders,https://www.who.int/data/gho/indicator-metadata-registry/imr-details/2504,PUBLISHED,Published,,2008,2008,,WPR,Western Pacific,,CHN,China,,DRUGS,Drugs,,no,,,,,,
RSUD_8,Epidemiological data collection system for substance use disorders,https://www.who.int/data/gho/indicator-metadata-registry/imr-details/2504,PUBLISHED,Published,,2008,2008,,AMR,Americas,,DOM,Dominican Republic,,DRUGS,Drugs,,no,,,,,,
RSUD_8,Epidemiological data collection system for substance use disorders,https://www.who.int/data/gho/indicator-metadata-registry/imr-details/2504,PUBLISHED,Published,,2008,2008,,AMR,Americas,,SLV,El Salvador,,DRUGS,Drugs,,no,,,,,,
RSUD_8,Epidemiological data collection system for substance use disorders,https://www.who.int/data/gho/indicator-metadata-registry/imr-details/2504,PUBLISHED,Published,,2008,2008,,AFR,Africa,,GNQ,Equatorial Guinea,,ALCOHOL,Alcohol,,no,,,,,,
RSUD_8,Epidemiological data collection system for substance use disorders,https://www.who.int/data/gho/indicator-metadata-registry/imr-details/2504,PUBLISHED,Published,,2008,2008,,EUR,Europe,,EST,Estonia,,ALCOHOL,Alcohol,,yes,,,,,,
RSUD_8,Epidemiological data collection system for substance use disorders,https://www.who.int/data/gho/indicator-metadata-registry/imr-details/2504,PUBLISHED,Published,,2008,2008,,WPR,Western Pacific,,FJI,Fiji,,ALCOHOL,Alcohol,,no,,,,,,
RSUD_8,Epidemiological data collection system for substance use disorders,https://www.who.int/data/gho/indicator-metadata-registry/imr-details/2504,PUBLISHED,Published,,2008,2008,,WPR,Western Pacific,,FJI,Fiji,,DRUGS,Drugs,,no,,,,,,
RSUD_8,Epidemiological data collection system for substance use disorders,https://www.who.int/data/gho/indicator-metadata-registry/imr-details/2504,PUBLISHED,Published,,2008,2008,,EUR,Europe,,FRA,France,,ALCOHOL,Alcohol,,yes,,,,,,
RSUD_8,Epidemiological data collection system for substance use disorders,https://www.who.int/data/gho/indicator-metadata-registry/imr-details/2504,PUBLISHED,Published,,2008,2008,,AFR,Africa,,GMB,Gambia,,ALCOHOL,Alcohol,,no,,,,,,
RSUD_8,Epidemiological data collection system for substance use disorders,https://www.who.int/data/gho/indicator-metadata-registry/imr-details/2504,PUBLISHED,Published,,2008,2008,,EUR,Europe,,GRC,Greece,,ALCOHOL,Alcohol,,yes,,,,,,
RSUD_8,Epidemiological data collection system for substance use disorders,https://www.who.int/data/gho/indicator-metadata-registry/imr-details/2504,PUBLISHED,Published,,2008,2008,,AFR,Africa,,GIN,Guinea,,ALCOHOL,Alcohol,,no,,,,,,
RSUD_8,Epidemiological data collection system for substance use disorders,https://www.who.int/data/gho/indicator-metadata-registry/imr-details/2504,PUBLISHED,Published,,2008,2008,,SEAR,South-East Asia,,IND,India,,ALCOHOL,Alcohol,,no,,,,,,
RSUD_8,Epidemiological data collection system for substance use disorders,https://www.who.int/data/gho/indicator-metadata-registry/imr-details/2504,PUBLISHED,Published,,2008,2008,,SEAR,South-East Asia,,IDN,Indonesia,,DRUGS,Drugs,,yes,,,,,,
RSUD_8,Epidemiological data collection system for substance use disorders,https://www.who.int/data/gho/indicator-metadata-registry/imr-details/2504,PUBLISHED,Published,,2008,2008,,EMR,Eastern Mediterranean,,IRQ,Iraq,,DRUGS,Drugs,,no,,,,,,
RSUD_8,Epidemiological data collection system for substance use disorders,https://www.who.int/data/gho/indicator-metadata-registry/imr-details/2504,PUBLISHED,Published,,2008,2008,,AMR,Americas,,JAM,Jamaica,,DRUGS,Drugs,,no,,,,,,
RSUD_8,Epidemiological data collection system for substance use disorders,https://www.who.int/data/gho/indicator-metadata-registry/imr-details/2504,PUBLISHED,Published,,2008,2008,,AMR,Americas,,JAM,Jamaica,,ALCOHOL,Alcohol,,no,,,,,,
RSUD_8,Epidemiological data collection system for substance use disorders,https://www.who.int/data/gho/indicator-metadata-registry/imr-details/2504,PUBLISHED,Published,,2008,2008,,EMR,Eastern Mediterranean,,JOR,Jordan,,ALCOHOL,Alcohol,,no,,,,,,
RSUD_8,Epidemiological data collection system for substance use disorders,https://www.who.int/data/gho/indicator-metadata-registry/imr-details/2504,PUBLISHED,Published,,2008,2008,,EMR,Eastern Mediterranean,,JOR,Jordan,,DRUGS,Drugs,,no,,,,,,
RSUD_8,Epidemiological data collection system for substance use disorders,https://www.who.int/data/gho/indicator-metadata-registry/imr-details/2504,PUBLISHED,Published,,2008,2008,,WPR,Western Pacific,,LAO,Lao People's Democratic Republic,,ALCOHOL,Alcohol,,no,,,,,,
RSUD_8,Epidemiological data collection system for substance use disorders,https://www.who.int/data/gho/indicator-metadata-registry/imr-details/2504,PUBLISHED,Published,,2008,2008,,WPR,Western Pacific,,LAO,Lao People's Democratic Republic,,DRUGS,Drugs,,no,,,,,,
RSUD_8,Epidemiological data collection system for substance use disorders,https://www.who.int/data/gho/indicator-metadata-registry/imr-details/2504,PUBLISHED,Published,,2008,2008,,EUR,Europe,,LTU,Lithuania,,DRUGS,Drugs,,no,,,,,,
RSUD_8,Epidemiological data collection system for substance use disorders,https://www.who.int/data/gho/indicator-metadata-registry/imr-details/2504,PUBLISHED,Published,,2008,2008,,EUR,Europe,,LTU,Lithuania,,ALCOHOL,Alcohol,,no,,,,,,
RSUD_8,Epidemiological data collection system for substance use disorders,https://www.who.int/data/gho/indicator-metadata-registry/imr-details/2504,PUBLISHED,Published,,2008,2008,,AFR,Africa,,MDG,Madagascar,,DRUGS,Drugs,,no,,,,,,
RSUD_8,Epidemiological data collection system for substance use disorders,https://www.who.int/data/gho/indicator-metadata-registry/imr-details/2504,PUBLISHED,Published,,2008,2008,,AFR,Africa,,MWI,Malawi,,ALCOHOL,Alcohol,,yes,,,,,,
RSUD_8,Epidemiological data collection system for substance use disorders,https://www.who.int/data/gho/indicator-metadata-registry/imr-details/2504,PUBLISHED,Published,,2008,2008,,AFR,Africa,,MWI,Malawi,,DRUGS,Drugs,,yes,,,,,,
RSUD_8,Epidemiological data collection system for substance use disorders,https://www.who.int/data/gho/indicator-metadata-registry/imr-details/2504,PUBLISHED,Published,,2008,2008,,SEAR,South-East Asia,,MDV,Maldives,,ALCOHOL,Alcohol,,no,,,,,,
RSUD_8,Epidemiological data collection system for substance use disorders,https://www.who.int/data/gho/indicator-metadata-registry/imr-details/2504,PUBLISHED,Published,,2008,2008,,EUR,Europe,,MLT,Malta,,DRUGS,Drugs,,yes,,,,,,
RSUD_8,Epidemiological data collection system for substance use disorders,https://www.who.int/data/gho/indicator-metadata-registry/imr-details/2504,PUBLISHED,Published,,2008,2008,,AFR,Africa,,MUS,Mauritius,,ALCOHOL,Alcohol,,yes,,,,,,
RSUD_8,Epidemiological data collection system for substance use disorders,https://www.who.int/data/gho/indicator-metadata-registry/imr-details/2504,PUBLISHED,Published,,2008,2008,,WPR,Western Pacific,,MNG,Mongolia,,ALCOHOL,Alcohol,,yes,,,,,,
RSUD_8,Epidemiological data collection system for substance use disorders,https://www.who.int/data/gho/indicator-metadata-registry/imr-details/2504,PUBLISHED,Published,,2008,2008,,WPR,Western Pacific,,MNG,Mongolia,,DRUGS,Drugs,,no,,,,,,
RSUD_8,Epidemiological data collection system for substance use disorders,https://www.who.int/data/gho/indicator-metadata-registry/imr-details/2504,PUBLISHED,Published,,2008,2008,,EUR,Europe,,NLD,Netherlands,,ALCOHOL,Alcohol,,yes,,,,,,
RSUD_8,Epidemiological data collection system for substance use disorders,https://www.who.int/data/gho/indicator-metadata-registry/imr-details/2504,PUBLISHED,Published,,2008,2008,,AMR,Americas,,NIC,Nicaragua,,ALCOHOL,Alcohol,,yes,,,,,,
RSUD_8,Epidemiological data collection system for substance use disorders,https://www.who.int/data/gho/indicator-metadata-registry/imr-details/2504,PUBLISHED,Published,,2008,2008,,AMR,Americas,,NIC,Nicaragua,,DRUGS,Drugs,,yes,,,,,,
RSUD_8,Epidemiological data collection system for substance use disorders,https://www.who.int/data/gho/indicator-metadata-registry/imr-details/2504,PUBLISHED,Published,,2008,2008,,AFR,Africa,,NER,Niger,,ALCOHOL,Alcohol,,no,,,,,,
RSUD_8,Epidemiological data collection system for substance use disorders,https://www.who.int/data/gho/indicator-metadata-registry/imr-details/2504,PUBLISHED,Published,,2008,2008,,AFR,Africa,,NGA,Nigeria,,DRUGS,Drugs,,no,,,,,,
RSUD_8,Epidemiological data collection system for substance use disorders,https://www.who.int/data/gho/indicator-metadata-registry/imr-details/2504,PUBLISHED,Published,,2008,2008,,EUR,Europe,,NOR,Norway,,ALCOHOL,Alcohol,,yes,,,,,,
RSUD_8,Epidemiological data collection system for substance use disorders,https://www.who.int/data/gho/indicator-metadata-registry/imr-details/2504,PUBLISHED,Published,,2008,2008,,EMR,Eastern Mediterranean,,OMN,Oman,,DRUGS,Drugs,,yes,,,,,,
RSUD_8,Epidemiological data collection system for substance use disorders,https://www.who.int/data/gho/indicator-metadata-registry/imr-details/2504,PUBLISHED,Published,,2008,2008,,EMR,Eastern Mediterranean,,OMN,Oman,,ALCOHOL,Alcohol,,yes,,,,,,
RSUD_8,Epidemiological data collection system for substance use disorders,https://www.who.int/data/gho/indicator-metadata-registry/imr-details/2504,PUBLISHED,Published,,2008,2008,,AMR,Americas,,PAN,Panama,,DRUGS,Drugs,,no,,,,,,
RSUD_8,Epidemiological data collection system for substance use disorders,https://www.who.int/data/gho/indicator-metadata-registry/imr-details/2504,PUBLISHED,Published,,2008,2008,,AMR,Americas,,PAN,Panama,,ALCOHOL,Alcohol,,no,,,,,,
RSUD_8,Epidemiological data collection system for substance use disorders,https://www.who.int/data/gho/indicator-metadata-registry/imr-details/2504,PUBLISHED,Published,,2008,2008,,AMR,Americas,,PRY,Paraguay,,DRUGS,Drugs,,no,,,,,,
RSUD_8,Epidemiological data collection system for substance use disorders,https://www.who.int/data/gho/indicator-metadata-registry/imr-details/2504,PUBLISHED,Published,,2008,2008,,AMR,Americas,,PRY,Paraguay,,ALCOHOL,Alcohol,,no,,,,,,
RSUD_8,Epidemiological data collection system for substance use disorders,https://www.who.int/data/gho/indicator-metadata-registry/imr-details/2504,PUBLISHED,Published,,2008,2008,,WPR,Western Pacific,,PHL,Philippines,,DRUGS,Drugs,,no,,,,,,
RSUD_8,Epidemiological data collection system for substance use disorders,https://www.who.int/data/gho/indicator-metadata-registry/imr-details/2504,PUBLISHED,Published,,2008,2008,,WPR,Western Pacific,,PHL,Philippines,,ALCOHOL,Alcohol,,no,,,,,,
RSUD_8,Epidemiological data collection system for substance use disorders,https://www.who.int/data/gho/indicator-metadata-registry/imr-details/2504,PUBLISHED,Published,,2008,2008,,WPR,Western Pacific,,KOR,Republic of Korea,,ALCOHOL,Alcohol,,yes,,,,,,
RSUD_8,Epidemiological data collection system for substance use disorders,https://www.who.int/data/gho/indicator-metadata-registry/imr-details/2504,PUBLISHED,Published,,2008,2008,,EUR,Europe,,SMR,San Marino,,DRUGS,Drugs,,no,,,,,,
RSUD_8,Epidemiological data collection system for substance use disorders,https://www.who.int/data/gho/indicator-metadata-registry/imr-details/2504,PUBLISHED,Published,,2008,2008,,EMR,Eastern Mediterranean,,SAU,Saudi Arabia,,DRUGS,Drugs,,no,,,,,,
RSUD_8,Epidemiological data collection system for substance use disorders,https://www.who.int/data/gho/indicator-metadata-registry/imr-details/2504,PUBLISHED,Published,,2008,2008,,EMR,Eastern Mediterranean,,SAU,Saudi Arabia,,ALCOHOL,Alcohol,,no,,,,,,
RSUD_8,Epidemiological data collection system for substance use disorders,https://www.who.int/data/gho/indicator-metadata-registry/imr-details/2504,PUBLISHED,Published,,2008,2008,,EUR,Europe,,SRB,Serbia,,DRUGS,Drugs,,no,,,,,,
RSUD_8,Epidemiological data collection system for substance use disorders,https://www.who.int/data/gho/indicator-metadata-registry/imr-details/2504,PUBLISHED,Published,,2008,2008,,AFR,Africa,,SLE,Sierra Leone,,ALCOHOL,Alcohol,,no,,,,,,
RSUD_8,Epidemiological data collection system for substance use disorders,https://www.who.int/data/gho/indicator-metadata-registry/imr-details/2504,PUBLISHED,Published,,2008,2008,,EUR,Europe,,SVK,Slovakia,,DRUGS,Drugs,,no,,,,,,
RSUD_8,Epidemiological data collection system for substance use disorders,https://www.who.int/data/gho/indicator-metadata-registry/imr-details/2504,PUBLISHED,Published,,2008,2008,,EUR,Europe,,SVK,Slovakia,,ALCOHOL,Alcohol,,no,,,,,,
RSUD_8,Epidemiological data collection system for substance use disorders,https://www.who.int/data/gho/indicator-metadata-registry/imr-details/2504,PUBLISHED,Published,,2008,2008,,AFR,Africa,,ZAF,South Africa,,DRUGS,Drugs,,yes,,,,,,
RSUD_8,Epidemiological data collection system for substance use disorders,https://www.who.int/data/gho/indicator-metadata-registry/imr-details/2504,PUBLISHED,Published,,2008,2008,,AMR,Americas,,SUR,Suriname,,DRUGS,Drugs,,yes,,,,,,
RSUD_8,Epidemiological data collection system for substance use disorders,https://www.who.int/data/gho/indicator-metadata-registry/imr-details/2504,PUBLISHED,Published,,2008,2008,,EUR,Europe,,SWE,Sweden,,ALCOHOL,Alcohol,,yes,,,,,,
RSUD_8,Epidemiological data collection system for substance use disorders,https://www.who.int/data/gho/indicator-metadata-registry/imr-details/2504,PUBLISHED,Published,,2008,2008,,EUR,Europe,,TJK,Tajikistan,,ALCOHOL,Alcohol,,yes,,,,,,
RSUD_8,Epidemiological data collection system for substance use disorders,https://www.who.int/data/gho/indicator-metadata-registry/imr-details/2504,PUBLISHED,Published,,2008,2008,,EMR,Eastern Mediterranean,,TUN,Tunisia,,DRUGS,Drugs,,yes,,,,,,
RSUD_8,Epidemiological data collection system for substance use disorders,https://www.who.int/data/gho/indicator-metadata-registry/imr-details/2504,PUBLISHED,Published,,2008,2008,,AFR,Africa,,UGA,Uganda,,DRUGS,Drugs,,yes,,,,,,
RSUD_8,Epidemiological data collection system for substance use disorders,https://www.who.int/data/gho/indicator-metadata-registry/imr-details/2504,PUBLISHED,Published,,2008,2008,,AMR,Americas,,URY,Uruguay,,ALCOHOL,Alcohol,,yes,,,,,,
RSUD_8,Epidemiological data collection system for substance use disorders,https://www.who.int/data/gho/indicator-metadata-registry/imr-details/2504,PUBLISHED,Published,,2008,2008,,AMR,Americas,,VEN,Venezuela (Bolivarian Republic of),,DRUGS,Drugs,,yes,,,,,,
RSUD_8,Epidemiological data collection system for substance use disorders,https://www.who.int/data/gho/indicator-metadata-registry/imr-details/2504,PUBLISHED,Published,,2008,2008,,AFR,Africa,,ZMB,Zambia,,ALCOHOL,Alcohol,,no,,,,,,
RSUD_8,Epidemiological data collection system for substance use disorders,https://www.who.int/data/gho/indicator-metadata-registry/imr-details/2504,PUBLISHED,Published,,2008,2008,,EUR,Europe,,MNE,Montenegro,,ALCOHOL,Alcohol,,no,,,,,,
RSUD_8,Epidemiological data collection system for substance use disorders,https://www.who.int/data/gho/indicator-metadata-registry/imr-details/2504,PUBLISHED,Published,,2008,2008,,AFR,Africa,,DZA,Algeria,,DRUGS,Drugs,,no,,,,,,
RSUD_8,Epidemiological data collection system for substance use disorders,https://www.who.int/data/gho/indicator-metadata-registry/imr-details/2504,PUBLISHED,Published,,2008,2008,,EUR,Europe,,ARM,Armenia,,ALCOHOL,Alcohol,,yes,,,,,,
RSUD_8,Epidemiological data collection system for substance use disorders,https://www.who.int/data/gho/indicator-metadata-registry/imr-details/2504,PUBLISHED,Published,,2008,2008,,WPR,Western Pacific,,AUS,Australia,,DRUGS,Drugs,,yes,,,,,,
RSUD_8,Epidemiological data collection system for substance use disorders,https://www.who.int/data/gho/indicator-metadata-registry/imr-details/2504,PUBLISHED,Published,,2008,2008,,EUR,Europe,,AZE,Azerbaijan,,DRUGS,Drugs,,yes,,,,,,
RSUD_8,Epidemiological data collection system for substance use disorders,https://www.who.int/data/gho/indicator-metadata-registry/imr-details/2504,PUBLISHED,Published,,2008,2008,,EMR,Eastern Mediterranean,,BHR,Bahrain,,DRUGS,Drugs,,no,,,,,,
RSUD_8,Epidemiological data collection system for substance use disorders,https://www.who.int/data/gho/indicator-metadata-registry/imr-details/2504,PUBLISHED,Published,,2008,2008,,SEAR,South-East Asia,,BGD,Bangladesh,,ALCOHOL,Alcohol,,no,,,,,,
RSUD_8,Epidemiological data collection system for substance use disorders,https://www.who.int/data/gho/indicator-metadata-registry/imr-details/2504,PUBLISHED,Published,,2008,2008,,AMR,Americas,,BLZ,Belize,,DRUGS,Drugs,,no,,,,,,
RSUD_8,Epidemiological data collection system for substance use disorders,https://www.who.int/data/gho/indicator-metadata-registry/imr-details/2504,PUBLISHED,Published,,2008,2008,,AFR,Africa,,BWA,Botswana,,DRUGS,Drugs,,yes,,,,,,
RSUD_8,Epidemiological data collection system for substance use disorders,https://www.who.int/data/gho/indicator-metadata-registry/imr-details/2504,PUBLISHED,Published,,2008,2008,,AFR,Africa,,BFA,Burkina Faso,,DRUGS,Drugs,,no,,,,,,
RSUD_8,Epidemiological data collection system for substance use disorders,https://www.who.int/data/gho/indicator-metadata-registry/imr-details/2504,PUBLISHED,Published,,2008,2008,,AFR,Africa,,BDI,Burundi,,DRUGS,Drugs,,no,,,,,,
RSUD_8,Epidemiological data collection system for substance use disorders,https://www.who.int/data/gho/indicator-metadata-registry/imr-details/2504,PUBLISHED,Published,,2008,2008,,AFR,Africa,,CAF,Central African Republic,,ALCOHOL,Alcohol,,no,,,,,,
RSUD_8,Epidemiological data collection system for substance use disorders,https://www.who.int/data/gho/indicator-metadata-registry/imr-details/2504,PUBLISHED,Published,,2008,2008,,AFR,Africa,,TCD,Chad,,ALCOHOL,Alcohol,,no,,,,,,
RSUD_8,Epidemiological data collection system for substance use disorders,https://www.who.int/data/gho/indicator-metadata-registry/imr-details/2504,PUBLISHED,Published,,2008,2008,,AFR,Africa,,TCD,Chad,,DRUGS,Drugs,,no,,,,,,
RSUD_8,Epidemiological data collection system for substance use disorders,https://www.who.int/data/gho/indicator-metadata-registry/imr-details/2504,PUBLISHED,Published,,2008,2008,,WPR,Western Pacific,,CHN,China,,ALCOHOL,Alcohol,,no,,,,,,
RSUD_8,Epidemiological data collection system for substance use disorders,https://www.who.int/data/gho/indicator-metadata-registry/imr-details/2504,PUBLISHED,Published,,2008,2008,,AMR,Americas,,COL,Colombia,,ALCOHOL,Alcohol,,yes,,,,,,
RSUD_8,Epidemiological data collection system for substance use disorders,https://www.who.int/data/gho/indicator-metadata-registry/imr-details/2504,PUBLISHED,Published,,2008,2008,,AFR,Africa,,COM,Comoros,,DRUGS,Drugs,,no,,,,,,
RSUD_8,Epidemiological data collection system for substance use disorders,https://www.who.int/data/gho/indicator-metadata-registry/imr-details/2504,PUBLISHED,Published,,2008,2008,,AFR,Africa,,COG,Congo,,ALCOHOL,Alcohol,,no,,,,,,
RSUD_8,Epidemiological data collection system for substance use disorders,https://www.who.int/data/gho/indicator-metadata-registry/imr-details/2504,PUBLISHED,Published,,2008,2008,,EUR,Europe,,HRV,Croatia,,ALCOHOL,Alcohol,,no,,,,,,
RSUD_8,Epidemiological data collection system for substance use disorders,https://www.who.int/data/gho/indicator-metadata-registry/imr-details/2504,PUBLISHED,Published,,2008,2008,,AFR,Africa,,COD,Democratic Republic of the Congo,,ALCOHOL,Alcohol,,no,,,,,,
RSUD_8,Epidemiological data collection system for substance use disorders,https://www.who.int/data/gho/indicator-metadata-registry/imr-details/2504,PUBLISHED,Published,,2008,2008,,AMR,Americas,,ECU,Ecuador,,ALCOHOL,Alcohol,,yes,,,,,,
RSUD_8,Epidemiological data collection system for substance use disorders,https://www.who.int/data/gho/indicator-metadata-registry/imr-details/2504,PUBLISHED,Published,,2008,2008,,AFR,Africa,,GNQ,Equatorial Guinea,,DRUGS,Drugs,,no,,,,,,
RSUD_8,Epidemiological data collection system for substance use disorders,https://www.who.int/data/gho/indicator-metadata-registry/imr-details/2504,PUBLISHED,Published,,2008,2008,,EUR,Europe,,FRA,France,,DRUGS,Drugs,,yes,,,,,,
RSUD_8,Epidemiological data collection system for substance use disorders,https://www.who.int/data/gho/indicator-metadata-registry/imr-details/2504,PUBLISHED,Published,,2008,2008,,AFR,Africa,,GMB,Gambia,,DRUGS,Drugs,,no,,,,,,
RSUD_8,Epidemiological data collection system for substance use disorders,https://www.who.int/data/gho/indicator-metadata-registry/imr-details/2504,PUBLISHED,Published,,2008,2008,,EUR,Europe,,DEU,Germany,,ALCOHOL,Alcohol,,yes,,,,,,
RSUD_8,Epidemiological data collection system for substance use disorders,https://www.who.int/data/gho/indicator-metadata-registry/imr-details/2504,PUBLISHED,Published,,2008,2008,,EUR,Europe,,DEU,Germany,,DRUGS,Drugs,,yes,,,,,,
RSUD_8,Epidemiological data collection system for substance use disorders,https://www.who.int/data/gho/indicator-metadata-registry/imr-details/2504,PUBLISHED,Published,,2008,2008,,EUR,Europe,,HUN,Hungary,,DRUGS,Drugs,,yes,,,,,,
RSUD_8,Epidemiological data collection system for substance use disorders,https://www.who.int/data/gho/indicator-metadata-registry/imr-details/2504,PUBLISHED,Published,,2008,2008,,EUR,Europe,,ISL,Iceland,,DRUGS,Drugs,,no,,,,,,
RSUD_8,Epidemiological data collection system for substance use disorders,https://www.who.int/data/gho/indicator-metadata-registry/imr-details/2504,PUBLISHED,Published,,2008,2008,,EUR,Europe,,IRL,Ireland,,ALCOHOL,Alcohol,,yes,,,,,,
RSUD_8,Epidemiological data collection system for substance use disorders,https://www.who.int/data/gho/indicator-metadata-registry/imr-details/2504,PUBLISHED,Published,,2008,2008,,EUR,Europe,,ISR,Israel,,ALCOHOL,Alcohol,,no,,,,,,
RSUD_8,Epidemiological data collection system for substance use disorders,https://www.who.int/data/gho/indicator-metadata-registry/imr-details/2504,PUBLISHED,Published,,2008,2008,,EUR,Europe,,ISR,Israel,,DRUGS,Drugs,,no,,,,,,
RSUD_8,Epidemiological data collection system for substance use disorders,https://www.who.int/data/gho/indicator-metadata-registry/imr-details/2504,PUBLISHED,Published,,2008,2008,,EUR,Europe,,ITA,Italy,,ALCOHOL,Alcohol,,yes,,,,,,
RSUD_8,Epidemiological data collection system for substance use disorders,https://www.who.int/data/gho/indicator-metadata-registry/imr-details/2504,PUBLISHED,Published,,2008,2008,,WPR,Western Pacific,,JPN,Japan,,DRUGS,Drugs,,no,,,,,,
RSUD_8,Epidemiological data collection system for substance use disorders,https://www.who.int/data/gho/indicator-metadata-registry/imr-details/2504,PUBLISHED,Published,,2008,2008,,EUR,Europe,,KGZ,Kyrgyzstan,,DRUGS,Drugs,,no,,,,,,
RSUD_8,Epidemiological data collection system for substance use disorders,https://www.who.int/data/gho/indicator-metadata-registry/imr-details/2504,PUBLISHED,Published,,2008,2008,,EUR,Europe,,LVA,Latvia,,DRUGS,Drugs,,yes,,,,,,
RSUD_8,Epidemiological data collection system for substance use disorders,https://www.who.int/data/gho/indicator-metadata-registry/imr-details/2504,PUBLISHED,Published,,2008,2008,,AFR,Africa,,LBR,Liberia,,DRUGS,Drugs,,no,,,,,,
RSUD_8,Epidemiological data collection system for substance use disorders,https://www.who.int/data/gho/indicator-metadata-registry/imr-details/2504,PUBLISHED,Published,,2008,2008,,AFR,Africa,,LBR,Liberia,,ALCOHOL,Alcohol,,no,,,,,,
RSUD_8,Epidemiological data collection system for substance use disorders,https://www.who.int/data/gho/indicator-metadata-registry/imr-details/2504,PUBLISHED,Published,,2008,2008,,AFR,Africa,,MDG,Madagascar,,ALCOHOL,Alcohol,,no,,,,,,
RSUD_8,Epidemiological data collection system for substance use disorders,https://www.who.int/data/gho/indicator-metadata-registry/imr-details/2504,PUBLISHED,Published,,2008,2008,,SEAR,South-East Asia,,MDV,Maldives,,DRUGS,Drugs,,no,,,,,,
RSUD_8,Epidemiological data collection system for substance use disorders,https://www.who.int/data/gho/indicator-metadata-registry/imr-details/2504,PUBLISHED,Published,,2008,2008,,EUR,Europe,,MLT,Malta,,ALCOHOL,Alcohol,,no,,,,,,
RSUD_8,Epidemiological data collection system for substance use disorders,https://www.who.int/data/gho/indicator-metadata-registry/imr-details/2504,PUBLISHED,Published,,2008,2008,,AFR,Africa,,MUS,Mauritius,,DRUGS,Drugs,,yes,,,,,,
RSUD_8,Epidemiological data collection system for substance use disorders,https://www.who.int/data/gho/indicator-metadata-registry/imr-details/2504,PUBLISHED,Published,,2008,2008,,AFR,Africa,,MOZ,Mozambique,,ALCOHOL,Alcohol,,yes,,,,,,
RSUD_8,Epidemiological data collection system for substance use disorders,https://www.who.int/data/gho/indicator-metadata-registry/imr-details/2504,PUBLISHED,Published,,2008,2008,,AFR,Africa,,NAM,Namibia,,DRUGS,Drugs,,no,,,,,,
RSUD_8,Epidemiological data collection system for substance use disorders,https://www.who.int/data/gho/indicator-metadata-registry/imr-details/2504,PUBLISHED,Published,,2008,2008,,AFR,Africa,,NGA,Nigeria,,ALCOHOL,Alcohol,,no,,,,,,
RSUD_8,Epidemiological data collection system for substance use disorders,https://www.who.int/data/gho/indicator-metadata-registry/imr-details/2504,PUBLISHED,Published,,2008,2008,,WPR,Western Pacific,,PLW,Palau,,DRUGS,Drugs,,no,,,,,,
RSUD_8,Epidemiological data collection system for substance use disorders,https://www.who.int/data/gho/indicator-metadata-registry/imr-details/2504,PUBLISHED,Published,,2008,2008,,EUR,Europe,,MDA,Republic of Moldova,,ALCOHOL,Alcohol,,yes,,,,,,
RSUD_8,Epidemiological data collection system for substance use disorders,https://www.who.int/data/gho/indicator-metadata-registry/imr-details/2504,PUBLISHED,Published,,2008,2008,,AFR,Africa,,RWA,Rwanda,,DRUGS,Drugs,,no,,,,,,
RSUD_8,Epidemiological data collection system for substance use disorders,https://www.who.int/data/gho/indicator-metadata-registry/imr-details/2504,PUBLISHED,Published,,2008,2008,,AFR,Africa,,RWA,Rwanda,,ALCOHOL,Alcohol,,no,,,,,,
RSUD_8,Epidemiological data collection system for substance use disorders,https://www.who.int/data/gho/indicator-metadata-registry/imr-details/2504,PUBLISHED,Published,,2008,2008,,AMR,Americas,,LCA,Saint Lucia,,DRUGS,Drugs,,yes,,,,,,
RSUD_8,Epidemiological data collection system for substance use disorders,https://www.who.int/data/gho/indicator-metadata-registry/imr-details/2504,PUBLISHED,Published,,2008,2008,,EUR,Europe,,SMR,San Marino,,ALCOHOL,Alcohol,,no,,,,,,
RSUD_8,Epidemiological data collection system for substance use disorders,https://www.who.int/data/gho/indicator-metadata-registry/imr-details/2504,PUBLISHED,Published,,2008,2008,,AFR,Africa,,STP,Sao Tome and Principe,,DRUGS,Drugs,,no,,,,,,
RSUD_8,Epidemiological data collection system for substance use disorders,https://www.who.int/data/gho/indicator-metadata-registry/imr-details/2504,PUBLISHED,Published,,2008,2008,,EUR,Europe,,SVN,Slovenia,,DRUGS,Drugs,,yes,,,,,,
RSUD_8,Epidemiological data collection system for substance use disorders,https://www.who.int/data/gho/indicator-metadata-registry/imr-details/2504,PUBLISHED,Published,,2008,2008,,SEAR,South-East Asia,,LKA,Sri Lanka,,DRUGS,Drugs,,yes,,,,,,
RSUD_8,Epidemiological data collection system for substance use disorders,https://www.who.int/data/gho/indicator-metadata-registry/imr-details/2504,PUBLISHED,Published,,2008,2008,,SEAR,South-East Asia,,LKA,Sri Lanka,,ALCOHOL,Alcohol,,yes,,,,,,
RSUD_8,Epidemiological data collection system for substance use disorders,https://www.who.int/data/gho/indicator-metadata-registry/imr-details/2504,PUBLISHED,Published,,2008,2008,,AMR,Americas,,SUR,Suriname,,ALCOHOL,Alcohol,,yes,,,,,,
RSUD_8,Epidemiological data collection system for substance use disorders,https://www.who.int/data/gho/indicator-metadata-registry/imr-details/2504,PUBLISHED,Published,,2008,2008,,AFR,Africa,,SWZ,Eswatini,,ALCOHOL,Alcohol,,no,,,,,,
RSUD_8,Epidemiological data collection system for substance use disorders,https://www.who.int/data/gho/indicator-metadata-registry/imr-details/2504,PUBLISHED,Published,,2008,2008,,EUR,Europe,,SWE,Sweden,,DRUGS,Drugs,,yes,,,,,,
RSUD_8,Epidemiological data collection system for substance use disorders,https://www.who.int/data/gho/indicator-metadata-registry/imr-details/2504,PUBLISHED,Published,,2008,2008,,EUR,Europe,,CHE,Switzerland,,ALCOHOL,Alcohol,,yes,,,,,,
RSUD_8,Epidemiological data collection system for substance use disorders,https://www.who.int/data/gho/indicator-metadata-registry/imr-details/2504,PUBLISHED,Published,,2008,2008,,EMR,Eastern Mediterranean,,SYR,Syrian Arab Republic,,DRUGS,Drugs,,no,,,,,,
RSUD_8,Epidemiological data collection system for substance use disorders,https://www.who.int/data/gho/indicator-metadata-registry/imr-details/2504,PUBLISHED,Published,,2008,2008,,SEAR,South-East Asia,,THA,Thailand,,DRUGS,Drugs,,yes,,,,,,
RSUD_8,Epidemiological data collection system for substance use disorders,https://www.who.int/data/gho/indicator-metadata-registry/imr-details/2504,PUBLISHED,Published,,2008,2008,,SEAR,South-East Asia,,TLS,Timor-Leste,,ALCOHOL,Alcohol,,no,,,,,,
RSUD_8,Epidemiological data collection system for substance use disorders,https://www.who.int/data/gho/indicator-metadata-registry/imr-details/2504,PUBLISHED,Published,,2008,2008,,EMR,Eastern Mediterranean,,TUN,Tunisia,,ALCOHOL,Alcohol,,yes,,,,,,
RSUD_8,Epidemiological data collection system for substance use disorders,https://www.who.int/data/gho/indicator-metadata-registry/imr-details/2504,PUBLISHED,Published,,2008,2008,,EUR,Europe,,TUR,Turkey,,ALCOHOL,Alcohol,,no,,,,,,
RSUD_8,Epidemiological data collection system for substance use disorders,https://www.who.int/data/gho/indicator-metadata-registry/imr-details/2504,PUBLISHED,Published,,2008,2008,,AFR,Africa,,UGA,Uganda,,ALCOHOL,Alcohol,,yes,,,,,,
RSUD_8,Epidemiological data collection system for substance use disorders,https://www.who.int/data/gho/indicator-metadata-registry/imr-details/2504,PUBLISHED,Published,,2008,2008,,EUR,Europe,,UZB,Uzbekistan,,ALCOHOL,Alcohol,,no,,,,,,
RSUD_8,Epidemiological data collection system for substance use disorders,https://www.who.int/data/gho/indicator-metadata-registry/imr-details/2504,PUBLISHED,Published,,2008,2008,,AMR,Americas,,VEN,Venezuela (Bolivarian Republic of),,ALCOHOL,Alcohol,,yes,,,,,,
RSUD_8,Epidemiological data collection system for substance use disorders,https://www.who.int/data/gho/indicator-metadata-registry/imr-details/2504,PUBLISHED,Published,,2008,2008,,WPR,Western Pacific,,VNM,Viet Nam,,DRUGS,Drugs,,no,,,,,,
RSUD_8,Epidemiological data collection system for substance use disorders,https://www.who.int/data/gho/indicator-metadata-registry/imr-details/2504,PUBLISHED,Published,,2008,2008,,AFR,Africa,,ZMB,Zambia,,DRUGS,Drugs,,no,,,,,,
RSUD_8,Epidemiological data collection system for substance use disorders,https://www.who.int/data/gho/indicator-metadata-registry/imr-details/2504,PUBLISHED,Published,,2008,2008,,AFR,Africa,,ZWE,Zimbabwe,,ALCOHOL,Alcohol,,no,,,,,,
RSUD_8,Epidemiological data collection system for substance use disorders,https://www.who.int/data/gho/indicator-metadata-registry/imr-details/2504,PUBLISHED,Published,,2008,2008,,AFR,Africa,,AGO,Angola,,DRUGS,Drugs,,no,,,,,,
RSUD_8,Epidemiological data collection system for substance use disorders,https://www.who.int/data/gho/indicator-metadata-registry/imr-details/2504,PUBLISHED,Published,,2008,2008,,EUR,Europe,,AZE,Azerbaijan,,ALCOHOL,Alcohol,,yes,,,,,,
RSUD_8,Epidemiological data collection system for substance use disorders,https://www.who.int/data/gho/indicator-metadata-registry/imr-details/2504,PUBLISHED,Published,,2008,2008,,EMR,Eastern Mediterranean,,BHR,Bahrain,,ALCOHOL,Alcohol,,no,,,,,,
RSUD_8,Epidemiological data collection system for substance use disorders,https://www.who.int/data/gho/indicator-metadata-registry/imr-details/2504,PUBLISHED,Published,,2008,2008,,EUR,Europe,,BLR,Belarus,,ALCOHOL,Alcohol,,no,,,,,,
RSUD_8,Epidemiological data collection system for substance use disorders,https://www.who.int/data/gho/indicator-metadata-registry/imr-details/2504,PUBLISHED,Published,,2008,2008,,EUR,Europe,,BLR,Belarus,,DRUGS,Drugs,,yes,,,,,,
RSUD_8,Epidemiological data collection system for substance use disorders,https://www.who.int/data/gho/indicator-metadata-registry/imr-details/2504,PUBLISHED,Published,,2008,2008,,SEAR,South-East Asia,,BTN,Bhutan,,DRUGS,Drugs,,no,,,,,,
RSUD_8,Epidemiological data collection system for substance use disorders,https://www.who.int/data/gho/indicator-metadata-registry/imr-details/2504,PUBLISHED,Published,,2008,2008,,WPR,Western Pacific,,BRN,Brunei Darussalam,,DRUGS,Drugs,,yes,,,,,,
RSUD_8,Epidemiological data collection system for substance use disorders,https://www.who.int/data/gho/indicator-metadata-registry/imr-details/2504,PUBLISHED,Published,,2008,2008,,EUR,Europe,,BGR,Bulgaria,,DRUGS,Drugs,,yes,,,,,,
RSUD_8,Epidemiological data collection system for substance use disorders,https://www.who.int/data/gho/indicator-metadata-registry/imr-details/2504,PUBLISHED,Published,,2008,2008,,AFR,Africa,,BDI,Burundi,,ALCOHOL,Alcohol,,no,,,,,,
RSUD_8,Epidemiological data collection system for substance use disorders,https://www.who.int/data/gho/indicator-metadata-registry/imr-details/2504,PUBLISHED,Published,,2008,2008,,AMR,Americas,,CAN,Canada,,DRUGS,Drugs,,yes,,,,,,
RSUD_8,Epidemiological data collection system for substance use disorders,https://www.who.int/data/gho/indicator-metadata-registry/imr-details/2504,PUBLISHED,Published,,2008,2008,,AMR,Americas,,CHL,Chile,,ALCOHOL,Alcohol,,yes,,,,,,
RSUD_8,Epidemiological data collection system for substance use disorders,https://www.who.int/data/gho/indicator-metadata-registry/imr-details/2504,PUBLISHED,Published,,2008,2008,,AMR,Americas,,CHL,Chile,,DRUGS,Drugs,,yes,,,,,,
RSUD_8,Epidemiological data collection system for substance use disorders,https://www.who.int/data/gho/indicator-metadata-registry/imr-details/2504,PUBLISHED,Published,,2008,2008,,AMR,Americas,,COL,Colombia,,DRUGS,Drugs,,yes,,,,,,
RSUD_8,Epidemiological data collection system for substance use disorders,https://www.who.int/data/gho/indicator-metadata-registry/imr-details/2504,PUBLISHED,Published,,2008,2008,,AFR,Africa,,COG,Congo,,DRUGS,Drugs,,no,,,,,,
RSUD_8,Epidemiological data collection system for substance use disorders,https://www.who.int/data/gho/indicator-metadata-registry/imr-details/2504,PUBLISHED,Published,,2008,2008,,EUR,Europe,,HRV,Croatia,,DRUGS,Drugs,,yes,,,,,,
RSUD_8,Epidemiological data collection system for substance use disorders,https://www.who.int/data/gho/indicator-metadata-registry/imr-details/2504,PUBLISHED,Published,,2008,2008,,AFR,Africa,,COD,Democratic Republic of the Congo,,DRUGS,Drugs,,no,,,,,,
RSUD_8,Epidemiological data collection system for substance use disorders,https://www.who.int/data/gho/indicator-metadata-registry/imr-details/2504,PUBLISHED,Published,,2008,2008,,EUR,Europe,,DNK,Denmark,,DRUGS,Drugs,,yes,,,,,,
RSUD_8,Epidemiological data collection system for substance use disorders,https://www.who.int/data/gho/indicator-metadata-registry/imr-details/2504,PUBLISHED,Published,,2008,2008,,AFR,Africa,,ERI,Eritrea,,ALCOHOL,Alcohol,,no,,,,,,
RSUD_8,Epidemiological data collection system for substance use disorders,https://www.who.int/data/gho/indicator-metadata-registry/imr-details/2504,PUBLISHED,Published,,2008,2008,,AFR,Africa,,ERI,Eritrea,,DRUGS,Drugs,,no,,,,,,
RSUD_8,Epidemiological data collection system for substance use disorders,https://www.who.int/data/gho/indicator-metadata-registry/imr-details/2504,PUBLISHED,Published,,2008,2008,,AFR,Africa,,GAB,Gabon,,ALCOHOL,Alcohol,,no,,,,,,
RSUD_8,Epidemiological data collection system for substance use disorders,https://www.who.int/data/gho/indicator-metadata-registry/imr-details/2504,PUBLISHED,Published,,2008,2008,,AFR,Africa,,GAB,Gabon,,DRUGS,Drugs,,no,,,,,,
RSUD_8,Epidemiological data collection system for substance use disorders,https://www.who.int/data/gho/indicator-metadata-registry/imr-details/2504,PUBLISHED,Published,,2008,2008,,EUR,Europe,,GEO,Georgia,,DRUGS,Drugs,,no,,,,,,
RSUD_8,Epidemiological data collection system for substance use disorders,https://www.who.int/data/gho/indicator-metadata-registry/imr-details/2504,PUBLISHED,Published,,2008,2008,,EUR,Europe,,GEO,Georgia,,ALCOHOL,Alcohol,,no,,,,,,
RSUD_8,Epidemiological data collection system for substance use disorders,https://www.who.int/data/gho/indicator-metadata-registry/imr-details/2504,PUBLISHED,Published,,2008,2008,,AFR,Africa,,GHA,Ghana,,ALCOHOL,Alcohol,,no,,,,,,
RSUD_8,Epidemiological data collection system for substance use disorders,https://www.who.int/data/gho/indicator-metadata-registry/imr-details/2504,PUBLISHED,Published,,2008,2008,,AMR,Americas,,GTM,Guatemala,,ALCOHOL,Alcohol,,no,,,,,,
RSUD_8,Epidemiological data collection system for substance use disorders,https://www.who.int/data/gho/indicator-metadata-registry/imr-details/2504,PUBLISHED,Published,,2008,2008,,AMR,Americas,,GTM,Guatemala,,DRUGS,Drugs,,no,,,,,,
RSUD_8,Epidemiological data collection system for substance use disorders,https://www.who.int/data/gho/indicator-metadata-registry/imr-details/2504,PUBLISHED,Published,,2008,2008,,AMR,Americas,,HND,Honduras,,ALCOHOL,Alcohol,,no,,,,,,
RSUD_8,Epidemiological data collection system for substance use disorders,https://www.who.int/data/gho/indicator-metadata-registry/imr-details/2504,PUBLISHED,Published,,2008,2008,,EUR,Europe,,HUN,Hungary,,ALCOHOL,Alcohol,,no,,,,,,
RSUD_8,Epidemiological data collection system for substance use disorders,https://www.who.int/data/gho/indicator-metadata-registry/imr-details/2504,PUBLISHED,Published,,2008,2008,,EUR,Europe,,ISL,Iceland,,ALCOHOL,Alcohol,,no,,,,,,
RSUD_8,Epidemiological data collection system for substance use disorders,https://www.who.int/data/gho/indicator-metadata-registry/imr-details/2504,PUBLISHED,Published,,2008,2008,,SEAR,South-East Asia,,IDN,Indonesia,,ALCOHOL,Alcohol,,yes,,,,,,
RSUD_8,Epidemiological data collection system for substance use disorders,https://www.who.int/data/gho/indicator-metadata-registry/imr-details/2504,PUBLISHED,Published,,2008,2008,,EMR,Eastern Mediterranean,,IRN,Iran (Islamic Republic of),,ALCOHOL,Alcohol,,yes,,,,,,
RSUD_8,Epidemiological data collection system for substance use disorders,https://www.who.int/data/gho/indicator-metadata-registry/imr-details/2504,PUBLISHED,Published,,2008,2008,,EUR,Europe,,IRL,Ireland,,DRUGS,Drugs,,yes,,,,,,
RSUD_8,Epidemiological data collection system for substance use disorders,https://www.who.int/data/gho/indicator-metadata-registry/imr-details/2504,PUBLISHED,Published,,2008,2008,,EUR,Europe,,ITA,Italy,,DRUGS,Drugs,,yes,,,,,,
RSUD_8,Epidemiological data collection system for substance use disorders,https://www.who.int/data/gho/indicator-metadata-registry/imr-details/2504,PUBLISHED,Published,,2008,2008,,WPR,Western Pacific,,JPN,Japan,,ALCOHOL,Alcohol,,no,,,,,,
RSUD_8,Epidemiological data collection system for substance use disorders,https://www.who.int/data/gho/indicator-metadata-registry/imr-details/2504,PUBLISHED,Published,,2008,2008,,EUR,Europe,,KGZ,Kyrgyzstan,,ALCOHOL,Alcohol,,no,,,,,,
RSUD_8,Epidemiological data collection system for substance use disorders,https://www.who.int/data/gho/indicator-metadata-registry/imr-details/2504,PUBLISHED,Published,,2008,2008,,EUR,Europe,,LVA,Latvia,,ALCOHOL,Alcohol,,yes,,,,,,
RSUD_8,Epidemiological data collection system for substance use disorders,https://www.who.int/data/gho/indicator-metadata-registry/imr-details/2504,PUBLISHED,Published,,2008,2008,,EUR,Europe,,LUX,Luxembourg,,DRUGS,Drugs,,yes,,,,,,
RSUD_8,Epidemiological data collection system for substance use disorders,https://www.who.int/data/gho/indicator-metadata-registry/imr-details/2504,PUBLISHED,Published,,2008,2008,,WPR,Western Pacific,,MYS,Malaysia,,DRUGS,Drugs,,yes,,,,,,
RSUD_8,Epidemiological data collection system for substance use disorders,https://www.who.int/data/gho/indicator-metadata-registry/imr-details/2504,PUBLISHED,Published,,2008,2008,,AFR,Africa,,MLI,Mali,,ALCOHOL,Alcohol,,no,,,,,,
RSUD_8,Epidemiological data collection system for substance use disorders,https://www.who.int/data/gho/indicator-metadata-registry/imr-details/2504,PUBLISHED,Published,,2008,2008,,AFR,Africa,,MLI,Mali,,DRUGS,Drugs,,no,,,,,,
RSUD_8,Epidemiological data collection system for substance use disorders,https://www.who.int/data/gho/indicator-metadata-registry/imr-details/2504,PUBLISHED,Published,,2008,2008,,AMR,Americas,,MEX,Mexico,,DRUGS,Drugs,,yes,,,,,,
RSUD_8,Epidemiological data collection system for substance use disorders,https://www.who.int/data/gho/indicator-metadata-registry/imr-details/2504,PUBLISHED,Published,,2008,2008,,EMR,Eastern Mediterranean,,MAR,Morocco,,ALCOHOL,Alcohol,,no,,,,,,
RSUD_8,Epidemiological data collection system for substance use disorders,https://www.who.int/data/gho/indicator-metadata-registry/imr-details/2504,PUBLISHED,Published,,2008,2008,,EMR,Eastern Mediterranean,,MAR,Morocco,,DRUGS,Drugs,,no,,,,,,
RSUD_8,Epidemiological data collection system for substance use disorders,https://www.who.int/data/gho/indicator-metadata-registry/imr-details/2504,PUBLISHED,Published,,2008,2008,,SEAR,South-East Asia,,MMR,Myanmar,,ALCOHOL,Alcohol,,no,,,,,,
RSUD_8,Epidemiological data collection system for substance use disorders,https://www.who.int/data/gho/indicator-metadata-registry/imr-details/2504,PUBLISHED,Published,,2008,2008,,SEAR,South-East Asia,,MMR,Myanmar,,DRUGS,Drugs,,yes,,,,,,
RSUD_8,Epidemiological data collection system for substance use disorders,https://www.who.int/data/gho/indicator-metadata-registry/imr-details/2504,PUBLISHED,Published,,2008,2008,,SEAR,South-East Asia,,NPL,Nepal,,ALCOHOL,Alcohol,,no,,,,,,
RSUD_8,Epidemiological data collection system for substance use disorders,https://www.who.int/data/gho/indicator-metadata-registry/imr-details/2504,PUBLISHED,Published,,2008,2008,,SEAR,South-East Asia,,NPL,Nepal,,DRUGS,Drugs,,no,,,,,,
RSUD_8,Epidemiological data collection system for substance use disorders,https://www.who.int/data/gho/indicator-metadata-registry/imr-details/2504,PUBLISHED,Published,,2008,2008,,WPR,Western Pacific,,NZL,New Zealand,,DRUGS,Drugs,,yes,,,,,,
RSUD_8,Epidemiological data collection system for substance use disorders,https://www.who.int/data/gho/indicator-metadata-registry/imr-details/2504,PUBLISHED,Published,,2008,2008,,EUR,Europe,,NOR,Norway,,DRUGS,Drugs,,yes,,,,,,
RSUD_8,Epidemiological data collection system for substance use disorders,https://www.who.int/data/gho/indicator-metadata-registry/imr-details/2504,PUBLISHED,Published,,2008,2008,,EMR,Eastern Mediterranean,,PAK,Pakistan,,DRUGS,Drugs,,yes,,,,,,
RSUD_8,Epidemiological data collection system for substance use disorders,https://www.who.int/data/gho/indicator-metadata-registry/imr-details/2504,PUBLISHED,Published,,2008,2008,,WPR,Western Pacific,,PLW,Palau,,ALCOHOL,Alcohol,,no,,,,,,
RSUD_8,Epidemiological data collection system for substance use disorders,https://www.who.int/data/gho/indicator-metadata-registry/imr-details/2504,PUBLISHED,Published,,2008,2008,,WPR,Western Pacific,,PNG,Papua New Guinea,,DRUGS,Drugs,,no,,,,,,
RSUD_8,Epidemiological data collection system for substance use disorders,https://www.who.int/data/gho/indicator-metadata-registry/imr-details/2504,PUBLISHED,Published,,2008,2008,,WPR,Western Pacific,,PNG,Papua New Guinea,,ALCOHOL,Alcohol,,no,,,,,,
RSUD_8,Epidemiological data collection system for substance use disorders,https://www.who.int/data/gho/indicator-metadata-registry/imr-details/2504,PUBLISHED,Published,,2008,2008,,AMR,Americas,,PER,Peru,,ALCOHOL,Alcohol,,yes,,,,,,
RSUD_8,Epidemiological data collection system for substance use disorders,https://www.who.int/data/gho/indicator-metadata-registry/imr-details/2504,PUBLISHED,Published,,2008,2008,,AMR,Americas,,PER,Peru,,DRUGS,Drugs,,yes,,,,,,
RSUD_8,Epidemiological data collection system for substance use disorders,https://www.who.int/data/gho/indicator-metadata-registry/imr-details/2504,PUBLISHED,Published,,2008,2008,,EUR,Europe,,POL,Poland,,ALCOHOL,Alcohol,,yes,,,,,,
RSUD_8,Epidemiological data collection system for substance use disorders,https://www.who.int/data/gho/indicator-metadata-registry/imr-details/2504,PUBLISHED,Published,,2008,2008,,EUR,Europe,,MDA,Republic of Moldova,,DRUGS,Drugs,,yes,,,,,,
RSUD_8,Epidemiological data collection system for substance use disorders,https://www.who.int/data/gho/indicator-metadata-registry/imr-details/2504,PUBLISHED,Published,,2008,2008,,EUR,Europe,,RUS,Russian Federation,,DRUGS,Drugs,,yes,,,,,,
RSUD_8,Epidemiological data collection system for substance use disorders,https://www.who.int/data/gho/indicator-metadata-registry/imr-details/2504,PUBLISHED,Published,,2008,2008,,EUR,Europe,,RUS,Russian Federation,,ALCOHOL,Alcohol,,yes,,,,,,
RSUD_8,Epidemiological data collection system for substance use disorders,https://www.who.int/data/gho/indicator-metadata-registry/imr-details/2504,PUBLISHED,Published,,2008,2008,,AFR,Africa,,STP,Sao Tome and Principe,,ALCOHOL,Alcohol,,no,,,,,,
RSUD_8,Epidemiological data collection system for substance use disorders,https://www.who.int/data/gho/indicator-metadata-registry/imr-details/2504,PUBLISHED,Published,,2008,2008,,AFR,Africa,,SEN,Senegal,,DRUGS,Drugs,,no,,,,,,
RSUD_8,Epidemiological data collection system for substance use disorders,https://www.who.int/data/gho/indicator-metadata-registry/imr-details/2504,PUBLISHED,Published,,2008,2008,,AFR,Africa,,SEN,Senegal,,ALCOHOL,Alcohol,,no,,,,,,
RSUD_8,Epidemiological data collection system for substance use disorders,https://www.who.int/data/gho/indicator-metadata-registry/imr-details/2504,PUBLISHED,Published,,2008,2008,,AFR,Africa,,SYC,Seychelles,,DRUGS,Drugs,,no,,,,,,
RSUD_8,Epidemiological data collection system for substance use disorders,https://www.who.int/data/gho/indicator-metadata-registry/imr-details/2504,PUBLISHED,Published,,2008,2008,,AFR,Africa,,SYC,Seychelles,,ALCOHOL,Alcohol,,no,,,,,,
RSUD_8,Epidemiological data collection system for substance use disorders,https://www.who.int/data/gho/indicator-metadata-registry/imr-details/2504,PUBLISHED,Published,,2008,2008,,WPR,Western Pacific,,SGP,Singapore,,ALCOHOL,Alcohol,,yes,,,,,,
RSUD_8,Epidemiological data collection system for substance use disorders,https://www.who.int/data/gho/indicator-metadata-registry/imr-details/2504,PUBLISHED,Published,,2008,2008,,EUR,Europe,,SVN,Slovenia,,ALCOHOL,Alcohol,,yes,,,,,,
RSUD_8,Epidemiological data collection system for substance use disorders,https://www.who.int/data/gho/indicator-metadata-registry/imr-details/2504,PUBLISHED,Published,,2008,2008,,EUR,Europe,,ESP,Spain,,DRUGS,Drugs,,yes,,,,,,
RSUD_8,Epidemiological data collection system for substance use disorders,https://www.who.int/data/gho/indicator-metadata-registry/imr-details/2504,PUBLISHED,Published,,2008,2008,,EUR,Europe,,ESP,Spain,,ALCOHOL,Alcohol,,yes,,,,,,
RSUD_8,Epidemiological data collection system for substance use disorders,https://www.who.int/data/gho/indicator-metadata-registry/imr-details/2504,PUBLISHED,Published,,2008,2008,,EMR,Eastern Mediterranean,,SDN,Sudan,,ALCOHOL,Alcohol,,no,,,,,,
RSUD_8,Epidemiological data collection system for substance use disorders,https://www.who.int/data/gho/indicator-metadata-registry/imr-details/2504,PUBLISHED,Published,,2008,2008,,EUR,Europe,,TJK,Tajikistan,,DRUGS,Drugs,,yes,,,,,,
RSUD_8,Epidemiological data collection system for substance use disorders,https://www.who.int/data/gho/indicator-metadata-registry/imr-details/2504,PUBLISHED,Published,,2008,2008,,SEAR,South-East Asia,,TLS,Timor-Leste,,DRUGS,Drugs,,no,,,,,,
RSUD_8,Epidemiological data collection system for substance use disorders,https://www.who.int/data/gho/indicator-metadata-registry/imr-details/2504,PUBLISHED,Published,,2008,2008,,AFR,Africa,,TGO,Togo,,DRUGS,Drugs,,yes,,,,,,
RSUD_8,Epidemiological data collection system for substance use disorders,https://www.who.int/data/gho/indicator-metadata-registry/imr-details/2504,PUBLISHED,Published,,2008,2008,,EUR,Europe,,TUR,Turkey,,DRUGS,Drugs,,no,,,,,,
RSUD_8,Epidemiological data collection system for substance use disorders,https://www.who.int/data/gho/indicator-metadata-registry/imr-details/2504,PUBLISHED,Published,,2008,2008,,EUR,Europe,,UKR,Ukraine,,ALCOHOL,Alcohol,,no,,,,,,
RSUD_8,Epidemiological data collection system for substance use disorders,https://www.who.int/data/gho/indicator-metadata-registry/imr-details/2504,PUBLISHED,Published,,2008,2008,,EUR,Europe,,UKR,Ukraine,,DRUGS,Drugs,,no,,,,,,
RSUD_8,Epidemiological data collection system for substance use disorders,https://www.who.int/data/gho/indicator-metadata-registry/imr-details/2504,PUBLISHED,Published,,2008,2008,,EUR,Europe,,UZB,Uzbekistan,,DRUGS,Drugs,,no,,,,,,
RSUD_8,Epidemiological data collection system for substance use disorders,https://www.who.int/data/gho/indicator-metadata-registry/imr-details/2504,PUBLISHED,Published,,2008,2008,,AFR,Africa,,ZWE,Zimbabwe,,DRUGS,Drugs,,no,,,,,,
RSUD_8,Epidemiological data collection system for substance use disorders,https://www.who.int/data/gho/indicator-metadata-registry/imr-details/2504,PUBLISHED,Published,,2008,2008,,AFR,Africa,,CIV,Côte d'Ivoire,,DRUGS,Drugs,,no,,,,,,
RSUD_8,Epidemiological data collection system for substance use disorders,https://www.who.int/data/gho/indicator-metadata-registry/imr-details/2504,PUBLISHED,Published,,2008,2008,,AFR,Africa,,CIV,Côte d'Ivoire,,ALCOHOL,Alcohol,,no,,,,,,
