GHO (CODE),GHO (DISPLAY),GHO (URL),PUBLISHSTATE (CODE),PUBLISHSTATE (DISPLAY),PUBLISHSTATE (URL),YEAR (CODE),YEAR (DISPLAY),YEAR (URL),REGION (CODE),REGION (DISPLAY),REGION (URL),COUNTRY (CODE),COUNTRY (DISPLAY),COUNTRY (URL),Display Value,Numeric,Low,High,StdErr,StdDev,Comments
RSUD_52,Methadone used for detoxification or maintenance,https://www.who.int/data/gho/indicator-metadata-registry/imr-details/2546,PUBLISHED,Published,,2008,2008,,EUR,Europe,,ALB,Albania,,Detoxification and maintenance,,,,,,
RSUD_52,Methadone used for detoxification or maintenance,https://www.who.int/data/gho/indicator-metadata-registry/imr-details/2546,PUBLISHED,Published,,2008,2008,,AFR,Africa,,AGO,Angola,,Detoxification and maintenance,,,,,,
RSUD_52,Methadone used for detoxification or maintenance,https://www.who.int/data/gho/indicator-metadata-registry/imr-details/2546,PUBLISHED,Published,,2008,2008,,WPR,Western Pacific,,AUS,Australia,,Detoxification and maintenance,,,,,,
RSUD_52,Methadone used for detoxification or maintenance,https://www.who.int/data/gho/indicator-metadata-registry/imr-details/2546,PUBLISHED,Published,,2008,2008,,EUR,Europe,,AUT,Austria,,Detoxification and maintenance,,,,,,
RSUD_52,Methadone used for detoxification or maintenance,https://www.who.int/data/gho/indicator-metadata-registry/imr-details/2546,PUBLISHED,Published,,2008,2008,,EUR,Europe,,AZE,Azerbaijan,,Maintenance,,,,,,
RSUD_52,Methadone used for detoxification or maintenance,https://www.who.int/data/gho/indicator-metadata-registry/imr-details/2546,PUBLISHED,Published,,2008,2008,,EMR,Eastern Mediterranean,,BHR,Bahrain,,Detoxification,,,,,,
RSUD_52,Methadone used for detoxification or maintenance,https://www.who.int/data/gho/indicator-metadata-registry/imr-details/2546,PUBLISHED,Published,,2008,2008,,EUR,Europe,,BLR,Belarus,,Detoxification and maintenance,,,,,,
RSUD_52,Methadone used for detoxification or maintenance,https://www.who.int/data/gho/indicator-metadata-registry/imr-details/2546,PUBLISHED,Published,,2008,2008,,EUR,Europe,,BEL,Belgium,,Detoxification and maintenance,,,,,,
RSUD_52,Methadone used for detoxification or maintenance,https://www.who.int/data/gho/indicator-metadata-registry/imr-details/2546,PUBLISHED,Published,,2008,2008,,EUR,Europe,,BGR,Bulgaria,,Detoxification and maintenance,,,,,,
RSUD_52,Methadone used for detoxification or maintenance,https://www.who.int/data/gho/indicator-metadata-registry/imr-details/2546,PUBLISHED,Published,,2008,2008,,AMR,Americas,,CAN,Canada,,Detoxification and maintenance,,,,,,
RSUD_52,Methadone used for detoxification or maintenance,https://www.who.int/data/gho/indicator-metadata-registry/imr-details/2546,PUBLISHED,Published,,2008,2008,,WPR,Western Pacific,,CHN,China,,Detoxification and maintenance,,,,,,
RSUD_52,Methadone used for detoxification or maintenance,https://www.who.int/data/gho/indicator-metadata-registry/imr-details/2546,PUBLISHED,Published,,2008,2008,,AMR,Americas,,COL,Colombia,,Detoxification and maintenance,,,,,,
RSUD_52,Methadone used for detoxification or maintenance,https://www.who.int/data/gho/indicator-metadata-registry/imr-details/2546,PUBLISHED,Published,,2008,2008,,EUR,Europe,,HRV,Croatia,,Detoxification and maintenance,,,,,,
RSUD_52,Methadone used for detoxification or maintenance,https://www.who.int/data/gho/indicator-metadata-registry/imr-details/2546,PUBLISHED,Published,,2008,2008,,EUR,Europe,,CYP,Cyprus,,Detoxification,,,,,,
RSUD_52,Methadone used for detoxification or maintenance,https://www.who.int/data/gho/indicator-metadata-registry/imr-details/2546,PUBLISHED,Published,,2008,2008,,EUR,Europe,,DNK,Denmark,,Detoxification and maintenance,,,,,,
RSUD_52,Methadone used for detoxification or maintenance,https://www.who.int/data/gho/indicator-metadata-registry/imr-details/2546,PUBLISHED,Published,,2008,2008,,EUR,Europe,,EST,Estonia,,Detoxification and maintenance,,,,,,
RSUD_52,Methadone used for detoxification or maintenance,https://www.who.int/data/gho/indicator-metadata-registry/imr-details/2546,PUBLISHED,Published,,2008,2008,,EUR,Europe,,FIN,Finland,,Detoxification and maintenance,,,,,,
RSUD_52,Methadone used for detoxification or maintenance,https://www.who.int/data/gho/indicator-metadata-registry/imr-details/2546,PUBLISHED,Published,,2008,2008,,EUR,Europe,,FRA,France,,Detoxification and maintenance,,,,,,
RSUD_52,Methadone used for detoxification or maintenance,https://www.who.int/data/gho/indicator-metadata-registry/imr-details/2546,PUBLISHED,Published,,2008,2008,,AFR,Africa,,GMB,Gambia,,Detoxification and maintenance,,,,,,
RSUD_52,Methadone used for detoxification or maintenance,https://www.who.int/data/gho/indicator-metadata-registry/imr-details/2546,PUBLISHED,Published,,2008,2008,,EUR,Europe,,GEO,Georgia,,Detoxification and maintenance,,,,,,
RSUD_52,Methadone used for detoxification or maintenance,https://www.who.int/data/gho/indicator-metadata-registry/imr-details/2546,PUBLISHED,Published,,2008,2008,,EUR,Europe,,DEU,Germany,,Detoxification and maintenance,,,,,,
RSUD_52,Methadone used for detoxification or maintenance,https://www.who.int/data/gho/indicator-metadata-registry/imr-details/2546,PUBLISHED,Published,,2008,2008,,EUR,Europe,,GRC,Greece,,Detoxification and maintenance,,,,,,
RSUD_52,Methadone used for detoxification or maintenance,https://www.who.int/data/gho/indicator-metadata-registry/imr-details/2546,PUBLISHED,Published,,2008,2008,,EUR,Europe,,HUN,Hungary,,Detoxification and maintenance,,,,,,
RSUD_52,Methadone used for detoxification or maintenance,https://www.who.int/data/gho/indicator-metadata-registry/imr-details/2546,PUBLISHED,Published,,2008,2008,,EUR,Europe,,ISL,Iceland,,Detoxification and maintenance,,,,,,
RSUD_52,Methadone used for detoxification or maintenance,https://www.who.int/data/gho/indicator-metadata-registry/imr-details/2546,PUBLISHED,Published,,2008,2008,,SEAR,South-East Asia,,IDN,Indonesia,,Maintenance,,,,,,
RSUD_52,Methadone used for detoxification or maintenance,https://www.who.int/data/gho/indicator-metadata-registry/imr-details/2546,PUBLISHED,Published,,2008,2008,,EMR,Eastern Mediterranean,,IRN,Iran (Islamic Republic of),,Detoxification and maintenance,,,,,,
RSUD_52,Methadone used for detoxification or maintenance,https://www.who.int/data/gho/indicator-metadata-registry/imr-details/2546,PUBLISHED,Published,,2008,2008,,EUR,Europe,,IRL,Ireland,,Detoxification and maintenance,,,,,,
RSUD_52,Methadone used for detoxification or maintenance,https://www.who.int/data/gho/indicator-metadata-registry/imr-details/2546,PUBLISHED,Published,,2008,2008,,EUR,Europe,,ISR,Israel,,Detoxification and maintenance,,,,,,
RSUD_52,Methadone used for detoxification or maintenance,https://www.who.int/data/gho/indicator-metadata-registry/imr-details/2546,PUBLISHED,Published,,2008,2008,,EUR,Europe,,ITA,Italy,,Detoxification and maintenance,,,,,,
RSUD_52,Methadone used for detoxification or maintenance,https://www.who.int/data/gho/indicator-metadata-registry/imr-details/2546,PUBLISHED,Published,,2008,2008,,EUR,Europe,,KGZ,Kyrgyzstan,,Maintenance,,,,,,
RSUD_52,Methadone used for detoxification or maintenance,https://www.who.int/data/gho/indicator-metadata-registry/imr-details/2546,PUBLISHED,Published,,2008,2008,,EUR,Europe,,LVA,Latvia,,Maintenance,,,,,,
RSUD_52,Methadone used for detoxification or maintenance,https://www.who.int/data/gho/indicator-metadata-registry/imr-details/2546,PUBLISHED,Published,,2008,2008,,EUR,Europe,,LTU,Lithuania,,Detoxification and maintenance,,,,,,
RSUD_52,Methadone used for detoxification or maintenance,https://www.who.int/data/gho/indicator-metadata-registry/imr-details/2546,PUBLISHED,Published,,2008,2008,,EUR,Europe,,LUX,Luxembourg,,Detoxification and maintenance,,,,,,
RSUD_52,Methadone used for detoxification or maintenance,https://www.who.int/data/gho/indicator-metadata-registry/imr-details/2546,PUBLISHED,Published,,2008,2008,,WPR,Western Pacific,,MYS,Malaysia,,Maintenance,,,,,,
RSUD_52,Methadone used for detoxification or maintenance,https://www.who.int/data/gho/indicator-metadata-registry/imr-details/2546,PUBLISHED,Published,,2008,2008,,EUR,Europe,,MLT,Malta,,Detoxification and maintenance,,,,,,
RSUD_52,Methadone used for detoxification or maintenance,https://www.who.int/data/gho/indicator-metadata-registry/imr-details/2546,PUBLISHED,Published,,2008,2008,,AFR,Africa,,MUS,Mauritius,,Maintenance,,,,,,
RSUD_52,Methadone used for detoxification or maintenance,https://www.who.int/data/gho/indicator-metadata-registry/imr-details/2546,PUBLISHED,Published,,2008,2008,,AMR,Americas,,MEX,Mexico,,Detoxification and maintenance,,,,,,
RSUD_52,Methadone used for detoxification or maintenance,https://www.who.int/data/gho/indicator-metadata-registry/imr-details/2546,PUBLISHED,Published,,2008,2008,,SEAR,South-East Asia,,MMR,Myanmar,,Detoxification and maintenance,,,,,,
RSUD_52,Methadone used for detoxification or maintenance,https://www.who.int/data/gho/indicator-metadata-registry/imr-details/2546,PUBLISHED,Published,,2008,2008,,SEAR,South-East Asia,,NPL,Nepal,,Maintenance,,,,,,
RSUD_52,Methadone used for detoxification or maintenance,https://www.who.int/data/gho/indicator-metadata-registry/imr-details/2546,PUBLISHED,Published,,2008,2008,,EUR,Europe,,NLD,Netherlands,,Detoxification and maintenance,,,,,,
RSUD_52,Methadone used for detoxification or maintenance,https://www.who.int/data/gho/indicator-metadata-registry/imr-details/2546,PUBLISHED,Published,,2008,2008,,WPR,Western Pacific,,NZL,New Zealand,,Detoxification and maintenance,,,,,,
RSUD_52,Methadone used for detoxification or maintenance,https://www.who.int/data/gho/indicator-metadata-registry/imr-details/2546,PUBLISHED,Published,,2008,2008,,EUR,Europe,,NOR,Norway,,Detoxification and maintenance,,,,,,
RSUD_52,Methadone used for detoxification or maintenance,https://www.who.int/data/gho/indicator-metadata-registry/imr-details/2546,PUBLISHED,Published,,2008,2008,,EMR,Eastern Mediterranean,,OMN,Oman,,Detoxification,,,,,,
RSUD_52,Methadone used for detoxification or maintenance,https://www.who.int/data/gho/indicator-metadata-registry/imr-details/2546,PUBLISHED,Published,,2008,2008,,EUR,Europe,,POL,Poland,,Detoxification and maintenance,,,,,,
RSUD_52,Methadone used for detoxification or maintenance,https://www.who.int/data/gho/indicator-metadata-registry/imr-details/2546,PUBLISHED,Published,,2008,2008,,EUR,Europe,,MDA,Republic of Moldova,,Detoxification and maintenance,,,,,,
RSUD_52,Methadone used for detoxification or maintenance,https://www.who.int/data/gho/indicator-metadata-registry/imr-details/2546,PUBLISHED,Published,,2008,2008,,EUR,Europe,,SRB,Serbia,,Detoxification and maintenance,,,,,,
RSUD_52,Methadone used for detoxification or maintenance,https://www.who.int/data/gho/indicator-metadata-registry/imr-details/2546,PUBLISHED,Published,,2008,2008,,WPR,Western Pacific,,SGP,Singapore,,Detoxification and maintenance,,,,,,
RSUD_52,Methadone used for detoxification or maintenance,https://www.who.int/data/gho/indicator-metadata-registry/imr-details/2546,PUBLISHED,Published,,2008,2008,,EUR,Europe,,SVK,Slovakia,,Detoxification and maintenance,,,,,,
RSUD_52,Methadone used for detoxification or maintenance,https://www.who.int/data/gho/indicator-metadata-registry/imr-details/2546,PUBLISHED,Published,,2008,2008,,EUR,Europe,,SVN,Slovenia,,Detoxification and maintenance,,,,,,
RSUD_52,Methadone used for detoxification or maintenance,https://www.who.int/data/gho/indicator-metadata-registry/imr-details/2546,PUBLISHED,Published,,2008,2008,,AFR,Africa,,ZAF,South Africa,,Detoxification and maintenance,,,,,,
RSUD_52,Methadone used for detoxification or maintenance,https://www.who.int/data/gho/indicator-metadata-registry/imr-details/2546,PUBLISHED,Published,,2008,2008,,EUR,Europe,,ESP,Spain,,Detoxification and maintenance,,,,,,
RSUD_52,Methadone used for detoxification or maintenance,https://www.who.int/data/gho/indicator-metadata-registry/imr-details/2546,PUBLISHED,Published,,2008,2008,,EUR,Europe,,SWE,Sweden,,Maintenance,,,,,,
RSUD_52,Methadone used for detoxification or maintenance,https://www.who.int/data/gho/indicator-metadata-registry/imr-details/2546,PUBLISHED,Published,,2008,2008,,EUR,Europe,,CHE,Switzerland,,Detoxification and maintenance,,,,,,
RSUD_52,Methadone used for detoxification or maintenance,https://www.who.int/data/gho/indicator-metadata-registry/imr-details/2546,PUBLISHED,Published,,2008,2008,,SEAR,South-East Asia,,THA,Thailand,,Detoxification and maintenance,,,,,,
RSUD_52,Methadone used for detoxification or maintenance,https://www.who.int/data/gho/indicator-metadata-registry/imr-details/2546,PUBLISHED,Published,,2008,2008,,EUR,Europe,,UKR,Ukraine,,Maintenance,,,,,,
RSUD_52,Methadone used for detoxification or maintenance,https://www.who.int/data/gho/indicator-metadata-registry/imr-details/2546,PUBLISHED,Published,,2008,2008,,EUR,Europe,,MNE,Montenegro,,Detoxification and maintenance,,,,,,
RSUD_52,Methadone used for detoxification or maintenance,https://www.who.int/data/gho/indicator-metadata-registry/imr-details/2546,PUBLISHED,Published,,2008,2008,,WPR,Western Pacific,,VNM,Viet Nam,,Maintenance,,,,,,
