GHO (CODE),GHO (DISPLAY),GHO (URL),PUBLISHSTATE (CODE),PUBLISHSTATE (DISPLAY),PUBLISHSTATE (URL),YEAR (CODE),YEAR (DISPLAY),YEAR (URL),REGION (CODE),REGION (DISPLAY),REGION (URL),COUNTRY (CODE),COUNTRY (DISPLAY),COUNTRY (URL),Display Value,Numeric,Low,High,StdErr,StdDev,Comments
RSUD_51,Methadone used for the treatment of opioid dependence,https://www.who.int/data/gho/indicator-metadata-registry/imr-details/2545,PUBLISHED,Published,,2008,2008,,EMR,Eastern Mediterranean,,AFG,Afghanistan,,no,,,,,,
RSUD_51,Methadone used for the treatment of opioid dependence,https://www.who.int/data/gho/indicator-metadata-registry/imr-details/2545,PUBLISHED,Published,,2008,2008,,EUR,Europe,,ALB,Albania,,yes,,,,,,
RSUD_51,Methadone used for the treatment of opioid dependence,https://www.who.int/data/gho/indicator-metadata-registry/imr-details/2545,PUBLISHED,Published,,2008,2008,,AFR,Africa,,DZA,Algeria,,no,,,,,,
RSUD_51,Methadone used for the treatment of opioid dependence,https://www.who.int/data/gho/indicator-metadata-registry/imr-details/2545,PUBLISHED,Published,,2008,2008,,AFR,Africa,,AGO,Angola,,yes,,,,,,
RSUD_51,Methadone used for the treatment of opioid dependence,https://www.who.int/data/gho/indicator-metadata-registry/imr-details/2545,PUBLISHED,Published,,2008,2008,,EUR,Europe,,ARM,Armenia,,no,,,,,,
RSUD_51,Methadone used for the treatment of opioid dependence,https://www.who.int/data/gho/indicator-metadata-registry/imr-details/2545,PUBLISHED,Published,,2008,2008,,WPR,Western Pacific,,AUS,Australia,,yes,,,,,,
RSUD_51,Methadone used for the treatment of opioid dependence,https://www.who.int/data/gho/indicator-metadata-registry/imr-details/2545,PUBLISHED,Published,,2008,2008,,EUR,Europe,,AUT,Austria,,yes,,,,,,
RSUD_51,Methadone used for the treatment of opioid dependence,https://www.who.int/data/gho/indicator-metadata-registry/imr-details/2545,PUBLISHED,Published,,2008,2008,,EUR,Europe,,AZE,Azerbaijan,,yes,,,,,,
RSUD_51,Methadone used for the treatment of opioid dependence,https://www.who.int/data/gho/indicator-metadata-registry/imr-details/2545,PUBLISHED,Published,,2008,2008,,AMR,Americas,,BHS,Bahamas,,yes,,,,,,
RSUD_51,Methadone used for the treatment of opioid dependence,https://www.who.int/data/gho/indicator-metadata-registry/imr-details/2545,PUBLISHED,Published,,2008,2008,,EMR,Eastern Mediterranean,,BHR,Bahrain,,yes,,,,,,
RSUD_51,Methadone used for the treatment of opioid dependence,https://www.who.int/data/gho/indicator-metadata-registry/imr-details/2545,PUBLISHED,Published,,2008,2008,,SEAR,South-East Asia,,BGD,Bangladesh,,no,,,,,,
RSUD_51,Methadone used for the treatment of opioid dependence,https://www.who.int/data/gho/indicator-metadata-registry/imr-details/2545,PUBLISHED,Published,,2008,2008,,EUR,Europe,,BLR,Belarus,,yes,,,,,,
RSUD_51,Methadone used for the treatment of opioid dependence,https://www.who.int/data/gho/indicator-metadata-registry/imr-details/2545,PUBLISHED,Published,,2008,2008,,EUR,Europe,,BEL,Belgium,,yes,,,,,,
RSUD_51,Methadone used for the treatment of opioid dependence,https://www.who.int/data/gho/indicator-metadata-registry/imr-details/2545,PUBLISHED,Published,,2008,2008,,AMR,Americas,,BLZ,Belize,,no,,,,,,
RSUD_51,Methadone used for the treatment of opioid dependence,https://www.who.int/data/gho/indicator-metadata-registry/imr-details/2545,PUBLISHED,Published,,2008,2008,,AFR,Africa,,BEN,Benin,,no,,,,,,
RSUD_51,Methadone used for the treatment of opioid dependence,https://www.who.int/data/gho/indicator-metadata-registry/imr-details/2545,PUBLISHED,Published,,2008,2008,,SEAR,South-East Asia,,BTN,Bhutan,,no,,,,,,
RSUD_51,Methadone used for the treatment of opioid dependence,https://www.who.int/data/gho/indicator-metadata-registry/imr-details/2545,PUBLISHED,Published,,2008,2008,,AFR,Africa,,BWA,Botswana,,no,,,,,,
RSUD_51,Methadone used for the treatment of opioid dependence,https://www.who.int/data/gho/indicator-metadata-registry/imr-details/2545,PUBLISHED,Published,,2008,2008,,WPR,Western Pacific,,BRN,Brunei Darussalam,,no,,,,,,
RSUD_51,Methadone used for the treatment of opioid dependence,https://www.who.int/data/gho/indicator-metadata-registry/imr-details/2545,PUBLISHED,Published,,2008,2008,,EUR,Europe,,BGR,Bulgaria,,yes,,,,,,
RSUD_51,Methadone used for the treatment of opioid dependence,https://www.who.int/data/gho/indicator-metadata-registry/imr-details/2545,PUBLISHED,Published,,2008,2008,,AFR,Africa,,BFA,Burkina Faso,,no,,,,,,
RSUD_51,Methadone used for the treatment of opioid dependence,https://www.who.int/data/gho/indicator-metadata-registry/imr-details/2545,PUBLISHED,Published,,2008,2008,,AFR,Africa,,BDI,Burundi,,no,,,,,,
RSUD_51,Methadone used for the treatment of opioid dependence,https://www.who.int/data/gho/indicator-metadata-registry/imr-details/2545,PUBLISHED,Published,,2008,2008,,AFR,Africa,,CMR,Cameroon,,no,,,,,,
RSUD_51,Methadone used for the treatment of opioid dependence,https://www.who.int/data/gho/indicator-metadata-registry/imr-details/2545,PUBLISHED,Published,,2008,2008,,AMR,Americas,,CAN,Canada,,yes,,,,,,
RSUD_51,Methadone used for the treatment of opioid dependence,https://www.who.int/data/gho/indicator-metadata-registry/imr-details/2545,PUBLISHED,Published,,2008,2008,,AFR,Africa,,CPV,Cabo Verde,,no,,,,,,
RSUD_51,Methadone used for the treatment of opioid dependence,https://www.who.int/data/gho/indicator-metadata-registry/imr-details/2545,PUBLISHED,Published,,2008,2008,,AFR,Africa,,CAF,Central African Republic,,no,,,,,,
RSUD_51,Methadone used for the treatment of opioid dependence,https://www.who.int/data/gho/indicator-metadata-registry/imr-details/2545,PUBLISHED,Published,,2008,2008,,AFR,Africa,,TCD,Chad,,no,,,,,,
RSUD_51,Methadone used for the treatment of opioid dependence,https://www.who.int/data/gho/indicator-metadata-registry/imr-details/2545,PUBLISHED,Published,,2008,2008,,AMR,Americas,,CHL,Chile,,no,,,,,,
RSUD_51,Methadone used for the treatment of opioid dependence,https://www.who.int/data/gho/indicator-metadata-registry/imr-details/2545,PUBLISHED,Published,,2008,2008,,WPR,Western Pacific,,CHN,China,,yes,,,,,,
RSUD_51,Methadone used for the treatment of opioid dependence,https://www.who.int/data/gho/indicator-metadata-registry/imr-details/2545,PUBLISHED,Published,,2008,2008,,AMR,Americas,,COL,Colombia,,yes,,,,,,
RSUD_51,Methadone used for the treatment of opioid dependence,https://www.who.int/data/gho/indicator-metadata-registry/imr-details/2545,PUBLISHED,Published,,2008,2008,,AFR,Africa,,COM,Comoros,,no,,,,,,
RSUD_51,Methadone used for the treatment of opioid dependence,https://www.who.int/data/gho/indicator-metadata-registry/imr-details/2545,PUBLISHED,Published,,2008,2008,,AFR,Africa,,COG,Congo,,no,,,,,,
RSUD_51,Methadone used for the treatment of opioid dependence,https://www.who.int/data/gho/indicator-metadata-registry/imr-details/2545,PUBLISHED,Published,,2008,2008,,AMR,Americas,,CRI,Costa Rica,,no,,,,,,
RSUD_51,Methadone used for the treatment of opioid dependence,https://www.who.int/data/gho/indicator-metadata-registry/imr-details/2545,PUBLISHED,Published,,2008,2008,,EUR,Europe,,HRV,Croatia,,yes,,,,,,
RSUD_51,Methadone used for the treatment of opioid dependence,https://www.who.int/data/gho/indicator-metadata-registry/imr-details/2545,PUBLISHED,Published,,2008,2008,,EUR,Europe,,CYP,Cyprus,,yes,,,,,,
RSUD_51,Methadone used for the treatment of opioid dependence,https://www.who.int/data/gho/indicator-metadata-registry/imr-details/2545,PUBLISHED,Published,,2008,2008,,AFR,Africa,,COD,Democratic Republic of the Congo,,no,,,,,,
RSUD_51,Methadone used for the treatment of opioid dependence,https://www.who.int/data/gho/indicator-metadata-registry/imr-details/2545,PUBLISHED,Published,,2008,2008,,EUR,Europe,,DNK,Denmark,,yes,,,,,,
RSUD_51,Methadone used for the treatment of opioid dependence,https://www.who.int/data/gho/indicator-metadata-registry/imr-details/2545,PUBLISHED,Published,,2008,2008,,AMR,Americas,,DOM,Dominican Republic,,no,,,,,,
RSUD_51,Methadone used for the treatment of opioid dependence,https://www.who.int/data/gho/indicator-metadata-registry/imr-details/2545,PUBLISHED,Published,,2008,2008,,AMR,Americas,,ECU,Ecuador,,no,,,,,,
RSUD_51,Methadone used for the treatment of opioid dependence,https://www.who.int/data/gho/indicator-metadata-registry/imr-details/2545,PUBLISHED,Published,,2008,2008,,EMR,Eastern Mediterranean,,EGY,Egypt,,no,,,,,,
RSUD_51,Methadone used for the treatment of opioid dependence,https://www.who.int/data/gho/indicator-metadata-registry/imr-details/2545,PUBLISHED,Published,,2008,2008,,AMR,Americas,,SLV,El Salvador,,no,,,,,,
RSUD_51,Methadone used for the treatment of opioid dependence,https://www.who.int/data/gho/indicator-metadata-registry/imr-details/2545,PUBLISHED,Published,,2008,2008,,AFR,Africa,,GNQ,Equatorial Guinea,,no,,,,,,
RSUD_51,Methadone used for the treatment of opioid dependence,https://www.who.int/data/gho/indicator-metadata-registry/imr-details/2545,PUBLISHED,Published,,2008,2008,,AFR,Africa,,ERI,Eritrea,,no,,,,,,
RSUD_51,Methadone used for the treatment of opioid dependence,https://www.who.int/data/gho/indicator-metadata-registry/imr-details/2545,PUBLISHED,Published,,2008,2008,,EUR,Europe,,EST,Estonia,,yes,,,,,,
RSUD_51,Methadone used for the treatment of opioid dependence,https://www.who.int/data/gho/indicator-metadata-registry/imr-details/2545,PUBLISHED,Published,,2008,2008,,AFR,Africa,,ETH,Ethiopia,,no,,,,,,
RSUD_51,Methadone used for the treatment of opioid dependence,https://www.who.int/data/gho/indicator-metadata-registry/imr-details/2545,PUBLISHED,Published,,2008,2008,,WPR,Western Pacific,,FJI,Fiji,,no,,,,,,
RSUD_51,Methadone used for the treatment of opioid dependence,https://www.who.int/data/gho/indicator-metadata-registry/imr-details/2545,PUBLISHED,Published,,2008,2008,,EUR,Europe,,FIN,Finland,,yes,,,,,,
RSUD_51,Methadone used for the treatment of opioid dependence,https://www.who.int/data/gho/indicator-metadata-registry/imr-details/2545,PUBLISHED,Published,,2008,2008,,EUR,Europe,,FRA,France,,yes,,,,,,
RSUD_51,Methadone used for the treatment of opioid dependence,https://www.who.int/data/gho/indicator-metadata-registry/imr-details/2545,PUBLISHED,Published,,2008,2008,,AFR,Africa,,GAB,Gabon,,no,,,,,,
RSUD_51,Methadone used for the treatment of opioid dependence,https://www.who.int/data/gho/indicator-metadata-registry/imr-details/2545,PUBLISHED,Published,,2008,2008,,AFR,Africa,,GMB,Gambia,,yes,,,,,,
RSUD_51,Methadone used for the treatment of opioid dependence,https://www.who.int/data/gho/indicator-metadata-registry/imr-details/2545,PUBLISHED,Published,,2008,2008,,EUR,Europe,,GEO,Georgia,,yes,,,,,,
RSUD_51,Methadone used for the treatment of opioid dependence,https://www.who.int/data/gho/indicator-metadata-registry/imr-details/2545,PUBLISHED,Published,,2008,2008,,EUR,Europe,,DEU,Germany,,yes,,,,,,
RSUD_51,Methadone used for the treatment of opioid dependence,https://www.who.int/data/gho/indicator-metadata-registry/imr-details/2545,PUBLISHED,Published,,2008,2008,,AFR,Africa,,GHA,Ghana,,no,,,,,,
RSUD_51,Methadone used for the treatment of opioid dependence,https://www.who.int/data/gho/indicator-metadata-registry/imr-details/2545,PUBLISHED,Published,,2008,2008,,EUR,Europe,,GRC,Greece,,yes,,,,,,
RSUD_51,Methadone used for the treatment of opioid dependence,https://www.who.int/data/gho/indicator-metadata-registry/imr-details/2545,PUBLISHED,Published,,2008,2008,,AMR,Americas,,GTM,Guatemala,,no,,,,,,
RSUD_51,Methadone used for the treatment of opioid dependence,https://www.who.int/data/gho/indicator-metadata-registry/imr-details/2545,PUBLISHED,Published,,2008,2008,,AFR,Africa,,GIN,Guinea,,no,,,,,,
RSUD_51,Methadone used for the treatment of opioid dependence,https://www.who.int/data/gho/indicator-metadata-registry/imr-details/2545,PUBLISHED,Published,,2008,2008,,AMR,Americas,,HND,Honduras,,no,,,,,,
RSUD_51,Methadone used for the treatment of opioid dependence,https://www.who.int/data/gho/indicator-metadata-registry/imr-details/2545,PUBLISHED,Published,,2008,2008,,EUR,Europe,,HUN,Hungary,,yes,,,,,,
RSUD_51,Methadone used for the treatment of opioid dependence,https://www.who.int/data/gho/indicator-metadata-registry/imr-details/2545,PUBLISHED,Published,,2008,2008,,EUR,Europe,,ISL,Iceland,,yes,,,,,,
RSUD_51,Methadone used for the treatment of opioid dependence,https://www.who.int/data/gho/indicator-metadata-registry/imr-details/2545,PUBLISHED,Published,,2008,2008,,SEAR,South-East Asia,,IND,India,,no,,,,,,
RSUD_51,Methadone used for the treatment of opioid dependence,https://www.who.int/data/gho/indicator-metadata-registry/imr-details/2545,PUBLISHED,Published,,2008,2008,,SEAR,South-East Asia,,IDN,Indonesia,,yes,,,,,,
RSUD_51,Methadone used for the treatment of opioid dependence,https://www.who.int/data/gho/indicator-metadata-registry/imr-details/2545,PUBLISHED,Published,,2008,2008,,EMR,Eastern Mediterranean,,IRN,Iran (Islamic Republic of),,yes,,,,,,
RSUD_51,Methadone used for the treatment of opioid dependence,https://www.who.int/data/gho/indicator-metadata-registry/imr-details/2545,PUBLISHED,Published,,2008,2008,,EMR,Eastern Mediterranean,,IRQ,Iraq,,no,,,,,,
RSUD_51,Methadone used for the treatment of opioid dependence,https://www.who.int/data/gho/indicator-metadata-registry/imr-details/2545,PUBLISHED,Published,,2008,2008,,EUR,Europe,,IRL,Ireland,,yes,,,,,,
RSUD_51,Methadone used for the treatment of opioid dependence,https://www.who.int/data/gho/indicator-metadata-registry/imr-details/2545,PUBLISHED,Published,,2008,2008,,EUR,Europe,,ISR,Israel,,yes,,,,,,
RSUD_51,Methadone used for the treatment of opioid dependence,https://www.who.int/data/gho/indicator-metadata-registry/imr-details/2545,PUBLISHED,Published,,2008,2008,,EUR,Europe,,ITA,Italy,,yes,,,,,,
RSUD_51,Methadone used for the treatment of opioid dependence,https://www.who.int/data/gho/indicator-metadata-registry/imr-details/2545,PUBLISHED,Published,,2008,2008,,AMR,Americas,,JAM,Jamaica,,no,,,,,,
RSUD_51,Methadone used for the treatment of opioid dependence,https://www.who.int/data/gho/indicator-metadata-registry/imr-details/2545,PUBLISHED,Published,,2008,2008,,WPR,Western Pacific,,JPN,Japan,,no,,,,,,
RSUD_51,Methadone used for the treatment of opioid dependence,https://www.who.int/data/gho/indicator-metadata-registry/imr-details/2545,PUBLISHED,Published,,2008,2008,,EMR,Eastern Mediterranean,,JOR,Jordan,,no,,,,,,
RSUD_51,Methadone used for the treatment of opioid dependence,https://www.who.int/data/gho/indicator-metadata-registry/imr-details/2545,PUBLISHED,Published,,2008,2008,,EUR,Europe,,KGZ,Kyrgyzstan,,yes,,,,,,
RSUD_51,Methadone used for the treatment of opioid dependence,https://www.who.int/data/gho/indicator-metadata-registry/imr-details/2545,PUBLISHED,Published,,2008,2008,,WPR,Western Pacific,,LAO,Lao People's Democratic Republic,,no,,,,,,
RSUD_51,Methadone used for the treatment of opioid dependence,https://www.who.int/data/gho/indicator-metadata-registry/imr-details/2545,PUBLISHED,Published,,2008,2008,,EUR,Europe,,LVA,Latvia,,yes,,,,,,
RSUD_51,Methadone used for the treatment of opioid dependence,https://www.who.int/data/gho/indicator-metadata-registry/imr-details/2545,PUBLISHED,Published,,2008,2008,,AFR,Africa,,LSO,Lesotho,,no,,,,,,
RSUD_51,Methadone used for the treatment of opioid dependence,https://www.who.int/data/gho/indicator-metadata-registry/imr-details/2545,PUBLISHED,Published,,2008,2008,,AFR,Africa,,LBR,Liberia,,no,,,,,,
RSUD_51,Methadone used for the treatment of opioid dependence,https://www.who.int/data/gho/indicator-metadata-registry/imr-details/2545,PUBLISHED,Published,,2008,2008,,EUR,Europe,,LTU,Lithuania,,yes,,,,,,
RSUD_51,Methadone used for the treatment of opioid dependence,https://www.who.int/data/gho/indicator-metadata-registry/imr-details/2545,PUBLISHED,Published,,2008,2008,,EUR,Europe,,LUX,Luxembourg,,yes,,,,,,
RSUD_51,Methadone used for the treatment of opioid dependence,https://www.who.int/data/gho/indicator-metadata-registry/imr-details/2545,PUBLISHED,Published,,2008,2008,,AFR,Africa,,MDG,Madagascar,,no,,,,,,
RSUD_51,Methadone used for the treatment of opioid dependence,https://www.who.int/data/gho/indicator-metadata-registry/imr-details/2545,PUBLISHED,Published,,2008,2008,,AFR,Africa,,MWI,Malawi,,no,,,,,,
RSUD_51,Methadone used for the treatment of opioid dependence,https://www.who.int/data/gho/indicator-metadata-registry/imr-details/2545,PUBLISHED,Published,,2008,2008,,WPR,Western Pacific,,MYS,Malaysia,,yes,,,,,,
RSUD_51,Methadone used for the treatment of opioid dependence,https://www.who.int/data/gho/indicator-metadata-registry/imr-details/2545,PUBLISHED,Published,,2008,2008,,SEAR,South-East Asia,,MDV,Maldives,,no,,,,,,
RSUD_51,Methadone used for the treatment of opioid dependence,https://www.who.int/data/gho/indicator-metadata-registry/imr-details/2545,PUBLISHED,Published,,2008,2008,,AFR,Africa,,MLI,Mali,,no,,,,,,
RSUD_51,Methadone used for the treatment of opioid dependence,https://www.who.int/data/gho/indicator-metadata-registry/imr-details/2545,PUBLISHED,Published,,2008,2008,,EUR,Europe,,MLT,Malta,,yes,,,,,,
RSUD_51,Methadone used for the treatment of opioid dependence,https://www.who.int/data/gho/indicator-metadata-registry/imr-details/2545,PUBLISHED,Published,,2008,2008,,AFR,Africa,,MRT,Mauritania,,no,,,,,,
RSUD_51,Methadone used for the treatment of opioid dependence,https://www.who.int/data/gho/indicator-metadata-registry/imr-details/2545,PUBLISHED,Published,,2008,2008,,AFR,Africa,,MUS,Mauritius,,yes,,,,,,
RSUD_51,Methadone used for the treatment of opioid dependence,https://www.who.int/data/gho/indicator-metadata-registry/imr-details/2545,PUBLISHED,Published,,2008,2008,,AMR,Americas,,MEX,Mexico,,yes,,,,,,
RSUD_51,Methadone used for the treatment of opioid dependence,https://www.who.int/data/gho/indicator-metadata-registry/imr-details/2545,PUBLISHED,Published,,2008,2008,,WPR,Western Pacific,,MNG,Mongolia,,no,,,,,,
RSUD_51,Methadone used for the treatment of opioid dependence,https://www.who.int/data/gho/indicator-metadata-registry/imr-details/2545,PUBLISHED,Published,,2008,2008,,EMR,Eastern Mediterranean,,MAR,Morocco,,no,,,,,,
RSUD_51,Methadone used for the treatment of opioid dependence,https://www.who.int/data/gho/indicator-metadata-registry/imr-details/2545,PUBLISHED,Published,,2008,2008,,AFR,Africa,,MOZ,Mozambique,,no,,,,,,
RSUD_51,Methadone used for the treatment of opioid dependence,https://www.who.int/data/gho/indicator-metadata-registry/imr-details/2545,PUBLISHED,Published,,2008,2008,,SEAR,South-East Asia,,MMR,Myanmar,,yes,,,,,,
RSUD_51,Methadone used for the treatment of opioid dependence,https://www.who.int/data/gho/indicator-metadata-registry/imr-details/2545,PUBLISHED,Published,,2008,2008,,AFR,Africa,,NAM,Namibia,,no,,,,,,
RSUD_51,Methadone used for the treatment of opioid dependence,https://www.who.int/data/gho/indicator-metadata-registry/imr-details/2545,PUBLISHED,Published,,2008,2008,,SEAR,South-East Asia,,NPL,Nepal,,yes,,,,,,
RSUD_51,Methadone used for the treatment of opioid dependence,https://www.who.int/data/gho/indicator-metadata-registry/imr-details/2545,PUBLISHED,Published,,2008,2008,,EUR,Europe,,NLD,Netherlands,,yes,,,,,,
RSUD_51,Methadone used for the treatment of opioid dependence,https://www.who.int/data/gho/indicator-metadata-registry/imr-details/2545,PUBLISHED,Published,,2008,2008,,WPR,Western Pacific,,NZL,New Zealand,,yes,,,,,,
RSUD_51,Methadone used for the treatment of opioid dependence,https://www.who.int/data/gho/indicator-metadata-registry/imr-details/2545,PUBLISHED,Published,,2008,2008,,AMR,Americas,,NIC,Nicaragua,,no,,,,,,
RSUD_51,Methadone used for the treatment of opioid dependence,https://www.who.int/data/gho/indicator-metadata-registry/imr-details/2545,PUBLISHED,Published,,2008,2008,,AFR,Africa,,NER,Niger,,no,,,,,,
RSUD_51,Methadone used for the treatment of opioid dependence,https://www.who.int/data/gho/indicator-metadata-registry/imr-details/2545,PUBLISHED,Published,,2008,2008,,AFR,Africa,,NGA,Nigeria,,no,,,,,,
RSUD_51,Methadone used for the treatment of opioid dependence,https://www.who.int/data/gho/indicator-metadata-registry/imr-details/2545,PUBLISHED,Published,,2008,2008,,EUR,Europe,,NOR,Norway,,yes,,,,,,
RSUD_51,Methadone used for the treatment of opioid dependence,https://www.who.int/data/gho/indicator-metadata-registry/imr-details/2545,PUBLISHED,Published,,2008,2008,,EMR,Eastern Mediterranean,,OMN,Oman,,yes,,,,,,
RSUD_51,Methadone used for the treatment of opioid dependence,https://www.who.int/data/gho/indicator-metadata-registry/imr-details/2545,PUBLISHED,Published,,2008,2008,,EMR,Eastern Mediterranean,,PAK,Pakistan,,no,,,,,,
RSUD_51,Methadone used for the treatment of opioid dependence,https://www.who.int/data/gho/indicator-metadata-registry/imr-details/2545,PUBLISHED,Published,,2008,2008,,WPR,Western Pacific,,PLW,Palau,,no,,,,,,
RSUD_51,Methadone used for the treatment of opioid dependence,https://www.who.int/data/gho/indicator-metadata-registry/imr-details/2545,PUBLISHED,Published,,2008,2008,,AMR,Americas,,PAN,Panama,,no,,,,,,
RSUD_51,Methadone used for the treatment of opioid dependence,https://www.who.int/data/gho/indicator-metadata-registry/imr-details/2545,PUBLISHED,Published,,2008,2008,,WPR,Western Pacific,,PNG,Papua New Guinea,,no,,,,,,
RSUD_51,Methadone used for the treatment of opioid dependence,https://www.who.int/data/gho/indicator-metadata-registry/imr-details/2545,PUBLISHED,Published,,2008,2008,,AMR,Americas,,PRY,Paraguay,,no,,,,,,
RSUD_51,Methadone used for the treatment of opioid dependence,https://www.who.int/data/gho/indicator-metadata-registry/imr-details/2545,PUBLISHED,Published,,2008,2008,,WPR,Western Pacific,,PHL,Philippines,,no,,,,,,
RSUD_51,Methadone used for the treatment of opioid dependence,https://www.who.int/data/gho/indicator-metadata-registry/imr-details/2545,PUBLISHED,Published,,2008,2008,,EUR,Europe,,POL,Poland,,yes,,,,,,
RSUD_51,Methadone used for the treatment of opioid dependence,https://www.who.int/data/gho/indicator-metadata-registry/imr-details/2545,PUBLISHED,Published,,2008,2008,,WPR,Western Pacific,,KOR,Republic of Korea,,no,,,,,,
RSUD_51,Methadone used for the treatment of opioid dependence,https://www.who.int/data/gho/indicator-metadata-registry/imr-details/2545,PUBLISHED,Published,,2008,2008,,EUR,Europe,,MDA,Republic of Moldova,,yes,,,,,,
RSUD_51,Methadone used for the treatment of opioid dependence,https://www.who.int/data/gho/indicator-metadata-registry/imr-details/2545,PUBLISHED,Published,,2008,2008,,EUR,Europe,,RUS,Russian Federation,,no,,,,,,
RSUD_51,Methadone used for the treatment of opioid dependence,https://www.who.int/data/gho/indicator-metadata-registry/imr-details/2545,PUBLISHED,Published,,2008,2008,,AFR,Africa,,RWA,Rwanda,,no,,,,,,
RSUD_51,Methadone used for the treatment of opioid dependence,https://www.who.int/data/gho/indicator-metadata-registry/imr-details/2545,PUBLISHED,Published,,2008,2008,,EUR,Europe,,SMR,San Marino,,yes,,,,,,
RSUD_51,Methadone used for the treatment of opioid dependence,https://www.who.int/data/gho/indicator-metadata-registry/imr-details/2545,PUBLISHED,Published,,2008,2008,,AFR,Africa,,STP,Sao Tome and Principe,,no,,,,,,
RSUD_51,Methadone used for the treatment of opioid dependence,https://www.who.int/data/gho/indicator-metadata-registry/imr-details/2545,PUBLISHED,Published,,2008,2008,,EMR,Eastern Mediterranean,,SAU,Saudi Arabia,,no,,,,,,
RSUD_51,Methadone used for the treatment of opioid dependence,https://www.who.int/data/gho/indicator-metadata-registry/imr-details/2545,PUBLISHED,Published,,2008,2008,,AFR,Africa,,SEN,Senegal,,no,,,,,,
RSUD_51,Methadone used for the treatment of opioid dependence,https://www.who.int/data/gho/indicator-metadata-registry/imr-details/2545,PUBLISHED,Published,,2008,2008,,EUR,Europe,,SRB,Serbia,,yes,,,,,,
RSUD_51,Methadone used for the treatment of opioid dependence,https://www.who.int/data/gho/indicator-metadata-registry/imr-details/2545,PUBLISHED,Published,,2008,2008,,AFR,Africa,,SYC,Seychelles,,no,,,,,,
RSUD_51,Methadone used for the treatment of opioid dependence,https://www.who.int/data/gho/indicator-metadata-registry/imr-details/2545,PUBLISHED,Published,,2008,2008,,AFR,Africa,,SLE,Sierra Leone,,no,,,,,,
RSUD_51,Methadone used for the treatment of opioid dependence,https://www.who.int/data/gho/indicator-metadata-registry/imr-details/2545,PUBLISHED,Published,,2008,2008,,WPR,Western Pacific,,SGP,Singapore,,yes,,,,,,
RSUD_51,Methadone used for the treatment of opioid dependence,https://www.who.int/data/gho/indicator-metadata-registry/imr-details/2545,PUBLISHED,Published,,2008,2008,,EUR,Europe,,SVK,Slovakia,,yes,,,,,,
RSUD_51,Methadone used for the treatment of opioid dependence,https://www.who.int/data/gho/indicator-metadata-registry/imr-details/2545,PUBLISHED,Published,,2008,2008,,EUR,Europe,,SVN,Slovenia,,yes,,,,,,
RSUD_51,Methadone used for the treatment of opioid dependence,https://www.who.int/data/gho/indicator-metadata-registry/imr-details/2545,PUBLISHED,Published,,2008,2008,,AFR,Africa,,ZAF,South Africa,,yes,,,,,,
RSUD_51,Methadone used for the treatment of opioid dependence,https://www.who.int/data/gho/indicator-metadata-registry/imr-details/2545,PUBLISHED,Published,,2008,2008,,EUR,Europe,,ESP,Spain,,yes,,,,,,
RSUD_51,Methadone used for the treatment of opioid dependence,https://www.who.int/data/gho/indicator-metadata-registry/imr-details/2545,PUBLISHED,Published,,2008,2008,,SEAR,South-East Asia,,LKA,Sri Lanka,,no,,,,,,
RSUD_51,Methadone used for the treatment of opioid dependence,https://www.who.int/data/gho/indicator-metadata-registry/imr-details/2545,PUBLISHED,Published,,2008,2008,,EMR,Eastern Mediterranean,,SDN,Sudan,,no,,,,,,
RSUD_51,Methadone used for the treatment of opioid dependence,https://www.who.int/data/gho/indicator-metadata-registry/imr-details/2545,PUBLISHED,Published,,2008,2008,,AMR,Americas,,SUR,Suriname,,no,,,,,,
RSUD_51,Methadone used for the treatment of opioid dependence,https://www.who.int/data/gho/indicator-metadata-registry/imr-details/2545,PUBLISHED,Published,,2008,2008,,AFR,Africa,,SWZ,Eswatini,,no,,,,,,
RSUD_51,Methadone used for the treatment of opioid dependence,https://www.who.int/data/gho/indicator-metadata-registry/imr-details/2545,PUBLISHED,Published,,2008,2008,,EUR,Europe,,SWE,Sweden,,yes,,,,,,
RSUD_51,Methadone used for the treatment of opioid dependence,https://www.who.int/data/gho/indicator-metadata-registry/imr-details/2545,PUBLISHED,Published,,2008,2008,,EUR,Europe,,CHE,Switzerland,,yes,,,,,,
RSUD_51,Methadone used for the treatment of opioid dependence,https://www.who.int/data/gho/indicator-metadata-registry/imr-details/2545,PUBLISHED,Published,,2008,2008,,EMR,Eastern Mediterranean,,SYR,Syrian Arab Republic,,no,,,,,,
RSUD_51,Methadone used for the treatment of opioid dependence,https://www.who.int/data/gho/indicator-metadata-registry/imr-details/2545,PUBLISHED,Published,,2008,2008,,EUR,Europe,,TJK,Tajikistan,,no,,,,,,
RSUD_51,Methadone used for the treatment of opioid dependence,https://www.who.int/data/gho/indicator-metadata-registry/imr-details/2545,PUBLISHED,Published,,2008,2008,,SEAR,South-East Asia,,THA,Thailand,,yes,,,,,,
RSUD_51,Methadone used for the treatment of opioid dependence,https://www.who.int/data/gho/indicator-metadata-registry/imr-details/2545,PUBLISHED,Published,,2008,2008,,SEAR,South-East Asia,,TLS,Timor-Leste,,no,,,,,,
RSUD_51,Methadone used for the treatment of opioid dependence,https://www.who.int/data/gho/indicator-metadata-registry/imr-details/2545,PUBLISHED,Published,,2008,2008,,AFR,Africa,,TGO,Togo,,no,,,,,,
RSUD_51,Methadone used for the treatment of opioid dependence,https://www.who.int/data/gho/indicator-metadata-registry/imr-details/2545,PUBLISHED,Published,,2008,2008,,EMR,Eastern Mediterranean,,TUN,Tunisia,,no,,,,,,
RSUD_51,Methadone used for the treatment of opioid dependence,https://www.who.int/data/gho/indicator-metadata-registry/imr-details/2545,PUBLISHED,Published,,2008,2008,,EUR,Europe,,TUR,Turkey,,no,,,,,,
RSUD_51,Methadone used for the treatment of opioid dependence,https://www.who.int/data/gho/indicator-metadata-registry/imr-details/2545,PUBLISHED,Published,,2008,2008,,AFR,Africa,,UGA,Uganda,,no,,,,,,
RSUD_51,Methadone used for the treatment of opioid dependence,https://www.who.int/data/gho/indicator-metadata-registry/imr-details/2545,PUBLISHED,Published,,2008,2008,,EUR,Europe,,UKR,Ukraine,,yes,,,,,,
RSUD_51,Methadone used for the treatment of opioid dependence,https://www.who.int/data/gho/indicator-metadata-registry/imr-details/2545,PUBLISHED,Published,,2008,2008,,AMR,Americas,,URY,Uruguay,,no,,,,,,
RSUD_51,Methadone used for the treatment of opioid dependence,https://www.who.int/data/gho/indicator-metadata-registry/imr-details/2545,PUBLISHED,Published,,2008,2008,,EUR,Europe,,UZB,Uzbekistan,,no,,,,,,
RSUD_51,Methadone used for the treatment of opioid dependence,https://www.who.int/data/gho/indicator-metadata-registry/imr-details/2545,PUBLISHED,Published,,2008,2008,,AMR,Americas,,VEN,Venezuela (Bolivarian Republic of),,no,,,,,,
RSUD_51,Methadone used for the treatment of opioid dependence,https://www.who.int/data/gho/indicator-metadata-registry/imr-details/2545,PUBLISHED,Published,,2008,2008,,AFR,Africa,,ZMB,Zambia,,no,,,,,,
RSUD_51,Methadone used for the treatment of opioid dependence,https://www.who.int/data/gho/indicator-metadata-registry/imr-details/2545,PUBLISHED,Published,,2008,2008,,AFR,Africa,,ZWE,Zimbabwe,,no,,,,,,
RSUD_51,Methadone used for the treatment of opioid dependence,https://www.who.int/data/gho/indicator-metadata-registry/imr-details/2545,PUBLISHED,Published,,2008,2008,,EUR,Europe,,MNE,Montenegro,,yes,,,,,,
RSUD_51,Methadone used for the treatment of opioid dependence,https://www.who.int/data/gho/indicator-metadata-registry/imr-details/2545,PUBLISHED,Published,,2008,2008,,AFR,Africa,,CIV,Côte d'Ivoire,,no,,,,,,
RSUD_51,Methadone used for the treatment of opioid dependence,https://www.who.int/data/gho/indicator-metadata-registry/imr-details/2545,PUBLISHED,Published,,2008,2008,,WPR,Western Pacific,,VNM,Viet Nam,,yes,,,,,,
