GHO (CODE),GHO (DISPLAY),GHO (URL),PUBLISHSTATE (CODE),PUBLISHSTATE (DISPLAY),PUBLISHSTATE (URL),YEAR (CODE),YEAR (DISPLAY),YEAR (URL),REGION (CODE),REGION (DISPLAY),REGION (URL),COUNTRY (CODE),COUNTRY (DISPLAY),COUNTRY (URL),SUBSTANCETYPEDISORDER (CODE),SUBSTANCETYPEDISORDER (DISPLAY),SUBSTANCETYPEDISORDER (URL),Display Value,Numeric,Low,High,StdErr,StdDev,Comments
RSUD_47,"Length of stay for inpatient short-term treatment, days",https://www.who.int/data/gho/indicator-metadata-registry/imr-details/2541,PUBLISHED,Published,,2008,2008,,EUR,Europe,,ALB,Albania,,ALCOHOL_USE_DISORDERS,Alcohol use disorders,,14,14.0,,,,,
RSUD_47,"Length of stay for inpatient short-term treatment, days",https://www.who.int/data/gho/indicator-metadata-registry/imr-details/2541,PUBLISHED,Published,,2008,2008,,AMR,Americas,,BHS,Bahamas,,DRUG_USE_DISORDERS,Drug use disorders,,90      ,90.0,,,,,
RSUD_47,"Length of stay for inpatient short-term treatment, days",https://www.who.int/data/gho/indicator-metadata-registry/imr-details/2541,PUBLISHED,Published,,2008,2008,,EMR,Eastern Mediterranean,,BHR,Bahrain,,DRUG_USE_DISORDERS,Drug use disorders,,60      ,60.0,,,,,
RSUD_47,"Length of stay for inpatient short-term treatment, days",https://www.who.int/data/gho/indicator-metadata-registry/imr-details/2541,PUBLISHED,Published,,2008,2008,,EMR,Eastern Mediterranean,,BHR,Bahrain,,ALCOHOL_USE_DISORDERS,Alcohol use disorders,,30      ,30.0,,,,,
RSUD_47,"Length of stay for inpatient short-term treatment, days",https://www.who.int/data/gho/indicator-metadata-registry/imr-details/2541,PUBLISHED,Published,,2008,2008,,SEAR,South-East Asia,,BGD,Bangladesh,,ALCOHOL_USE_DISORDERS,Alcohol use disorders,,45      ,45.0,,,,,
RSUD_47,"Length of stay for inpatient short-term treatment, days",https://www.who.int/data/gho/indicator-metadata-registry/imr-details/2541,PUBLISHED,Published,,2008,2008,,EUR,Europe,,BLR,Belarus,,DRUG_USE_DISORDERS,Drug use disorders,,28      ,28.0,,,,,
RSUD_47,"Length of stay for inpatient short-term treatment, days",https://www.who.int/data/gho/indicator-metadata-registry/imr-details/2541,PUBLISHED,Published,,2008,2008,,AFR,Africa,,BWA,Botswana,,DRUG_USE_DISORDERS,Drug use disorders,,28      ,28.0,,,,,
RSUD_47,"Length of stay for inpatient short-term treatment, days",https://www.who.int/data/gho/indicator-metadata-registry/imr-details/2541,PUBLISHED,Published,,2008,2008,,AFR,Africa,,BWA,Botswana,,ALCOHOL_USE_DISORDERS,Alcohol use disorders,,28      ,28.0,,,,,
RSUD_47,"Length of stay for inpatient short-term treatment, days",https://www.who.int/data/gho/indicator-metadata-registry/imr-details/2541,PUBLISHED,Published,,2008,2008,,AFR,Africa,,BDI,Burundi,,ALCOHOL_USE_DISORDERS,Alcohol use disorders,,21      ,21.0,,,,,
RSUD_47,"Length of stay for inpatient short-term treatment, days",https://www.who.int/data/gho/indicator-metadata-registry/imr-details/2541,PUBLISHED,Published,,2008,2008,,AFR,Africa,,CAF,Central African Republic,,ALCOHOL_USE_DISORDERS,Alcohol use disorders,,13,13.0,,,,,
RSUD_47,"Length of stay for inpatient short-term treatment, days",https://www.who.int/data/gho/indicator-metadata-registry/imr-details/2541,PUBLISHED,Published,,2008,2008,,WPR,Western Pacific,,CHN,China,,DRUG_USE_DISORDERS,Drug use disorders,,30      ,30.0,,,,,
RSUD_47,"Length of stay for inpatient short-term treatment, days",https://www.who.int/data/gho/indicator-metadata-registry/imr-details/2541,PUBLISHED,Published,,2008,2008,,AFR,Africa,,COM,Comoros,,ALCOHOL_USE_DISORDERS,Alcohol use disorders,,7       ,,,,,,
RSUD_47,"Length of stay for inpatient short-term treatment, days",https://www.who.int/data/gho/indicator-metadata-registry/imr-details/2541,PUBLISHED,Published,,2008,2008,,AFR,Africa,,COG,Congo,,DRUG_USE_DISORDERS,Drug use disorders,,90      ,90.0,,,,,
RSUD_47,"Length of stay for inpatient short-term treatment, days",https://www.who.int/data/gho/indicator-metadata-registry/imr-details/2541,PUBLISHED,Published,,2008,2008,,EMR,Eastern Mediterranean,,EGY,Egypt,,DRUG_USE_DISORDERS,Drug use disorders,,14-30,,,,,,
RSUD_47,"Length of stay for inpatient short-term treatment, days",https://www.who.int/data/gho/indicator-metadata-registry/imr-details/2541,PUBLISHED,Published,,2008,2008,,AMR,Americas,,SLV,El Salvador,,ALCOHOL_USE_DISORDERS,Alcohol use disorders,,21      ,21.0,,,,,
RSUD_47,"Length of stay for inpatient short-term treatment, days",https://www.who.int/data/gho/indicator-metadata-registry/imr-details/2541,PUBLISHED,Published,,2008,2008,,AFR,Africa,,ERI,Eritrea,,DRUG_USE_DISORDERS,Drug use disorders,,65      ,65.0,,,,,
RSUD_47,"Length of stay for inpatient short-term treatment, days",https://www.who.int/data/gho/indicator-metadata-registry/imr-details/2541,PUBLISHED,Published,,2008,2008,,EUR,Europe,,FRA,France,,DRUG_USE_DISORDERS,Drug use disorders,,7-10    ,,,,,,
RSUD_47,"Length of stay for inpatient short-term treatment, days",https://www.who.int/data/gho/indicator-metadata-registry/imr-details/2541,PUBLISHED,Published,,2008,2008,,AFR,Africa,,GHA,Ghana,,ALCOHOL_USE_DISORDERS,Alcohol use disorders,,28      ,28.0,,,,,
RSUD_47,"Length of stay for inpatient short-term treatment, days",https://www.who.int/data/gho/indicator-metadata-registry/imr-details/2541,PUBLISHED,Published,,2008,2008,,SEAR,South-East Asia,,IND,India,,ALCOHOL_USE_DISORDERS,Alcohol use disorders,,14,14.0,,,,,
RSUD_47,"Length of stay for inpatient short-term treatment, days",https://www.who.int/data/gho/indicator-metadata-registry/imr-details/2541,PUBLISHED,Published,,2008,2008,,EUR,Europe,,ISR,Israel,,ALCOHOL_USE_DISORDERS,Alcohol use disorders,,120     ,120.0,,,,,
RSUD_47,"Length of stay for inpatient short-term treatment, days",https://www.who.int/data/gho/indicator-metadata-registry/imr-details/2541,PUBLISHED,Published,,2008,2008,,EMR,Eastern Mediterranean,,JOR,Jordan,,DRUG_USE_DISORDERS,Drug use disorders,,42      ,42.0,,,,,
RSUD_47,"Length of stay for inpatient short-term treatment, days",https://www.who.int/data/gho/indicator-metadata-registry/imr-details/2541,PUBLISHED,Published,,2008,2008,,EUR,Europe,,LUX,Luxembourg,,DRUG_USE_DISORDERS,Drug use disorders,,2-5     ,,,,,,
RSUD_47,"Length of stay for inpatient short-term treatment, days",https://www.who.int/data/gho/indicator-metadata-registry/imr-details/2541,PUBLISHED,Published,,2008,2008,,AFR,Africa,,MDG,Madagascar,,ALCOHOL_USE_DISORDERS,Alcohol use disorders,,30-60,,,,,,
RSUD_47,"Length of stay for inpatient short-term treatment, days",https://www.who.int/data/gho/indicator-metadata-registry/imr-details/2541,PUBLISHED,Published,,2008,2008,,AFR,Africa,,MLI,Mali,,DRUG_USE_DISORDERS,Drug use disorders,,21-45    ,,,,,,
RSUD_47,"Length of stay for inpatient short-term treatment, days",https://www.who.int/data/gho/indicator-metadata-registry/imr-details/2541,PUBLISHED,Published,,2008,2008,,EMR,Eastern Mediterranean,,MAR,Morocco,,DRUG_USE_DISORDERS,Drug use disorders,,14,14.0,,,,,
RSUD_47,"Length of stay for inpatient short-term treatment, days",https://www.who.int/data/gho/indicator-metadata-registry/imr-details/2541,PUBLISHED,Published,,2008,2008,,AFR,Africa,,NAM,Namibia,,DRUG_USE_DISORDERS,Drug use disorders,,25      ,25.0,,,,,
RSUD_47,"Length of stay for inpatient short-term treatment, days",https://www.who.int/data/gho/indicator-metadata-registry/imr-details/2541,PUBLISHED,Published,,2008,2008,,AMR,Americas,,NIC,Nicaragua,,ALCOHOL_USE_DISORDERS,Alcohol use disorders,,30      ,30.0,,,,,
RSUD_47,"Length of stay for inpatient short-term treatment, days",https://www.who.int/data/gho/indicator-metadata-registry/imr-details/2541,PUBLISHED,Published,,2008,2008,,EUR,Europe,,NOR,Norway,,DRUG_USE_DISORDERS,Drug use disorders,,45      ,45.0,,,,,
RSUD_47,"Length of stay for inpatient short-term treatment, days",https://www.who.int/data/gho/indicator-metadata-registry/imr-details/2541,PUBLISHED,Published,,2008,2008,,WPR,Western Pacific,,PLW,Palau,,ALCOHOL_USE_DISORDERS,Alcohol use disorders,,30      ,30.0,,,,,
RSUD_47,"Length of stay for inpatient short-term treatment, days",https://www.who.int/data/gho/indicator-metadata-registry/imr-details/2541,PUBLISHED,Published,,2008,2008,,EUR,Europe,,POL,Poland,,ALCOHOL_USE_DISORDERS,Alcohol use disorders,,30      ,30.0,,,,,
RSUD_47,"Length of stay for inpatient short-term treatment, days",https://www.who.int/data/gho/indicator-metadata-registry/imr-details/2541,PUBLISHED,Published,,2008,2008,,EUR,Europe,,MDA,Republic of Moldova,,DRUG_USE_DISORDERS,Drug use disorders,,30      ,30.0,,,,,
RSUD_47,"Length of stay for inpatient short-term treatment, days",https://www.who.int/data/gho/indicator-metadata-registry/imr-details/2541,PUBLISHED,Published,,2008,2008,,EUR,Europe,,RUS,Russian Federation,,ALCOHOL_USE_DISORDERS,Alcohol use disorders,,14,14.0,,,,,
RSUD_47,"Length of stay for inpatient short-term treatment, days",https://www.who.int/data/gho/indicator-metadata-registry/imr-details/2541,PUBLISHED,Published,,2008,2008,,EUR,Europe,,SMR,San Marino,,ALCOHOL_USE_DISORDERS,Alcohol use disorders,,10,10.0,,,,,
RSUD_47,"Length of stay for inpatient short-term treatment, days",https://www.who.int/data/gho/indicator-metadata-registry/imr-details/2541,PUBLISHED,Published,,2008,2008,,EMR,Eastern Mediterranean,,SAU,Saudi Arabia,,ALCOHOL_USE_DISORDERS,Alcohol use disorders,,7       ,,,,,,
RSUD_47,"Length of stay for inpatient short-term treatment, days",https://www.who.int/data/gho/indicator-metadata-registry/imr-details/2541,PUBLISHED,Published,,2008,2008,,EUR,Europe,,SVK,Slovakia,,ALCOHOL_USE_DISORDERS,Alcohol use disorders,,5       ,,,,,,
RSUD_47,"Length of stay for inpatient short-term treatment, days",https://www.who.int/data/gho/indicator-metadata-registry/imr-details/2541,PUBLISHED,Published,,2008,2008,,AMR,Americas,,SUR,Suriname,,ALCOHOL_USE_DISORDERS,Alcohol use disorders,,20-30   ,,,,,,
RSUD_47,"Length of stay for inpatient short-term treatment, days",https://www.who.int/data/gho/indicator-metadata-registry/imr-details/2541,PUBLISHED,Published,,2008,2008,,EUR,Europe,,TJK,Tajikistan,,ALCOHOL_USE_DISORDERS,Alcohol use disorders,,21      ,21.0,,,,,
RSUD_47,"Length of stay for inpatient short-term treatment, days",https://www.who.int/data/gho/indicator-metadata-registry/imr-details/2541,PUBLISHED,Published,,2008,2008,,AFR,Africa,,TGO,Togo,,ALCOHOL_USE_DISORDERS,Alcohol use disorders,,5       ,,,,,,
RSUD_47,"Length of stay for inpatient short-term treatment, days",https://www.who.int/data/gho/indicator-metadata-registry/imr-details/2541,PUBLISHED,Published,,2008,2008,,EUR,Europe,,UKR,Ukraine,,DRUG_USE_DISORDERS,Drug use disorders,,16      ,16.0,,,,,
RSUD_47,"Length of stay for inpatient short-term treatment, days",https://www.who.int/data/gho/indicator-metadata-registry/imr-details/2541,PUBLISHED,Published,,2008,2008,,EUR,Europe,,ALB,Albania,,DRUG_USE_DISORDERS,Drug use disorders,,14,14.0,,,,,
RSUD_47,"Length of stay for inpatient short-term treatment, days",https://www.who.int/data/gho/indicator-metadata-registry/imr-details/2541,PUBLISHED,Published,,2008,2008,,SEAR,South-East Asia,,BGD,Bangladesh,,DRUG_USE_DISORDERS,Drug use disorders,,45      ,45.0,,,,,
RSUD_47,"Length of stay for inpatient short-term treatment, days",https://www.who.int/data/gho/indicator-metadata-registry/imr-details/2541,PUBLISHED,Published,,2008,2008,,EUR,Europe,,BGR,Bulgaria,,ALCOHOL_USE_DISORDERS,Alcohol use disorders,,30      ,30.0,,,,,
RSUD_47,"Length of stay for inpatient short-term treatment, days",https://www.who.int/data/gho/indicator-metadata-registry/imr-details/2541,PUBLISHED,Published,,2008,2008,,AFR,Africa,,CMR,Cameroon,,ALCOHOL_USE_DISORDERS,Alcohol use disorders,,20      ,20.0,,,,,
RSUD_47,"Length of stay for inpatient short-term treatment, days",https://www.who.int/data/gho/indicator-metadata-registry/imr-details/2541,PUBLISHED,Published,,2008,2008,,AFR,Africa,,CAF,Central African Republic,,DRUG_USE_DISORDERS,Drug use disorders,,15      ,15.0,,,,,
RSUD_47,"Length of stay for inpatient short-term treatment, days",https://www.who.int/data/gho/indicator-metadata-registry/imr-details/2541,PUBLISHED,Published,,2008,2008,,AFR,Africa,,COM,Comoros,,DRUG_USE_DISORDERS,Drug use disorders,,7       ,,,,,,
RSUD_47,"Length of stay for inpatient short-term treatment, days",https://www.who.int/data/gho/indicator-metadata-registry/imr-details/2541,PUBLISHED,Published,,2008,2008,,AMR,Americas,,CRI,Costa Rica,,ALCOHOL_USE_DISORDERS,Alcohol use disorders,,28      ,28.0,,,,,
RSUD_47,"Length of stay for inpatient short-term treatment, days",https://www.who.int/data/gho/indicator-metadata-registry/imr-details/2541,PUBLISHED,Published,,2008,2008,,AMR,Americas,,SLV,El Salvador,,DRUG_USE_DISORDERS,Drug use disorders,,60      ,60.0,,,,,
RSUD_47,"Length of stay for inpatient short-term treatment, days",https://www.who.int/data/gho/indicator-metadata-registry/imr-details/2541,PUBLISHED,Published,,2008,2008,,AFR,Africa,,ETH,Ethiopia,,DRUG_USE_DISORDERS,Drug use disorders,,45      ,45.0,,,,,
RSUD_47,"Length of stay for inpatient short-term treatment, days",https://www.who.int/data/gho/indicator-metadata-registry/imr-details/2541,PUBLISHED,Published,,2008,2008,,AFR,Africa,,GAB,Gabon,,ALCOHOL_USE_DISORDERS,Alcohol use disorders,,30      ,30.0,,,,,
RSUD_47,"Length of stay for inpatient short-term treatment, days",https://www.who.int/data/gho/indicator-metadata-registry/imr-details/2541,PUBLISHED,Published,,2008,2008,,AFR,Africa,,GHA,Ghana,,DRUG_USE_DISORDERS,Drug use disorders,,28      ,28.0,,,,,
RSUD_47,"Length of stay for inpatient short-term treatment, days",https://www.who.int/data/gho/indicator-metadata-registry/imr-details/2541,PUBLISHED,Published,,2008,2008,,AFR,Africa,,GIN,Guinea,,DRUG_USE_DISORDERS,Drug use disorders,,15-30      ,,,,,,
RSUD_47,"Length of stay for inpatient short-term treatment, days",https://www.who.int/data/gho/indicator-metadata-registry/imr-details/2541,PUBLISHED,Published,,2008,2008,,AFR,Africa,,GIN,Guinea,,ALCOHOL_USE_DISORDERS,Alcohol use disorders,,15-30      ,,,,,,
RSUD_47,"Length of stay for inpatient short-term treatment, days",https://www.who.int/data/gho/indicator-metadata-registry/imr-details/2541,PUBLISHED,Published,,2008,2008,,EUR,Europe,,ISL,Iceland,,ALCOHOL_USE_DISORDERS,Alcohol use disorders,,10,10.0,,,,,
RSUD_47,"Length of stay for inpatient short-term treatment, days",https://www.who.int/data/gho/indicator-metadata-registry/imr-details/2541,PUBLISHED,Published,,2008,2008,,SEAR,South-East Asia,,IDN,Indonesia,,ALCOHOL_USE_DISORDERS,Alcohol use disorders,,30      ,30.0,,,,,
RSUD_47,"Length of stay for inpatient short-term treatment, days",https://www.who.int/data/gho/indicator-metadata-registry/imr-details/2541,PUBLISHED,Published,,2008,2008,,SEAR,South-East Asia,,IDN,Indonesia,,DRUG_USE_DISORDERS,Drug use disorders,,30      ,30.0,,,,,
RSUD_47,"Length of stay for inpatient short-term treatment, days",https://www.who.int/data/gho/indicator-metadata-registry/imr-details/2541,PUBLISHED,Published,,2008,2008,,EMR,Eastern Mediterranean,,IRQ,Iraq,,ALCOHOL_USE_DISORDERS,Alcohol use disorders,,20      ,20.0,,,,,
RSUD_47,"Length of stay for inpatient short-term treatment, days",https://www.who.int/data/gho/indicator-metadata-registry/imr-details/2541,PUBLISHED,Published,,2008,2008,,AMR,Americas,,JAM,Jamaica,,DRUG_USE_DISORDERS,Drug use disorders,,60      ,60.0,,,,,
RSUD_47,"Length of stay for inpatient short-term treatment, days",https://www.who.int/data/gho/indicator-metadata-registry/imr-details/2541,PUBLISHED,Published,,2008,2008,,WPR,Western Pacific,,JPN,Japan,,ALCOHOL_USE_DISORDERS,Alcohol use disorders,,79      ,79.0,,,,,
RSUD_47,"Length of stay for inpatient short-term treatment, days",https://www.who.int/data/gho/indicator-metadata-registry/imr-details/2541,PUBLISHED,Published,,2008,2008,,EMR,Eastern Mediterranean,,JOR,Jordan,,ALCOHOL_USE_DISORDERS,Alcohol use disorders,,42      ,42.0,,,,,
RSUD_47,"Length of stay for inpatient short-term treatment, days",https://www.who.int/data/gho/indicator-metadata-registry/imr-details/2541,PUBLISHED,Published,,2008,2008,,AFR,Africa,,MLI,Mali,,ALCOHOL_USE_DISORDERS,Alcohol use disorders,,21      ,21.0,,,,,
RSUD_47,"Length of stay for inpatient short-term treatment, days",https://www.who.int/data/gho/indicator-metadata-registry/imr-details/2541,PUBLISHED,Published,,2008,2008,,AFR,Africa,,MUS,Mauritius,,ALCOHOL_USE_DISORDERS,Alcohol use disorders,,7       ,,,,,,
RSUD_47,"Length of stay for inpatient short-term treatment, days",https://www.who.int/data/gho/indicator-metadata-registry/imr-details/2541,PUBLISHED,Published,,2008,2008,,AMR,Americas,,MEX,Mexico,,ALCOHOL_USE_DISORDERS,Alcohol use disorders,,90      ,90.0,,,,,
RSUD_47,"Length of stay for inpatient short-term treatment, days",https://www.who.int/data/gho/indicator-metadata-registry/imr-details/2541,PUBLISHED,Published,,2008,2008,,WPR,Western Pacific,,MNG,Mongolia,,ALCOHOL_USE_DISORDERS,Alcohol use disorders,,14,14.0,,,,,
RSUD_47,"Length of stay for inpatient short-term treatment, days",https://www.who.int/data/gho/indicator-metadata-registry/imr-details/2541,PUBLISHED,Published,,2008,2008,,EMR,Eastern Mediterranean,,MAR,Morocco,,ALCOHOL_USE_DISORDERS,Alcohol use disorders,,30      ,30.0,,,,,
RSUD_47,"Length of stay for inpatient short-term treatment, days",https://www.who.int/data/gho/indicator-metadata-registry/imr-details/2541,PUBLISHED,Published,,2008,2008,,AFR,Africa,,MOZ,Mozambique,,ALCOHOL_USE_DISORDERS,Alcohol use disorders,,21      ,21.0,,,,,
RSUD_47,"Length of stay for inpatient short-term treatment, days",https://www.who.int/data/gho/indicator-metadata-registry/imr-details/2541,PUBLISHED,Published,,2008,2008,,AFR,Africa,,NAM,Namibia,,ALCOHOL_USE_DISORDERS,Alcohol use disorders,,25      ,25.0,,,,,
RSUD_47,"Length of stay for inpatient short-term treatment, days",https://www.who.int/data/gho/indicator-metadata-registry/imr-details/2541,PUBLISHED,Published,,2008,2008,,EUR,Europe,,NOR,Norway,,ALCOHOL_USE_DISORDERS,Alcohol use disorders,,28      ,28.0,,,,,
RSUD_47,"Length of stay for inpatient short-term treatment, days",https://www.who.int/data/gho/indicator-metadata-registry/imr-details/2541,PUBLISHED,Published,,2008,2008,,EUR,Europe,,MDA,Republic of Moldova,,ALCOHOL_USE_DISORDERS,Alcohol use disorders,,30      ,30.0,,,,,
RSUD_47,"Length of stay for inpatient short-term treatment, days",https://www.who.int/data/gho/indicator-metadata-registry/imr-details/2541,PUBLISHED,Published,,2008,2008,,EMR,Eastern Mediterranean,,SAU,Saudi Arabia,,DRUG_USE_DISORDERS,Drug use disorders,,7       ,,,,,,
RSUD_47,"Length of stay for inpatient short-term treatment, days",https://www.who.int/data/gho/indicator-metadata-registry/imr-details/2541,PUBLISHED,Published,,2008,2008,,AFR,Africa,,SYC,Seychelles,,ALCOHOL_USE_DISORDERS,Alcohol use disorders,,7       ,,,,,,
RSUD_47,"Length of stay for inpatient short-term treatment, days",https://www.who.int/data/gho/indicator-metadata-registry/imr-details/2541,PUBLISHED,Published,,2008,2008,,AFR,Africa,,SYC,Seychelles,,DRUG_USE_DISORDERS,Drug use disorders,,8       ,,,,,,
RSUD_47,"Length of stay for inpatient short-term treatment, days",https://www.who.int/data/gho/indicator-metadata-registry/imr-details/2541,PUBLISHED,Published,,2008,2008,,AFR,Africa,,TGO,Togo,,DRUG_USE_DISORDERS,Drug use disorders,,10,10.0,,,,,
RSUD_47,"Length of stay for inpatient short-term treatment, days",https://www.who.int/data/gho/indicator-metadata-registry/imr-details/2541,PUBLISHED,Published,,2008,2008,,EUR,Europe,,TUR,Turkey,,ALCOHOL_USE_DISORDERS,Alcohol use disorders,,7-21    ,,,,,,
RSUD_47,"Length of stay for inpatient short-term treatment, days",https://www.who.int/data/gho/indicator-metadata-registry/imr-details/2541,PUBLISHED,Published,,2008,2008,,AMR,Americas,,VEN,Venezuela (Bolivarian Republic of),,ALCOHOL_USE_DISORDERS,Alcohol use disorders,,180     ,180.0,,,,,
RSUD_47,"Length of stay for inpatient short-term treatment, days",https://www.who.int/data/gho/indicator-metadata-registry/imr-details/2541,PUBLISHED,Published,,2008,2008,,EUR,Europe,,MNE,Montenegro,,ALCOHOL_USE_DISORDERS,Alcohol use disorders,,21      ,21.0,,,,,
RSUD_47,"Length of stay for inpatient short-term treatment, days",https://www.who.int/data/gho/indicator-metadata-registry/imr-details/2541,PUBLISHED,Published,,2008,2008,,EUR,Europe,,AUT,Austria,,ALCOHOL_USE_DISORDERS,Alcohol use disorders,,8       ,,,,,,
RSUD_47,"Length of stay for inpatient short-term treatment, days",https://www.who.int/data/gho/indicator-metadata-registry/imr-details/2541,PUBLISHED,Published,,2008,2008,,EUR,Europe,,BLR,Belarus,,ALCOHOL_USE_DISORDERS,Alcohol use disorders,,28      ,28.0,,,,,
RSUD_47,"Length of stay for inpatient short-term treatment, days",https://www.who.int/data/gho/indicator-metadata-registry/imr-details/2541,PUBLISHED,Published,,2008,2008,,AFR,Africa,,BEN,Benin,,ALCOHOL_USE_DISORDERS,Alcohol use disorders,,30      ,30.0,,,,,
RSUD_47,"Length of stay for inpatient short-term treatment, days",https://www.who.int/data/gho/indicator-metadata-registry/imr-details/2541,PUBLISHED,Published,,2008,2008,,AFR,Africa,,BEN,Benin,,DRUG_USE_DISORDERS,Drug use disorders,,20-30   ,,,,,,
RSUD_47,"Length of stay for inpatient short-term treatment, days",https://www.who.int/data/gho/indicator-metadata-registry/imr-details/2541,PUBLISHED,Published,,2008,2008,,SEAR,South-East Asia,,BTN,Bhutan,,ALCOHOL_USE_DISORDERS,Alcohol use disorders,,14-21,,,,,,
RSUD_47,"Length of stay for inpatient short-term treatment, days",https://www.who.int/data/gho/indicator-metadata-registry/imr-details/2541,PUBLISHED,Published,,2008,2008,,SEAR,South-East Asia,,BTN,Bhutan,,DRUG_USE_DISORDERS,Drug use disorders,,14-30,,,,,,
RSUD_47,"Length of stay for inpatient short-term treatment, days",https://www.who.int/data/gho/indicator-metadata-registry/imr-details/2541,PUBLISHED,Published,,2008,2008,,EUR,Europe,,BGR,Bulgaria,,DRUG_USE_DISORDERS,Drug use disorders,,120     ,120.0,,,,,
RSUD_47,"Length of stay for inpatient short-term treatment, days",https://www.who.int/data/gho/indicator-metadata-registry/imr-details/2541,PUBLISHED,Published,,2008,2008,,WPR,Western Pacific,,CHN,China,,ALCOHOL_USE_DISORDERS,Alcohol use disorders,,30      ,30.0,,,,,
RSUD_47,"Length of stay for inpatient short-term treatment, days",https://www.who.int/data/gho/indicator-metadata-registry/imr-details/2541,PUBLISHED,Published,,2008,2008,,AMR,Americas,,CRI,Costa Rica,,DRUG_USE_DISORDERS,Drug use disorders,,28      ,28.0,,,,,
RSUD_47,"Length of stay for inpatient short-term treatment, days",https://www.who.int/data/gho/indicator-metadata-registry/imr-details/2541,PUBLISHED,Published,,2008,2008,,EUR,Europe,,HRV,Croatia,,ALCOHOL_USE_DISORDERS,Alcohol use disorders,,21      ,21.0,,,,,
RSUD_47,"Length of stay for inpatient short-term treatment, days",https://www.who.int/data/gho/indicator-metadata-registry/imr-details/2541,PUBLISHED,Published,,2008,2008,,AFR,Africa,,ERI,Eritrea,,ALCOHOL_USE_DISORDERS,Alcohol use disorders,,30      ,30.0,,,,,
RSUD_47,"Length of stay for inpatient short-term treatment, days",https://www.who.int/data/gho/indicator-metadata-registry/imr-details/2541,PUBLISHED,Published,,2008,2008,,AFR,Africa,,ETH,Ethiopia,,ALCOHOL_USE_DISORDERS,Alcohol use disorders,,45      ,45.0,,,,,
RSUD_47,"Length of stay for inpatient short-term treatment, days",https://www.who.int/data/gho/indicator-metadata-registry/imr-details/2541,PUBLISHED,Published,,2008,2008,,EUR,Europe,,FIN,Finland,,ALCOHOL_USE_DISORDERS,Alcohol use disorders,,7-8,,,,,,
RSUD_47,"Length of stay for inpatient short-term treatment, days",https://www.who.int/data/gho/indicator-metadata-registry/imr-details/2541,PUBLISHED,Published,,2008,2008,,EUR,Europe,,FIN,Finland,,DRUG_USE_DISORDERS,Drug use disorders,,14,14.0,,,,,
RSUD_47,"Length of stay for inpatient short-term treatment, days",https://www.who.int/data/gho/indicator-metadata-registry/imr-details/2541,PUBLISHED,Published,,2008,2008,,EUR,Europe,,FRA,France,,ALCOHOL_USE_DISORDERS,Alcohol use disorders,,7-10    ,,,,,,
RSUD_47,"Length of stay for inpatient short-term treatment, days",https://www.who.int/data/gho/indicator-metadata-registry/imr-details/2541,PUBLISHED,Published,,2008,2008,,EUR,Europe,,GEO,Georgia,,ALCOHOL_USE_DISORDERS,Alcohol use disorders,,7       ,,,,,,
RSUD_47,"Length of stay for inpatient short-term treatment, days",https://www.who.int/data/gho/indicator-metadata-registry/imr-details/2541,PUBLISHED,Published,,2008,2008,,AMR,Americas,,HND,Honduras,,ALCOHOL_USE_DISORDERS,Alcohol use disorders,,15      ,15.0,,,,,
RSUD_47,"Length of stay for inpatient short-term treatment, days",https://www.who.int/data/gho/indicator-metadata-registry/imr-details/2541,PUBLISHED,Published,,2008,2008,,AMR,Americas,,HND,Honduras,,DRUG_USE_DISORDERS,Drug use disorders,,15      ,15.0,,,,,
RSUD_47,"Length of stay for inpatient short-term treatment, days",https://www.who.int/data/gho/indicator-metadata-registry/imr-details/2541,PUBLISHED,Published,,2008,2008,,EUR,Europe,,ISL,Iceland,,DRUG_USE_DISORDERS,Drug use disorders,,10,10.0,,,,,
RSUD_47,"Length of stay for inpatient short-term treatment, days",https://www.who.int/data/gho/indicator-metadata-registry/imr-details/2541,PUBLISHED,Published,,2008,2008,,SEAR,South-East Asia,,IND,India,,DRUG_USE_DISORDERS,Drug use disorders,,14,14.0,,,,,
RSUD_47,"Length of stay for inpatient short-term treatment, days",https://www.who.int/data/gho/indicator-metadata-registry/imr-details/2541,PUBLISHED,Published,,2008,2008,,AMR,Americas,,JAM,Jamaica,,ALCOHOL_USE_DISORDERS,Alcohol use disorders,,60      ,60.0,,,,,
RSUD_47,"Length of stay for inpatient short-term treatment, days",https://www.who.int/data/gho/indicator-metadata-registry/imr-details/2541,PUBLISHED,Published,,2008,2008,,EUR,Europe,,KGZ,Kyrgyzstan,,ALCOHOL_USE_DISORDERS,Alcohol use disorders,,14,14.0,,,,,
RSUD_47,"Length of stay for inpatient short-term treatment, days",https://www.who.int/data/gho/indicator-metadata-registry/imr-details/2541,PUBLISHED,Published,,2008,2008,,WPR,Western Pacific,,LAO,Lao People's Democratic Republic,,ALCOHOL_USE_DISORDERS,Alcohol use disorders,,40      ,40.0,,,,,
RSUD_47,"Length of stay for inpatient short-term treatment, days",https://www.who.int/data/gho/indicator-metadata-registry/imr-details/2541,PUBLISHED,Published,,2008,2008,,WPR,Western Pacific,,LAO,Lao People's Democratic Republic,,DRUG_USE_DISORDERS,Drug use disorders,,14-40   ,,,,,,
RSUD_47,"Length of stay for inpatient short-term treatment, days",https://www.who.int/data/gho/indicator-metadata-registry/imr-details/2541,PUBLISHED,Published,,2008,2008,,AFR,Africa,,MDG,Madagascar,,DRUG_USE_DISORDERS,Drug use disorders,,30-60,,,,,,
RSUD_47,"Length of stay for inpatient short-term treatment, days",https://www.who.int/data/gho/indicator-metadata-registry/imr-details/2541,PUBLISHED,Published,,2008,2008,,AFR,Africa,,MWI,Malawi,,ALCOHOL_USE_DISORDERS,Alcohol use disorders,,14,14.0,,,,,
RSUD_47,"Length of stay for inpatient short-term treatment, days",https://www.who.int/data/gho/indicator-metadata-registry/imr-details/2541,PUBLISHED,Published,,2008,2008,,EUR,Europe,,MLT,Malta,,DRUG_USE_DISORDERS,Drug use disorders,,10,10.0,,,,,
RSUD_47,"Length of stay for inpatient short-term treatment, days",https://www.who.int/data/gho/indicator-metadata-registry/imr-details/2541,PUBLISHED,Published,,2008,2008,,AMR,Americas,,MEX,Mexico,,DRUG_USE_DISORDERS,Drug use disorders,,90      ,90.0,,,,,
RSUD_47,"Length of stay for inpatient short-term treatment, days",https://www.who.int/data/gho/indicator-metadata-registry/imr-details/2541,PUBLISHED,Published,,2008,2008,,AMR,Americas,,NIC,Nicaragua,,DRUG_USE_DISORDERS,Drug use disorders,,30      ,30.0,,,,,
RSUD_47,"Length of stay for inpatient short-term treatment, days",https://www.who.int/data/gho/indicator-metadata-registry/imr-details/2541,PUBLISHED,Published,,2008,2008,,EMR,Eastern Mediterranean,,OMN,Oman,,DRUG_USE_DISORDERS,Drug use disorders,,60      ,60.0,,,,,
RSUD_47,"Length of stay for inpatient short-term treatment, days",https://www.who.int/data/gho/indicator-metadata-registry/imr-details/2541,PUBLISHED,Published,,2008,2008,,EMR,Eastern Mediterranean,,PAK,Pakistan,,DRUG_USE_DISORDERS,Drug use disorders,,35      ,35.0,,,,,
RSUD_47,"Length of stay for inpatient short-term treatment, days",https://www.who.int/data/gho/indicator-metadata-registry/imr-details/2541,PUBLISHED,Published,,2008,2008,,WPR,Western Pacific,,PNG,Papua New Guinea,,ALCOHOL_USE_DISORDERS,Alcohol use disorders,,14,14.0,,,,,
RSUD_47,"Length of stay for inpatient short-term treatment, days",https://www.who.int/data/gho/indicator-metadata-registry/imr-details/2541,PUBLISHED,Published,,2008,2008,,EUR,Europe,,RUS,Russian Federation,,DRUG_USE_DISORDERS,Drug use disorders,,13,13.0,,,,,
RSUD_47,"Length of stay for inpatient short-term treatment, days",https://www.who.int/data/gho/indicator-metadata-registry/imr-details/2541,PUBLISHED,Published,,2008,2008,,EUR,Europe,,SRB,Serbia,,DRUG_USE_DISORDERS,Drug use disorders,,20      ,20.0,,,,,
RSUD_47,"Length of stay for inpatient short-term treatment, days",https://www.who.int/data/gho/indicator-metadata-registry/imr-details/2541,PUBLISHED,Published,,2008,2008,,EUR,Europe,,SVN,Slovenia,,DRUG_USE_DISORDERS,Drug use disorders,,56      ,56.0,,,,,
RSUD_47,"Length of stay for inpatient short-term treatment, days",https://www.who.int/data/gho/indicator-metadata-registry/imr-details/2541,PUBLISHED,Published,,2008,2008,,AFR,Africa,,ZAF,South Africa,,DRUG_USE_DISORDERS,Drug use disorders,,35      ,35.0,,,,,
RSUD_47,"Length of stay for inpatient short-term treatment, days",https://www.who.int/data/gho/indicator-metadata-registry/imr-details/2541,PUBLISHED,Published,,2008,2008,,SEAR,South-East Asia,,LKA,Sri Lanka,,ALCOHOL_USE_DISORDERS,Alcohol use disorders,,7       ,,,,,,
RSUD_47,"Length of stay for inpatient short-term treatment, days",https://www.who.int/data/gho/indicator-metadata-registry/imr-details/2541,PUBLISHED,Published,,2008,2008,,EMR,Eastern Mediterranean,,SDN,Sudan,,ALCOHOL_USE_DISORDERS,Alcohol use disorders,,30      ,30.0,,,,,
RSUD_47,"Length of stay for inpatient short-term treatment, days",https://www.who.int/data/gho/indicator-metadata-registry/imr-details/2541,PUBLISHED,Published,,2008,2008,,AMR,Americas,,SUR,Suriname,,DRUG_USE_DISORDERS,Drug use disorders,,20-30   ,,,,,,
RSUD_47,"Length of stay for inpatient short-term treatment, days",https://www.who.int/data/gho/indicator-metadata-registry/imr-details/2541,PUBLISHED,Published,,2008,2008,,EUR,Europe,,CHE,Switzerland,,ALCOHOL_USE_DISORDERS,Alcohol use disorders,,29      ,29.0,,,,,
RSUD_47,"Length of stay for inpatient short-term treatment, days",https://www.who.int/data/gho/indicator-metadata-registry/imr-details/2541,PUBLISHED,Published,,2008,2008,,SEAR,South-East Asia,,THA,Thailand,,ALCOHOL_USE_DISORDERS,Alcohol use disorders,,30      ,30.0,,,,,
RSUD_47,"Length of stay for inpatient short-term treatment, days",https://www.who.int/data/gho/indicator-metadata-registry/imr-details/2541,PUBLISHED,Published,,2008,2008,,AFR,Africa,,UGA,Uganda,,ALCOHOL_USE_DISORDERS,Alcohol use disorders,,28      ,28.0,,,,,
RSUD_47,"Length of stay for inpatient short-term treatment, days",https://www.who.int/data/gho/indicator-metadata-registry/imr-details/2541,PUBLISHED,Published,,2008,2008,,AFR,Africa,,UGA,Uganda,,DRUG_USE_DISORDERS,Drug use disorders,,28      ,28.0,,,,,
RSUD_47,"Length of stay for inpatient short-term treatment, days",https://www.who.int/data/gho/indicator-metadata-registry/imr-details/2541,PUBLISHED,Published,,2008,2008,,EUR,Europe,,UKR,Ukraine,,ALCOHOL_USE_DISORDERS,Alcohol use disorders,,16      ,16.0,,,,,
RSUD_47,"Length of stay for inpatient short-term treatment, days",https://www.who.int/data/gho/indicator-metadata-registry/imr-details/2541,PUBLISHED,Published,,2008,2008,,AMR,Americas,,VEN,Venezuela (Bolivarian Republic of),,DRUG_USE_DISORDERS,Drug use disorders,,180     ,180.0,,,,,
RSUD_47,"Length of stay for inpatient short-term treatment, days",https://www.who.int/data/gho/indicator-metadata-registry/imr-details/2541,PUBLISHED,Published,,2008,2008,,EUR,Europe,,MNE,Montenegro,,DRUG_USE_DISORDERS,Drug use disorders,,5-21    ,,,,,,
RSUD_47,"Length of stay for inpatient short-term treatment, days",https://www.who.int/data/gho/indicator-metadata-registry/imr-details/2541,PUBLISHED,Published,,2008,2008,,EMR,Eastern Mediterranean,,AFG,Afghanistan,,DRUG_USE_DISORDERS,Drug use disorders,,7       ,,,,,,
RSUD_47,"Length of stay for inpatient short-term treatment, days",https://www.who.int/data/gho/indicator-metadata-registry/imr-details/2541,PUBLISHED,Published,,2008,2008,,AFR,Africa,,AGO,Angola,,ALCOHOL_USE_DISORDERS,Alcohol use disorders,,16      ,16.0,,,,,
RSUD_47,"Length of stay for inpatient short-term treatment, days",https://www.who.int/data/gho/indicator-metadata-registry/imr-details/2541,PUBLISHED,Published,,2008,2008,,AFR,Africa,,AGO,Angola,,DRUG_USE_DISORDERS,Drug use disorders,,16      ,16.0,,,,,
RSUD_47,"Length of stay for inpatient short-term treatment, days",https://www.who.int/data/gho/indicator-metadata-registry/imr-details/2541,PUBLISHED,Published,,2008,2008,,EUR,Europe,,AUT,Austria,,DRUG_USE_DISORDERS,Drug use disorders,,21      ,21.0,,,,,
RSUD_47,"Length of stay for inpatient short-term treatment, days",https://www.who.int/data/gho/indicator-metadata-registry/imr-details/2541,PUBLISHED,Published,,2008,2008,,EUR,Europe,,AZE,Azerbaijan,,DRUG_USE_DISORDERS,Drug use disorders,,15-25,,,,,,
RSUD_47,"Length of stay for inpatient short-term treatment, days",https://www.who.int/data/gho/indicator-metadata-registry/imr-details/2541,PUBLISHED,Published,,2008,2008,,EUR,Europe,,AZE,Azerbaijan,,ALCOHOL_USE_DISORDERS,Alcohol use disorders,,15-25,,,,,,
RSUD_47,"Length of stay for inpatient short-term treatment, days",https://www.who.int/data/gho/indicator-metadata-registry/imr-details/2541,PUBLISHED,Published,,2008,2008,,AMR,Americas,,BHS,Bahamas,,ALCOHOL_USE_DISORDERS,Alcohol use disorders,,90      ,90.0,,,,,
RSUD_47,"Length of stay for inpatient short-term treatment, days",https://www.who.int/data/gho/indicator-metadata-registry/imr-details/2541,PUBLISHED,Published,,2008,2008,,AFR,Africa,,CMR,Cameroon,,DRUG_USE_DISORDERS,Drug use disorders,,45      ,45.0,,,,,
RSUD_47,"Length of stay for inpatient short-term treatment, days",https://www.who.int/data/gho/indicator-metadata-registry/imr-details/2541,PUBLISHED,Published,,2008,2008,,AFR,Africa,,CPV,Cabo Verde,,DRUG_USE_DISORDERS,Drug use disorders,,30      ,30.0,,,,,
RSUD_47,"Length of stay for inpatient short-term treatment, days",https://www.who.int/data/gho/indicator-metadata-registry/imr-details/2541,PUBLISHED,Published,,2008,2008,,AFR,Africa,,CPV,Cabo Verde,,ALCOHOL_USE_DISORDERS,Alcohol use disorders,,23,23.0,,,,,
RSUD_47,"Length of stay for inpatient short-term treatment, days",https://www.who.int/data/gho/indicator-metadata-registry/imr-details/2541,PUBLISHED,Published,,2008,2008,,EMR,Eastern Mediterranean,,EGY,Egypt,,ALCOHOL_USE_DISORDERS,Alcohol use disorders,,14-30,,,,,,
RSUD_47,"Length of stay for inpatient short-term treatment, days",https://www.who.int/data/gho/indicator-metadata-registry/imr-details/2541,PUBLISHED,Published,,2008,2008,,EUR,Europe,,GEO,Georgia,,DRUG_USE_DISORDERS,Drug use disorders,,10,10.0,,,,,
RSUD_47,"Length of stay for inpatient short-term treatment, days",https://www.who.int/data/gho/indicator-metadata-registry/imr-details/2541,PUBLISHED,Published,,2008,2008,,EMR,Eastern Mediterranean,,IRQ,Iraq,,DRUG_USE_DISORDERS,Drug use disorders,,20      ,20.0,,,,,
RSUD_47,"Length of stay for inpatient short-term treatment, days",https://www.who.int/data/gho/indicator-metadata-registry/imr-details/2541,PUBLISHED,Published,,2008,2008,,EUR,Europe,,ISR,Israel,,DRUG_USE_DISORDERS,Drug use disorders,,120     ,120.0,,,,,
RSUD_47,"Length of stay for inpatient short-term treatment, days",https://www.who.int/data/gho/indicator-metadata-registry/imr-details/2541,PUBLISHED,Published,,2008,2008,,EUR,Europe,,ITA,Italy,,DRUG_USE_DISORDERS,Drug use disorders,,30      ,30.0,,,,,
RSUD_47,"Length of stay for inpatient short-term treatment, days",https://www.who.int/data/gho/indicator-metadata-registry/imr-details/2541,PUBLISHED,Published,,2008,2008,,EUR,Europe,,KGZ,Kyrgyzstan,,DRUG_USE_DISORDERS,Drug use disorders,,17      ,17.0,,,,,
RSUD_47,"Length of stay for inpatient short-term treatment, days",https://www.who.int/data/gho/indicator-metadata-registry/imr-details/2541,PUBLISHED,Published,,2008,2008,,AFR,Africa,,MWI,Malawi,,DRUG_USE_DISORDERS,Drug use disorders,,30-42,,,,,,
RSUD_47,"Length of stay for inpatient short-term treatment, days",https://www.who.int/data/gho/indicator-metadata-registry/imr-details/2541,PUBLISHED,Published,,2008,2008,,WPR,Western Pacific,,MNG,Mongolia,,DRUG_USE_DISORDERS,Drug use disorders,,30      ,30.0,,,,,
RSUD_47,"Length of stay for inpatient short-term treatment, days",https://www.who.int/data/gho/indicator-metadata-registry/imr-details/2541,PUBLISHED,Published,,2008,2008,,AFR,Africa,,MOZ,Mozambique,,DRUG_USE_DISORDERS,Drug use disorders,,21      ,21.0,,,,,
RSUD_47,"Length of stay for inpatient short-term treatment, days",https://www.who.int/data/gho/indicator-metadata-registry/imr-details/2541,PUBLISHED,Published,,2008,2008,,SEAR,South-East Asia,,MMR,Myanmar,,ALCOHOL_USE_DISORDERS,Alcohol use disorders,,30      ,30.0,,,,,
RSUD_47,"Length of stay for inpatient short-term treatment, days",https://www.who.int/data/gho/indicator-metadata-registry/imr-details/2541,PUBLISHED,Published,,2008,2008,,SEAR,South-East Asia,,MMR,Myanmar,,DRUG_USE_DISORDERS,Drug use disorders,,30      ,30.0,,,,,
RSUD_47,"Length of stay for inpatient short-term treatment, days",https://www.who.int/data/gho/indicator-metadata-registry/imr-details/2541,PUBLISHED,Published,,2008,2008,,SEAR,South-East Asia,,NPL,Nepal,,DRUG_USE_DISORDERS,Drug use disorders,,14,14.0,,,,,
RSUD_47,"Length of stay for inpatient short-term treatment, days",https://www.who.int/data/gho/indicator-metadata-registry/imr-details/2541,PUBLISHED,Published,,2008,2008,,SEAR,South-East Asia,,NPL,Nepal,,ALCOHOL_USE_DISORDERS,Alcohol use disorders,,14,14.0,,,,,
RSUD_47,"Length of stay for inpatient short-term treatment, days",https://www.who.int/data/gho/indicator-metadata-registry/imr-details/2541,PUBLISHED,Published,,2008,2008,,EMR,Eastern Mediterranean,,OMN,Oman,,ALCOHOL_USE_DISORDERS,Alcohol use disorders,,60      ,60.0,,,,,
RSUD_47,"Length of stay for inpatient short-term treatment, days",https://www.who.int/data/gho/indicator-metadata-registry/imr-details/2541,PUBLISHED,Published,,2008,2008,,WPR,Western Pacific,,PLW,Palau,,DRUG_USE_DISORDERS,Drug use disorders,,30      ,30.0,,,,,
RSUD_47,"Length of stay for inpatient short-term treatment, days",https://www.who.int/data/gho/indicator-metadata-registry/imr-details/2541,PUBLISHED,Published,,2008,2008,,WPR,Western Pacific,,PNG,Papua New Guinea,,DRUG_USE_DISORDERS,Drug use disorders,,14,14.0,,,,,
RSUD_47,"Length of stay for inpatient short-term treatment, days",https://www.who.int/data/gho/indicator-metadata-registry/imr-details/2541,PUBLISHED,Published,,2008,2008,,WPR,Western Pacific,,PHL,Philippines,,ALCOHOL_USE_DISORDERS,Alcohol use disorders,,15-30      ,,,,,,
RSUD_47,"Length of stay for inpatient short-term treatment, days",https://www.who.int/data/gho/indicator-metadata-registry/imr-details/2541,PUBLISHED,Published,,2008,2008,,WPR,Western Pacific,,PHL,Philippines,,DRUG_USE_DISORDERS,Drug use disorders,,15-30      ,,,,,,
RSUD_47,"Length of stay for inpatient short-term treatment, days",https://www.who.int/data/gho/indicator-metadata-registry/imr-details/2541,PUBLISHED,Published,,2008,2008,,EUR,Europe,,SMR,San Marino,,DRUG_USE_DISORDERS,Drug use disorders,,175     ,175.0,,,,,
RSUD_47,"Length of stay for inpatient short-term treatment, days",https://www.who.int/data/gho/indicator-metadata-registry/imr-details/2541,PUBLISHED,Published,,2008,2008,,EUR,Europe,,SRB,Serbia,,ALCOHOL_USE_DISORDERS,Alcohol use disorders,,30      ,30.0,,,,,
RSUD_47,"Length of stay for inpatient short-term treatment, days",https://www.who.int/data/gho/indicator-metadata-registry/imr-details/2541,PUBLISHED,Published,,2008,2008,,AFR,Africa,,SLE,Sierra Leone,,ALCOHOL_USE_DISORDERS,Alcohol use disorders,,30-60,,,,,,
RSUD_47,"Length of stay for inpatient short-term treatment, days",https://www.who.int/data/gho/indicator-metadata-registry/imr-details/2541,PUBLISHED,Published,,2008,2008,,AFR,Africa,,SLE,Sierra Leone,,DRUG_USE_DISORDERS,Drug use disorders,,30-40   ,,,,,,
RSUD_47,"Length of stay for inpatient short-term treatment, days",https://www.who.int/data/gho/indicator-metadata-registry/imr-details/2541,PUBLISHED,Published,,2008,2008,,AFR,Africa,,ZAF,South Africa,,ALCOHOL_USE_DISORDERS,Alcohol use disorders,,28      ,28.0,,,,,
RSUD_47,"Length of stay for inpatient short-term treatment, days",https://www.who.int/data/gho/indicator-metadata-registry/imr-details/2541,PUBLISHED,Published,,2008,2008,,EUR,Europe,,TJK,Tajikistan,,DRUG_USE_DISORDERS,Drug use disorders,,21      ,21.0,,,,,
RSUD_47,"Length of stay for inpatient short-term treatment, days",https://www.who.int/data/gho/indicator-metadata-registry/imr-details/2541,PUBLISHED,Published,,2008,2008,,SEAR,South-East Asia,,THA,Thailand,,DRUG_USE_DISORDERS,Drug use disorders,,120     ,120.0,,,,,
RSUD_47,"Length of stay for inpatient short-term treatment, days",https://www.who.int/data/gho/indicator-metadata-registry/imr-details/2541,PUBLISHED,Published,,2008,2008,,EMR,Eastern Mediterranean,,TUN,Tunisia,,ALCOHOL_USE_DISORDERS,Alcohol use disorders,,15      ,15.0,,,,,
RSUD_47,"Length of stay for inpatient short-term treatment, days",https://www.who.int/data/gho/indicator-metadata-registry/imr-details/2541,PUBLISHED,Published,,2008,2008,,EMR,Eastern Mediterranean,,TUN,Tunisia,,DRUG_USE_DISORDERS,Drug use disorders,,15      ,15.0,,,,,
RSUD_47,"Length of stay for inpatient short-term treatment, days",https://www.who.int/data/gho/indicator-metadata-registry/imr-details/2541,PUBLISHED,Published,,2008,2008,,EUR,Europe,,TUR,Turkey,,DRUG_USE_DISORDERS,Drug use disorders,,7-21    ,,,,,,
RSUD_47,"Length of stay for inpatient short-term treatment, days",https://www.who.int/data/gho/indicator-metadata-registry/imr-details/2541,PUBLISHED,Published,,2008,2008,,AFR,Africa,,ZMB,Zambia,,DRUG_USE_DISORDERS,Drug use disorders,,1-14    ,,,,,,
RSUD_47,"Length of stay for inpatient short-term treatment, days",https://www.who.int/data/gho/indicator-metadata-registry/imr-details/2541,PUBLISHED,Published,,2008,2008,,AFR,Africa,,ZMB,Zambia,,ALCOHOL_USE_DISORDERS,Alcohol use disorders,,1-28    ,,,,,,
