GHO (CODE),GHO (DISPLAY),GHO (URL),PUBLISHSTATE (CODE),PUBLISHSTATE (DISPLAY),PUBLISHSTATE (URL),YEAR (CODE),YEAR (DISPLAY),YEAR (URL),REGION (CODE),REGION (DISPLAY),REGION (URL),COUNTRY (CODE),COUNTRY (DISPLAY),COUNTRY (URL),MEASUREIMPORTANCETYPE (CODE),MEASUREIMPORTANCETYPE (DISPLAY),MEASUREIMPORTANCETYPE (URL),Display Value,Numeric,Low,High,StdErr,StdDev,Comments
SA_0000001721_ARCHIVED,Importance of measures for enhancing compliance with age limits,https://www.who.int/data/gho/indicator-metadata-registry/imr-details/2346,PUBLISHED,Published,,2012,2012,,EUR,Europe,,ALB,Albania,,SA_SERVER_TRAINING_VOLUNTARILY,voluntary server training,,High importance,,,,,,
SA_0000001721_ARCHIVED,Importance of measures for enhancing compliance with age limits,https://www.who.int/data/gho/indicator-metadata-registry/imr-details/2346,PUBLISHED,Published,,2012,2012,,EUR,Europe,,ALB,Albania,,SA_SERVER_TRAINING_NEEDED,server training needed for licensing,,High importance,,,,,,
SA_0000001721_ARCHIVED,Importance of measures for enhancing compliance with age limits,https://www.who.int/data/gho/indicator-metadata-registry/imr-details/2346,PUBLISHED,Published,,2012,2012,,EUR,Europe,,ALB,Albania,,SA_LEGAL_ENFORCEMENT,legal enforcement,,High importance,,,,,,
SA_0000001721_ARCHIVED,Importance of measures for enhancing compliance with age limits,https://www.who.int/data/gho/indicator-metadata-registry/imr-details/2346,PUBLISHED,Published,,2012,2012,,EUR,Europe,,ALB,Albania,,SA_MONITORING_THROUGH_TEST_PURCHASE,monitoring through test purchase,,High importance,,,,,,
SA_0000001721_ARCHIVED,Importance of measures for enhancing compliance with age limits,https://www.who.int/data/gho/indicator-metadata-registry/imr-details/2346,PUBLISHED,Published,,2012,2012,,EUR,Europe,,ALB,Albania,,SA_AWARENESS_CAMPAIGNS_SELLERS_SERVERS,awareness campaigns for servers/sellers,,Low importance,,,,,,
SA_0000001721_ARCHIVED,Importance of measures for enhancing compliance with age limits,https://www.who.int/data/gho/indicator-metadata-registry/imr-details/2346,PUBLISHED,Published,,2012,2012,,EUR,Europe,,ALB,Albania,,SA_AWARENESS_CAMPAIGNS_YOUTH,awareness campaigns for youth,,High importance,,,,,,
SA_0000001721_ARCHIVED,Importance of measures for enhancing compliance with age limits,https://www.who.int/data/gho/indicator-metadata-registry/imr-details/2346,PUBLISHED,Published,,2012,2012,,EUR,Europe,,AND,Andorra,,SA_SERVER_TRAINING_VOLUNTARILY,voluntary server training,,Low importance,,,,,,
SA_0000001721_ARCHIVED,Importance of measures for enhancing compliance with age limits,https://www.who.int/data/gho/indicator-metadata-registry/imr-details/2346,PUBLISHED,Published,,2012,2012,,EUR,Europe,,AND,Andorra,,SA_SERVER_TRAINING_NEEDED,server training needed for licensing,,Medium importance,,,,,,
SA_0000001721_ARCHIVED,Importance of measures for enhancing compliance with age limits,https://www.who.int/data/gho/indicator-metadata-registry/imr-details/2346,PUBLISHED,Published,,2012,2012,,EUR,Europe,,AND,Andorra,,SA_LEGAL_ENFORCEMENT,legal enforcement,,Low importance,,,,,,
SA_0000001721_ARCHIVED,Importance of measures for enhancing compliance with age limits,https://www.who.int/data/gho/indicator-metadata-registry/imr-details/2346,PUBLISHED,Published,,2012,2012,,EUR,Europe,,AND,Andorra,,SA_AWARENESS_CAMPAIGNS_SELLERS_SERVERS,awareness campaigns for servers/sellers,,Low importance,,,,,,
SA_0000001721_ARCHIVED,Importance of measures for enhancing compliance with age limits,https://www.who.int/data/gho/indicator-metadata-registry/imr-details/2346,PUBLISHED,Published,,2012,2012,,EUR,Europe,,AND,Andorra,,SA_AWARENESS_CAMPAIGNS_YOUTH,awareness campaigns for youth,,Low importance,,,,,,
SA_0000001721_ARCHIVED,Importance of measures for enhancing compliance with age limits,https://www.who.int/data/gho/indicator-metadata-registry/imr-details/2346,PUBLISHED,Published,,2012,2012,,EUR,Europe,,ARM,Armenia,,SA_SERVER_TRAINING_VOLUNTARILY,voluntary server training,,Not used  at  all,,,,,,
SA_0000001721_ARCHIVED,Importance of measures for enhancing compliance with age limits,https://www.who.int/data/gho/indicator-metadata-registry/imr-details/2346,PUBLISHED,Published,,2012,2012,,EUR,Europe,,ARM,Armenia,,SA_SERVER_TRAINING_NEEDED,server training needed for licensing,,Not used at all,,,,,,
SA_0000001721_ARCHIVED,Importance of measures for enhancing compliance with age limits,https://www.who.int/data/gho/indicator-metadata-registry/imr-details/2346,PUBLISHED,Published,,2012,2012,,EUR,Europe,,ARM,Armenia,,SA_LEGAL_ENFORCEMENT,legal enforcement,,Low importance,,,,,,
SA_0000001721_ARCHIVED,Importance of measures for enhancing compliance with age limits,https://www.who.int/data/gho/indicator-metadata-registry/imr-details/2346,PUBLISHED,Published,,2012,2012,,EUR,Europe,,ARM,Armenia,,SA_MONITORING_THROUGH_TEST_PURCHASE,monitoring through test purchase,,Low importance,,,,,,
SA_0000001721_ARCHIVED,Importance of measures for enhancing compliance with age limits,https://www.who.int/data/gho/indicator-metadata-registry/imr-details/2346,PUBLISHED,Published,,2012,2012,,EUR,Europe,,ARM,Armenia,,SA_AWARENESS_CAMPAIGNS_SELLERS_SERVERS,awareness campaigns for servers/sellers,,Not used at all,,,,,,
SA_0000001721_ARCHIVED,Importance of measures for enhancing compliance with age limits,https://www.who.int/data/gho/indicator-metadata-registry/imr-details/2346,PUBLISHED,Published,,2012,2012,,EUR,Europe,,ARM,Armenia,,SA_AWARENESS_CAMPAIGNS_YOUTH,awareness campaigns for youth,,Not used at all,,,,,,
SA_0000001721_ARCHIVED,Importance of measures for enhancing compliance with age limits,https://www.who.int/data/gho/indicator-metadata-registry/imr-details/2346,PUBLISHED,Published,,2012,2012,,EUR,Europe,,AUT,Austria,,SA_SERVER_TRAINING_VOLUNTARILY,voluntary server training,,Medium importance,,,,,,
SA_0000001721_ARCHIVED,Importance of measures for enhancing compliance with age limits,https://www.who.int/data/gho/indicator-metadata-registry/imr-details/2346,PUBLISHED,Published,,2012,2012,,EUR,Europe,,AUT,Austria,,SA_SERVER_TRAINING_NEEDED,server training needed for licensing,,Medium importance,,,,,,
SA_0000001721_ARCHIVED,Importance of measures for enhancing compliance with age limits,https://www.who.int/data/gho/indicator-metadata-registry/imr-details/2346,PUBLISHED,Published,,2012,2012,,EUR,Europe,,AUT,Austria,,SA_LEGAL_ENFORCEMENT,legal enforcement,,Medium importance,,,,,,
SA_0000001721_ARCHIVED,Importance of measures for enhancing compliance with age limits,https://www.who.int/data/gho/indicator-metadata-registry/imr-details/2346,PUBLISHED,Published,,2012,2012,,EUR,Europe,,AUT,Austria,,SA_MONITORING_THROUGH_TEST_PURCHASE,monitoring through test purchase,,Low importance,,,,,,
SA_0000001721_ARCHIVED,Importance of measures for enhancing compliance with age limits,https://www.who.int/data/gho/indicator-metadata-registry/imr-details/2346,PUBLISHED,Published,,2012,2012,,EUR,Europe,,AUT,Austria,,SA_AWARENESS_CAMPAIGNS_SELLERS_SERVERS,awareness campaigns for servers/sellers,,Medium importance,,,,,,
SA_0000001721_ARCHIVED,Importance of measures for enhancing compliance with age limits,https://www.who.int/data/gho/indicator-metadata-registry/imr-details/2346,PUBLISHED,Published,,2012,2012,,EUR,Europe,,AUT,Austria,,SA_AWARENESS_CAMPAIGNS_YOUTH,awareness campaigns for youth,,Medium importance,,,,,,
SA_0000001721_ARCHIVED,Importance of measures for enhancing compliance with age limits,https://www.who.int/data/gho/indicator-metadata-registry/imr-details/2346,PUBLISHED,Published,,2012,2012,,EUR,Europe,,AZE,Azerbaijan,,SA_SERVER_TRAINING_VOLUNTARILY,voluntary server training,,Not used  at  all,,,,,,
SA_0000001721_ARCHIVED,Importance of measures for enhancing compliance with age limits,https://www.who.int/data/gho/indicator-metadata-registry/imr-details/2346,PUBLISHED,Published,,2012,2012,,EUR,Europe,,AZE,Azerbaijan,,SA_SERVER_TRAINING_NEEDED,server training needed for licensing,,Not used at all,,,,,,
SA_0000001721_ARCHIVED,Importance of measures for enhancing compliance with age limits,https://www.who.int/data/gho/indicator-metadata-registry/imr-details/2346,PUBLISHED,Published,,2012,2012,,EUR,Europe,,AZE,Azerbaijan,,SA_LEGAL_ENFORCEMENT,legal enforcement,,Not used at all,,,,,,
SA_0000001721_ARCHIVED,Importance of measures for enhancing compliance with age limits,https://www.who.int/data/gho/indicator-metadata-registry/imr-details/2346,PUBLISHED,Published,,2012,2012,,EUR,Europe,,AZE,Azerbaijan,,SA_MONITORING_THROUGH_TEST_PURCHASE,monitoring through test purchase,,Not used at all,,,,,,
SA_0000001721_ARCHIVED,Importance of measures for enhancing compliance with age limits,https://www.who.int/data/gho/indicator-metadata-registry/imr-details/2346,PUBLISHED,Published,,2012,2012,,EUR,Europe,,AZE,Azerbaijan,,SA_AWARENESS_CAMPAIGNS_SELLERS_SERVERS,awareness campaigns for servers/sellers,,Not used at all,,,,,,
SA_0000001721_ARCHIVED,Importance of measures for enhancing compliance with age limits,https://www.who.int/data/gho/indicator-metadata-registry/imr-details/2346,PUBLISHED,Published,,2012,2012,,EUR,Europe,,AZE,Azerbaijan,,SA_AWARENESS_CAMPAIGNS_YOUTH,awareness campaigns for youth,,Not used at all,,,,,,
SA_0000001721_ARCHIVED,Importance of measures for enhancing compliance with age limits,https://www.who.int/data/gho/indicator-metadata-registry/imr-details/2346,PUBLISHED,Published,,2012,2012,,EUR,Europe,,BLR,Belarus,,SA_SERVER_TRAINING_VOLUNTARILY,voluntary server training,,Low importance,,,,,,
SA_0000001721_ARCHIVED,Importance of measures for enhancing compliance with age limits,https://www.who.int/data/gho/indicator-metadata-registry/imr-details/2346,PUBLISHED,Published,,2012,2012,,EUR,Europe,,BLR,Belarus,,SA_SERVER_TRAINING_NEEDED,server training needed for licensing,,Not used at all,,,,,,
SA_0000001721_ARCHIVED,Importance of measures for enhancing compliance with age limits,https://www.who.int/data/gho/indicator-metadata-registry/imr-details/2346,PUBLISHED,Published,,2012,2012,,EUR,Europe,,BLR,Belarus,,SA_LEGAL_ENFORCEMENT,legal enforcement,,High importance,,,,,,
SA_0000001721_ARCHIVED,Importance of measures for enhancing compliance with age limits,https://www.who.int/data/gho/indicator-metadata-registry/imr-details/2346,PUBLISHED,Published,,2012,2012,,EUR,Europe,,BLR,Belarus,,SA_MONITORING_THROUGH_TEST_PURCHASE,monitoring through test purchase,,Low importance,,,,,,
SA_0000001721_ARCHIVED,Importance of measures for enhancing compliance with age limits,https://www.who.int/data/gho/indicator-metadata-registry/imr-details/2346,PUBLISHED,Published,,2012,2012,,EUR,Europe,,BLR,Belarus,,SA_AWARENESS_CAMPAIGNS_SELLERS_SERVERS,awareness campaigns for servers/sellers,,Low importance,,,,,,
SA_0000001721_ARCHIVED,Importance of measures for enhancing compliance with age limits,https://www.who.int/data/gho/indicator-metadata-registry/imr-details/2346,PUBLISHED,Published,,2012,2012,,EUR,Europe,,BLR,Belarus,,SA_AWARENESS_CAMPAIGNS_YOUTH,awareness campaigns for youth,,Medium importance,,,,,,
SA_0000001721_ARCHIVED,Importance of measures for enhancing compliance with age limits,https://www.who.int/data/gho/indicator-metadata-registry/imr-details/2346,PUBLISHED,Published,,2012,2012,,EUR,Europe,,BEL,Belgium,,SA_SERVER_TRAINING_VOLUNTARILY,voluntary server training,,Low importance,,,,,,
SA_0000001721_ARCHIVED,Importance of measures for enhancing compliance with age limits,https://www.who.int/data/gho/indicator-metadata-registry/imr-details/2346,PUBLISHED,Published,,2012,2012,,EUR,Europe,,BEL,Belgium,,SA_SERVER_TRAINING_NEEDED,server training needed for licensing,,Not used at all,,,,,,
SA_0000001721_ARCHIVED,Importance of measures for enhancing compliance with age limits,https://www.who.int/data/gho/indicator-metadata-registry/imr-details/2346,PUBLISHED,Published,,2012,2012,,EUR,Europe,,BEL,Belgium,,SA_LEGAL_ENFORCEMENT,legal enforcement,,Medium importance,,,,,,
SA_0000001721_ARCHIVED,Importance of measures for enhancing compliance with age limits,https://www.who.int/data/gho/indicator-metadata-registry/imr-details/2346,PUBLISHED,Published,,2012,2012,,EUR,Europe,,BEL,Belgium,,SA_MONITORING_THROUGH_TEST_PURCHASE,monitoring through test purchase,,Medium importance,,,,,,
SA_0000001721_ARCHIVED,Importance of measures for enhancing compliance with age limits,https://www.who.int/data/gho/indicator-metadata-registry/imr-details/2346,PUBLISHED,Published,,2012,2012,,EUR,Europe,,BEL,Belgium,,SA_AWARENESS_CAMPAIGNS_SELLERS_SERVERS,awareness campaigns for servers/sellers,,Medium importance,,,,,,
SA_0000001721_ARCHIVED,Importance of measures for enhancing compliance with age limits,https://www.who.int/data/gho/indicator-metadata-registry/imr-details/2346,PUBLISHED,Published,,2012,2012,,EUR,Europe,,BEL,Belgium,,SA_AWARENESS_CAMPAIGNS_YOUTH,awareness campaigns for youth,,Low importance,,,,,,
SA_0000001721_ARCHIVED,Importance of measures for enhancing compliance with age limits,https://www.who.int/data/gho/indicator-metadata-registry/imr-details/2346,PUBLISHED,Published,,2012,2012,,EUR,Europe,,BIH,Bosnia and Herzegovina,,SA_SERVER_TRAINING_VOLUNTARILY,voluntary server training,,Low importance,,,,,,
SA_0000001721_ARCHIVED,Importance of measures for enhancing compliance with age limits,https://www.who.int/data/gho/indicator-metadata-registry/imr-details/2346,PUBLISHED,Published,,2012,2012,,EUR,Europe,,BIH,Bosnia and Herzegovina,,SA_SERVER_TRAINING_NEEDED,server training needed for licensing,,Medium importance,,,,,,
SA_0000001721_ARCHIVED,Importance of measures for enhancing compliance with age limits,https://www.who.int/data/gho/indicator-metadata-registry/imr-details/2346,PUBLISHED,Published,,2012,2012,,EUR,Europe,,BIH,Bosnia and Herzegovina,,SA_LEGAL_ENFORCEMENT,legal enforcement,,Medium importance,,,,,,
SA_0000001721_ARCHIVED,Importance of measures for enhancing compliance with age limits,https://www.who.int/data/gho/indicator-metadata-registry/imr-details/2346,PUBLISHED,Published,,2012,2012,,EUR,Europe,,BIH,Bosnia and Herzegovina,,SA_MONITORING_THROUGH_TEST_PURCHASE,monitoring through test purchase,,Low importance,,,,,,
SA_0000001721_ARCHIVED,Importance of measures for enhancing compliance with age limits,https://www.who.int/data/gho/indicator-metadata-registry/imr-details/2346,PUBLISHED,Published,,2012,2012,,EUR,Europe,,BIH,Bosnia and Herzegovina,,SA_AWARENESS_CAMPAIGNS_SELLERS_SERVERS,awareness campaigns for servers/sellers,,Low importance,,,,,,
SA_0000001721_ARCHIVED,Importance of measures for enhancing compliance with age limits,https://www.who.int/data/gho/indicator-metadata-registry/imr-details/2346,PUBLISHED,Published,,2012,2012,,EUR,Europe,,BIH,Bosnia and Herzegovina,,SA_AWARENESS_CAMPAIGNS_YOUTH,awareness campaigns for youth,,High importance,,,,,,
SA_0000001721_ARCHIVED,Importance of measures for enhancing compliance with age limits,https://www.who.int/data/gho/indicator-metadata-registry/imr-details/2346,PUBLISHED,Published,,2012,2012,,EUR,Europe,,BGR,Bulgaria,,SA_SERVER_TRAINING_VOLUNTARILY,voluntary server training,,Low importance,,,,,,
SA_0000001721_ARCHIVED,Importance of measures for enhancing compliance with age limits,https://www.who.int/data/gho/indicator-metadata-registry/imr-details/2346,PUBLISHED,Published,,2012,2012,,EUR,Europe,,BGR,Bulgaria,,SA_SERVER_TRAINING_NEEDED,server training needed for licensing,,Low importance,,,,,,
SA_0000001721_ARCHIVED,Importance of measures for enhancing compliance with age limits,https://www.who.int/data/gho/indicator-metadata-registry/imr-details/2346,PUBLISHED,Published,,2012,2012,,EUR,Europe,,BGR,Bulgaria,,SA_LEGAL_ENFORCEMENT,legal enforcement,,High importance,,,,,,
SA_0000001721_ARCHIVED,Importance of measures for enhancing compliance with age limits,https://www.who.int/data/gho/indicator-metadata-registry/imr-details/2346,PUBLISHED,Published,,2012,2012,,EUR,Europe,,BGR,Bulgaria,,SA_MONITORING_THROUGH_TEST_PURCHASE,monitoring through test purchase,,High importance,,,,,,
SA_0000001721_ARCHIVED,Importance of measures for enhancing compliance with age limits,https://www.who.int/data/gho/indicator-metadata-registry/imr-details/2346,PUBLISHED,Published,,2012,2012,,EUR,Europe,,BGR,Bulgaria,,SA_AWARENESS_CAMPAIGNS_SELLERS_SERVERS,awareness campaigns for servers/sellers,,Low importance,,,,,,
SA_0000001721_ARCHIVED,Importance of measures for enhancing compliance with age limits,https://www.who.int/data/gho/indicator-metadata-registry/imr-details/2346,PUBLISHED,Published,,2012,2012,,EUR,Europe,,BGR,Bulgaria,,SA_AWARENESS_CAMPAIGNS_YOUTH,awareness campaigns for youth,,Medium importance,,,,,,
SA_0000001721_ARCHIVED,Importance of measures for enhancing compliance with age limits,https://www.who.int/data/gho/indicator-metadata-registry/imr-details/2346,PUBLISHED,Published,,2012,2012,,EUR,Europe,,HRV,Croatia,,SA_SERVER_TRAINING_VOLUNTARILY,voluntary server training,,Low importance,,,,,,
SA_0000001721_ARCHIVED,Importance of measures for enhancing compliance with age limits,https://www.who.int/data/gho/indicator-metadata-registry/imr-details/2346,PUBLISHED,Published,,2012,2012,,EUR,Europe,,HRV,Croatia,,SA_SERVER_TRAINING_NEEDED,server training needed for licensing,,Low importance,,,,,,
SA_0000001721_ARCHIVED,Importance of measures for enhancing compliance with age limits,https://www.who.int/data/gho/indicator-metadata-registry/imr-details/2346,PUBLISHED,Published,,2012,2012,,EUR,Europe,,HRV,Croatia,,SA_LEGAL_ENFORCEMENT,legal enforcement,,High importance,,,,,,
SA_0000001721_ARCHIVED,Importance of measures for enhancing compliance with age limits,https://www.who.int/data/gho/indicator-metadata-registry/imr-details/2346,PUBLISHED,Published,,2012,2012,,EUR,Europe,,HRV,Croatia,,SA_MONITORING_THROUGH_TEST_PURCHASE,monitoring through test purchase,,High importance,,,,,,
SA_0000001721_ARCHIVED,Importance of measures for enhancing compliance with age limits,https://www.who.int/data/gho/indicator-metadata-registry/imr-details/2346,PUBLISHED,Published,,2012,2012,,EUR,Europe,,HRV,Croatia,,SA_AWARENESS_CAMPAIGNS_SELLERS_SERVERS,awareness campaigns for servers/sellers,,Medium importance,,,,,,
SA_0000001721_ARCHIVED,Importance of measures for enhancing compliance with age limits,https://www.who.int/data/gho/indicator-metadata-registry/imr-details/2346,PUBLISHED,Published,,2012,2012,,EUR,Europe,,HRV,Croatia,,SA_AWARENESS_CAMPAIGNS_YOUTH,awareness campaigns for youth,,High importance,,,,,,
SA_0000001721_ARCHIVED,Importance of measures for enhancing compliance with age limits,https://www.who.int/data/gho/indicator-metadata-registry/imr-details/2346,PUBLISHED,Published,,2012,2012,,EUR,Europe,,CYP,Cyprus,,SA_SERVER_TRAINING_VOLUNTARILY,voluntary server training,,High importance,,,,,,
SA_0000001721_ARCHIVED,Importance of measures for enhancing compliance with age limits,https://www.who.int/data/gho/indicator-metadata-registry/imr-details/2346,PUBLISHED,Published,,2012,2012,,EUR,Europe,,CYP,Cyprus,,SA_SERVER_TRAINING_NEEDED,server training needed for licensing,,Medium importance,,,,,,
SA_0000001721_ARCHIVED,Importance of measures for enhancing compliance with age limits,https://www.who.int/data/gho/indicator-metadata-registry/imr-details/2346,PUBLISHED,Published,,2012,2012,,EUR,Europe,,CYP,Cyprus,,SA_LEGAL_ENFORCEMENT,legal enforcement,,High importance,,,,,,
SA_0000001721_ARCHIVED,Importance of measures for enhancing compliance with age limits,https://www.who.int/data/gho/indicator-metadata-registry/imr-details/2346,PUBLISHED,Published,,2012,2012,,EUR,Europe,,CYP,Cyprus,,SA_MONITORING_THROUGH_TEST_PURCHASE,monitoring through test purchase,,Low importance,,,,,,
SA_0000001721_ARCHIVED,Importance of measures for enhancing compliance with age limits,https://www.who.int/data/gho/indicator-metadata-registry/imr-details/2346,PUBLISHED,Published,,2012,2012,,EUR,Europe,,CYP,Cyprus,,SA_AWARENESS_CAMPAIGNS_SELLERS_SERVERS,awareness campaigns for servers/sellers,,High importance,,,,,,
SA_0000001721_ARCHIVED,Importance of measures for enhancing compliance with age limits,https://www.who.int/data/gho/indicator-metadata-registry/imr-details/2346,PUBLISHED,Published,,2012,2012,,EUR,Europe,,CYP,Cyprus,,SA_AWARENESS_CAMPAIGNS_YOUTH,awareness campaigns for youth,,High importance,,,,,,
SA_0000001721_ARCHIVED,Importance of measures for enhancing compliance with age limits,https://www.who.int/data/gho/indicator-metadata-registry/imr-details/2346,PUBLISHED,Published,,2012,2012,,EUR,Europe,,CZE,Czechia,,SA_SERVER_TRAINING_VOLUNTARILY,voluntary server training,,High importance,,,,,,
SA_0000001721_ARCHIVED,Importance of measures for enhancing compliance with age limits,https://www.who.int/data/gho/indicator-metadata-registry/imr-details/2346,PUBLISHED,Published,,2012,2012,,EUR,Europe,,CZE,Czechia,,SA_SERVER_TRAINING_NEEDED,server training needed for licensing,,Not used at all,,,,,,
SA_0000001721_ARCHIVED,Importance of measures for enhancing compliance with age limits,https://www.who.int/data/gho/indicator-metadata-registry/imr-details/2346,PUBLISHED,Published,,2012,2012,,EUR,Europe,,CZE,Czechia,,SA_LEGAL_ENFORCEMENT,legal enforcement,,High importance,,,,,,
SA_0000001721_ARCHIVED,Importance of measures for enhancing compliance with age limits,https://www.who.int/data/gho/indicator-metadata-registry/imr-details/2346,PUBLISHED,Published,,2012,2012,,EUR,Europe,,CZE,Czechia,,SA_MONITORING_THROUGH_TEST_PURCHASE,monitoring through test purchase,,Low importance,,,,,,
SA_0000001721_ARCHIVED,Importance of measures for enhancing compliance with age limits,https://www.who.int/data/gho/indicator-metadata-registry/imr-details/2346,PUBLISHED,Published,,2012,2012,,EUR,Europe,,CZE,Czechia,,SA_AWARENESS_CAMPAIGNS_SELLERS_SERVERS,awareness campaigns for servers/sellers,,High importance,,,,,,
SA_0000001721_ARCHIVED,Importance of measures for enhancing compliance with age limits,https://www.who.int/data/gho/indicator-metadata-registry/imr-details/2346,PUBLISHED,Published,,2012,2012,,EUR,Europe,,CZE,Czechia,,SA_AWARENESS_CAMPAIGNS_YOUTH,awareness campaigns for youth,,High importance,,,,,,
SA_0000001721_ARCHIVED,Importance of measures for enhancing compliance with age limits,https://www.who.int/data/gho/indicator-metadata-registry/imr-details/2346,PUBLISHED,Published,,2012,2012,,EUR,Europe,,DNK,Denmark,,SA_SERVER_TRAINING_VOLUNTARILY,voluntary server training,,Low importance,,,,,,
SA_0000001721_ARCHIVED,Importance of measures for enhancing compliance with age limits,https://www.who.int/data/gho/indicator-metadata-registry/imr-details/2346,PUBLISHED,Published,,2012,2012,,EUR,Europe,,DNK,Denmark,,SA_SERVER_TRAINING_NEEDED,server training needed for licensing,,Not used at all,,,,,,
SA_0000001721_ARCHIVED,Importance of measures for enhancing compliance with age limits,https://www.who.int/data/gho/indicator-metadata-registry/imr-details/2346,PUBLISHED,Published,,2012,2012,,EUR,Europe,,DNK,Denmark,,SA_LEGAL_ENFORCEMENT,legal enforcement,,Low importance,,,,,,
SA_0000001721_ARCHIVED,Importance of measures for enhancing compliance with age limits,https://www.who.int/data/gho/indicator-metadata-registry/imr-details/2346,PUBLISHED,Published,,2012,2012,,EUR,Europe,,DNK,Denmark,,SA_MONITORING_THROUGH_TEST_PURCHASE,monitoring through test purchase,,Not used at all,,,,,,
SA_0000001721_ARCHIVED,Importance of measures for enhancing compliance with age limits,https://www.who.int/data/gho/indicator-metadata-registry/imr-details/2346,PUBLISHED,Published,,2012,2012,,EUR,Europe,,DNK,Denmark,,SA_AWARENESS_CAMPAIGNS_SELLERS_SERVERS,awareness campaigns for servers/sellers,,Medium importance,,,,,,
SA_0000001721_ARCHIVED,Importance of measures for enhancing compliance with age limits,https://www.who.int/data/gho/indicator-metadata-registry/imr-details/2346,PUBLISHED,Published,,2012,2012,,EUR,Europe,,DNK,Denmark,,SA_AWARENESS_CAMPAIGNS_YOUTH,awareness campaigns for youth,,Medium importance,,,,,,
SA_0000001721_ARCHIVED,Importance of measures for enhancing compliance with age limits,https://www.who.int/data/gho/indicator-metadata-registry/imr-details/2346,PUBLISHED,Published,,2012,2012,,EUR,Europe,,EST,Estonia,,SA_SERVER_TRAINING_VOLUNTARILY,voluntary server training,,Low importance,,,,,,
SA_0000001721_ARCHIVED,Importance of measures for enhancing compliance with age limits,https://www.who.int/data/gho/indicator-metadata-registry/imr-details/2346,PUBLISHED,Published,,2012,2012,,EUR,Europe,,EST,Estonia,,SA_SERVER_TRAINING_NEEDED,server training needed for licensing,,Not used at all,,,,,,
SA_0000001721_ARCHIVED,Importance of measures for enhancing compliance with age limits,https://www.who.int/data/gho/indicator-metadata-registry/imr-details/2346,PUBLISHED,Published,,2012,2012,,EUR,Europe,,EST,Estonia,,SA_LEGAL_ENFORCEMENT,legal enforcement,,Medium importance,,,,,,
SA_0000001721_ARCHIVED,Importance of measures for enhancing compliance with age limits,https://www.who.int/data/gho/indicator-metadata-registry/imr-details/2346,PUBLISHED,Published,,2012,2012,,EUR,Europe,,EST,Estonia,,SA_MONITORING_THROUGH_TEST_PURCHASE,monitoring through test purchase,,Not used at all,,,,,,
SA_0000001721_ARCHIVED,Importance of measures for enhancing compliance with age limits,https://www.who.int/data/gho/indicator-metadata-registry/imr-details/2346,PUBLISHED,Published,,2012,2012,,EUR,Europe,,EST,Estonia,,SA_AWARENESS_CAMPAIGNS_SELLERS_SERVERS,awareness campaigns for servers/sellers,,Low importance,,,,,,
SA_0000001721_ARCHIVED,Importance of measures for enhancing compliance with age limits,https://www.who.int/data/gho/indicator-metadata-registry/imr-details/2346,PUBLISHED,Published,,2012,2012,,EUR,Europe,,EST,Estonia,,SA_AWARENESS_CAMPAIGNS_YOUTH,awareness campaigns for youth,,Not used at all,,,,,,
SA_0000001721_ARCHIVED,Importance of measures for enhancing compliance with age limits,https://www.who.int/data/gho/indicator-metadata-registry/imr-details/2346,PUBLISHED,Published,,2012,2012,,EUR,Europe,,FIN,Finland,,SA_SERVER_TRAINING_VOLUNTARILY,voluntary server training,,Medium importance,,,,,,
SA_0000001721_ARCHIVED,Importance of measures for enhancing compliance with age limits,https://www.who.int/data/gho/indicator-metadata-registry/imr-details/2346,PUBLISHED,Published,,2012,2012,,EUR,Europe,,FIN,Finland,,SA_SERVER_TRAINING_NEEDED,server training needed for licensing,,Not used at all,,,,,,
SA_0000001721_ARCHIVED,Importance of measures for enhancing compliance with age limits,https://www.who.int/data/gho/indicator-metadata-registry/imr-details/2346,PUBLISHED,Published,,2012,2012,,EUR,Europe,,FIN,Finland,,SA_LEGAL_ENFORCEMENT,legal enforcement,,Medium importance,,,,,,
SA_0000001721_ARCHIVED,Importance of measures for enhancing compliance with age limits,https://www.who.int/data/gho/indicator-metadata-registry/imr-details/2346,PUBLISHED,Published,,2012,2012,,EUR,Europe,,FIN,Finland,,SA_MONITORING_THROUGH_TEST_PURCHASE,monitoring through test purchase,,Low importance,,,,,,
SA_0000001721_ARCHIVED,Importance of measures for enhancing compliance with age limits,https://www.who.int/data/gho/indicator-metadata-registry/imr-details/2346,PUBLISHED,Published,,2012,2012,,EUR,Europe,,FIN,Finland,,SA_AWARENESS_CAMPAIGNS_SELLERS_SERVERS,awareness campaigns for servers/sellers,,Low importance,,,,,,
SA_0000001721_ARCHIVED,Importance of measures for enhancing compliance with age limits,https://www.who.int/data/gho/indicator-metadata-registry/imr-details/2346,PUBLISHED,Published,,2012,2012,,EUR,Europe,,FIN,Finland,,SA_AWARENESS_CAMPAIGNS_YOUTH,awareness campaigns for youth,,Low importance,,,,,,
SA_0000001721_ARCHIVED,Importance of measures for enhancing compliance with age limits,https://www.who.int/data/gho/indicator-metadata-registry/imr-details/2346,PUBLISHED,Published,,2012,2012,,EUR,Europe,,FRA,France,,SA_SERVER_TRAINING_VOLUNTARILY,voluntary server training,,Medium importance,,,,,,
SA_0000001721_ARCHIVED,Importance of measures for enhancing compliance with age limits,https://www.who.int/data/gho/indicator-metadata-registry/imr-details/2346,PUBLISHED,Published,,2012,2012,,EUR,Europe,,FRA,France,,SA_SERVER_TRAINING_NEEDED,server training needed for licensing,,High importance,,,,,,
SA_0000001721_ARCHIVED,Importance of measures for enhancing compliance with age limits,https://www.who.int/data/gho/indicator-metadata-registry/imr-details/2346,PUBLISHED,Published,,2012,2012,,EUR,Europe,,FRA,France,,SA_LEGAL_ENFORCEMENT,legal enforcement,,High importance,,,,,,
SA_0000001721_ARCHIVED,Importance of measures for enhancing compliance with age limits,https://www.who.int/data/gho/indicator-metadata-registry/imr-details/2346,PUBLISHED,Published,,2012,2012,,EUR,Europe,,FRA,France,,SA_MONITORING_THROUGH_TEST_PURCHASE,monitoring through test purchase,,High importance,,,,,,
SA_0000001721_ARCHIVED,Importance of measures for enhancing compliance with age limits,https://www.who.int/data/gho/indicator-metadata-registry/imr-details/2346,PUBLISHED,Published,,2012,2012,,EUR,Europe,,FRA,France,,SA_AWARENESS_CAMPAIGNS_SELLERS_SERVERS,awareness campaigns for servers/sellers,,Medium importance,,,,,,
SA_0000001721_ARCHIVED,Importance of measures for enhancing compliance with age limits,https://www.who.int/data/gho/indicator-metadata-registry/imr-details/2346,PUBLISHED,Published,,2012,2012,,EUR,Europe,,FRA,France,,SA_AWARENESS_CAMPAIGNS_YOUTH,awareness campaigns for youth,,Low importance,,,,,,
SA_0000001721_ARCHIVED,Importance of measures for enhancing compliance with age limits,https://www.who.int/data/gho/indicator-metadata-registry/imr-details/2346,PUBLISHED,Published,,2012,2012,,EUR,Europe,,DEU,Germany,,SA_SERVER_TRAINING_VOLUNTARILY,voluntary server training,,High importance,,,,,,
SA_0000001721_ARCHIVED,Importance of measures for enhancing compliance with age limits,https://www.who.int/data/gho/indicator-metadata-registry/imr-details/2346,PUBLISHED,Published,,2012,2012,,EUR,Europe,,DEU,Germany,,SA_SERVER_TRAINING_NEEDED,server training needed for licensing,,Not used at all,,,,,,
SA_0000001721_ARCHIVED,Importance of measures for enhancing compliance with age limits,https://www.who.int/data/gho/indicator-metadata-registry/imr-details/2346,PUBLISHED,Published,,2012,2012,,EUR,Europe,,DEU,Germany,,SA_LEGAL_ENFORCEMENT,legal enforcement,,High importance,,,,,,
SA_0000001721_ARCHIVED,Importance of measures for enhancing compliance with age limits,https://www.who.int/data/gho/indicator-metadata-registry/imr-details/2346,PUBLISHED,Published,,2012,2012,,EUR,Europe,,DEU,Germany,,SA_MONITORING_THROUGH_TEST_PURCHASE,monitoring through test purchase,,Medium importance,,,,,,
SA_0000001721_ARCHIVED,Importance of measures for enhancing compliance with age limits,https://www.who.int/data/gho/indicator-metadata-registry/imr-details/2346,PUBLISHED,Published,,2012,2012,,EUR,Europe,,DEU,Germany,,SA_AWARENESS_CAMPAIGNS_SELLERS_SERVERS,awareness campaigns for servers/sellers,,High importance,,,,,,
SA_0000001721_ARCHIVED,Importance of measures for enhancing compliance with age limits,https://www.who.int/data/gho/indicator-metadata-registry/imr-details/2346,PUBLISHED,Published,,2012,2012,,EUR,Europe,,DEU,Germany,,SA_AWARENESS_CAMPAIGNS_YOUTH,awareness campaigns for youth,,Medium importance,,,,,,
SA_0000001721_ARCHIVED,Importance of measures for enhancing compliance with age limits,https://www.who.int/data/gho/indicator-metadata-registry/imr-details/2346,PUBLISHED,Published,,2012,2012,,EUR,Europe,,GRC,Greece,,SA_SERVER_TRAINING_VOLUNTARILY,voluntary server training,,Not used  at  all,,,,,,
SA_0000001721_ARCHIVED,Importance of measures for enhancing compliance with age limits,https://www.who.int/data/gho/indicator-metadata-registry/imr-details/2346,PUBLISHED,Published,,2012,2012,,EUR,Europe,,GRC,Greece,,SA_SERVER_TRAINING_NEEDED,server training needed for licensing,,Not used at all,,,,,,
SA_0000001721_ARCHIVED,Importance of measures for enhancing compliance with age limits,https://www.who.int/data/gho/indicator-metadata-registry/imr-details/2346,PUBLISHED,Published,,2012,2012,,EUR,Europe,,GRC,Greece,,SA_LEGAL_ENFORCEMENT,legal enforcement,,Medium importance,,,,,,
SA_0000001721_ARCHIVED,Importance of measures for enhancing compliance with age limits,https://www.who.int/data/gho/indicator-metadata-registry/imr-details/2346,PUBLISHED,Published,,2012,2012,,EUR,Europe,,GRC,Greece,,SA_MONITORING_THROUGH_TEST_PURCHASE,monitoring through test purchase,,Not used at all,,,,,,
SA_0000001721_ARCHIVED,Importance of measures for enhancing compliance with age limits,https://www.who.int/data/gho/indicator-metadata-registry/imr-details/2346,PUBLISHED,Published,,2012,2012,,EUR,Europe,,GRC,Greece,,SA_AWARENESS_CAMPAIGNS_SELLERS_SERVERS,awareness campaigns for servers/sellers,,Not used at all,,,,,,
SA_0000001721_ARCHIVED,Importance of measures for enhancing compliance with age limits,https://www.who.int/data/gho/indicator-metadata-registry/imr-details/2346,PUBLISHED,Published,,2012,2012,,EUR,Europe,,GRC,Greece,,SA_AWARENESS_CAMPAIGNS_YOUTH,awareness campaigns for youth,,Low importance,,,,,,
SA_0000001721_ARCHIVED,Importance of measures for enhancing compliance with age limits,https://www.who.int/data/gho/indicator-metadata-registry/imr-details/2346,PUBLISHED,Published,,2012,2012,,EUR,Europe,,HUN,Hungary,,SA_SERVER_TRAINING_VOLUNTARILY,voluntary server training,,Low importance,,,,,,
SA_0000001721_ARCHIVED,Importance of measures for enhancing compliance with age limits,https://www.who.int/data/gho/indicator-metadata-registry/imr-details/2346,PUBLISHED,Published,,2012,2012,,EUR,Europe,,HUN,Hungary,,SA_SERVER_TRAINING_NEEDED,server training needed for licensing,,Not used at all,,,,,,
SA_0000001721_ARCHIVED,Importance of measures for enhancing compliance with age limits,https://www.who.int/data/gho/indicator-metadata-registry/imr-details/2346,PUBLISHED,Published,,2012,2012,,EUR,Europe,,HUN,Hungary,,SA_LEGAL_ENFORCEMENT,legal enforcement,,Medium importance,,,,,,
SA_0000001721_ARCHIVED,Importance of measures for enhancing compliance with age limits,https://www.who.int/data/gho/indicator-metadata-registry/imr-details/2346,PUBLISHED,Published,,2012,2012,,EUR,Europe,,HUN,Hungary,,SA_MONITORING_THROUGH_TEST_PURCHASE,monitoring through test purchase,,Medium importance,,,,,,
SA_0000001721_ARCHIVED,Importance of measures for enhancing compliance with age limits,https://www.who.int/data/gho/indicator-metadata-registry/imr-details/2346,PUBLISHED,Published,,2012,2012,,EUR,Europe,,HUN,Hungary,,SA_AWARENESS_CAMPAIGNS_SELLERS_SERVERS,awareness campaigns for servers/sellers,,Low importance,,,,,,
SA_0000001721_ARCHIVED,Importance of measures for enhancing compliance with age limits,https://www.who.int/data/gho/indicator-metadata-registry/imr-details/2346,PUBLISHED,Published,,2012,2012,,EUR,Europe,,HUN,Hungary,,SA_AWARENESS_CAMPAIGNS_YOUTH,awareness campaigns for youth,,Low importance,,,,,,
SA_0000001721_ARCHIVED,Importance of measures for enhancing compliance with age limits,https://www.who.int/data/gho/indicator-metadata-registry/imr-details/2346,PUBLISHED,Published,,2012,2012,,EUR,Europe,,ISL,Iceland,,SA_SERVER_TRAINING_VOLUNTARILY,voluntary server training,,Low importance,,,,,,
SA_0000001721_ARCHIVED,Importance of measures for enhancing compliance with age limits,https://www.who.int/data/gho/indicator-metadata-registry/imr-details/2346,PUBLISHED,Published,,2012,2012,,EUR,Europe,,ISL,Iceland,,SA_SERVER_TRAINING_NEEDED,server training needed for licensing,,Medium importance,,,,,,
SA_0000001721_ARCHIVED,Importance of measures for enhancing compliance with age limits,https://www.who.int/data/gho/indicator-metadata-registry/imr-details/2346,PUBLISHED,Published,,2012,2012,,EUR,Europe,,ISL,Iceland,,SA_LEGAL_ENFORCEMENT,legal enforcement,,High importance,,,,,,
SA_0000001721_ARCHIVED,Importance of measures for enhancing compliance with age limits,https://www.who.int/data/gho/indicator-metadata-registry/imr-details/2346,PUBLISHED,Published,,2012,2012,,EUR,Europe,,ISL,Iceland,,SA_MONITORING_THROUGH_TEST_PURCHASE,monitoring through test purchase,,Low importance,,,,,,
SA_0000001721_ARCHIVED,Importance of measures for enhancing compliance with age limits,https://www.who.int/data/gho/indicator-metadata-registry/imr-details/2346,PUBLISHED,Published,,2012,2012,,EUR,Europe,,ISL,Iceland,,SA_AWARENESS_CAMPAIGNS_SELLERS_SERVERS,awareness campaigns for servers/sellers,,Not used at all,,,,,,
SA_0000001721_ARCHIVED,Importance of measures for enhancing compliance with age limits,https://www.who.int/data/gho/indicator-metadata-registry/imr-details/2346,PUBLISHED,Published,,2012,2012,,EUR,Europe,,ISL,Iceland,,SA_AWARENESS_CAMPAIGNS_YOUTH,awareness campaigns for youth,,Medium importance,,,,,,
SA_0000001721_ARCHIVED,Importance of measures for enhancing compliance with age limits,https://www.who.int/data/gho/indicator-metadata-registry/imr-details/2346,PUBLISHED,Published,,2012,2012,,EUR,Europe,,IRL,Ireland,,SA_SERVER_TRAINING_VOLUNTARILY,voluntary server training,,Medium importance,,,,,,
SA_0000001721_ARCHIVED,Importance of measures for enhancing compliance with age limits,https://www.who.int/data/gho/indicator-metadata-registry/imr-details/2346,PUBLISHED,Published,,2012,2012,,EUR,Europe,,IRL,Ireland,,SA_SERVER_TRAINING_NEEDED,server training needed for licensing,,Medium importance,,,,,,
SA_0000001721_ARCHIVED,Importance of measures for enhancing compliance with age limits,https://www.who.int/data/gho/indicator-metadata-registry/imr-details/2346,PUBLISHED,Published,,2012,2012,,EUR,Europe,,IRL,Ireland,,SA_LEGAL_ENFORCEMENT,legal enforcement,,High importance,,,,,,
SA_0000001721_ARCHIVED,Importance of measures for enhancing compliance with age limits,https://www.who.int/data/gho/indicator-metadata-registry/imr-details/2346,PUBLISHED,Published,,2012,2012,,EUR,Europe,,IRL,Ireland,,SA_MONITORING_THROUGH_TEST_PURCHASE,monitoring through test purchase,,High importance,,,,,,
SA_0000001721_ARCHIVED,Importance of measures for enhancing compliance with age limits,https://www.who.int/data/gho/indicator-metadata-registry/imr-details/2346,PUBLISHED,Published,,2012,2012,,EUR,Europe,,IRL,Ireland,,SA_AWARENESS_CAMPAIGNS_SELLERS_SERVERS,awareness campaigns for servers/sellers,,Medium importance,,,,,,
SA_0000001721_ARCHIVED,Importance of measures for enhancing compliance with age limits,https://www.who.int/data/gho/indicator-metadata-registry/imr-details/2346,PUBLISHED,Published,,2012,2012,,EUR,Europe,,IRL,Ireland,,SA_AWARENESS_CAMPAIGNS_YOUTH,awareness campaigns for youth,,Medium importance,,,,,,
SA_0000001721_ARCHIVED,Importance of measures for enhancing compliance with age limits,https://www.who.int/data/gho/indicator-metadata-registry/imr-details/2346,PUBLISHED,Published,,2012,2012,,EUR,Europe,,ISR,Israel,,SA_SERVER_TRAINING_VOLUNTARILY,voluntary server training,,Not used  at  all,,,,,,
SA_0000001721_ARCHIVED,Importance of measures for enhancing compliance with age limits,https://www.who.int/data/gho/indicator-metadata-registry/imr-details/2346,PUBLISHED,Published,,2012,2012,,EUR,Europe,,ISR,Israel,,SA_SERVER_TRAINING_NEEDED,server training needed for licensing,,Not used at all,,,,,,
SA_0000001721_ARCHIVED,Importance of measures for enhancing compliance with age limits,https://www.who.int/data/gho/indicator-metadata-registry/imr-details/2346,PUBLISHED,Published,,2012,2012,,EUR,Europe,,ISR,Israel,,SA_LEGAL_ENFORCEMENT,legal enforcement,,High importance,,,,,,
SA_0000001721_ARCHIVED,Importance of measures for enhancing compliance with age limits,https://www.who.int/data/gho/indicator-metadata-registry/imr-details/2346,PUBLISHED,Published,,2012,2012,,EUR,Europe,,ISR,Israel,,SA_MONITORING_THROUGH_TEST_PURCHASE,monitoring through test purchase,,Medium importance,,,,,,
SA_0000001721_ARCHIVED,Importance of measures for enhancing compliance with age limits,https://www.who.int/data/gho/indicator-metadata-registry/imr-details/2346,PUBLISHED,Published,,2012,2012,,EUR,Europe,,ISR,Israel,,SA_AWARENESS_CAMPAIGNS_SELLERS_SERVERS,awareness campaigns for servers/sellers,,Not used at all,,,,,,
SA_0000001721_ARCHIVED,Importance of measures for enhancing compliance with age limits,https://www.who.int/data/gho/indicator-metadata-registry/imr-details/2346,PUBLISHED,Published,,2012,2012,,EUR,Europe,,ISR,Israel,,SA_AWARENESS_CAMPAIGNS_YOUTH,awareness campaigns for youth,,High importance,,,,,,
SA_0000001721_ARCHIVED,Importance of measures for enhancing compliance with age limits,https://www.who.int/data/gho/indicator-metadata-registry/imr-details/2346,PUBLISHED,Published,,2012,2012,,EUR,Europe,,ITA,Italy,,SA_SERVER_TRAINING_VOLUNTARILY,voluntary server training,,High importance,,,,,,
SA_0000001721_ARCHIVED,Importance of measures for enhancing compliance with age limits,https://www.who.int/data/gho/indicator-metadata-registry/imr-details/2346,PUBLISHED,Published,,2012,2012,,EUR,Europe,,ITA,Italy,,SA_SERVER_TRAINING_NEEDED,server training needed for licensing,,High importance,,,,,,
SA_0000001721_ARCHIVED,Importance of measures for enhancing compliance with age limits,https://www.who.int/data/gho/indicator-metadata-registry/imr-details/2346,PUBLISHED,Published,,2012,2012,,EUR,Europe,,ITA,Italy,,SA_LEGAL_ENFORCEMENT,legal enforcement,,High importance,,,,,,
SA_0000001721_ARCHIVED,Importance of measures for enhancing compliance with age limits,https://www.who.int/data/gho/indicator-metadata-registry/imr-details/2346,PUBLISHED,Published,,2012,2012,,EUR,Europe,,ITA,Italy,,SA_MONITORING_THROUGH_TEST_PURCHASE,monitoring through test purchase,,Low importance,,,,,,
SA_0000001721_ARCHIVED,Importance of measures for enhancing compliance with age limits,https://www.who.int/data/gho/indicator-metadata-registry/imr-details/2346,PUBLISHED,Published,,2012,2012,,EUR,Europe,,ITA,Italy,,SA_AWARENESS_CAMPAIGNS_SELLERS_SERVERS,awareness campaigns for servers/sellers,,Medium importance,,,,,,
SA_0000001721_ARCHIVED,Importance of measures for enhancing compliance with age limits,https://www.who.int/data/gho/indicator-metadata-registry/imr-details/2346,PUBLISHED,Published,,2012,2012,,EUR,Europe,,ITA,Italy,,SA_AWARENESS_CAMPAIGNS_YOUTH,awareness campaigns for youth,,High importance,,,,,,
SA_0000001721_ARCHIVED,Importance of measures for enhancing compliance with age limits,https://www.who.int/data/gho/indicator-metadata-registry/imr-details/2346,PUBLISHED,Published,,2012,2012,,EUR,Europe,,KGZ,Kyrgyzstan,,SA_SERVER_TRAINING_VOLUNTARILY,voluntary server training,,Not used  at  all,,,,,,
SA_0000001721_ARCHIVED,Importance of measures for enhancing compliance with age limits,https://www.who.int/data/gho/indicator-metadata-registry/imr-details/2346,PUBLISHED,Published,,2012,2012,,EUR,Europe,,KGZ,Kyrgyzstan,,SA_SERVER_TRAINING_NEEDED,server training needed for licensing,,Not used at all,,,,,,
SA_0000001721_ARCHIVED,Importance of measures for enhancing compliance with age limits,https://www.who.int/data/gho/indicator-metadata-registry/imr-details/2346,PUBLISHED,Published,,2012,2012,,EUR,Europe,,KGZ,Kyrgyzstan,,SA_LEGAL_ENFORCEMENT,legal enforcement,,Not used at all,,,,,,
SA_0000001721_ARCHIVED,Importance of measures for enhancing compliance with age limits,https://www.who.int/data/gho/indicator-metadata-registry/imr-details/2346,PUBLISHED,Published,,2012,2012,,EUR,Europe,,KGZ,Kyrgyzstan,,SA_MONITORING_THROUGH_TEST_PURCHASE,monitoring through test purchase,,Low importance,,,,,,
SA_0000001721_ARCHIVED,Importance of measures for enhancing compliance with age limits,https://www.who.int/data/gho/indicator-metadata-registry/imr-details/2346,PUBLISHED,Published,,2012,2012,,EUR,Europe,,KGZ,Kyrgyzstan,,SA_AWARENESS_CAMPAIGNS_SELLERS_SERVERS,awareness campaigns for servers/sellers,,Not used at all,,,,,,
SA_0000001721_ARCHIVED,Importance of measures for enhancing compliance with age limits,https://www.who.int/data/gho/indicator-metadata-registry/imr-details/2346,PUBLISHED,Published,,2012,2012,,EUR,Europe,,KGZ,Kyrgyzstan,,SA_AWARENESS_CAMPAIGNS_YOUTH,awareness campaigns for youth,,Medium importance,,,,,,
SA_0000001721_ARCHIVED,Importance of measures for enhancing compliance with age limits,https://www.who.int/data/gho/indicator-metadata-registry/imr-details/2346,PUBLISHED,Published,,2012,2012,,EUR,Europe,,LVA,Latvia,,SA_SERVER_TRAINING_VOLUNTARILY,voluntary server training,,Low importance,,,,,,
SA_0000001721_ARCHIVED,Importance of measures for enhancing compliance with age limits,https://www.who.int/data/gho/indicator-metadata-registry/imr-details/2346,PUBLISHED,Published,,2012,2012,,EUR,Europe,,LVA,Latvia,,SA_SERVER_TRAINING_NEEDED,server training needed for licensing,,Not used at all,,,,,,
SA_0000001721_ARCHIVED,Importance of measures for enhancing compliance with age limits,https://www.who.int/data/gho/indicator-metadata-registry/imr-details/2346,PUBLISHED,Published,,2012,2012,,EUR,Europe,,LVA,Latvia,,SA_LEGAL_ENFORCEMENT,legal enforcement,,Medium importance,,,,,,
SA_0000001721_ARCHIVED,Importance of measures for enhancing compliance with age limits,https://www.who.int/data/gho/indicator-metadata-registry/imr-details/2346,PUBLISHED,Published,,2012,2012,,EUR,Europe,,LVA,Latvia,,SA_MONITORING_THROUGH_TEST_PURCHASE,monitoring through test purchase,,Low importance,,,,,,
SA_0000001721_ARCHIVED,Importance of measures for enhancing compliance with age limits,https://www.who.int/data/gho/indicator-metadata-registry/imr-details/2346,PUBLISHED,Published,,2012,2012,,EUR,Europe,,LVA,Latvia,,SA_AWARENESS_CAMPAIGNS_SELLERS_SERVERS,awareness campaigns for servers/sellers,,Not used at all,,,,,,
SA_0000001721_ARCHIVED,Importance of measures for enhancing compliance with age limits,https://www.who.int/data/gho/indicator-metadata-registry/imr-details/2346,PUBLISHED,Published,,2012,2012,,EUR,Europe,,LVA,Latvia,,SA_AWARENESS_CAMPAIGNS_YOUTH,awareness campaigns for youth,,Low importance,,,,,,
SA_0000001721_ARCHIVED,Importance of measures for enhancing compliance with age limits,https://www.who.int/data/gho/indicator-metadata-registry/imr-details/2346,PUBLISHED,Published,,2012,2012,,EUR,Europe,,LTU,Lithuania,,SA_SERVER_TRAINING_VOLUNTARILY,voluntary server training,,Low importance,,,,,,
SA_0000001721_ARCHIVED,Importance of measures for enhancing compliance with age limits,https://www.who.int/data/gho/indicator-metadata-registry/imr-details/2346,PUBLISHED,Published,,2012,2012,,EUR,Europe,,LTU,Lithuania,,SA_SERVER_TRAINING_NEEDED,server training needed for licensing,,High importance,,,,,,
SA_0000001721_ARCHIVED,Importance of measures for enhancing compliance with age limits,https://www.who.int/data/gho/indicator-metadata-registry/imr-details/2346,PUBLISHED,Published,,2012,2012,,EUR,Europe,,LTU,Lithuania,,SA_LEGAL_ENFORCEMENT,legal enforcement,,High importance,,,,,,
SA_0000001721_ARCHIVED,Importance of measures for enhancing compliance with age limits,https://www.who.int/data/gho/indicator-metadata-registry/imr-details/2346,PUBLISHED,Published,,2012,2012,,EUR,Europe,,LTU,Lithuania,,SA_MONITORING_THROUGH_TEST_PURCHASE,monitoring through test purchase,,High importance,,,,,,
SA_0000001721_ARCHIVED,Importance of measures for enhancing compliance with age limits,https://www.who.int/data/gho/indicator-metadata-registry/imr-details/2346,PUBLISHED,Published,,2012,2012,,EUR,Europe,,LTU,Lithuania,,SA_AWARENESS_CAMPAIGNS_SELLERS_SERVERS,awareness campaigns for servers/sellers,,High importance,,,,,,
SA_0000001721_ARCHIVED,Importance of measures for enhancing compliance with age limits,https://www.who.int/data/gho/indicator-metadata-registry/imr-details/2346,PUBLISHED,Published,,2012,2012,,EUR,Europe,,LTU,Lithuania,,SA_AWARENESS_CAMPAIGNS_YOUTH,awareness campaigns for youth,,High importance,,,,,,
SA_0000001721_ARCHIVED,Importance of measures for enhancing compliance with age limits,https://www.who.int/data/gho/indicator-metadata-registry/imr-details/2346,PUBLISHED,Published,,2012,2012,,EUR,Europe,,LUX,Luxembourg,,SA_SERVER_TRAINING_VOLUNTARILY,voluntary server training,,Not used  at  all,,,,,,
SA_0000001721_ARCHIVED,Importance of measures for enhancing compliance with age limits,https://www.who.int/data/gho/indicator-metadata-registry/imr-details/2346,PUBLISHED,Published,,2012,2012,,EUR,Europe,,LUX,Luxembourg,,SA_SERVER_TRAINING_NEEDED,server training needed for licensing,,Medium importance,,,,,,
SA_0000001721_ARCHIVED,Importance of measures for enhancing compliance with age limits,https://www.who.int/data/gho/indicator-metadata-registry/imr-details/2346,PUBLISHED,Published,,2012,2012,,EUR,Europe,,LUX,Luxembourg,,SA_LEGAL_ENFORCEMENT,legal enforcement,,Medium importance,,,,,,
SA_0000001721_ARCHIVED,Importance of measures for enhancing compliance with age limits,https://www.who.int/data/gho/indicator-metadata-registry/imr-details/2346,PUBLISHED,Published,,2012,2012,,EUR,Europe,,LUX,Luxembourg,,SA_MONITORING_THROUGH_TEST_PURCHASE,monitoring through test purchase,,Not used at all,,,,,,
SA_0000001721_ARCHIVED,Importance of measures for enhancing compliance with age limits,https://www.who.int/data/gho/indicator-metadata-registry/imr-details/2346,PUBLISHED,Published,,2012,2012,,EUR,Europe,,LUX,Luxembourg,,SA_AWARENESS_CAMPAIGNS_SELLERS_SERVERS,awareness campaigns for servers/sellers,,High importance,,,,,,
SA_0000001721_ARCHIVED,Importance of measures for enhancing compliance with age limits,https://www.who.int/data/gho/indicator-metadata-registry/imr-details/2346,PUBLISHED,Published,,2012,2012,,EUR,Europe,,LUX,Luxembourg,,SA_AWARENESS_CAMPAIGNS_YOUTH,awareness campaigns for youth,,High importance,,,,,,
SA_0000001721_ARCHIVED,Importance of measures for enhancing compliance with age limits,https://www.who.int/data/gho/indicator-metadata-registry/imr-details/2346,PUBLISHED,Published,,2012,2012,,EUR,Europe,,MLT,Malta,,SA_SERVER_TRAINING_VOLUNTARILY,voluntary server training,,Medium importance,,,,,,
SA_0000001721_ARCHIVED,Importance of measures for enhancing compliance with age limits,https://www.who.int/data/gho/indicator-metadata-registry/imr-details/2346,PUBLISHED,Published,,2012,2012,,EUR,Europe,,MLT,Malta,,SA_SERVER_TRAINING_NEEDED,server training needed for licensing,,Not used at all,,,,,,
SA_0000001721_ARCHIVED,Importance of measures for enhancing compliance with age limits,https://www.who.int/data/gho/indicator-metadata-registry/imr-details/2346,PUBLISHED,Published,,2012,2012,,EUR,Europe,,MLT,Malta,,SA_LEGAL_ENFORCEMENT,legal enforcement,,Medium importance,,,,,,
SA_0000001721_ARCHIVED,Importance of measures for enhancing compliance with age limits,https://www.who.int/data/gho/indicator-metadata-registry/imr-details/2346,PUBLISHED,Published,,2012,2012,,EUR,Europe,,MLT,Malta,,SA_MONITORING_THROUGH_TEST_PURCHASE,monitoring through test purchase,,Not used at all,,,,,,
SA_0000001721_ARCHIVED,Importance of measures for enhancing compliance with age limits,https://www.who.int/data/gho/indicator-metadata-registry/imr-details/2346,PUBLISHED,Published,,2012,2012,,EUR,Europe,,MLT,Malta,,SA_AWARENESS_CAMPAIGNS_SELLERS_SERVERS,awareness campaigns for servers/sellers,,Low importance,,,,,,
SA_0000001721_ARCHIVED,Importance of measures for enhancing compliance with age limits,https://www.who.int/data/gho/indicator-metadata-registry/imr-details/2346,PUBLISHED,Published,,2012,2012,,EUR,Europe,,MLT,Malta,,SA_AWARENESS_CAMPAIGNS_YOUTH,awareness campaigns for youth,,High importance,,,,,,
SA_0000001721_ARCHIVED,Importance of measures for enhancing compliance with age limits,https://www.who.int/data/gho/indicator-metadata-registry/imr-details/2346,PUBLISHED,Published,,2012,2012,,EUR,Europe,,MNE,Montenegro,,SA_SERVER_TRAINING_VOLUNTARILY,voluntary server training,,Low importance,,,,,,
SA_0000001721_ARCHIVED,Importance of measures for enhancing compliance with age limits,https://www.who.int/data/gho/indicator-metadata-registry/imr-details/2346,PUBLISHED,Published,,2012,2012,,EUR,Europe,,MNE,Montenegro,,SA_SERVER_TRAINING_NEEDED,server training needed for licensing,,High importance,,,,,,
SA_0000001721_ARCHIVED,Importance of measures for enhancing compliance with age limits,https://www.who.int/data/gho/indicator-metadata-registry/imr-details/2346,PUBLISHED,Published,,2012,2012,,EUR,Europe,,MNE,Montenegro,,SA_LEGAL_ENFORCEMENT,legal enforcement,,High importance,,,,,,
SA_0000001721_ARCHIVED,Importance of measures for enhancing compliance with age limits,https://www.who.int/data/gho/indicator-metadata-registry/imr-details/2346,PUBLISHED,Published,,2012,2012,,EUR,Europe,,MNE,Montenegro,,SA_MONITORING_THROUGH_TEST_PURCHASE,monitoring through test purchase,,High importance,,,,,,
SA_0000001721_ARCHIVED,Importance of measures for enhancing compliance with age limits,https://www.who.int/data/gho/indicator-metadata-registry/imr-details/2346,PUBLISHED,Published,,2012,2012,,EUR,Europe,,MNE,Montenegro,,SA_AWARENESS_CAMPAIGNS_SELLERS_SERVERS,awareness campaigns for servers/sellers,,High importance,,,,,,
SA_0000001721_ARCHIVED,Importance of measures for enhancing compliance with age limits,https://www.who.int/data/gho/indicator-metadata-registry/imr-details/2346,PUBLISHED,Published,,2012,2012,,EUR,Europe,,MNE,Montenegro,,SA_AWARENESS_CAMPAIGNS_YOUTH,awareness campaigns for youth,,High importance,,,,,,
SA_0000001721_ARCHIVED,Importance of measures for enhancing compliance with age limits,https://www.who.int/data/gho/indicator-metadata-registry/imr-details/2346,PUBLISHED,Published,,2012,2012,,EUR,Europe,,NLD,Netherlands,,SA_SERVER_TRAINING_VOLUNTARILY,voluntary server training,,High importance,,,,,,
SA_0000001721_ARCHIVED,Importance of measures for enhancing compliance with age limits,https://www.who.int/data/gho/indicator-metadata-registry/imr-details/2346,PUBLISHED,Published,,2012,2012,,EUR,Europe,,NLD,Netherlands,,SA_SERVER_TRAINING_NEEDED,server training needed for licensing,,High importance,,,,,,
SA_0000001721_ARCHIVED,Importance of measures for enhancing compliance with age limits,https://www.who.int/data/gho/indicator-metadata-registry/imr-details/2346,PUBLISHED,Published,,2012,2012,,EUR,Europe,,NLD,Netherlands,,SA_LEGAL_ENFORCEMENT,legal enforcement,,High importance,,,,,,
SA_0000001721_ARCHIVED,Importance of measures for enhancing compliance with age limits,https://www.who.int/data/gho/indicator-metadata-registry/imr-details/2346,PUBLISHED,Published,,2012,2012,,EUR,Europe,,NLD,Netherlands,,SA_MONITORING_THROUGH_TEST_PURCHASE,monitoring through test purchase,,High importance,,,,,,
SA_0000001721_ARCHIVED,Importance of measures for enhancing compliance with age limits,https://www.who.int/data/gho/indicator-metadata-registry/imr-details/2346,PUBLISHED,Published,,2012,2012,,EUR,Europe,,NLD,Netherlands,,SA_AWARENESS_CAMPAIGNS_SELLERS_SERVERS,awareness campaigns for servers/sellers,,High importance,,,,,,
SA_0000001721_ARCHIVED,Importance of measures for enhancing compliance with age limits,https://www.who.int/data/gho/indicator-metadata-registry/imr-details/2346,PUBLISHED,Published,,2012,2012,,EUR,Europe,,NLD,Netherlands,,SA_AWARENESS_CAMPAIGNS_YOUTH,awareness campaigns for youth,,High importance,,,,,,
SA_0000001721_ARCHIVED,Importance of measures for enhancing compliance with age limits,https://www.who.int/data/gho/indicator-metadata-registry/imr-details/2346,PUBLISHED,Published,,2012,2012,,EUR,Europe,,NOR,Norway,,SA_SERVER_TRAINING_VOLUNTARILY,voluntary server training,,Low importance,,,,,,
SA_0000001721_ARCHIVED,Importance of measures for enhancing compliance with age limits,https://www.who.int/data/gho/indicator-metadata-registry/imr-details/2346,PUBLISHED,Published,,2012,2012,,EUR,Europe,,NOR,Norway,,SA_SERVER_TRAINING_NEEDED,server training needed for licensing,,Medium importance,,,,,,
SA_0000001721_ARCHIVED,Importance of measures for enhancing compliance with age limits,https://www.who.int/data/gho/indicator-metadata-registry/imr-details/2346,PUBLISHED,Published,,2012,2012,,EUR,Europe,,NOR,Norway,,SA_LEGAL_ENFORCEMENT,legal enforcement,,Low importance,,,,,,
SA_0000001721_ARCHIVED,Importance of measures for enhancing compliance with age limits,https://www.who.int/data/gho/indicator-metadata-registry/imr-details/2346,PUBLISHED,Published,,2012,2012,,EUR,Europe,,NOR,Norway,,SA_MONITORING_THROUGH_TEST_PURCHASE,monitoring through test purchase,,Medium importance,,,,,,
SA_0000001721_ARCHIVED,Importance of measures for enhancing compliance with age limits,https://www.who.int/data/gho/indicator-metadata-registry/imr-details/2346,PUBLISHED,Published,,2012,2012,,EUR,Europe,,NOR,Norway,,SA_AWARENESS_CAMPAIGNS_SELLERS_SERVERS,awareness campaigns for servers/sellers,,Low importance,,,,,,
SA_0000001721_ARCHIVED,Importance of measures for enhancing compliance with age limits,https://www.who.int/data/gho/indicator-metadata-registry/imr-details/2346,PUBLISHED,Published,,2012,2012,,EUR,Europe,,NOR,Norway,,SA_AWARENESS_CAMPAIGNS_YOUTH,awareness campaigns for youth,,Low importance,,,,,,
SA_0000001721_ARCHIVED,Importance of measures for enhancing compliance with age limits,https://www.who.int/data/gho/indicator-metadata-registry/imr-details/2346,PUBLISHED,Published,,2012,2012,,EUR,Europe,,POL,Poland,,SA_SERVER_TRAINING_VOLUNTARILY,voluntary server training,,High importance,,,,,,
SA_0000001721_ARCHIVED,Importance of measures for enhancing compliance with age limits,https://www.who.int/data/gho/indicator-metadata-registry/imr-details/2346,PUBLISHED,Published,,2012,2012,,EUR,Europe,,POL,Poland,,SA_SERVER_TRAINING_NEEDED,server training needed for licensing,,Not used at all,,,,,,
SA_0000001721_ARCHIVED,Importance of measures for enhancing compliance with age limits,https://www.who.int/data/gho/indicator-metadata-registry/imr-details/2346,PUBLISHED,Published,,2012,2012,,EUR,Europe,,POL,Poland,,SA_LEGAL_ENFORCEMENT,legal enforcement,,Medium importance,,,,,,
SA_0000001721_ARCHIVED,Importance of measures for enhancing compliance with age limits,https://www.who.int/data/gho/indicator-metadata-registry/imr-details/2346,PUBLISHED,Published,,2012,2012,,EUR,Europe,,POL,Poland,,SA_MONITORING_THROUGH_TEST_PURCHASE,monitoring through test purchase,,Medium importance,,,,,,
SA_0000001721_ARCHIVED,Importance of measures for enhancing compliance with age limits,https://www.who.int/data/gho/indicator-metadata-registry/imr-details/2346,PUBLISHED,Published,,2012,2012,,EUR,Europe,,POL,Poland,,SA_AWARENESS_CAMPAIGNS_SELLERS_SERVERS,awareness campaigns for servers/sellers,,Medium importance,,,,,,
SA_0000001721_ARCHIVED,Importance of measures for enhancing compliance with age limits,https://www.who.int/data/gho/indicator-metadata-registry/imr-details/2346,PUBLISHED,Published,,2012,2012,,EUR,Europe,,POL,Poland,,SA_AWARENESS_CAMPAIGNS_YOUTH,awareness campaigns for youth,,Low importance,,,,,,
SA_0000001721_ARCHIVED,Importance of measures for enhancing compliance with age limits,https://www.who.int/data/gho/indicator-metadata-registry/imr-details/2346,PUBLISHED,Published,,2012,2012,,EUR,Europe,,PRT,Portugal,,SA_SERVER_TRAINING_VOLUNTARILY,voluntary server training,,Medium importance,,,,,,
SA_0000001721_ARCHIVED,Importance of measures for enhancing compliance with age limits,https://www.who.int/data/gho/indicator-metadata-registry/imr-details/2346,PUBLISHED,Published,,2012,2012,,EUR,Europe,,PRT,Portugal,,SA_SERVER_TRAINING_NEEDED,server training needed for licensing,,High importance,,,,,,
SA_0000001721_ARCHIVED,Importance of measures for enhancing compliance with age limits,https://www.who.int/data/gho/indicator-metadata-registry/imr-details/2346,PUBLISHED,Published,,2012,2012,,EUR,Europe,,PRT,Portugal,,SA_LEGAL_ENFORCEMENT,legal enforcement,,High importance,,,,,,
SA_0000001721_ARCHIVED,Importance of measures for enhancing compliance with age limits,https://www.who.int/data/gho/indicator-metadata-registry/imr-details/2346,PUBLISHED,Published,,2012,2012,,EUR,Europe,,PRT,Portugal,,SA_MONITORING_THROUGH_TEST_PURCHASE,monitoring through test purchase,,Medium importance,,,,,,
SA_0000001721_ARCHIVED,Importance of measures for enhancing compliance with age limits,https://www.who.int/data/gho/indicator-metadata-registry/imr-details/2346,PUBLISHED,Published,,2012,2012,,EUR,Europe,,PRT,Portugal,,SA_AWARENESS_CAMPAIGNS_SELLERS_SERVERS,awareness campaigns for servers/sellers,,High importance,,,,,,
SA_0000001721_ARCHIVED,Importance of measures for enhancing compliance with age limits,https://www.who.int/data/gho/indicator-metadata-registry/imr-details/2346,PUBLISHED,Published,,2012,2012,,EUR,Europe,,PRT,Portugal,,SA_AWARENESS_CAMPAIGNS_YOUTH,awareness campaigns for youth,,High importance,,,,,,
SA_0000001721_ARCHIVED,Importance of measures for enhancing compliance with age limits,https://www.who.int/data/gho/indicator-metadata-registry/imr-details/2346,PUBLISHED,Published,,2012,2012,,EUR,Europe,,MDA,Republic of Moldova,,SA_SERVER_TRAINING_VOLUNTARILY,voluntary server training,,Medium importance,,,,,,
SA_0000001721_ARCHIVED,Importance of measures for enhancing compliance with age limits,https://www.who.int/data/gho/indicator-metadata-registry/imr-details/2346,PUBLISHED,Published,,2012,2012,,EUR,Europe,,MDA,Republic of Moldova,,SA_SERVER_TRAINING_NEEDED,server training needed for licensing,,High importance,,,,,,
SA_0000001721_ARCHIVED,Importance of measures for enhancing compliance with age limits,https://www.who.int/data/gho/indicator-metadata-registry/imr-details/2346,PUBLISHED,Published,,2012,2012,,EUR,Europe,,MDA,Republic of Moldova,,SA_LEGAL_ENFORCEMENT,legal enforcement,,Medium importance,,,,,,
SA_0000001721_ARCHIVED,Importance of measures for enhancing compliance with age limits,https://www.who.int/data/gho/indicator-metadata-registry/imr-details/2346,PUBLISHED,Published,,2012,2012,,EUR,Europe,,MDA,Republic of Moldova,,SA_MONITORING_THROUGH_TEST_PURCHASE,monitoring through test purchase,,Medium importance,,,,,,
SA_0000001721_ARCHIVED,Importance of measures for enhancing compliance with age limits,https://www.who.int/data/gho/indicator-metadata-registry/imr-details/2346,PUBLISHED,Published,,2012,2012,,EUR,Europe,,MDA,Republic of Moldova,,SA_AWARENESS_CAMPAIGNS_SELLERS_SERVERS,awareness campaigns for servers/sellers,,Medium importance,,,,,,
SA_0000001721_ARCHIVED,Importance of measures for enhancing compliance with age limits,https://www.who.int/data/gho/indicator-metadata-registry/imr-details/2346,PUBLISHED,Published,,2012,2012,,EUR,Europe,,MDA,Republic of Moldova,,SA_AWARENESS_CAMPAIGNS_YOUTH,awareness campaigns for youth,,High importance,,,,,,
SA_0000001721_ARCHIVED,Importance of measures for enhancing compliance with age limits,https://www.who.int/data/gho/indicator-metadata-registry/imr-details/2346,PUBLISHED,Published,,2012,2012,,EUR,Europe,,ROU,Romania,,SA_SERVER_TRAINING_VOLUNTARILY,voluntary server training,,Low importance,,,,,,
SA_0000001721_ARCHIVED,Importance of measures for enhancing compliance with age limits,https://www.who.int/data/gho/indicator-metadata-registry/imr-details/2346,PUBLISHED,Published,,2012,2012,,EUR,Europe,,ROU,Romania,,SA_SERVER_TRAINING_NEEDED,server training needed for licensing,,Low importance,,,,,,
SA_0000001721_ARCHIVED,Importance of measures for enhancing compliance with age limits,https://www.who.int/data/gho/indicator-metadata-registry/imr-details/2346,PUBLISHED,Published,,2012,2012,,EUR,Europe,,ROU,Romania,,SA_LEGAL_ENFORCEMENT,legal enforcement,,High importance,,,,,,
SA_0000001721_ARCHIVED,Importance of measures for enhancing compliance with age limits,https://www.who.int/data/gho/indicator-metadata-registry/imr-details/2346,PUBLISHED,Published,,2012,2012,,EUR,Europe,,ROU,Romania,,SA_MONITORING_THROUGH_TEST_PURCHASE,monitoring through test purchase,,Low importance,,,,,,
SA_0000001721_ARCHIVED,Importance of measures for enhancing compliance with age limits,https://www.who.int/data/gho/indicator-metadata-registry/imr-details/2346,PUBLISHED,Published,,2012,2012,,EUR,Europe,,ROU,Romania,,SA_AWARENESS_CAMPAIGNS_SELLERS_SERVERS,awareness campaigns for servers/sellers,,Low importance,,,,,,
SA_0000001721_ARCHIVED,Importance of measures for enhancing compliance with age limits,https://www.who.int/data/gho/indicator-metadata-registry/imr-details/2346,PUBLISHED,Published,,2012,2012,,EUR,Europe,,ROU,Romania,,SA_AWARENESS_CAMPAIGNS_YOUTH,awareness campaigns for youth,,Medium importance,,,,,,
SA_0000001721_ARCHIVED,Importance of measures for enhancing compliance with age limits,https://www.who.int/data/gho/indicator-metadata-registry/imr-details/2346,PUBLISHED,Published,,2012,2012,,EUR,Europe,,RUS,Russian Federation,,SA_SERVER_TRAINING_VOLUNTARILY,voluntary server training,,Low importance,,,,,,
SA_0000001721_ARCHIVED,Importance of measures for enhancing compliance with age limits,https://www.who.int/data/gho/indicator-metadata-registry/imr-details/2346,PUBLISHED,Published,,2012,2012,,EUR,Europe,,RUS,Russian Federation,,SA_SERVER_TRAINING_NEEDED,server training needed for licensing,,Not used at all,,,,,,
SA_0000001721_ARCHIVED,Importance of measures for enhancing compliance with age limits,https://www.who.int/data/gho/indicator-metadata-registry/imr-details/2346,PUBLISHED,Published,,2012,2012,,EUR,Europe,,RUS,Russian Federation,,SA_LEGAL_ENFORCEMENT,legal enforcement,,Medium importance,,,,,,
SA_0000001721_ARCHIVED,Importance of measures for enhancing compliance with age limits,https://www.who.int/data/gho/indicator-metadata-registry/imr-details/2346,PUBLISHED,Published,,2012,2012,,EUR,Europe,,RUS,Russian Federation,,SA_MONITORING_THROUGH_TEST_PURCHASE,monitoring through test purchase,,Medium importance,,,,,,
SA_0000001721_ARCHIVED,Importance of measures for enhancing compliance with age limits,https://www.who.int/data/gho/indicator-metadata-registry/imr-details/2346,PUBLISHED,Published,,2012,2012,,EUR,Europe,,RUS,Russian Federation,,SA_AWARENESS_CAMPAIGNS_SELLERS_SERVERS,awareness campaigns for servers/sellers,,Low importance,,,,,,
SA_0000001721_ARCHIVED,Importance of measures for enhancing compliance with age limits,https://www.who.int/data/gho/indicator-metadata-registry/imr-details/2346,PUBLISHED,Published,,2012,2012,,EUR,Europe,,RUS,Russian Federation,,SA_AWARENESS_CAMPAIGNS_YOUTH,awareness campaigns for youth,,High importance,,,,,,
SA_0000001721_ARCHIVED,Importance of measures for enhancing compliance with age limits,https://www.who.int/data/gho/indicator-metadata-registry/imr-details/2346,PUBLISHED,Published,,2012,2012,,EUR,Europe,,SMR,San Marino,,SA_SERVER_TRAINING_VOLUNTARILY,voluntary server training,,Medium importance,,,,,,
SA_0000001721_ARCHIVED,Importance of measures for enhancing compliance with age limits,https://www.who.int/data/gho/indicator-metadata-registry/imr-details/2346,PUBLISHED,Published,,2012,2012,,EUR,Europe,,SMR,San Marino,,SA_SERVER_TRAINING_NEEDED,server training needed for licensing,,Medium importance,,,,,,
SA_0000001721_ARCHIVED,Importance of measures for enhancing compliance with age limits,https://www.who.int/data/gho/indicator-metadata-registry/imr-details/2346,PUBLISHED,Published,,2012,2012,,EUR,Europe,,SMR,San Marino,,SA_LEGAL_ENFORCEMENT,legal enforcement,,Medium importance,,,,,,
SA_0000001721_ARCHIVED,Importance of measures for enhancing compliance with age limits,https://www.who.int/data/gho/indicator-metadata-registry/imr-details/2346,PUBLISHED,Published,,2012,2012,,EUR,Europe,,SMR,San Marino,,SA_MONITORING_THROUGH_TEST_PURCHASE,monitoring through test purchase,,High importance,,,,,,
SA_0000001721_ARCHIVED,Importance of measures for enhancing compliance with age limits,https://www.who.int/data/gho/indicator-metadata-registry/imr-details/2346,PUBLISHED,Published,,2012,2012,,EUR,Europe,,SMR,San Marino,,SA_AWARENESS_CAMPAIGNS_SELLERS_SERVERS,awareness campaigns for servers/sellers,,High importance,,,,,,
SA_0000001721_ARCHIVED,Importance of measures for enhancing compliance with age limits,https://www.who.int/data/gho/indicator-metadata-registry/imr-details/2346,PUBLISHED,Published,,2012,2012,,EUR,Europe,,SMR,San Marino,,SA_AWARENESS_CAMPAIGNS_YOUTH,awareness campaigns for youth,,High importance,,,,,,
SA_0000001721_ARCHIVED,Importance of measures for enhancing compliance with age limits,https://www.who.int/data/gho/indicator-metadata-registry/imr-details/2346,PUBLISHED,Published,,2012,2012,,EUR,Europe,,SRB,Serbia,,SA_SERVER_TRAINING_VOLUNTARILY,voluntary server training,,High importance,,,,,,
SA_0000001721_ARCHIVED,Importance of measures for enhancing compliance with age limits,https://www.who.int/data/gho/indicator-metadata-registry/imr-details/2346,PUBLISHED,Published,,2012,2012,,EUR,Europe,,SRB,Serbia,,SA_SERVER_TRAINING_NEEDED,server training needed for licensing,,Medium importance,,,,,,
SA_0000001721_ARCHIVED,Importance of measures for enhancing compliance with age limits,https://www.who.int/data/gho/indicator-metadata-registry/imr-details/2346,PUBLISHED,Published,,2012,2012,,EUR,Europe,,SRB,Serbia,,SA_LEGAL_ENFORCEMENT,legal enforcement,,High importance,,,,,,
SA_0000001721_ARCHIVED,Importance of measures for enhancing compliance with age limits,https://www.who.int/data/gho/indicator-metadata-registry/imr-details/2346,PUBLISHED,Published,,2012,2012,,EUR,Europe,,SRB,Serbia,,SA_MONITORING_THROUGH_TEST_PURCHASE,monitoring through test purchase,,Medium importance,,,,,,
SA_0000001721_ARCHIVED,Importance of measures for enhancing compliance with age limits,https://www.who.int/data/gho/indicator-metadata-registry/imr-details/2346,PUBLISHED,Published,,2012,2012,,EUR,Europe,,SRB,Serbia,,SA_AWARENESS_CAMPAIGNS_SELLERS_SERVERS,awareness campaigns for servers/sellers,,Medium importance,,,,,,
SA_0000001721_ARCHIVED,Importance of measures for enhancing compliance with age limits,https://www.who.int/data/gho/indicator-metadata-registry/imr-details/2346,PUBLISHED,Published,,2012,2012,,EUR,Europe,,SRB,Serbia,,SA_AWARENESS_CAMPAIGNS_YOUTH,awareness campaigns for youth,,Medium importance,,,,,,
SA_0000001721_ARCHIVED,Importance of measures for enhancing compliance with age limits,https://www.who.int/data/gho/indicator-metadata-registry/imr-details/2346,PUBLISHED,Published,,2012,2012,,EUR,Europe,,SVK,Slovakia,,SA_SERVER_TRAINING_VOLUNTARILY,voluntary server training,,Not used  at  all,,,,,,
SA_0000001721_ARCHIVED,Importance of measures for enhancing compliance with age limits,https://www.who.int/data/gho/indicator-metadata-registry/imr-details/2346,PUBLISHED,Published,,2012,2012,,EUR,Europe,,SVK,Slovakia,,SA_SERVER_TRAINING_NEEDED,server training needed for licensing,,Not used at all,,,,,,
SA_0000001721_ARCHIVED,Importance of measures for enhancing compliance with age limits,https://www.who.int/data/gho/indicator-metadata-registry/imr-details/2346,PUBLISHED,Published,,2012,2012,,EUR,Europe,,SVK,Slovakia,,SA_LEGAL_ENFORCEMENT,legal enforcement,,Medium importance,,,,,,
SA_0000001721_ARCHIVED,Importance of measures for enhancing compliance with age limits,https://www.who.int/data/gho/indicator-metadata-registry/imr-details/2346,PUBLISHED,Published,,2012,2012,,EUR,Europe,,SVK,Slovakia,,SA_MONITORING_THROUGH_TEST_PURCHASE,monitoring through test purchase,,Not used at all,,,,,,
SA_0000001721_ARCHIVED,Importance of measures for enhancing compliance with age limits,https://www.who.int/data/gho/indicator-metadata-registry/imr-details/2346,PUBLISHED,Published,,2012,2012,,EUR,Europe,,SVK,Slovakia,,SA_AWARENESS_CAMPAIGNS_SELLERS_SERVERS,awareness campaigns for servers/sellers,,Not used at all,,,,,,
SA_0000001721_ARCHIVED,Importance of measures for enhancing compliance with age limits,https://www.who.int/data/gho/indicator-metadata-registry/imr-details/2346,PUBLISHED,Published,,2012,2012,,EUR,Europe,,SVK,Slovakia,,SA_AWARENESS_CAMPAIGNS_YOUTH,awareness campaigns for youth,,Medium importance,,,,,,
SA_0000001721_ARCHIVED,Importance of measures for enhancing compliance with age limits,https://www.who.int/data/gho/indicator-metadata-registry/imr-details/2346,PUBLISHED,Published,,2012,2012,,EUR,Europe,,SVN,Slovenia,,SA_SERVER_TRAINING_VOLUNTARILY,voluntary server training,,Low importance,,,,,,
SA_0000001721_ARCHIVED,Importance of measures for enhancing compliance with age limits,https://www.who.int/data/gho/indicator-metadata-registry/imr-details/2346,PUBLISHED,Published,,2012,2012,,EUR,Europe,,SVN,Slovenia,,SA_SERVER_TRAINING_NEEDED,server training needed for licensing,,Not used at all,,,,,,
SA_0000001721_ARCHIVED,Importance of measures for enhancing compliance with age limits,https://www.who.int/data/gho/indicator-metadata-registry/imr-details/2346,PUBLISHED,Published,,2012,2012,,EUR,Europe,,SVN,Slovenia,,SA_LEGAL_ENFORCEMENT,legal enforcement,,High importance,,,,,,
SA_0000001721_ARCHIVED,Importance of measures for enhancing compliance with age limits,https://www.who.int/data/gho/indicator-metadata-registry/imr-details/2346,PUBLISHED,Published,,2012,2012,,EUR,Europe,,SVN,Slovenia,,SA_MONITORING_THROUGH_TEST_PURCHASE,monitoring through test purchase,,High importance,,,,,,
SA_0000001721_ARCHIVED,Importance of measures for enhancing compliance with age limits,https://www.who.int/data/gho/indicator-metadata-registry/imr-details/2346,PUBLISHED,Published,,2012,2012,,EUR,Europe,,SVN,Slovenia,,SA_AWARENESS_CAMPAIGNS_SELLERS_SERVERS,awareness campaigns for servers/sellers,,Low importance,,,,,,
SA_0000001721_ARCHIVED,Importance of measures for enhancing compliance with age limits,https://www.who.int/data/gho/indicator-metadata-registry/imr-details/2346,PUBLISHED,Published,,2012,2012,,EUR,Europe,,SVN,Slovenia,,SA_AWARENESS_CAMPAIGNS_YOUTH,awareness campaigns for youth,,High importance,,,,,,
SA_0000001721_ARCHIVED,Importance of measures for enhancing compliance with age limits,https://www.who.int/data/gho/indicator-metadata-registry/imr-details/2346,PUBLISHED,Published,,2012,2012,,EUR,Europe,,ESP,Spain,,SA_SERVER_TRAINING_VOLUNTARILY,voluntary server training,,Low importance,,,,,,
SA_0000001721_ARCHIVED,Importance of measures for enhancing compliance with age limits,https://www.who.int/data/gho/indicator-metadata-registry/imr-details/2346,PUBLISHED,Published,,2012,2012,,EUR,Europe,,ESP,Spain,,SA_SERVER_TRAINING_NEEDED,server training needed for licensing,,Not used at all,,,,,,
SA_0000001721_ARCHIVED,Importance of measures for enhancing compliance with age limits,https://www.who.int/data/gho/indicator-metadata-registry/imr-details/2346,PUBLISHED,Published,,2012,2012,,EUR,Europe,,ESP,Spain,,SA_LEGAL_ENFORCEMENT,legal enforcement,,Medium importance,,,,,,
SA_0000001721_ARCHIVED,Importance of measures for enhancing compliance with age limits,https://www.who.int/data/gho/indicator-metadata-registry/imr-details/2346,PUBLISHED,Published,,2012,2012,,EUR,Europe,,ESP,Spain,,SA_MONITORING_THROUGH_TEST_PURCHASE,monitoring through test purchase,,Not used at all,,,,,,
SA_0000001721_ARCHIVED,Importance of measures for enhancing compliance with age limits,https://www.who.int/data/gho/indicator-metadata-registry/imr-details/2346,PUBLISHED,Published,,2012,2012,,EUR,Europe,,ESP,Spain,,SA_AWARENESS_CAMPAIGNS_SELLERS_SERVERS,awareness campaigns for servers/sellers,,Low importance,,,,,,
SA_0000001721_ARCHIVED,Importance of measures for enhancing compliance with age limits,https://www.who.int/data/gho/indicator-metadata-registry/imr-details/2346,PUBLISHED,Published,,2012,2012,,EUR,Europe,,ESP,Spain,,SA_AWARENESS_CAMPAIGNS_YOUTH,awareness campaigns for youth,,Medium importance,,,,,,
SA_0000001721_ARCHIVED,Importance of measures for enhancing compliance with age limits,https://www.who.int/data/gho/indicator-metadata-registry/imr-details/2346,PUBLISHED,Published,,2012,2012,,EUR,Europe,,SWE,Sweden,,SA_SERVER_TRAINING_VOLUNTARILY,voluntary server training,,Medium importance,,,,,,
SA_0000001721_ARCHIVED,Importance of measures for enhancing compliance with age limits,https://www.who.int/data/gho/indicator-metadata-registry/imr-details/2346,PUBLISHED,Published,,2012,2012,,EUR,Europe,,SWE,Sweden,,SA_SERVER_TRAINING_NEEDED,server training needed for licensing,,Not used at all,,,,,,
SA_0000001721_ARCHIVED,Importance of measures for enhancing compliance with age limits,https://www.who.int/data/gho/indicator-metadata-registry/imr-details/2346,PUBLISHED,Published,,2012,2012,,EUR,Europe,,SWE,Sweden,,SA_LEGAL_ENFORCEMENT,legal enforcement,,High importance,,,,,,
SA_0000001721_ARCHIVED,Importance of measures for enhancing compliance with age limits,https://www.who.int/data/gho/indicator-metadata-registry/imr-details/2346,PUBLISHED,Published,,2012,2012,,EUR,Europe,,SWE,Sweden,,SA_MONITORING_THROUGH_TEST_PURCHASE,monitoring through test purchase,,High importance,,,,,,
SA_0000001721_ARCHIVED,Importance of measures for enhancing compliance with age limits,https://www.who.int/data/gho/indicator-metadata-registry/imr-details/2346,PUBLISHED,Published,,2012,2012,,EUR,Europe,,SWE,Sweden,,SA_AWARENESS_CAMPAIGNS_SELLERS_SERVERS,awareness campaigns for servers/sellers,,Medium importance,,,,,,
SA_0000001721_ARCHIVED,Importance of measures for enhancing compliance with age limits,https://www.who.int/data/gho/indicator-metadata-registry/imr-details/2346,PUBLISHED,Published,,2012,2012,,EUR,Europe,,SWE,Sweden,,SA_AWARENESS_CAMPAIGNS_YOUTH,awareness campaigns for youth,,Low importance,,,,,,
SA_0000001721_ARCHIVED,Importance of measures for enhancing compliance with age limits,https://www.who.int/data/gho/indicator-metadata-registry/imr-details/2346,PUBLISHED,Published,,2012,2012,,EUR,Europe,,CHE,Switzerland,,SA_SERVER_TRAINING_VOLUNTARILY,voluntary server training,,Medium importance,,,,,,
SA_0000001721_ARCHIVED,Importance of measures for enhancing compliance with age limits,https://www.who.int/data/gho/indicator-metadata-registry/imr-details/2346,PUBLISHED,Published,,2012,2012,,EUR,Europe,,CHE,Switzerland,,SA_SERVER_TRAINING_NEEDED,server training needed for licensing,,Not used at all,,,,,,
SA_0000001721_ARCHIVED,Importance of measures for enhancing compliance with age limits,https://www.who.int/data/gho/indicator-metadata-registry/imr-details/2346,PUBLISHED,Published,,2012,2012,,EUR,Europe,,CHE,Switzerland,,SA_LEGAL_ENFORCEMENT,legal enforcement,,High importance,,,,,,
SA_0000001721_ARCHIVED,Importance of measures for enhancing compliance with age limits,https://www.who.int/data/gho/indicator-metadata-registry/imr-details/2346,PUBLISHED,Published,,2012,2012,,EUR,Europe,,CHE,Switzerland,,SA_MONITORING_THROUGH_TEST_PURCHASE,monitoring through test purchase,,High importance,,,,,,
SA_0000001721_ARCHIVED,Importance of measures for enhancing compliance with age limits,https://www.who.int/data/gho/indicator-metadata-registry/imr-details/2346,PUBLISHED,Published,,2012,2012,,EUR,Europe,,CHE,Switzerland,,SA_AWARENESS_CAMPAIGNS_SELLERS_SERVERS,awareness campaigns for servers/sellers,,Low importance,,,,,,
SA_0000001721_ARCHIVED,Importance of measures for enhancing compliance with age limits,https://www.who.int/data/gho/indicator-metadata-registry/imr-details/2346,PUBLISHED,Published,,2012,2012,,EUR,Europe,,CHE,Switzerland,,SA_AWARENESS_CAMPAIGNS_YOUTH,awareness campaigns for youth,,Low importance,,,,,,
SA_0000001721_ARCHIVED,Importance of measures for enhancing compliance with age limits,https://www.who.int/data/gho/indicator-metadata-registry/imr-details/2346,PUBLISHED,Published,,2012,2012,,EUR,Europe,,MKD,Republic of North Macedonia,,SA_SERVER_TRAINING_VOLUNTARILY,voluntary server training,,High importance,,,,,,
SA_0000001721_ARCHIVED,Importance of measures for enhancing compliance with age limits,https://www.who.int/data/gho/indicator-metadata-registry/imr-details/2346,PUBLISHED,Published,,2012,2012,,EUR,Europe,,MKD,Republic of North Macedonia,,SA_SERVER_TRAINING_NEEDED,server training needed for licensing,,High importance,,,,,,
SA_0000001721_ARCHIVED,Importance of measures for enhancing compliance with age limits,https://www.who.int/data/gho/indicator-metadata-registry/imr-details/2346,PUBLISHED,Published,,2012,2012,,EUR,Europe,,MKD,Republic of North Macedonia,,SA_LEGAL_ENFORCEMENT,legal enforcement,,High importance,,,,,,
SA_0000001721_ARCHIVED,Importance of measures for enhancing compliance with age limits,https://www.who.int/data/gho/indicator-metadata-registry/imr-details/2346,PUBLISHED,Published,,2012,2012,,EUR,Europe,,MKD,Republic of North Macedonia,,SA_MONITORING_THROUGH_TEST_PURCHASE,monitoring through test purchase,,High importance,,,,,,
SA_0000001721_ARCHIVED,Importance of measures for enhancing compliance with age limits,https://www.who.int/data/gho/indicator-metadata-registry/imr-details/2346,PUBLISHED,Published,,2012,2012,,EUR,Europe,,MKD,Republic of North Macedonia,,SA_AWARENESS_CAMPAIGNS_SELLERS_SERVERS,awareness campaigns for servers/sellers,,High importance,,,,,,
SA_0000001721_ARCHIVED,Importance of measures for enhancing compliance with age limits,https://www.who.int/data/gho/indicator-metadata-registry/imr-details/2346,PUBLISHED,Published,,2012,2012,,EUR,Europe,,MKD,Republic of North Macedonia,,SA_AWARENESS_CAMPAIGNS_YOUTH,awareness campaigns for youth,,High importance,,,,,,
SA_0000001721_ARCHIVED,Importance of measures for enhancing compliance with age limits,https://www.who.int/data/gho/indicator-metadata-registry/imr-details/2346,PUBLISHED,Published,,2012,2012,,EUR,Europe,,TUR,Turkey,,SA_SERVER_TRAINING_VOLUNTARILY,voluntary server training,,Medium importance,,,,,,
SA_0000001721_ARCHIVED,Importance of measures for enhancing compliance with age limits,https://www.who.int/data/gho/indicator-metadata-registry/imr-details/2346,PUBLISHED,Published,,2012,2012,,EUR,Europe,,TUR,Turkey,,SA_SERVER_TRAINING_NEEDED,server training needed for licensing,,High importance,,,,,,
SA_0000001721_ARCHIVED,Importance of measures for enhancing compliance with age limits,https://www.who.int/data/gho/indicator-metadata-registry/imr-details/2346,PUBLISHED,Published,,2012,2012,,EUR,Europe,,TUR,Turkey,,SA_LEGAL_ENFORCEMENT,legal enforcement,,High importance,,,,,,
SA_0000001721_ARCHIVED,Importance of measures for enhancing compliance with age limits,https://www.who.int/data/gho/indicator-metadata-registry/imr-details/2346,PUBLISHED,Published,,2012,2012,,EUR,Europe,,TUR,Turkey,,SA_MONITORING_THROUGH_TEST_PURCHASE,monitoring through test purchase,,Medium importance,,,,,,
SA_0000001721_ARCHIVED,Importance of measures for enhancing compliance with age limits,https://www.who.int/data/gho/indicator-metadata-registry/imr-details/2346,PUBLISHED,Published,,2012,2012,,EUR,Europe,,TUR,Turkey,,SA_AWARENESS_CAMPAIGNS_SELLERS_SERVERS,awareness campaigns for servers/sellers,,High importance,,,,,,
SA_0000001721_ARCHIVED,Importance of measures for enhancing compliance with age limits,https://www.who.int/data/gho/indicator-metadata-registry/imr-details/2346,PUBLISHED,Published,,2012,2012,,EUR,Europe,,TUR,Turkey,,SA_AWARENESS_CAMPAIGNS_YOUTH,awareness campaigns for youth,,High importance,,,,,,
SA_0000001721_ARCHIVED,Importance of measures for enhancing compliance with age limits,https://www.who.int/data/gho/indicator-metadata-registry/imr-details/2346,PUBLISHED,Published,,2012,2012,,EUR,Europe,,TKM,Turkmenistan,,SA_SERVER_TRAINING_VOLUNTARILY,voluntary server training,,Low importance,,,,,,
SA_0000001721_ARCHIVED,Importance of measures for enhancing compliance with age limits,https://www.who.int/data/gho/indicator-metadata-registry/imr-details/2346,PUBLISHED,Published,,2012,2012,,EUR,Europe,,TKM,Turkmenistan,,SA_SERVER_TRAINING_NEEDED,server training needed for licensing,,Not used at all,,,,,,
SA_0000001721_ARCHIVED,Importance of measures for enhancing compliance with age limits,https://www.who.int/data/gho/indicator-metadata-registry/imr-details/2346,PUBLISHED,Published,,2012,2012,,EUR,Europe,,TKM,Turkmenistan,,SA_LEGAL_ENFORCEMENT,legal enforcement,,Low importance,,,,,,
SA_0000001721_ARCHIVED,Importance of measures for enhancing compliance with age limits,https://www.who.int/data/gho/indicator-metadata-registry/imr-details/2346,PUBLISHED,Published,,2012,2012,,EUR,Europe,,TKM,Turkmenistan,,SA_MONITORING_THROUGH_TEST_PURCHASE,monitoring through test purchase,,Low importance,,,,,,
SA_0000001721_ARCHIVED,Importance of measures for enhancing compliance with age limits,https://www.who.int/data/gho/indicator-metadata-registry/imr-details/2346,PUBLISHED,Published,,2012,2012,,EUR,Europe,,TKM,Turkmenistan,,SA_AWARENESS_CAMPAIGNS_SELLERS_SERVERS,awareness campaigns for servers/sellers,,Low importance,,,,,,
SA_0000001721_ARCHIVED,Importance of measures for enhancing compliance with age limits,https://www.who.int/data/gho/indicator-metadata-registry/imr-details/2346,PUBLISHED,Published,,2012,2012,,EUR,Europe,,UKR,Ukraine,,SA_SERVER_TRAINING_VOLUNTARILY,voluntary server training,,Medium importance,,,,,,
SA_0000001721_ARCHIVED,Importance of measures for enhancing compliance with age limits,https://www.who.int/data/gho/indicator-metadata-registry/imr-details/2346,PUBLISHED,Published,,2012,2012,,EUR,Europe,,UKR,Ukraine,,SA_SERVER_TRAINING_NEEDED,server training needed for licensing,,Not used at all,,,,,,
SA_0000001721_ARCHIVED,Importance of measures for enhancing compliance with age limits,https://www.who.int/data/gho/indicator-metadata-registry/imr-details/2346,PUBLISHED,Published,,2012,2012,,EUR,Europe,,UKR,Ukraine,,SA_LEGAL_ENFORCEMENT,legal enforcement,,Medium importance,,,,,,
SA_0000001721_ARCHIVED,Importance of measures for enhancing compliance with age limits,https://www.who.int/data/gho/indicator-metadata-registry/imr-details/2346,PUBLISHED,Published,,2012,2012,,EUR,Europe,,UKR,Ukraine,,SA_MONITORING_THROUGH_TEST_PURCHASE,monitoring through test purchase,,Low importance,,,,,,
SA_0000001721_ARCHIVED,Importance of measures for enhancing compliance with age limits,https://www.who.int/data/gho/indicator-metadata-registry/imr-details/2346,PUBLISHED,Published,,2012,2012,,EUR,Europe,,UKR,Ukraine,,SA_AWARENESS_CAMPAIGNS_SELLERS_SERVERS,awareness campaigns for servers/sellers,,Not used at all,,,,,,
SA_0000001721_ARCHIVED,Importance of measures for enhancing compliance with age limits,https://www.who.int/data/gho/indicator-metadata-registry/imr-details/2346,PUBLISHED,Published,,2012,2012,,EUR,Europe,,UKR,Ukraine,,SA_AWARENESS_CAMPAIGNS_YOUTH,awareness campaigns for youth,,Medium importance,,,,,,
SA_0000001721_ARCHIVED,Importance of measures for enhancing compliance with age limits,https://www.who.int/data/gho/indicator-metadata-registry/imr-details/2346,PUBLISHED,Published,,2012,2012,,EUR,Europe,,GBR,United Kingdom of Great Britain and Northern Ireland,,SA_SERVER_TRAINING_VOLUNTARILY,voluntary server training,,High importance,,,,,,
SA_0000001721_ARCHIVED,Importance of measures for enhancing compliance with age limits,https://www.who.int/data/gho/indicator-metadata-registry/imr-details/2346,PUBLISHED,Published,,2012,2012,,EUR,Europe,,GBR,United Kingdom of Great Britain and Northern Ireland,,SA_SERVER_TRAINING_NEEDED,server training needed for licensing,,Not used at all,,,,,,
SA_0000001721_ARCHIVED,Importance of measures for enhancing compliance with age limits,https://www.who.int/data/gho/indicator-metadata-registry/imr-details/2346,PUBLISHED,Published,,2012,2012,,EUR,Europe,,GBR,United Kingdom of Great Britain and Northern Ireland,,SA_LEGAL_ENFORCEMENT,legal enforcement,,High importance,,,,,,
SA_0000001721_ARCHIVED,Importance of measures for enhancing compliance with age limits,https://www.who.int/data/gho/indicator-metadata-registry/imr-details/2346,PUBLISHED,Published,,2012,2012,,EUR,Europe,,GBR,United Kingdom of Great Britain and Northern Ireland,,SA_MONITORING_THROUGH_TEST_PURCHASE,monitoring through test purchase,,High importance,,,,,,
SA_0000001721_ARCHIVED,Importance of measures for enhancing compliance with age limits,https://www.who.int/data/gho/indicator-metadata-registry/imr-details/2346,PUBLISHED,Published,,2012,2012,,EUR,Europe,,GBR,United Kingdom of Great Britain and Northern Ireland,,SA_AWARENESS_CAMPAIGNS_SELLERS_SERVERS,awareness campaigns for servers/sellers,,High importance,,,,,,
SA_0000001721_ARCHIVED,Importance of measures for enhancing compliance with age limits,https://www.who.int/data/gho/indicator-metadata-registry/imr-details/2346,PUBLISHED,Published,,2012,2012,,EUR,Europe,,GBR,United Kingdom of Great Britain and Northern Ireland,,SA_AWARENESS_CAMPAIGNS_YOUTH,awareness campaigns for youth,,High importance,,,,,,
SA_0000001721_ARCHIVED,Importance of measures for enhancing compliance with age limits,https://www.who.int/data/gho/indicator-metadata-registry/imr-details/2346,PUBLISHED,Published,,2012,2012,,EUR,Europe,,UZB,Uzbekistan,,SA_SERVER_TRAINING_VOLUNTARILY,voluntary server training,,High importance,,,,,,
SA_0000001721_ARCHIVED,Importance of measures for enhancing compliance with age limits,https://www.who.int/data/gho/indicator-metadata-registry/imr-details/2346,PUBLISHED,Published,,2012,2012,,EUR,Europe,,UZB,Uzbekistan,,SA_SERVER_TRAINING_NEEDED,server training needed for licensing,,High importance,,,,,,
SA_0000001721_ARCHIVED,Importance of measures for enhancing compliance with age limits,https://www.who.int/data/gho/indicator-metadata-registry/imr-details/2346,PUBLISHED,Published,,2012,2012,,EUR,Europe,,UZB,Uzbekistan,,SA_LEGAL_ENFORCEMENT,legal enforcement,,High importance,,,,,,
SA_0000001721_ARCHIVED,Importance of measures for enhancing compliance with age limits,https://www.who.int/data/gho/indicator-metadata-registry/imr-details/2346,PUBLISHED,Published,,2012,2012,,EUR,Europe,,UZB,Uzbekistan,,SA_MONITORING_THROUGH_TEST_PURCHASE,monitoring through test purchase,,High importance,,,,,,
SA_0000001721_ARCHIVED,Importance of measures for enhancing compliance with age limits,https://www.who.int/data/gho/indicator-metadata-registry/imr-details/2346,PUBLISHED,Published,,2012,2012,,EUR,Europe,,UZB,Uzbekistan,,SA_AWARENESS_CAMPAIGNS_SELLERS_SERVERS,awareness campaigns for servers/sellers,,High importance,,,,,,
SA_0000001721_ARCHIVED,Importance of measures for enhancing compliance with age limits,https://www.who.int/data/gho/indicator-metadata-registry/imr-details/2346,PUBLISHED,Published,,2012,2012,,EUR,Europe,,UZB,Uzbekistan,,SA_AWARENESS_CAMPAIGNS_YOUTH,awareness campaigns for youth,,High importance,,,,,,
SA_0000001721_ARCHIVED,Importance of measures for enhancing compliance with age limits,https://www.who.int/data/gho/indicator-metadata-registry/imr-details/2346,PUBLISHED,Published,,2012,2012,,EUR,Europe,,AND,Andorra,,SA_MONITORING_THROUGH_TEST_PURCHASE,monitoring through test purchase,,,,,,,,missing data
SA_0000001721_ARCHIVED,Importance of measures for enhancing compliance with age limits,https://www.who.int/data/gho/indicator-metadata-registry/imr-details/2346,PUBLISHED,Published,,2012,2012,,EUR,Europe,,GEO,Georgia,,SA_SERVER_TRAINING_VOLUNTARILY,voluntary server training,,,,,,,,missing data
SA_0000001721_ARCHIVED,Importance of measures for enhancing compliance with age limits,https://www.who.int/data/gho/indicator-metadata-registry/imr-details/2346,PUBLISHED,Published,,2012,2012,,EUR,Europe,,GEO,Georgia,,SA_SERVER_TRAINING_NEEDED,server training needed for licensing,,,,,,,,missing data
SA_0000001721_ARCHIVED,Importance of measures for enhancing compliance with age limits,https://www.who.int/data/gho/indicator-metadata-registry/imr-details/2346,PUBLISHED,Published,,2012,2012,,EUR,Europe,,GEO,Georgia,,SA_LEGAL_ENFORCEMENT,legal enforcement,,,,,,,,missing data
SA_0000001721_ARCHIVED,Importance of measures for enhancing compliance with age limits,https://www.who.int/data/gho/indicator-metadata-registry/imr-details/2346,PUBLISHED,Published,,2012,2012,,EUR,Europe,,GEO,Georgia,,SA_MONITORING_THROUGH_TEST_PURCHASE,monitoring through test purchase,,,,,,,,missing data
SA_0000001721_ARCHIVED,Importance of measures for enhancing compliance with age limits,https://www.who.int/data/gho/indicator-metadata-registry/imr-details/2346,PUBLISHED,Published,,2012,2012,,EUR,Europe,,GEO,Georgia,,SA_AWARENESS_CAMPAIGNS_SELLERS_SERVERS,awareness campaigns for servers/sellers,,,,,,,,missing data
SA_0000001721_ARCHIVED,Importance of measures for enhancing compliance with age limits,https://www.who.int/data/gho/indicator-metadata-registry/imr-details/2346,PUBLISHED,Published,,2012,2012,,EUR,Europe,,GEO,Georgia,,SA_AWARENESS_CAMPAIGNS_YOUTH,awareness campaigns for youth,,,,,,,,missing data
SA_0000001721_ARCHIVED,Importance of measures for enhancing compliance with age limits,https://www.who.int/data/gho/indicator-metadata-registry/imr-details/2346,PUBLISHED,Published,,2012,2012,,EUR,Europe,,KAZ,Kazakhstan,,SA_SERVER_TRAINING_VOLUNTARILY,voluntary server training,,,,,,,,missing data
SA_0000001721_ARCHIVED,Importance of measures for enhancing compliance with age limits,https://www.who.int/data/gho/indicator-metadata-registry/imr-details/2346,PUBLISHED,Published,,2012,2012,,EUR,Europe,,KAZ,Kazakhstan,,SA_SERVER_TRAINING_NEEDED,server training needed for licensing,,,,,,,,missing data
SA_0000001721_ARCHIVED,Importance of measures for enhancing compliance with age limits,https://www.who.int/data/gho/indicator-metadata-registry/imr-details/2346,PUBLISHED,Published,,2012,2012,,EUR,Europe,,KAZ,Kazakhstan,,SA_LEGAL_ENFORCEMENT,legal enforcement,,,,,,,,missing data
SA_0000001721_ARCHIVED,Importance of measures for enhancing compliance with age limits,https://www.who.int/data/gho/indicator-metadata-registry/imr-details/2346,PUBLISHED,Published,,2012,2012,,EUR,Europe,,KAZ,Kazakhstan,,SA_MONITORING_THROUGH_TEST_PURCHASE,monitoring through test purchase,,,,,,,,missing data
SA_0000001721_ARCHIVED,Importance of measures for enhancing compliance with age limits,https://www.who.int/data/gho/indicator-metadata-registry/imr-details/2346,PUBLISHED,Published,,2012,2012,,EUR,Europe,,KAZ,Kazakhstan,,SA_AWARENESS_CAMPAIGNS_SELLERS_SERVERS,awareness campaigns for servers/sellers,,,,,,,,missing data
SA_0000001721_ARCHIVED,Importance of measures for enhancing compliance with age limits,https://www.who.int/data/gho/indicator-metadata-registry/imr-details/2346,PUBLISHED,Published,,2012,2012,,EUR,Europe,,KAZ,Kazakhstan,,SA_AWARENESS_CAMPAIGNS_YOUTH,awareness campaigns for youth,,,,,,,,missing data
SA_0000001721_ARCHIVED,Importance of measures for enhancing compliance with age limits,https://www.who.int/data/gho/indicator-metadata-registry/imr-details/2346,PUBLISHED,Published,,2012,2012,,EUR,Europe,,MCO,Monaco,,SA_SERVER_TRAINING_VOLUNTARILY,voluntary server training,,,,,,,,missing data
SA_0000001721_ARCHIVED,Importance of measures for enhancing compliance with age limits,https://www.who.int/data/gho/indicator-metadata-registry/imr-details/2346,PUBLISHED,Published,,2012,2012,,EUR,Europe,,MCO,Monaco,,SA_SERVER_TRAINING_NEEDED,server training needed for licensing,,,,,,,,missing data
SA_0000001721_ARCHIVED,Importance of measures for enhancing compliance with age limits,https://www.who.int/data/gho/indicator-metadata-registry/imr-details/2346,PUBLISHED,Published,,2012,2012,,EUR,Europe,,MCO,Monaco,,SA_LEGAL_ENFORCEMENT,legal enforcement,,,,,,,,missing data
SA_0000001721_ARCHIVED,Importance of measures for enhancing compliance with age limits,https://www.who.int/data/gho/indicator-metadata-registry/imr-details/2346,PUBLISHED,Published,,2012,2012,,EUR,Europe,,MCO,Monaco,,SA_MONITORING_THROUGH_TEST_PURCHASE,monitoring through test purchase,,,,,,,,missing data
SA_0000001721_ARCHIVED,Importance of measures for enhancing compliance with age limits,https://www.who.int/data/gho/indicator-metadata-registry/imr-details/2346,PUBLISHED,Published,,2012,2012,,EUR,Europe,,MCO,Monaco,,SA_AWARENESS_CAMPAIGNS_SELLERS_SERVERS,awareness campaigns for servers/sellers,,,,,,,,missing data
SA_0000001721_ARCHIVED,Importance of measures for enhancing compliance with age limits,https://www.who.int/data/gho/indicator-metadata-registry/imr-details/2346,PUBLISHED,Published,,2012,2012,,EUR,Europe,,MCO,Monaco,,SA_AWARENESS_CAMPAIGNS_YOUTH,awareness campaigns for youth,,,,,,,,missing data
SA_0000001721_ARCHIVED,Importance of measures for enhancing compliance with age limits,https://www.who.int/data/gho/indicator-metadata-registry/imr-details/2346,PUBLISHED,Published,,2012,2012,,EUR,Europe,,TJK,Tajikistan,,SA_SERVER_TRAINING_VOLUNTARILY,voluntary server training,,,,,,,,missing data
SA_0000001721_ARCHIVED,Importance of measures for enhancing compliance with age limits,https://www.who.int/data/gho/indicator-metadata-registry/imr-details/2346,PUBLISHED,Published,,2012,2012,,EUR,Europe,,TJK,Tajikistan,,SA_SERVER_TRAINING_NEEDED,server training needed for licensing,,,,,,,,missing data
SA_0000001721_ARCHIVED,Importance of measures for enhancing compliance with age limits,https://www.who.int/data/gho/indicator-metadata-registry/imr-details/2346,PUBLISHED,Published,,2012,2012,,EUR,Europe,,TJK,Tajikistan,,SA_LEGAL_ENFORCEMENT,legal enforcement,,,,,,,,missing data
SA_0000001721_ARCHIVED,Importance of measures for enhancing compliance with age limits,https://www.who.int/data/gho/indicator-metadata-registry/imr-details/2346,PUBLISHED,Published,,2012,2012,,EUR,Europe,,TJK,Tajikistan,,SA_MONITORING_THROUGH_TEST_PURCHASE,monitoring through test purchase,,,,,,,,missing data
SA_0000001721_ARCHIVED,Importance of measures for enhancing compliance with age limits,https://www.who.int/data/gho/indicator-metadata-registry/imr-details/2346,PUBLISHED,Published,,2012,2012,,EUR,Europe,,TJK,Tajikistan,,SA_AWARENESS_CAMPAIGNS_SELLERS_SERVERS,awareness campaigns for servers/sellers,,,,,,,,missing data
SA_0000001721_ARCHIVED,Importance of measures for enhancing compliance with age limits,https://www.who.int/data/gho/indicator-metadata-registry/imr-details/2346,PUBLISHED,Published,,2012,2012,,EUR,Europe,,TJK,Tajikistan,,SA_AWARENESS_CAMPAIGNS_YOUTH,awareness campaigns for youth,,,,,,,,missing data
SA_0000001721_ARCHIVED,Importance of measures for enhancing compliance with age limits,https://www.who.int/data/gho/indicator-metadata-registry/imr-details/2346,PUBLISHED,Published,,2012,2012,,EUR,Europe,,TKM,Turkmenistan,,SA_AWARENESS_CAMPAIGNS_YOUTH,awareness campaigns for youth,,,,,,,,missing data
