GHO (CODE),GHO (DISPLAY),GHO (URL),PUBLISHSTATE (CODE),PUBLISHSTATE (DISPLAY),PUBLISHSTATE (URL),YEAR (CODE),YEAR (DISPLAY),YEAR (URL),REGION (CODE),REGION (DISPLAY),REGION (URL),COUNTRY (CODE),COUNTRY (DISPLAY),COUNTRY (URL),SEX (CODE),SEX (DISPLAY),SEX (URL),Display Value,Numeric,Low,High,StdErr,StdDev,Comments
SA_0000001409_ARCHIVED,"Alcohol, abstainers lifetime (%)",https://www.who.int/data/gho/indicator-metadata-registry/imr-details/460,PUBLISHED,Published,,2010,2010,,EUR,Europe,,LUX,Luxembourg,,MLE,Male,,0.8,0.8,,,,,
SA_0000001409_ARCHIVED,"Alcohol, abstainers lifetime (%)",https://www.who.int/data/gho/indicator-metadata-registry/imr-details/460,PUBLISHED,Published,,2010,2010,,EUR,Europe,,DNK,Denmark,,MLE,Male,,1.9,1.9,,,,,
SA_0000001409_ARCHIVED,"Alcohol, abstainers lifetime (%)",https://www.who.int/data/gho/indicator-metadata-registry/imr-details/460,PUBLISHED,Published,,2010,2010,,EUR,Europe,,CZE,Czechia,,MLE,Male,,2.5,2.5,,,,,
SA_0000001409_ARCHIVED,"Alcohol, abstainers lifetime (%)",https://www.who.int/data/gho/indicator-metadata-registry/imr-details/460,PUBLISHED,Published,,2010,2010,,EUR,Europe,,CZE,Czechia,,FMLE,Female,,2.6,2.6,,,,,
SA_0000001409_ARCHIVED,"Alcohol, abstainers lifetime (%)",https://www.who.int/data/gho/indicator-metadata-registry/imr-details/460,PUBLISHED,Published,,2010,2010,,EUR,Europe,,CZE,Czechia,,BTSX,Both sexes,,2.6,2.6,,,,,
SA_0000001409_ARCHIVED,"Alcohol, abstainers lifetime (%)",https://www.who.int/data/gho/indicator-metadata-registry/imr-details/460,PUBLISHED,Published,,2010,2010,,EUR,Europe,,NOR,Norway,,MLE,Male,,2.7,2.7,,,,,
SA_0000001409_ARCHIVED,"Alcohol, abstainers lifetime (%)",https://www.who.int/data/gho/indicator-metadata-registry/imr-details/460,PUBLISHED,Published,,2010,2010,,EUR,Europe,,DNK,Denmark,,BTSX,Both sexes,,4.5,4.5,,,,,
SA_0000001409_ARCHIVED,"Alcohol, abstainers lifetime (%)",https://www.who.int/data/gho/indicator-metadata-registry/imr-details/460,PUBLISHED,Published,,2010,2010,,EUR,Europe,,NOR,Norway,,FMLE,Female,,8.3,8.3,,,,,
SA_0000001409_ARCHIVED,"Alcohol, abstainers lifetime (%)",https://www.who.int/data/gho/indicator-metadata-registry/imr-details/460,PUBLISHED,Published,,2010,2010,,EUR,Europe,,SVK,Slovakia,,MLE,Male,,8.4,8.4,,,,,
SA_0000001409_ARCHIVED,"Alcohol, abstainers lifetime (%)",https://www.who.int/data/gho/indicator-metadata-registry/imr-details/460,PUBLISHED,Published,,2010,2010,,WPR,Western Pacific,,JPN,Japan,,BTSX,Both sexes,,12.0,12.0,,,,,
SA_0000001409_ARCHIVED,"Alcohol, abstainers lifetime (%)",https://www.who.int/data/gho/indicator-metadata-registry/imr-details/460,PUBLISHED,Published,,2010,2010,,EUR,Europe,,RUS,Russian Federation,,BTSX,Both sexes,,13.0,13.0,,,,,
SA_0000001409_ARCHIVED,"Alcohol, abstainers lifetime (%)",https://www.who.int/data/gho/indicator-metadata-registry/imr-details/460,PUBLISHED,Published,,2010,2010,,EUR,Europe,,MKD,Republic of North Macedonia,,MLE,Male,,13.0,13.0,,,,,
SA_0000001409_ARCHIVED,"Alcohol, abstainers lifetime (%)",https://www.who.int/data/gho/indicator-metadata-registry/imr-details/460,PUBLISHED,Published,,2010,2010,,WPR,Western Pacific,,NZL,New Zealand,,FMLE,Female,,14.0,14.0,,,,,
SA_0000001409_ARCHIVED,"Alcohol, abstainers lifetime (%)",https://www.who.int/data/gho/indicator-metadata-registry/imr-details/460,PUBLISHED,Published,,2010,2010,,EUR,Europe,,LVA,Latvia,,BTSX,Both sexes,,14.3,14.3,,,,,
SA_0000001409_ARCHIVED,"Alcohol, abstainers lifetime (%)",https://www.who.int/data/gho/indicator-metadata-registry/imr-details/460,PUBLISHED,Published,,2010,2010,,AMR,Americas,,PER,Peru,,MLE,Male,,14.8,14.8,,,,,
SA_0000001409_ARCHIVED,"Alcohol, abstainers lifetime (%)",https://www.who.int/data/gho/indicator-metadata-registry/imr-details/460,PUBLISHED,Published,,2010,2010,,AMR,Americas,,ATG,Antigua and Barbuda,,BTSX,Both sexes,,15.3,15.3,,,,,
SA_0000001409_ARCHIVED,"Alcohol, abstainers lifetime (%)",https://www.who.int/data/gho/indicator-metadata-registry/imr-details/460,PUBLISHED,Published,,2010,2010,,EUR,Europe,,MDA,Republic of Moldova,,BTSX,Both sexes,,15.7,15.7,,,,,
SA_0000001409_ARCHIVED,"Alcohol, abstainers lifetime (%)",https://www.who.int/data/gho/indicator-metadata-registry/imr-details/460,PUBLISHED,Published,,2010,2010,,AMR,Americas,,LCA,Saint Lucia,,MLE,Male,,15.9,15.9,,,,,
SA_0000001409_ARCHIVED,"Alcohol, abstainers lifetime (%)",https://www.who.int/data/gho/indicator-metadata-registry/imr-details/460,PUBLISHED,Published,,2010,2010,,EUR,Europe,,SRB,Serbia,,BTSX,Both sexes,,16.0,16.0,,,,,
SA_0000001409_ARCHIVED,"Alcohol, abstainers lifetime (%)",https://www.who.int/data/gho/indicator-metadata-registry/imr-details/460,PUBLISHED,Published,,2010,2010,,AMR,Americas,,SUR,Suriname,,MLE,Male,,16.2,16.2,,,,,
SA_0000001409_ARCHIVED,"Alcohol, abstainers lifetime (%)",https://www.who.int/data/gho/indicator-metadata-registry/imr-details/460,PUBLISHED,Published,,2010,2010,,AMR,Americas,,BOL,Bolivia (Plurinational State of),,MLE,Male,,16.4,16.4,,,,,
SA_0000001409_ARCHIVED,"Alcohol, abstainers lifetime (%)",https://www.who.int/data/gho/indicator-metadata-registry/imr-details/460,PUBLISHED,Published,,2010,2010,,AMR,Americas,,CRI,Costa Rica,,MLE,Male,,16.8,16.8,,,,,
SA_0000001409_ARCHIVED,"Alcohol, abstainers lifetime (%)",https://www.who.int/data/gho/indicator-metadata-registry/imr-details/460,PUBLISHED,Published,,2010,2010,,EUR,Europe,,LTU,Lithuania,,BTSX,Both sexes,,16.8,16.8,,,,,
SA_0000001409_ARCHIVED,"Alcohol, abstainers lifetime (%)",https://www.who.int/data/gho/indicator-metadata-registry/imr-details/460,PUBLISHED,Published,,2010,2010,,EUR,Europe,,EST,Estonia,,BTSX,Both sexes,,17.0,17.0,,,,,
SA_0000001409_ARCHIVED,"Alcohol, abstainers lifetime (%)",https://www.who.int/data/gho/indicator-metadata-registry/imr-details/460,PUBLISHED,Published,,2010,2010,,EUR,Europe,,ALB,Albania,,MLE,Male,,17.5,17.5,,,,,
SA_0000001409_ARCHIVED,"Alcohol, abstainers lifetime (%)",https://www.who.int/data/gho/indicator-metadata-registry/imr-details/460,PUBLISHED,Published,,2010,2010,,EUR,Europe,,SWE,Sweden,,FMLE,Female,,17.8,17.8,,,,,
SA_0000001409_ARCHIVED,"Alcohol, abstainers lifetime (%)",https://www.who.int/data/gho/indicator-metadata-registry/imr-details/460,PUBLISHED,Published,,2010,2010,,AMR,Americas,,PRY,Paraguay,,BTSX,Both sexes,,17.9,17.9,,,,,
SA_0000001409_ARCHIVED,"Alcohol, abstainers lifetime (%)",https://www.who.int/data/gho/indicator-metadata-registry/imr-details/460,PUBLISHED,Published,,2010,2010,,EUR,Europe,,RUS,Russian Federation,,FMLE,Female,,18.5,18.5,,,,,
SA_0000001409_ARCHIVED,"Alcohol, abstainers lifetime (%)",https://www.who.int/data/gho/indicator-metadata-registry/imr-details/460,PUBLISHED,Published,,2010,2010,,WPR,Western Pacific,,JPN,Japan,,FMLE,Female,,18.5,18.5,,,,,
SA_0000001409_ARCHIVED,"Alcohol, abstainers lifetime (%)",https://www.who.int/data/gho/indicator-metadata-registry/imr-details/460,PUBLISHED,Published,,2010,2010,,AMR,Americas,,HND,Honduras,,MLE,Male,,19.7,19.7,,,,,
SA_0000001409_ARCHIVED,"Alcohol, abstainers lifetime (%)",https://www.who.int/data/gho/indicator-metadata-registry/imr-details/460,PUBLISHED,Published,,2010,2010,,AMR,Americas,,JAM,Jamaica,,MLE,Male,,20.0,20.0,,,,,
SA_0000001409_ARCHIVED,"Alcohol, abstainers lifetime (%)",https://www.who.int/data/gho/indicator-metadata-registry/imr-details/460,PUBLISHED,Published,,2010,2010,,WPR,Western Pacific,,MNG,Mongolia,,MLE,Male,,20.2,20.2,,,,,
SA_0000001409_ARCHIVED,"Alcohol, abstainers lifetime (%)",https://www.who.int/data/gho/indicator-metadata-registry/imr-details/460,PUBLISHED,Published,,2010,2010,,AMR,Americas,,GUY,Guyana,,BTSX,Both sexes,,20.3,20.3,,,,,
SA_0000001409_ARCHIVED,"Alcohol, abstainers lifetime (%)",https://www.who.int/data/gho/indicator-metadata-registry/imr-details/460,PUBLISHED,Published,,2010,2010,,EUR,Europe,,ISL,Iceland,,FMLE,Female,,20.6,20.6,,,,,
SA_0000001409_ARCHIVED,"Alcohol, abstainers lifetime (%)",https://www.who.int/data/gho/indicator-metadata-registry/imr-details/460,PUBLISHED,Published,,2010,2010,,AMR,Americas,,ARG,Argentina,,BTSX,Both sexes,,21.0,21.0,,,,,
SA_0000001409_ARCHIVED,"Alcohol, abstainers lifetime (%)",https://www.who.int/data/gho/indicator-metadata-registry/imr-details/460,PUBLISHED,Published,,2010,2010,,AMR,Americas,,SLV,El Salvador,,MLE,Male,,21.3,21.3,,,,,
SA_0000001409_ARCHIVED,"Alcohol, abstainers lifetime (%)",https://www.who.int/data/gho/indicator-metadata-registry/imr-details/460,PUBLISHED,Published,,2010,2010,,WPR,Western Pacific,,PHL,Philippines,,MLE,Male,,21.5,21.5,,,,,
SA_0000001409_ARCHIVED,"Alcohol, abstainers lifetime (%)",https://www.who.int/data/gho/indicator-metadata-registry/imr-details/460,PUBLISHED,Published,,2010,2010,,AFR,Africa,,SYC,Seychelles,,MLE,Male,,21.6,21.6,,,,,
SA_0000001409_ARCHIVED,"Alcohol, abstainers lifetime (%)",https://www.who.int/data/gho/indicator-metadata-registry/imr-details/460,PUBLISHED,Published,,2010,2010,,WPR,Western Pacific,,NIU,Niue,,MLE,Male,,21.9,21.9,,,,,
SA_0000001409_ARCHIVED,"Alcohol, abstainers lifetime (%)",https://www.who.int/data/gho/indicator-metadata-registry/imr-details/460,PUBLISHED,Published,,2010,2010,,EUR,Europe,,MDA,Republic of Moldova,,FMLE,Female,,22.3,22.3,,,,,
SA_0000001409_ARCHIVED,"Alcohol, abstainers lifetime (%)",https://www.who.int/data/gho/indicator-metadata-registry/imr-details/460,PUBLISHED,Published,,2010,2010,,AMR,Americas,,GTM,Guatemala,,MLE,Male,,22.8,22.8,,,,,
SA_0000001409_ARCHIVED,"Alcohol, abstainers lifetime (%)",https://www.who.int/data/gho/indicator-metadata-registry/imr-details/460,PUBLISHED,Published,,2010,2010,,AMR,Americas,,KNA,Saint Kitts and Nevis,,MLE,Male,,22.8,22.8,,,,,
SA_0000001409_ARCHIVED,"Alcohol, abstainers lifetime (%)",https://www.who.int/data/gho/indicator-metadata-registry/imr-details/460,PUBLISHED,Published,,2010,2010,,EUR,Europe,,MNE,Montenegro,,FMLE,Female,,24.1,24.1,,,,,
SA_0000001409_ARCHIVED,"Alcohol, abstainers lifetime (%)",https://www.who.int/data/gho/indicator-metadata-registry/imr-details/460,PUBLISHED,Published,,2010,2010,,EUR,Europe,,AZE,Azerbaijan,,MLE,Male,,25.1,25.1,,,,,
SA_0000001409_ARCHIVED,"Alcohol, abstainers lifetime (%)",https://www.who.int/data/gho/indicator-metadata-registry/imr-details/460,PUBLISHED,Published,,2010,2010,,AMR,Americas,,DOM,Dominican Republic,,BTSX,Both sexes,,25.2,25.2,,,,,
SA_0000001409_ARCHIVED,"Alcohol, abstainers lifetime (%)",https://www.who.int/data/gho/indicator-metadata-registry/imr-details/460,PUBLISHED,Published,,2010,2010,,AMR,Americas,,PRY,Paraguay,,FMLE,Female,,26.0,26.0,,,,,
SA_0000001409_ARCHIVED,"Alcohol, abstainers lifetime (%)",https://www.who.int/data/gho/indicator-metadata-registry/imr-details/460,PUBLISHED,Published,,2010,2010,,AFR,Africa,,BWA,Botswana,,MLE,Male,,27.8,27.8,,,,,
SA_0000001409_ARCHIVED,"Alcohol, abstainers lifetime (%)",https://www.who.int/data/gho/indicator-metadata-registry/imr-details/460,PUBLISHED,Published,,2010,2010,,AFR,Africa,,SOM,Somalia,,MLE,Male,,28.0,28.0,,,,,
SA_0000001409_ARCHIVED,"Alcohol, abstainers lifetime (%)",https://www.who.int/data/gho/indicator-metadata-registry/imr-details/460,PUBLISHED,Published,,2010,2010,,AMR,Americas,,PAN,Panama,,FMLE,Female,,28.8,28.8,,,,,
SA_0000001409_ARCHIVED,"Alcohol, abstainers lifetime (%)",https://www.who.int/data/gho/indicator-metadata-registry/imr-details/460,PUBLISHED,Published,,2010,2010,,AFR,Africa,,SLE,Sierra Leone,,MLE,Male,,29.0,29.0,,,,,
SA_0000001409_ARCHIVED,"Alcohol, abstainers lifetime (%)",https://www.who.int/data/gho/indicator-metadata-registry/imr-details/460,PUBLISHED,Published,,2010,2010,,AMR,Americas,,URY,Uruguay,,FMLE,Female,,29.6,29.6,,,,,
SA_0000001409_ARCHIVED,"Alcohol, abstainers lifetime (%)",https://www.who.int/data/gho/indicator-metadata-registry/imr-details/460,PUBLISHED,Published,,2010,2010,,AMR,Americas,,VEN,Venezuela (Bolivarian Republic of),,FMLE,Female,,29.6,29.6,,,,,
SA_0000001409_ARCHIVED,"Alcohol, abstainers lifetime (%)",https://www.who.int/data/gho/indicator-metadata-registry/imr-details/460,PUBLISHED,Published,,2010,2010,,AMR,Americas,,NIC,Nicaragua,,BTSX,Both sexes,,29.8,29.8,,,,,
SA_0000001409_ARCHIVED,"Alcohol, abstainers lifetime (%)",https://www.who.int/data/gho/indicator-metadata-registry/imr-details/460,PUBLISHED,Published,,2010,2010,,AMR,Americas,,GRD,Grenada,,BTSX,Both sexes,,30.7,30.7,,,,,
SA_0000001409_ARCHIVED,"Alcohol, abstainers lifetime (%)",https://www.who.int/data/gho/indicator-metadata-registry/imr-details/460,PUBLISHED,Published,,2010,2010,,AMR,Americas,,BRA,Brazil,,FMLE,Female,,30.8,30.8,,,,,
SA_0000001409_ARCHIVED,"Alcohol, abstainers lifetime (%)",https://www.who.int/data/gho/indicator-metadata-registry/imr-details/460,PUBLISHED,Published,,2010,2010,,EUR,Europe,,ALB,Albania,,FMLE,Female,,31.2,31.2,,,,,
SA_0000001409_ARCHIVED,"Alcohol, abstainers lifetime (%)",https://www.who.int/data/gho/indicator-metadata-registry/imr-details/460,PUBLISHED,Published,,2010,2010,,AMR,Americas,,MEX,Mexico,,FMLE,Female,,31.3,31.3,,,,,
SA_0000001409_ARCHIVED,"Alcohol, abstainers lifetime (%)",https://www.who.int/data/gho/indicator-metadata-registry/imr-details/460,PUBLISHED,Published,,2010,2010,,EUR,Europe,,PRT,Portugal,,FMLE,Female,,31.7,31.7,,,,,
SA_0000001409_ARCHIVED,"Alcohol, abstainers lifetime (%)",https://www.who.int/data/gho/indicator-metadata-registry/imr-details/460,PUBLISHED,Published,,2010,2010,,AMR,Americas,,ECU,Ecuador,,BTSX,Both sexes,,31.8,31.8,,,,,
SA_0000001409_ARCHIVED,"Alcohol, abstainers lifetime (%)",https://www.who.int/data/gho/indicator-metadata-registry/imr-details/460,PUBLISHED,Published,,2010,2010,,WPR,Western Pacific,,FJI,Fiji,,MLE,Male,,32.4,32.4,,,,,
SA_0000001409_ARCHIVED,"Alcohol, abstainers lifetime (%)",https://www.who.int/data/gho/indicator-metadata-registry/imr-details/460,PUBLISHED,Published,,2010,2010,,AFR,Africa,,TGO,Togo,,BTSX,Both sexes,,33.1,33.1,,,,,
SA_0000001409_ARCHIVED,"Alcohol, abstainers lifetime (%)",https://www.who.int/data/gho/indicator-metadata-registry/imr-details/460,PUBLISHED,Published,,2010,2010,,AMR,Americas,,BHS,Bahamas,,FMLE,Female,,34.2,34.2,,,,,
SA_0000001409_ARCHIVED,"Alcohol, abstainers lifetime (%)",https://www.who.int/data/gho/indicator-metadata-registry/imr-details/460,PUBLISHED,Published,,2010,2010,,WPR,Western Pacific,,SGP,Singapore,,BTSX,Both sexes,,34.5,34.5,,,,,
SA_0000001409_ARCHIVED,"Alcohol, abstainers lifetime (%)",https://www.who.int/data/gho/indicator-metadata-registry/imr-details/460,PUBLISHED,Published,,2010,2010,,EUR,Europe,,ITA,Italy,,FMLE,Female,,37.5,37.5,,,,,
SA_0000001409_ARCHIVED,"Alcohol, abstainers lifetime (%)",https://www.who.int/data/gho/indicator-metadata-registry/imr-details/460,PUBLISHED,Published,,2010,2010,,EUR,Europe,,ARM,Armenia,,FMLE,Female,,38.0,38.0,,,,,
SA_0000001409_ARCHIVED,"Alcohol, abstainers lifetime (%)",https://www.who.int/data/gho/indicator-metadata-registry/imr-details/460,PUBLISHED,Published,,2010,2010,,EMR,Eastern Mediterranean,,SOM,Somalia,,BTSX,Both sexes,,42.0,42.0,,,,,
SA_0000001409_ARCHIVED,"Alcohol, abstainers lifetime (%)",https://www.who.int/data/gho/indicator-metadata-registry/imr-details/460,PUBLISHED,Published,,2010,2010,,AMR,Americas,,ECU,Ecuador,,FMLE,Female,,43.6,43.6,,,,,
SA_0000001409_ARCHIVED,"Alcohol, abstainers lifetime (%)",https://www.who.int/data/gho/indicator-metadata-registry/imr-details/460,PUBLISHED,Published,,2010,2010,,WPR,Western Pacific,,PHL,Philippines,,FMLE,Female,,46.2,46.2,,,,,
SA_0000001409_ARCHIVED,"Alcohol, abstainers lifetime (%)",https://www.who.int/data/gho/indicator-metadata-registry/imr-details/460,PUBLISHED,Published,,2010,2010,,AFR,Africa,,BEN,Benin,,BTSX,Both sexes,,51.1,51.1,,,,,
SA_0000001409_ARCHIVED,"Alcohol, abstainers lifetime (%)",https://www.who.int/data/gho/indicator-metadata-registry/imr-details/460,PUBLISHED,Published,,2010,2010,,AFR,Africa,,KEN,Kenya,,MLE,Male,,51.8,51.8,,,,,
SA_0000001409_ARCHIVED,"Alcohol, abstainers lifetime (%)",https://www.who.int/data/gho/indicator-metadata-registry/imr-details/460,PUBLISHED,Published,,2010,2010,,EUR,Europe,,ISR,Israel,,FMLE,Female,,52.0,52.0,,,,,
SA_0000001409_ARCHIVED,"Alcohol, abstainers lifetime (%)",https://www.who.int/data/gho/indicator-metadata-registry/imr-details/460,PUBLISHED,Published,,2010,2010,,WPR,Western Pacific,,PNG,Papua New Guinea,,BTSX,Both sexes,,53.0,53.0,,,,,
SA_0000001409_ARCHIVED,"Alcohol, abstainers lifetime (%)",https://www.who.int/data/gho/indicator-metadata-registry/imr-details/460,PUBLISHED,Published,,2010,2010,,AFR,Africa,,CAF,Central African Republic,,MLE,Male,,53.2,53.2,,,,,
SA_0000001409_ARCHIVED,"Alcohol, abstainers lifetime (%)",https://www.who.int/data/gho/indicator-metadata-registry/imr-details/460,PUBLISHED,Published,,2010,2010,,AFR,Africa,,CIV,Côte d'Ivoire,,MLE,Male,,53.8,53.8,,,,,
SA_0000001409_ARCHIVED,"Alcohol, abstainers lifetime (%)",https://www.who.int/data/gho/indicator-metadata-registry/imr-details/460,PUBLISHED,Published,,2010,2010,,WPR,Western Pacific,,SGP,Singapore,,FMLE,Female,,54.0,54.0,,,,,
SA_0000001409_ARCHIVED,"Alcohol, abstainers lifetime (%)",https://www.who.int/data/gho/indicator-metadata-registry/imr-details/460,PUBLISHED,Published,,2010,2010,,AFR,Africa,,SOM,Somalia,,FMLE,Female,,54.9,54.9,,,,,
SA_0000001409_ARCHIVED,"Alcohol, abstainers lifetime (%)",https://www.who.int/data/gho/indicator-metadata-registry/imr-details/460,PUBLISHED,Published,,2010,2010,,EUR,Europe,,SVN,Slovenia,,BTSX,Both sexes,,55.6,55.6,,,,,
SA_0000001409_ARCHIVED,"Alcohol, abstainers lifetime (%)",https://www.who.int/data/gho/indicator-metadata-registry/imr-details/460,PUBLISHED,Published,,2010,2010,,WPR,Western Pacific,,SVN,Slovenia,,BTSX,Both sexes,,55.6,55.6,,,,,
SA_0000001409_ARCHIVED,"Alcohol, abstainers lifetime (%)",https://www.who.int/data/gho/indicator-metadata-registry/imr-details/460,PUBLISHED,Published,,2010,2010,,AFR,Africa,,MWI,Malawi,,MLE,Male,,55.8,55.8,,,,,
SA_0000001409_ARCHIVED,"Alcohol, abstainers lifetime (%)",https://www.who.int/data/gho/indicator-metadata-registry/imr-details/460,PUBLISHED,Published,,2010,2010,,AFR,Africa,,MUS,Mauritius,,BTSX,Both sexes,,55.8,55.8,,,,,
SA_0000001409_ARCHIVED,"Alcohol, abstainers lifetime (%)",https://www.who.int/data/gho/indicator-metadata-registry/imr-details/460,PUBLISHED,Published,,2010,2010,,WPR,Western Pacific,,KIR,Kiribati,,BTSX,Both sexes,,57.1,57.1,,,,,
SA_0000001409_ARCHIVED,"Alcohol, abstainers lifetime (%)",https://www.who.int/data/gho/indicator-metadata-registry/imr-details/460,PUBLISHED,Published,,2010,2010,,AFR,Africa,,TZA,United Republic of Tanzania,,FMLE,Female,,58.7,58.7,,,,,
SA_0000001409_ARCHIVED,"Alcohol, abstainers lifetime (%)",https://www.who.int/data/gho/indicator-metadata-registry/imr-details/460,PUBLISHED,Published,,2010,2010,,SEAR,South-East Asia,,IND,India,,MLE,Male,,59.3,59.3,,,,,
SA_0000001409_ARCHIVED,"Alcohol, abstainers lifetime (%)",https://www.who.int/data/gho/indicator-metadata-registry/imr-details/460,PUBLISHED,Published,,2010,2010,,WPR,Western Pacific,,BRN,Brunei Darussalam,,MLE,Male,,60.0,60.0,,,,,
SA_0000001409_ARCHIVED,"Alcohol, abstainers lifetime (%)",https://www.who.int/data/gho/indicator-metadata-registry/imr-details/460,PUBLISHED,Published,,2010,2010,,WPR,Western Pacific,,FJI,Fiji,,FMLE,Female,,60.1,60.1,,,,,
SA_0000001409_ARCHIVED,"Alcohol, abstainers lifetime (%)",https://www.who.int/data/gho/indicator-metadata-registry/imr-details/460,PUBLISHED,Published,,2010,2010,,WPR,Western Pacific,,KHM,Cambodia,,FMLE,Female,,62.4,62.4,,,,,
SA_0000001409_ARCHIVED,"Alcohol, abstainers lifetime (%)",https://www.who.int/data/gho/indicator-metadata-registry/imr-details/460,PUBLISHED,Published,,2010,2010,,WPR,Western Pacific,,NRU,Nauru,,BTSX,Both sexes,,62.6,62.6,,,,,
SA_0000001409_ARCHIVED,"Alcohol, abstainers lifetime (%)",https://www.who.int/data/gho/indicator-metadata-registry/imr-details/460,PUBLISHED,Published,,2010,2010,,AFR,Africa,,COD,Democratic Republic of the Congo,,BTSX,Both sexes,,62.8,62.8,,,,,
SA_0000001409_ARCHIVED,"Alcohol, abstainers lifetime (%)",https://www.who.int/data/gho/indicator-metadata-registry/imr-details/460,PUBLISHED,Published,,2010,2010,,AFR,Africa,,TCD,Chad,,MLE,Male,,64.0,64.0,,,,,
SA_0000001409_ARCHIVED,"Alcohol, abstainers lifetime (%)",https://www.who.int/data/gho/indicator-metadata-registry/imr-details/460,PUBLISHED,Published,,2010,2010,,AFR,Africa,,STP,Sao Tome and Principe,,FMLE,Female,,64.2,64.2,,,,,
SA_0000001409_ARCHIVED,"Alcohol, abstainers lifetime (%)",https://www.who.int/data/gho/indicator-metadata-registry/imr-details/460,PUBLISHED,Published,,2010,2010,,SEAR,South-East Asia,,PRK,Democratic People's Republic of Korea,,BTSX,Both sexes,,66.3,66.3,,,,,
SA_0000001409_ARCHIVED,"Alcohol, abstainers lifetime (%)",https://www.who.int/data/gho/indicator-metadata-registry/imr-details/460,PUBLISHED,Published,,2010,2010,,WPR,Western Pacific,,TON,Tonga,,FMLE,Female,,68.4,68.4,,,,,
SA_0000001409_ARCHIVED,"Alcohol, abstainers lifetime (%)",https://www.who.int/data/gho/indicator-metadata-registry/imr-details/460,PUBLISHED,Published,,2010,2010,,SEAR,South-East Asia,,LKA,Sri Lanka,,BTSX,Both sexes,,69.1,69.1,,,,,
SA_0000001409_ARCHIVED,"Alcohol, abstainers lifetime (%)",https://www.who.int/data/gho/indicator-metadata-registry/imr-details/460,PUBLISHED,Published,,2010,2010,,AFR,Africa,,MUS,Mauritius,,FMLE,Female,,69.4,69.4,,,,,
SA_0000001409_ARCHIVED,"Alcohol, abstainers lifetime (%)",https://www.who.int/data/gho/indicator-metadata-registry/imr-details/460,PUBLISHED,Published,,2010,2010,,EUR,Europe,,UZB,Uzbekistan,,FMLE,Female,,70.0,70.0,,,,,
SA_0000001409_ARCHIVED,"Alcohol, abstainers lifetime (%)",https://www.who.int/data/gho/indicator-metadata-registry/imr-details/460,PUBLISHED,Published,,2010,2010,,SEAR,South-East Asia,,MDV,Maldives,,MLE,Male,,71.5,71.5,,,,,
SA_0000001409_ARCHIVED,"Alcohol, abstainers lifetime (%)",https://www.who.int/data/gho/indicator-metadata-registry/imr-details/460,PUBLISHED,Published,,2010,2010,,SEAR,South-East Asia,,NPL,Nepal,,MLE,Male,,76.8,76.8,,,,,
SA_0000001409_ARCHIVED,"Alcohol, abstainers lifetime (%)",https://www.who.int/data/gho/indicator-metadata-registry/imr-details/460,PUBLISHED,Published,,2010,2010,,AFR,Africa,,KEN,Kenya,,FMLE,Female,,77.1,77.1,,,,,
SA_0000001409_ARCHIVED,"Alcohol, abstainers lifetime (%)",https://www.who.int/data/gho/indicator-metadata-registry/imr-details/460,PUBLISHED,Published,,2010,2010,,AFR,Africa,,SEN,Senegal,,MLE,Male,,85.0,85.0,,,,,
SA_0000001409_ARCHIVED,"Alcohol, abstainers lifetime (%)",https://www.who.int/data/gho/indicator-metadata-registry/imr-details/460,PUBLISHED,Published,,2010,2010,,EMR,Eastern Mediterranean,,KWT,Kuwait,,FMLE,Female,,85.8,85.8,,,,,
SA_0000001409_ARCHIVED,"Alcohol, abstainers lifetime (%)",https://www.who.int/data/gho/indicator-metadata-registry/imr-details/460,PUBLISHED,Published,,2010,2010,,SEAR,South-East Asia,,IND,India,,FMLE,Female,,90.0,90.0,,,,,
SA_0000001409_ARCHIVED,"Alcohol, abstainers lifetime (%)",https://www.who.int/data/gho/indicator-metadata-registry/imr-details/460,PUBLISHED,Published,,2010,2010,,SEAR,South-East Asia,,IDN,Indonesia,,FMLE,Female,,90.0,90.0,,,,,
SA_0000001409_ARCHIVED,"Alcohol, abstainers lifetime (%)",https://www.who.int/data/gho/indicator-metadata-registry/imr-details/460,PUBLISHED,Published,,2010,2010,,EMR,Eastern Mediterranean,,SAU,Saudi Arabia,,BTSX,Both sexes,,90.1,90.1,,,,,
SA_0000001409_ARCHIVED,"Alcohol, abstainers lifetime (%)",https://www.who.int/data/gho/indicator-metadata-registry/imr-details/460,PUBLISHED,Published,,2010,2010,,SEAR,South-East Asia,,TLS,Timor-Leste,,FMLE,Female,,91.7,91.7,,,,,
SA_0000001409_ARCHIVED,"Alcohol, abstainers lifetime (%)",https://www.who.int/data/gho/indicator-metadata-registry/imr-details/460,PUBLISHED,Published,,2010,2010,,EMR,Eastern Mediterranean,,MAR,Morocco,,FMLE,Female,,92.0,92.0,,,,,
SA_0000001409_ARCHIVED,"Alcohol, abstainers lifetime (%)",https://www.who.int/data/gho/indicator-metadata-registry/imr-details/460,PUBLISHED,Published,,2010,2010,,EMR,Eastern Mediterranean,,YEM,Yemen,,BTSX,Both sexes,,92.1,92.1,,,,,
SA_0000001409_ARCHIVED,"Alcohol, abstainers lifetime (%)",https://www.who.int/data/gho/indicator-metadata-registry/imr-details/460,PUBLISHED,Published,,2010,2010,,EMR,Eastern Mediterranean,,PAK,Pakistan,,BTSX,Both sexes,,92.1,92.1,,,,,
SA_0000001409_ARCHIVED,"Alcohol, abstainers lifetime (%)",https://www.who.int/data/gho/indicator-metadata-registry/imr-details/460,PUBLISHED,Published,,2010,2010,,AFR,Africa,,NER,Niger,,BTSX,Both sexes,,92.4,92.4,,,,,
SA_0000001409_ARCHIVED,"Alcohol, abstainers lifetime (%)",https://www.who.int/data/gho/indicator-metadata-registry/imr-details/460,PUBLISHED,Published,,2010,2010,,EMR,Eastern Mediterranean,,AFG,Afghanistan,,BTSX,Both sexes,,92.5,92.5,,,,,
SA_0000001409_ARCHIVED,"Alcohol, abstainers lifetime (%)",https://www.who.int/data/gho/indicator-metadata-registry/imr-details/460,PUBLISHED,Published,,2010,2010,,WPR,Western Pacific,,SLB,Solomon Islands,,BTSX,Both sexes,,92.5,92.5,,,,,
SA_0000001409_ARCHIVED,"Alcohol, abstainers lifetime (%)",https://www.who.int/data/gho/indicator-metadata-registry/imr-details/460,PUBLISHED,Published,,2010,2010,,EMR,Eastern Mediterranean,,JOR,Jordan,,BTSX,Both sexes,,92.8,92.8,,,,,
SA_0000001409_ARCHIVED,"Alcohol, abstainers lifetime (%)",https://www.who.int/data/gho/indicator-metadata-registry/imr-details/460,PUBLISHED,Published,,2010,2010,,EMR,Eastern Mediterranean,,PAK,Pakistan,,FMLE,Female,,94.8,94.8,,,,,
SA_0000001409_ARCHIVED,"Alcohol, abstainers lifetime (%)",https://www.who.int/data/gho/indicator-metadata-registry/imr-details/460,PUBLISHED,Published,,2010,2010,,AFR,Africa,,MRT,Mauritania,,BTSX,Both sexes,,95.0,95.0,,,,,
SA_0000001409_ARCHIVED,"Alcohol, abstainers lifetime (%)",https://www.who.int/data/gho/indicator-metadata-registry/imr-details/460,PUBLISHED,Published,,2010,2010,,AFR,Africa,,SEN,Senegal,,FMLE,Female,,95.0,95.0,,,,,
SA_0000001409_ARCHIVED,"Alcohol, abstainers lifetime (%)",https://www.who.int/data/gho/indicator-metadata-registry/imr-details/460,PUBLISHED,Published,,2010,2010,,AFR,Africa,,MLI,Mali,,FMLE,Female,,96.0,96.0,,,,,
SA_0000001409_ARCHIVED,"Alcohol, abstainers lifetime (%)",https://www.who.int/data/gho/indicator-metadata-registry/imr-details/460,PUBLISHED,Published,,2010,2010,,AFR,Africa,,MRT,Mauritania,,FMLE,Female,,96.0,96.0,,,,,
SA_0000001409_ARCHIVED,"Alcohol, abstainers lifetime (%)",https://www.who.int/data/gho/indicator-metadata-registry/imr-details/460,PUBLISHED,Published,,2010,2010,,AFR,Africa,,ZAF,South Africa,,MLE,Male,,,,,,,,missing data
SA_0000001409_ARCHIVED,"Alcohol, abstainers lifetime (%)",https://www.who.int/data/gho/indicator-metadata-registry/imr-details/460,PUBLISHED,Published,,2010,2010,,AFR,Africa,,ZAF,South Africa,,BTSX,Both sexes,,,,,,,,missing data
SA_0000001409_ARCHIVED,"Alcohol, abstainers lifetime (%)",https://www.who.int/data/gho/indicator-metadata-registry/imr-details/460,PUBLISHED,Published,,2010,2010,,WPR,Western Pacific,,MHL,Marshall Islands,,FMLE,Female,,,,,,,,missing data
SA_0000001409_ARCHIVED,"Alcohol, abstainers lifetime (%)",https://www.who.int/data/gho/indicator-metadata-registry/imr-details/460,PUBLISHED,Published,,2010,2010,,EMR,Eastern Mediterranean,,ZAF,South Africa,,FMLE,Female,,,,,,,,missing data
SA_0000001409_ARCHIVED,"Alcohol, abstainers lifetime (%)",https://www.who.int/data/gho/indicator-metadata-registry/imr-details/460,PUBLISHED,Published,,2010,2010,,EUR,Europe,,SMR,San Marino,,MLE,Male,,,,,,,,missing data
SA_0000001409_ARCHIVED,"Alcohol, abstainers lifetime (%)",https://www.who.int/data/gho/indicator-metadata-registry/imr-details/460,PUBLISHED,Published,,2010,2010,,EUR,Europe,,SMR,San Marino,,FMLE,Female,,,,,,,,missing data
SA_0000001409_ARCHIVED,"Alcohol, abstainers lifetime (%)",https://www.who.int/data/gho/indicator-metadata-registry/imr-details/460,PUBLISHED,Published,,2010,2010,,EUR,Europe,,SMR,San Marino,,BTSX,Both sexes,,,,,,,,missing data
