GHO (CODE),GHO (DISPLAY),GHO (URL),PUBLISHSTATE (CODE),PUBLISHSTATE (DISPLAY),PUBLISHSTATE (URL),YEAR (CODE),YEAR (DISPLAY),YEAR (URL),REGION (CODE),REGION (DISPLAY),REGION (URL),COUNTRY (CODE),COUNTRY (DISPLAY),COUNTRY (URL),Display Value,Numeric,Low,High,StdErr,StdDev,Comments
SA_0000001766_ARCHIVED,Legal obligation for schools to interact with parents regarding education and well-being,https://www.who.int/data/gho/indicator-metadata-registry/imr-details/4451,PUBLISHED,Published,,2012,2012,,EUR,Europe,,ALB,Albania,,No,,,,,,
SA_0000001766_ARCHIVED,Legal obligation for schools to interact with parents regarding education and well-being,https://www.who.int/data/gho/indicator-metadata-registry/imr-details/4451,PUBLISHED,Published,,2012,2012,,EUR,Europe,,AND,Andorra,,No,,,,,,
SA_0000001766_ARCHIVED,Legal obligation for schools to interact with parents regarding education and well-being,https://www.who.int/data/gho/indicator-metadata-registry/imr-details/4451,PUBLISHED,Published,,2012,2012,,EUR,Europe,,ARM,Armenia,,No,,,,,,
SA_0000001766_ARCHIVED,Legal obligation for schools to interact with parents regarding education and well-being,https://www.who.int/data/gho/indicator-metadata-registry/imr-details/4451,PUBLISHED,Published,,2012,2012,,EUR,Europe,,AUT,Austria,,Yes,,,,,,
SA_0000001766_ARCHIVED,Legal obligation for schools to interact with parents regarding education and well-being,https://www.who.int/data/gho/indicator-metadata-registry/imr-details/4451,PUBLISHED,Published,,2012,2012,,EUR,Europe,,AZE,Azerbaijan,,No,,,,,,
SA_0000001766_ARCHIVED,Legal obligation for schools to interact with parents regarding education and well-being,https://www.who.int/data/gho/indicator-metadata-registry/imr-details/4451,PUBLISHED,Published,,2012,2012,,EUR,Europe,,BLR,Belarus,,Yes,,,,,,
SA_0000001766_ARCHIVED,Legal obligation for schools to interact with parents regarding education and well-being,https://www.who.int/data/gho/indicator-metadata-registry/imr-details/4451,PUBLISHED,Published,,2012,2012,,EUR,Europe,,BEL,Belgium,,No,,,,,,
SA_0000001766_ARCHIVED,Legal obligation for schools to interact with parents regarding education and well-being,https://www.who.int/data/gho/indicator-metadata-registry/imr-details/4451,PUBLISHED,Published,,2012,2012,,EUR,Europe,,BIH,Bosnia and Herzegovina,,Yes,,,,,,
SA_0000001766_ARCHIVED,Legal obligation for schools to interact with parents regarding education and well-being,https://www.who.int/data/gho/indicator-metadata-registry/imr-details/4451,PUBLISHED,Published,,2012,2012,,EUR,Europe,,BGR,Bulgaria,,Yes,,,,,,
SA_0000001766_ARCHIVED,Legal obligation for schools to interact with parents regarding education and well-being,https://www.who.int/data/gho/indicator-metadata-registry/imr-details/4451,PUBLISHED,Published,,2012,2012,,EUR,Europe,,HRV,Croatia,,Yes,,,,,,
SA_0000001766_ARCHIVED,Legal obligation for schools to interact with parents regarding education and well-being,https://www.who.int/data/gho/indicator-metadata-registry/imr-details/4451,PUBLISHED,Published,,2012,2012,,EUR,Europe,,CYP,Cyprus,,Yes,,,,,,
SA_0000001766_ARCHIVED,Legal obligation for schools to interact with parents regarding education and well-being,https://www.who.int/data/gho/indicator-metadata-registry/imr-details/4451,PUBLISHED,Published,,2012,2012,,EUR,Europe,,CZE,Czechia,,Yes,,,,,,
SA_0000001766_ARCHIVED,Legal obligation for schools to interact with parents regarding education and well-being,https://www.who.int/data/gho/indicator-metadata-registry/imr-details/4451,PUBLISHED,Published,,2012,2012,,EUR,Europe,,DNK,Denmark,,Yes,,,,,,
SA_0000001766_ARCHIVED,Legal obligation for schools to interact with parents regarding education and well-being,https://www.who.int/data/gho/indicator-metadata-registry/imr-details/4451,PUBLISHED,Published,,2012,2012,,EUR,Europe,,EST,Estonia,,Yes,,,,,,
SA_0000001766_ARCHIVED,Legal obligation for schools to interact with parents regarding education and well-being,https://www.who.int/data/gho/indicator-metadata-registry/imr-details/4451,PUBLISHED,Published,,2012,2012,,EUR,Europe,,FIN,Finland,,Yes,,,,,,
SA_0000001766_ARCHIVED,Legal obligation for schools to interact with parents regarding education and well-being,https://www.who.int/data/gho/indicator-metadata-registry/imr-details/4451,PUBLISHED,Published,,2012,2012,,EUR,Europe,,FRA,France,,No,,,,,,
SA_0000001766_ARCHIVED,Legal obligation for schools to interact with parents regarding education and well-being,https://www.who.int/data/gho/indicator-metadata-registry/imr-details/4451,PUBLISHED,Published,,2012,2012,,EUR,Europe,,DEU,Germany,,Yes,,,,,,
SA_0000001766_ARCHIVED,Legal obligation for schools to interact with parents regarding education and well-being,https://www.who.int/data/gho/indicator-metadata-registry/imr-details/4451,PUBLISHED,Published,,2012,2012,,EUR,Europe,,GEO,Georgia,,,,,,,,missing data
SA_0000001766_ARCHIVED,Legal obligation for schools to interact with parents regarding education and well-being,https://www.who.int/data/gho/indicator-metadata-registry/imr-details/4451,PUBLISHED,Published,,2012,2012,,EUR,Europe,,GRC,Greece,,Yes,,,,,,
SA_0000001766_ARCHIVED,Legal obligation for schools to interact with parents regarding education and well-being,https://www.who.int/data/gho/indicator-metadata-registry/imr-details/4451,PUBLISHED,Published,,2012,2012,,EUR,Europe,,HUN,Hungary,,Yes,,,,,,
SA_0000001766_ARCHIVED,Legal obligation for schools to interact with parents regarding education and well-being,https://www.who.int/data/gho/indicator-metadata-registry/imr-details/4451,PUBLISHED,Published,,2012,2012,,EUR,Europe,,ISL,Iceland,,Yes,,,,,,
SA_0000001766_ARCHIVED,Legal obligation for schools to interact with parents regarding education and well-being,https://www.who.int/data/gho/indicator-metadata-registry/imr-details/4451,PUBLISHED,Published,,2012,2012,,EUR,Europe,,IRL,Ireland,,Yes,,,,,,
SA_0000001766_ARCHIVED,Legal obligation for schools to interact with parents regarding education and well-being,https://www.who.int/data/gho/indicator-metadata-registry/imr-details/4451,PUBLISHED,Published,,2012,2012,,EUR,Europe,,ISR,Israel,,No,,,,,,
SA_0000001766_ARCHIVED,Legal obligation for schools to interact with parents regarding education and well-being,https://www.who.int/data/gho/indicator-metadata-registry/imr-details/4451,PUBLISHED,Published,,2012,2012,,EUR,Europe,,ITA,Italy,,No,,,,,,
SA_0000001766_ARCHIVED,Legal obligation for schools to interact with parents regarding education and well-being,https://www.who.int/data/gho/indicator-metadata-registry/imr-details/4451,PUBLISHED,Published,,2012,2012,,EUR,Europe,,KAZ,Kazakhstan,,,,,,,,missing data
SA_0000001766_ARCHIVED,Legal obligation for schools to interact with parents regarding education and well-being,https://www.who.int/data/gho/indicator-metadata-registry/imr-details/4451,PUBLISHED,Published,,2012,2012,,EUR,Europe,,KGZ,Kyrgyzstan,,Yes,,,,,,
SA_0000001766_ARCHIVED,Legal obligation for schools to interact with parents regarding education and well-being,https://www.who.int/data/gho/indicator-metadata-registry/imr-details/4451,PUBLISHED,Published,,2012,2012,,EUR,Europe,,LVA,Latvia,,No,,,,,,
SA_0000001766_ARCHIVED,Legal obligation for schools to interact with parents regarding education and well-being,https://www.who.int/data/gho/indicator-metadata-registry/imr-details/4451,PUBLISHED,Published,,2012,2012,,EUR,Europe,,LTU,Lithuania,,No,,,,,,
SA_0000001766_ARCHIVED,Legal obligation for schools to interact with parents regarding education and well-being,https://www.who.int/data/gho/indicator-metadata-registry/imr-details/4451,PUBLISHED,Published,,2012,2012,,EUR,Europe,,LUX,Luxembourg,,Yes,,,,,,
SA_0000001766_ARCHIVED,Legal obligation for schools to interact with parents regarding education and well-being,https://www.who.int/data/gho/indicator-metadata-registry/imr-details/4451,PUBLISHED,Published,,2012,2012,,EUR,Europe,,MLT,Malta,,Yes,,,,,,
SA_0000001766_ARCHIVED,Legal obligation for schools to interact with parents regarding education and well-being,https://www.who.int/data/gho/indicator-metadata-registry/imr-details/4451,PUBLISHED,Published,,2012,2012,,EUR,Europe,,MCO,Monaco,,,,,,,,missing data
SA_0000001766_ARCHIVED,Legal obligation for schools to interact with parents regarding education and well-being,https://www.who.int/data/gho/indicator-metadata-registry/imr-details/4451,PUBLISHED,Published,,2012,2012,,EUR,Europe,,MNE,Montenegro,,Yes,,,,,,
SA_0000001766_ARCHIVED,Legal obligation for schools to interact with parents regarding education and well-being,https://www.who.int/data/gho/indicator-metadata-registry/imr-details/4451,PUBLISHED,Published,,2012,2012,,EUR,Europe,,NLD,Netherlands,,No,,,,,,
SA_0000001766_ARCHIVED,Legal obligation for schools to interact with parents regarding education and well-being,https://www.who.int/data/gho/indicator-metadata-registry/imr-details/4451,PUBLISHED,Published,,2012,2012,,EUR,Europe,,NOR,Norway,,Yes,,,,,,
SA_0000001766_ARCHIVED,Legal obligation for schools to interact with parents regarding education and well-being,https://www.who.int/data/gho/indicator-metadata-registry/imr-details/4451,PUBLISHED,Published,,2012,2012,,EUR,Europe,,POL,Poland,,Yes,,,,,,
SA_0000001766_ARCHIVED,Legal obligation for schools to interact with parents regarding education and well-being,https://www.who.int/data/gho/indicator-metadata-registry/imr-details/4451,PUBLISHED,Published,,2012,2012,,EUR,Europe,,PRT,Portugal,,Yes,,,,,,
SA_0000001766_ARCHIVED,Legal obligation for schools to interact with parents regarding education and well-being,https://www.who.int/data/gho/indicator-metadata-registry/imr-details/4451,PUBLISHED,Published,,2012,2012,,EUR,Europe,,MDA,Republic of Moldova,,Yes,,,,,,
SA_0000001766_ARCHIVED,Legal obligation for schools to interact with parents regarding education and well-being,https://www.who.int/data/gho/indicator-metadata-registry/imr-details/4451,PUBLISHED,Published,,2012,2012,,EUR,Europe,,ROU,Romania,,No,,,,,,
SA_0000001766_ARCHIVED,Legal obligation for schools to interact with parents regarding education and well-being,https://www.who.int/data/gho/indicator-metadata-registry/imr-details/4451,PUBLISHED,Published,,2012,2012,,EUR,Europe,,RUS,Russian Federation,,Yes,,,,,,
SA_0000001766_ARCHIVED,Legal obligation for schools to interact with parents regarding education and well-being,https://www.who.int/data/gho/indicator-metadata-registry/imr-details/4451,PUBLISHED,Published,,2012,2012,,EUR,Europe,,SMR,San Marino,,No,,,,,,
SA_0000001766_ARCHIVED,Legal obligation for schools to interact with parents regarding education and well-being,https://www.who.int/data/gho/indicator-metadata-registry/imr-details/4451,PUBLISHED,Published,,2012,2012,,EUR,Europe,,SRB,Serbia,,Yes,,,,,,
SA_0000001766_ARCHIVED,Legal obligation for schools to interact with parents regarding education and well-being,https://www.who.int/data/gho/indicator-metadata-registry/imr-details/4451,PUBLISHED,Published,,2012,2012,,EUR,Europe,,SVK,Slovakia,,Yes,,,,,,
SA_0000001766_ARCHIVED,Legal obligation for schools to interact with parents regarding education and well-being,https://www.who.int/data/gho/indicator-metadata-registry/imr-details/4451,PUBLISHED,Published,,2012,2012,,EUR,Europe,,SVN,Slovenia,,Yes,,,,,,
SA_0000001766_ARCHIVED,Legal obligation for schools to interact with parents regarding education and well-being,https://www.who.int/data/gho/indicator-metadata-registry/imr-details/4451,PUBLISHED,Published,,2012,2012,,EUR,Europe,,ESP,Spain,,Yes,,,,,,
SA_0000001766_ARCHIVED,Legal obligation for schools to interact with parents regarding education and well-being,https://www.who.int/data/gho/indicator-metadata-registry/imr-details/4451,PUBLISHED,Published,,2012,2012,,EUR,Europe,,SWE,Sweden,,Yes,,,,,,
SA_0000001766_ARCHIVED,Legal obligation for schools to interact with parents regarding education and well-being,https://www.who.int/data/gho/indicator-metadata-registry/imr-details/4451,PUBLISHED,Published,,2012,2012,,EUR,Europe,,CHE,Switzerland,,No,,,,,,
SA_0000001766_ARCHIVED,Legal obligation for schools to interact with parents regarding education and well-being,https://www.who.int/data/gho/indicator-metadata-registry/imr-details/4451,PUBLISHED,Published,,2012,2012,,EUR,Europe,,TJK,Tajikistan,,,,,,,,missing data
SA_0000001766_ARCHIVED,Legal obligation for schools to interact with parents regarding education and well-being,https://www.who.int/data/gho/indicator-metadata-registry/imr-details/4451,PUBLISHED,Published,,2012,2012,,EUR,Europe,,MKD,Republic of North Macedonia,,Yes,,,,,,
SA_0000001766_ARCHIVED,Legal obligation for schools to interact with parents regarding education and well-being,https://www.who.int/data/gho/indicator-metadata-registry/imr-details/4451,PUBLISHED,Published,,2012,2012,,EUR,Europe,,TUR,Turkey,,Yes,,,,,,
SA_0000001766_ARCHIVED,Legal obligation for schools to interact with parents regarding education and well-being,https://www.who.int/data/gho/indicator-metadata-registry/imr-details/4451,PUBLISHED,Published,,2012,2012,,EUR,Europe,,TKM,Turkmenistan,,Yes,,,,,,
SA_0000001766_ARCHIVED,Legal obligation for schools to interact with parents regarding education and well-being,https://www.who.int/data/gho/indicator-metadata-registry/imr-details/4451,PUBLISHED,Published,,2012,2012,,EUR,Europe,,UKR,Ukraine,,Yes,,,,,,
SA_0000001766_ARCHIVED,Legal obligation for schools to interact with parents regarding education and well-being,https://www.who.int/data/gho/indicator-metadata-registry/imr-details/4451,PUBLISHED,Published,,2012,2012,,EUR,Europe,,GBR,United Kingdom of Great Britain and Northern Ireland,,Yes,,,,,,
SA_0000001766_ARCHIVED,Legal obligation for schools to interact with parents regarding education and well-being,https://www.who.int/data/gho/indicator-metadata-registry/imr-details/4451,PUBLISHED,Published,,2012,2012,,EUR,Europe,,UZB,Uzbekistan,,Yes,,,,,,
