GHO (CODE),GHO (DISPLAY),GHO (URL),PUBLISHSTATE (CODE),PUBLISHSTATE (DISPLAY),PUBLISHSTATE (URL),YEAR (CODE),YEAR (DISPLAY),YEAR (URL),REGION (CODE),REGION (DISPLAY),REGION (URL),COUNTRY (CODE),COUNTRY (DISPLAY),COUNTRY (URL),Display Value,Numeric,Low,High,StdErr,StdDev,Comments
SA_0000001768,Standard drink defined,https://www.who.int/data/gho/indicator-metadata-registry/imr-details/2361,PUBLISHED,Published,,2016,2016,,EMR,Eastern Mediterranean,,AFG,Afghanistan,,No data,,,,,,
SA_0000001768,Standard drink defined,https://www.who.int/data/gho/indicator-metadata-registry/imr-details/2361,PUBLISHED,Published,,2016,2016,,AFR,Africa,,AGO,Angola,,No,,,,,,
SA_0000001768,Standard drink defined,https://www.who.int/data/gho/indicator-metadata-registry/imr-details/2361,PUBLISHED,Published,,2016,2016,,EUR,Europe,,ALB,Albania,,No,,,,,,
SA_0000001768,Standard drink defined,https://www.who.int/data/gho/indicator-metadata-registry/imr-details/2361,PUBLISHED,Published,,2016,2016,,EUR,Europe,,AND,Andorra,,No,,,,,,
SA_0000001768,Standard drink defined,https://www.who.int/data/gho/indicator-metadata-registry/imr-details/2361,PUBLISHED,Published,,2016,2016,,EMR,Eastern Mediterranean,,ARE,United Arab Emirates,,No data,,,,,,
SA_0000001768,Standard drink defined,https://www.who.int/data/gho/indicator-metadata-registry/imr-details/2361,PUBLISHED,Published,,2016,2016,,AMR,Americas,,ARG,Argentina,,No,,,,,,
SA_0000001768,Standard drink defined,https://www.who.int/data/gho/indicator-metadata-registry/imr-details/2361,PUBLISHED,Published,,2016,2016,,EUR,Europe,,ARM,Armenia,,No,,,,,,
SA_0000001768,Standard drink defined,https://www.who.int/data/gho/indicator-metadata-registry/imr-details/2361,PUBLISHED,Published,,2016,2016,,AMR,Americas,,ATG,Antigua and Barbuda,,No,,,,,,
SA_0000001768,Standard drink defined,https://www.who.int/data/gho/indicator-metadata-registry/imr-details/2361,PUBLISHED,Published,,2016,2016,,WPR,Western Pacific,,AUS,Australia,,10 grams,,,,,,
SA_0000001768,Standard drink defined,https://www.who.int/data/gho/indicator-metadata-registry/imr-details/2361,PUBLISHED,Published,,2016,2016,,EUR,Europe,,AUT,Austria,,20 grams,,,,,,
SA_0000001768,Standard drink defined,https://www.who.int/data/gho/indicator-metadata-registry/imr-details/2361,PUBLISHED,Published,,2016,2016,,EUR,Europe,,AZE,Azerbaijan,,10 grams,,,,,,
SA_0000001768,Standard drink defined,https://www.who.int/data/gho/indicator-metadata-registry/imr-details/2361,PUBLISHED,Published,,2016,2016,,AFR,Africa,,BDI,Burundi,,No,,,,,,
SA_0000001768,Standard drink defined,https://www.who.int/data/gho/indicator-metadata-registry/imr-details/2361,PUBLISHED,Published,,2016,2016,,EUR,Europe,,BEL,Belgium,,No,,,,,,
SA_0000001768,Standard drink defined,https://www.who.int/data/gho/indicator-metadata-registry/imr-details/2361,PUBLISHED,Published,,2016,2016,,AFR,Africa,,BEN,Benin,,No,,,,,,
SA_0000001768,Standard drink defined,https://www.who.int/data/gho/indicator-metadata-registry/imr-details/2361,PUBLISHED,Published,,2016,2016,,AFR,Africa,,BFA,Burkina Faso,,No,,,,,,
SA_0000001768,Standard drink defined,https://www.who.int/data/gho/indicator-metadata-registry/imr-details/2361,PUBLISHED,Published,,2016,2016,,SEAR,South-East Asia,,BGD,Bangladesh,,No,,,,,,
SA_0000001768,Standard drink defined,https://www.who.int/data/gho/indicator-metadata-registry/imr-details/2361,PUBLISHED,Published,,2016,2016,,EUR,Europe,,BGR,Bulgaria,,20 grams,,,,,,
SA_0000001768,Standard drink defined,https://www.who.int/data/gho/indicator-metadata-registry/imr-details/2361,PUBLISHED,Published,,2016,2016,,EMR,Eastern Mediterranean,,BHR,Bahrain,,No data,,,,,,
SA_0000001768,Standard drink defined,https://www.who.int/data/gho/indicator-metadata-registry/imr-details/2361,PUBLISHED,Published,,2016,2016,,AMR,Americas,,BHS,Bahamas,,No,,,,,,
SA_0000001768,Standard drink defined,https://www.who.int/data/gho/indicator-metadata-registry/imr-details/2361,PUBLISHED,Published,,2016,2016,,EUR,Europe,,BIH,Bosnia and Herzegovina,,No,,,,,,
SA_0000001768,Standard drink defined,https://www.who.int/data/gho/indicator-metadata-registry/imr-details/2361,PUBLISHED,Published,,2016,2016,,EUR,Europe,,BLR,Belarus,,No,,,,,,
SA_0000001768,Standard drink defined,https://www.who.int/data/gho/indicator-metadata-registry/imr-details/2361,PUBLISHED,Published,,2016,2016,,AMR,Americas,,BLZ,Belize,,No,,,,,,
SA_0000001768,Standard drink defined,https://www.who.int/data/gho/indicator-metadata-registry/imr-details/2361,PUBLISHED,Published,,2016,2016,,AMR,Americas,,BOL,Bolivia (Plurinational State of),,No data,,,,,,
SA_0000001768,Standard drink defined,https://www.who.int/data/gho/indicator-metadata-registry/imr-details/2361,PUBLISHED,Published,,2016,2016,,AMR,Americas,,BRA,Brazil,,No,,,,,,
SA_0000001768,Standard drink defined,https://www.who.int/data/gho/indicator-metadata-registry/imr-details/2361,PUBLISHED,Published,,2016,2016,,AMR,Americas,,BRB,Barbados,,No,,,,,,
SA_0000001768,Standard drink defined,https://www.who.int/data/gho/indicator-metadata-registry/imr-details/2361,PUBLISHED,Published,,2016,2016,,WPR,Western Pacific,,BRN,Brunei Darussalam,,No data,,,,,,
SA_0000001768,Standard drink defined,https://www.who.int/data/gho/indicator-metadata-registry/imr-details/2361,PUBLISHED,Published,,2016,2016,,SEAR,South-East Asia,,BTN,Bhutan,,No,,,,,,
SA_0000001768,Standard drink defined,https://www.who.int/data/gho/indicator-metadata-registry/imr-details/2361,PUBLISHED,Published,,2016,2016,,AFR,Africa,,BWA,Botswana,,No,,,,,,
SA_0000001768,Standard drink defined,https://www.who.int/data/gho/indicator-metadata-registry/imr-details/2361,PUBLISHED,Published,,2016,2016,,AFR,Africa,,CAF,Central African Republic,,Yes,,,,,,
SA_0000001768,Standard drink defined,https://www.who.int/data/gho/indicator-metadata-registry/imr-details/2361,PUBLISHED,Published,,2016,2016,,AMR,Americas,,CAN,Canada,,13.45 grams,,,,,,
SA_0000001768,Standard drink defined,https://www.who.int/data/gho/indicator-metadata-registry/imr-details/2361,PUBLISHED,Published,,2016,2016,,EUR,Europe,,CHE,Switzerland,,10-12 grams,,,,,,
SA_0000001768,Standard drink defined,https://www.who.int/data/gho/indicator-metadata-registry/imr-details/2361,PUBLISHED,Published,,2016,2016,,AMR,Americas,,CHL,Chile,,15 grams,,,,,,
SA_0000001768,Standard drink defined,https://www.who.int/data/gho/indicator-metadata-registry/imr-details/2361,PUBLISHED,Published,,2016,2016,,WPR,Western Pacific,,CHN,China,,10 grams,,,,,,
SA_0000001768,Standard drink defined,https://www.who.int/data/gho/indicator-metadata-registry/imr-details/2361,PUBLISHED,Published,,2016,2016,,AFR,Africa,,CIV,Côte d'Ivoire,,No,,,,,,
SA_0000001768,Standard drink defined,https://www.who.int/data/gho/indicator-metadata-registry/imr-details/2361,PUBLISHED,Published,,2016,2016,,AFR,Africa,,CMR,Cameroon,,No,,,,,,
SA_0000001768,Standard drink defined,https://www.who.int/data/gho/indicator-metadata-registry/imr-details/2361,PUBLISHED,Published,,2016,2016,,AFR,Africa,,COD,Democratic Republic of the Congo,,No,,,,,,
SA_0000001768,Standard drink defined,https://www.who.int/data/gho/indicator-metadata-registry/imr-details/2361,PUBLISHED,Published,,2016,2016,,AFR,Africa,,COG,Congo,,No,,,,,,
SA_0000001768,Standard drink defined,https://www.who.int/data/gho/indicator-metadata-registry/imr-details/2361,PUBLISHED,Published,,2016,2016,,WPR,Western Pacific,,COK,Cook Islands,,No data,,,,,,
SA_0000001768,Standard drink defined,https://www.who.int/data/gho/indicator-metadata-registry/imr-details/2361,PUBLISHED,Published,,2016,2016,,AMR,Americas,,COL,Colombia,,No,,,,,,
SA_0000001768,Standard drink defined,https://www.who.int/data/gho/indicator-metadata-registry/imr-details/2361,PUBLISHED,Published,,2016,2016,,AFR,Africa,,COM,Comoros,,No,,,,,,
SA_0000001768,Standard drink defined,https://www.who.int/data/gho/indicator-metadata-registry/imr-details/2361,PUBLISHED,Published,,2016,2016,,AFR,Africa,,CPV,Cabo Verde,,No,,,,,,
SA_0000001768,Standard drink defined,https://www.who.int/data/gho/indicator-metadata-registry/imr-details/2361,PUBLISHED,Published,,2016,2016,,AMR,Americas,,CRI,Costa Rica,,No,,,,,,
SA_0000001768,Standard drink defined,https://www.who.int/data/gho/indicator-metadata-registry/imr-details/2361,PUBLISHED,Published,,2016,2016,,AMR,Americas,,CUB,Cuba,,No data,,,,,,
SA_0000001768,Standard drink defined,https://www.who.int/data/gho/indicator-metadata-registry/imr-details/2361,PUBLISHED,Published,,2016,2016,,EUR,Europe,,CYP,Cyprus,,12 grams,,,,,,
SA_0000001768,Standard drink defined,https://www.who.int/data/gho/indicator-metadata-registry/imr-details/2361,PUBLISHED,Published,,2016,2016,,EUR,Europe,,CZE,Czechia,,16 grams,,,,,,
SA_0000001768,Standard drink defined,https://www.who.int/data/gho/indicator-metadata-registry/imr-details/2361,PUBLISHED,Published,,2016,2016,,EUR,Europe,,DEU,Germany,,15 grams,,,,,,
SA_0000001768,Standard drink defined,https://www.who.int/data/gho/indicator-metadata-registry/imr-details/2361,PUBLISHED,Published,,2016,2016,,EMR,Eastern Mediterranean,,DJI,Djibouti,,Yes,,,,,,
SA_0000001768,Standard drink defined,https://www.who.int/data/gho/indicator-metadata-registry/imr-details/2361,PUBLISHED,Published,,2016,2016,,AMR,Americas,,DMA,Dominica,,No,,,,,,
SA_0000001768,Standard drink defined,https://www.who.int/data/gho/indicator-metadata-registry/imr-details/2361,PUBLISHED,Published,,2016,2016,,EUR,Europe,,DNK,Denmark,,12 grams,,,,,,
SA_0000001768,Standard drink defined,https://www.who.int/data/gho/indicator-metadata-registry/imr-details/2361,PUBLISHED,Published,,2016,2016,,AMR,Americas,,DOM,Dominican Republic,,No,,,,,,
SA_0000001768,Standard drink defined,https://www.who.int/data/gho/indicator-metadata-registry/imr-details/2361,PUBLISHED,Published,,2016,2016,,AFR,Africa,,DZA,Algeria,,No,,,,,,
SA_0000001768,Standard drink defined,https://www.who.int/data/gho/indicator-metadata-registry/imr-details/2361,PUBLISHED,Published,,2016,2016,,AMR,Americas,,ECU,Ecuador,,No,,,,,,
SA_0000001768,Standard drink defined,https://www.who.int/data/gho/indicator-metadata-registry/imr-details/2361,PUBLISHED,Published,,2016,2016,,EMR,Eastern Mediterranean,,EGY,Egypt,,No,,,,,,
SA_0000001768,Standard drink defined,https://www.who.int/data/gho/indicator-metadata-registry/imr-details/2361,PUBLISHED,Published,,2016,2016,,AFR,Africa,,ERI,Eritrea,,No,,,,,,
SA_0000001768,Standard drink defined,https://www.who.int/data/gho/indicator-metadata-registry/imr-details/2361,PUBLISHED,Published,,2016,2016,,EUR,Europe,,ESP,Spain,,10 grams,,,,,,
SA_0000001768,Standard drink defined,https://www.who.int/data/gho/indicator-metadata-registry/imr-details/2361,PUBLISHED,Published,,2016,2016,,EUR,Europe,,EST,Estonia,,10 grams,,,,,,
SA_0000001768,Standard drink defined,https://www.who.int/data/gho/indicator-metadata-registry/imr-details/2361,PUBLISHED,Published,,2016,2016,,AFR,Africa,,ETH,Ethiopia,,10 grams,,,,,,
SA_0000001768,Standard drink defined,https://www.who.int/data/gho/indicator-metadata-registry/imr-details/2361,PUBLISHED,Published,,2016,2016,,EUR,Europe,,FIN,Finland,,12 grams,,,,,,
SA_0000001768,Standard drink defined,https://www.who.int/data/gho/indicator-metadata-registry/imr-details/2361,PUBLISHED,Published,,2016,2016,,WPR,Western Pacific,,FJI,Fiji,,No data,,,,,,
SA_0000001768,Standard drink defined,https://www.who.int/data/gho/indicator-metadata-registry/imr-details/2361,PUBLISHED,Published,,2016,2016,,EUR,Europe,,FRA,France,,10 grams,,,,,,
SA_0000001768,Standard drink defined,https://www.who.int/data/gho/indicator-metadata-registry/imr-details/2361,PUBLISHED,Published,,2016,2016,,WPR,Western Pacific,,FSM,Micronesia (Federated States of),,No data,,,,,,
SA_0000001768,Standard drink defined,https://www.who.int/data/gho/indicator-metadata-registry/imr-details/2361,PUBLISHED,Published,,2016,2016,,AFR,Africa,,GAB,Gabon,,No,,,,,,
SA_0000001768,Standard drink defined,https://www.who.int/data/gho/indicator-metadata-registry/imr-details/2361,PUBLISHED,Published,,2016,2016,,EUR,Europe,,GBR,United Kingdom of Great Britain and Northern Ireland,,8 grams,,,,,,
SA_0000001768,Standard drink defined,https://www.who.int/data/gho/indicator-metadata-registry/imr-details/2361,PUBLISHED,Published,,2016,2016,,EUR,Europe,,GEO,Georgia,,No,,,,,,
SA_0000001768,Standard drink defined,https://www.who.int/data/gho/indicator-metadata-registry/imr-details/2361,PUBLISHED,Published,,2016,2016,,AFR,Africa,,GHA,Ghana,,No,,,,,,
SA_0000001768,Standard drink defined,https://www.who.int/data/gho/indicator-metadata-registry/imr-details/2361,PUBLISHED,Published,,2016,2016,,AFR,Africa,,GIN,Guinea,,No,,,,,,
SA_0000001768,Standard drink defined,https://www.who.int/data/gho/indicator-metadata-registry/imr-details/2361,PUBLISHED,Published,,2016,2016,,AFR,Africa,,GMB,Gambia,,No,,,,,,
SA_0000001768,Standard drink defined,https://www.who.int/data/gho/indicator-metadata-registry/imr-details/2361,PUBLISHED,Published,,2016,2016,,AFR,Africa,,GNB,Guinea-Bissau,,No,,,,,,
SA_0000001768,Standard drink defined,https://www.who.int/data/gho/indicator-metadata-registry/imr-details/2361,PUBLISHED,Published,,2016,2016,,AFR,Africa,,GNQ,Equatorial Guinea,,No,,,,,,
SA_0000001768,Standard drink defined,https://www.who.int/data/gho/indicator-metadata-registry/imr-details/2361,PUBLISHED,Published,,2016,2016,,EUR,Europe,,GRC,Greece,,No,,,,,,
SA_0000001768,Standard drink defined,https://www.who.int/data/gho/indicator-metadata-registry/imr-details/2361,PUBLISHED,Published,,2016,2016,,AMR,Americas,,GRD,Grenada,,No,,,,,,
SA_0000001768,Standard drink defined,https://www.who.int/data/gho/indicator-metadata-registry/imr-details/2361,PUBLISHED,Published,,2016,2016,,AMR,Americas,,GTM,Guatemala,,No,,,,,,
SA_0000001768,Standard drink defined,https://www.who.int/data/gho/indicator-metadata-registry/imr-details/2361,PUBLISHED,Published,,2016,2016,,AMR,Americas,,GUY,Guyana,,No,,,,,,
SA_0000001768,Standard drink defined,https://www.who.int/data/gho/indicator-metadata-registry/imr-details/2361,PUBLISHED,Published,,2016,2016,,AMR,Americas,,HND,Honduras,,No,,,,,,
SA_0000001768,Standard drink defined,https://www.who.int/data/gho/indicator-metadata-registry/imr-details/2361,PUBLISHED,Published,,2016,2016,,EUR,Europe,,HRV,Croatia,,10 grams,,,,,,
SA_0000001768,Standard drink defined,https://www.who.int/data/gho/indicator-metadata-registry/imr-details/2361,PUBLISHED,Published,,2016,2016,,AMR,Americas,,HTI,Haiti,,No data,,,,,,
SA_0000001768,Standard drink defined,https://www.who.int/data/gho/indicator-metadata-registry/imr-details/2361,PUBLISHED,Published,,2016,2016,,EUR,Europe,,HUN,Hungary,,10 grams,,,,,,
SA_0000001768,Standard drink defined,https://www.who.int/data/gho/indicator-metadata-registry/imr-details/2361,PUBLISHED,Published,,2016,2016,,SEAR,South-East Asia,,IDN,Indonesia,,No,,,,,,
SA_0000001768,Standard drink defined,https://www.who.int/data/gho/indicator-metadata-registry/imr-details/2361,PUBLISHED,Published,,2016,2016,,SEAR,South-East Asia,,IND,India,,No,,,,,,
SA_0000001768,Standard drink defined,https://www.who.int/data/gho/indicator-metadata-registry/imr-details/2361,PUBLISHED,Published,,2016,2016,,EUR,Europe,,IRL,Ireland,,10 grams,,,,,,
SA_0000001768,Standard drink defined,https://www.who.int/data/gho/indicator-metadata-registry/imr-details/2361,PUBLISHED,Published,,2016,2016,,EMR,Eastern Mediterranean,,IRN,Iran (Islamic Republic of),,10 grams,,,,,,
SA_0000001768,Standard drink defined,https://www.who.int/data/gho/indicator-metadata-registry/imr-details/2361,PUBLISHED,Published,,2016,2016,,EMR,Eastern Mediterranean,,IRQ,Iraq,,No,,,,,,
SA_0000001768,Standard drink defined,https://www.who.int/data/gho/indicator-metadata-registry/imr-details/2361,PUBLISHED,Published,,2016,2016,,EUR,Europe,,ISL,Iceland,,12 grams,,,,,,
SA_0000001768,Standard drink defined,https://www.who.int/data/gho/indicator-metadata-registry/imr-details/2361,PUBLISHED,Published,,2016,2016,,EUR,Europe,,ISR,Israel,,10 grams,,,,,,
SA_0000001768,Standard drink defined,https://www.who.int/data/gho/indicator-metadata-registry/imr-details/2361,PUBLISHED,Published,,2016,2016,,EUR,Europe,,ITA,Italy,,12 grams,,,,,,
SA_0000001768,Standard drink defined,https://www.who.int/data/gho/indicator-metadata-registry/imr-details/2361,PUBLISHED,Published,,2016,2016,,AMR,Americas,,JAM,Jamaica,,10 grams,,,,,,
SA_0000001768,Standard drink defined,https://www.who.int/data/gho/indicator-metadata-registry/imr-details/2361,PUBLISHED,Published,,2016,2016,,EMR,Eastern Mediterranean,,JOR,Jordan,,No,,,,,,
SA_0000001768,Standard drink defined,https://www.who.int/data/gho/indicator-metadata-registry/imr-details/2361,PUBLISHED,Published,,2016,2016,,WPR,Western Pacific,,JPN,Japan,,No,,,,,,
SA_0000001768,Standard drink defined,https://www.who.int/data/gho/indicator-metadata-registry/imr-details/2361,PUBLISHED,Published,,2016,2016,,EUR,Europe,,KAZ,Kazakhstan,,No,,,,,,
SA_0000001768,Standard drink defined,https://www.who.int/data/gho/indicator-metadata-registry/imr-details/2361,PUBLISHED,Published,,2016,2016,,AFR,Africa,,KEN,Kenya,,No,,,,,,
SA_0000001768,Standard drink defined,https://www.who.int/data/gho/indicator-metadata-registry/imr-details/2361,PUBLISHED,Published,,2016,2016,,EUR,Europe,,KGZ,Kyrgyzstan,,No data,,,,,,
SA_0000001768,Standard drink defined,https://www.who.int/data/gho/indicator-metadata-registry/imr-details/2361,PUBLISHED,Published,,2016,2016,,WPR,Western Pacific,,KHM,Cambodia,,No,,,,,,
SA_0000001768,Standard drink defined,https://www.who.int/data/gho/indicator-metadata-registry/imr-details/2361,PUBLISHED,Published,,2016,2016,,WPR,Western Pacific,,KIR,Kiribati,,No,,,,,,
SA_0000001768,Standard drink defined,https://www.who.int/data/gho/indicator-metadata-registry/imr-details/2361,PUBLISHED,Published,,2016,2016,,AMR,Americas,,KNA,Saint Kitts and Nevis,,No,,,,,,
SA_0000001768,Standard drink defined,https://www.who.int/data/gho/indicator-metadata-registry/imr-details/2361,PUBLISHED,Published,,2016,2016,,WPR,Western Pacific,,KOR,Republic of Korea,,8 grams,,,,,,
SA_0000001768,Standard drink defined,https://www.who.int/data/gho/indicator-metadata-registry/imr-details/2361,PUBLISHED,Published,,2016,2016,,EMR,Eastern Mediterranean,,KWT,Kuwait,,No data,,,,,,
SA_0000001768,Standard drink defined,https://www.who.int/data/gho/indicator-metadata-registry/imr-details/2361,PUBLISHED,Published,,2016,2016,,WPR,Western Pacific,,LAO,Lao People's Democratic Republic,,No,,,,,,
SA_0000001768,Standard drink defined,https://www.who.int/data/gho/indicator-metadata-registry/imr-details/2361,PUBLISHED,Published,,2016,2016,,EMR,Eastern Mediterranean,,LBN,Lebanon,,No,,,,,,
SA_0000001768,Standard drink defined,https://www.who.int/data/gho/indicator-metadata-registry/imr-details/2361,PUBLISHED,Published,,2016,2016,,AFR,Africa,,LBR,Liberia,,No,,,,,,
SA_0000001768,Standard drink defined,https://www.who.int/data/gho/indicator-metadata-registry/imr-details/2361,PUBLISHED,Published,,2016,2016,,EMR,Eastern Mediterranean,,LBY,Libya,,No data,,,,,,
SA_0000001768,Standard drink defined,https://www.who.int/data/gho/indicator-metadata-registry/imr-details/2361,PUBLISHED,Published,,2016,2016,,AMR,Americas,,LCA,Saint Lucia,,No,,,,,,
SA_0000001768,Standard drink defined,https://www.who.int/data/gho/indicator-metadata-registry/imr-details/2361,PUBLISHED,Published,,2016,2016,,SEAR,South-East Asia,,LKA,Sri Lanka,,No,,,,,,
SA_0000001768,Standard drink defined,https://www.who.int/data/gho/indicator-metadata-registry/imr-details/2361,PUBLISHED,Published,,2016,2016,,AFR,Africa,,LSO,Lesotho,,No,,,,,,
SA_0000001768,Standard drink defined,https://www.who.int/data/gho/indicator-metadata-registry/imr-details/2361,PUBLISHED,Published,,2016,2016,,EUR,Europe,,LTU,Lithuania,,No,,,,,,
SA_0000001768,Standard drink defined,https://www.who.int/data/gho/indicator-metadata-registry/imr-details/2361,PUBLISHED,Published,,2016,2016,,EUR,Europe,,LUX,Luxembourg,,12 grams,,,,,,
SA_0000001768,Standard drink defined,https://www.who.int/data/gho/indicator-metadata-registry/imr-details/2361,PUBLISHED,Published,,2016,2016,,EUR,Europe,,LVA,Latvia,,12 grams,,,,,,
SA_0000001768,Standard drink defined,https://www.who.int/data/gho/indicator-metadata-registry/imr-details/2361,PUBLISHED,Published,,2016,2016,,EMR,Eastern Mediterranean,,MAR,Morocco,,No,,,,,,
SA_0000001768,Standard drink defined,https://www.who.int/data/gho/indicator-metadata-registry/imr-details/2361,PUBLISHED,Published,,2016,2016,,EUR,Europe,,MCO,Monaco,,No data,,,,,,
SA_0000001768,Standard drink defined,https://www.who.int/data/gho/indicator-metadata-registry/imr-details/2361,PUBLISHED,Published,,2016,2016,,EUR,Europe,,MDA,Republic of Moldova,,No,,,,,,
SA_0000001768,Standard drink defined,https://www.who.int/data/gho/indicator-metadata-registry/imr-details/2361,PUBLISHED,Published,,2016,2016,,AFR,Africa,,MDG,Madagascar,,No,,,,,,
SA_0000001768,Standard drink defined,https://www.who.int/data/gho/indicator-metadata-registry/imr-details/2361,PUBLISHED,Published,,2016,2016,,SEAR,South-East Asia,,MDV,Maldives,,No data,,,,,,
SA_0000001768,Standard drink defined,https://www.who.int/data/gho/indicator-metadata-registry/imr-details/2361,PUBLISHED,Published,,2016,2016,,AMR,Americas,,MEX,Mexico,,13 grams,,,,,,
SA_0000001768,Standard drink defined,https://www.who.int/data/gho/indicator-metadata-registry/imr-details/2361,PUBLISHED,Published,,2016,2016,,WPR,Western Pacific,,MHL,Marshall Islands,,10 grams,,,,,,
SA_0000001768,Standard drink defined,https://www.who.int/data/gho/indicator-metadata-registry/imr-details/2361,PUBLISHED,Published,,2016,2016,,EUR,Europe,,MKD,Republic of North Macedonia,,No,,,,,,
SA_0000001768,Standard drink defined,https://www.who.int/data/gho/indicator-metadata-registry/imr-details/2361,PUBLISHED,Published,,2016,2016,,AFR,Africa,,MLI,Mali,,No,,,,,,
SA_0000001768,Standard drink defined,https://www.who.int/data/gho/indicator-metadata-registry/imr-details/2361,PUBLISHED,Published,,2016,2016,,EUR,Europe,,MLT,Malta,,No,,,,,,
SA_0000001768,Standard drink defined,https://www.who.int/data/gho/indicator-metadata-registry/imr-details/2361,PUBLISHED,Published,,2016,2016,,SEAR,South-East Asia,,MMR,Myanmar,,No,,,,,,
SA_0000001768,Standard drink defined,https://www.who.int/data/gho/indicator-metadata-registry/imr-details/2361,PUBLISHED,Published,,2016,2016,,EUR,Europe,,MNE,Montenegro,,No,,,,,,
SA_0000001768,Standard drink defined,https://www.who.int/data/gho/indicator-metadata-registry/imr-details/2361,PUBLISHED,Published,,2016,2016,,WPR,Western Pacific,,MNG,Mongolia,,9.8 grams,,,,,,
SA_0000001768,Standard drink defined,https://www.who.int/data/gho/indicator-metadata-registry/imr-details/2361,PUBLISHED,Published,,2016,2016,,AFR,Africa,,MOZ,Mozambique,,No,,,,,,
SA_0000001768,Standard drink defined,https://www.who.int/data/gho/indicator-metadata-registry/imr-details/2361,PUBLISHED,Published,,2016,2016,,AFR,Africa,,MRT,Mauritania,,No data,,,,,,
SA_0000001768,Standard drink defined,https://www.who.int/data/gho/indicator-metadata-registry/imr-details/2361,PUBLISHED,Published,,2016,2016,,AFR,Africa,,MUS,Mauritius,,No,,,,,,
SA_0000001768,Standard drink defined,https://www.who.int/data/gho/indicator-metadata-registry/imr-details/2361,PUBLISHED,Published,,2016,2016,,AFR,Africa,,MWI,Malawi,,No,,,,,,
SA_0000001768,Standard drink defined,https://www.who.int/data/gho/indicator-metadata-registry/imr-details/2361,PUBLISHED,Published,,2016,2016,,WPR,Western Pacific,,MYS,Malaysia,,10 grams,,,,,,
SA_0000001768,Standard drink defined,https://www.who.int/data/gho/indicator-metadata-registry/imr-details/2361,PUBLISHED,Published,,2016,2016,,AFR,Africa,,NAM,Namibia,,No,,,,,,
SA_0000001768,Standard drink defined,https://www.who.int/data/gho/indicator-metadata-registry/imr-details/2361,PUBLISHED,Published,,2016,2016,,AFR,Africa,,NER,Niger,,No,,,,,,
SA_0000001768,Standard drink defined,https://www.who.int/data/gho/indicator-metadata-registry/imr-details/2361,PUBLISHED,Published,,2016,2016,,AFR,Africa,,NGA,Nigeria,,No,,,,,,
SA_0000001768,Standard drink defined,https://www.who.int/data/gho/indicator-metadata-registry/imr-details/2361,PUBLISHED,Published,,2016,2016,,AMR,Americas,,NIC,Nicaragua,,No,,,,,,
SA_0000001768,Standard drink defined,https://www.who.int/data/gho/indicator-metadata-registry/imr-details/2361,PUBLISHED,Published,,2016,2016,,WPR,Western Pacific,,NIU,Niue,,No data,,,,,,
SA_0000001768,Standard drink defined,https://www.who.int/data/gho/indicator-metadata-registry/imr-details/2361,PUBLISHED,Published,,2016,2016,,EUR,Europe,,NLD,Netherlands,,10 grams,,,,,,
SA_0000001768,Standard drink defined,https://www.who.int/data/gho/indicator-metadata-registry/imr-details/2361,PUBLISHED,Published,,2016,2016,,EUR,Europe,,NOR,Norway,,12-14 grams,,,,,,
SA_0000001768,Standard drink defined,https://www.who.int/data/gho/indicator-metadata-registry/imr-details/2361,PUBLISHED,Published,,2016,2016,,SEAR,South-East Asia,,NPL,Nepal,,No data,,,,,,
SA_0000001768,Standard drink defined,https://www.who.int/data/gho/indicator-metadata-registry/imr-details/2361,PUBLISHED,Published,,2016,2016,,WPR,Western Pacific,,NRU,Nauru,,No data,,,,,,
SA_0000001768,Standard drink defined,https://www.who.int/data/gho/indicator-metadata-registry/imr-details/2361,PUBLISHED,Published,,2016,2016,,WPR,Western Pacific,,NZL,New Zealand,,10 grams,,,,,,
SA_0000001768,Standard drink defined,https://www.who.int/data/gho/indicator-metadata-registry/imr-details/2361,PUBLISHED,Published,,2016,2016,,EMR,Eastern Mediterranean,,OMN,Oman,,No,,,,,,
SA_0000001768,Standard drink defined,https://www.who.int/data/gho/indicator-metadata-registry/imr-details/2361,PUBLISHED,Published,,2016,2016,,EMR,Eastern Mediterranean,,PAK,Pakistan,,No,,,,,,
SA_0000001768,Standard drink defined,https://www.who.int/data/gho/indicator-metadata-registry/imr-details/2361,PUBLISHED,Published,,2016,2016,,AMR,Americas,,PAN,Panama,,No,,,,,,
SA_0000001768,Standard drink defined,https://www.who.int/data/gho/indicator-metadata-registry/imr-details/2361,PUBLISHED,Published,,2016,2016,,AMR,Americas,,PER,Peru,,No,,,,,,
SA_0000001768,Standard drink defined,https://www.who.int/data/gho/indicator-metadata-registry/imr-details/2361,PUBLISHED,Published,,2016,2016,,WPR,Western Pacific,,PHL,Philippines,,No,,,,,,
SA_0000001768,Standard drink defined,https://www.who.int/data/gho/indicator-metadata-registry/imr-details/2361,PUBLISHED,Published,,2016,2016,,WPR,Western Pacific,,PLW,Palau,,No data,,,,,,
SA_0000001768,Standard drink defined,https://www.who.int/data/gho/indicator-metadata-registry/imr-details/2361,PUBLISHED,Published,,2016,2016,,WPR,Western Pacific,,PNG,Papua New Guinea,,No data,,,,,,
SA_0000001768,Standard drink defined,https://www.who.int/data/gho/indicator-metadata-registry/imr-details/2361,PUBLISHED,Published,,2016,2016,,EUR,Europe,,POL,Poland,,10 grams,,,,,,
SA_0000001768,Standard drink defined,https://www.who.int/data/gho/indicator-metadata-registry/imr-details/2361,PUBLISHED,Published,,2016,2016,,SEAR,South-East Asia,,PRK,Democratic People's Republic of Korea,,No data,,,,,,
SA_0000001768,Standard drink defined,https://www.who.int/data/gho/indicator-metadata-registry/imr-details/2361,PUBLISHED,Published,,2016,2016,,EUR,Europe,,PRT,Portugal,,10 grams,,,,,,
SA_0000001768,Standard drink defined,https://www.who.int/data/gho/indicator-metadata-registry/imr-details/2361,PUBLISHED,Published,,2016,2016,,AMR,Americas,,PRY,Paraguay,,10 grams,,,,,,
SA_0000001768,Standard drink defined,https://www.who.int/data/gho/indicator-metadata-registry/imr-details/2361,PUBLISHED,Published,,2016,2016,,EMR,Eastern Mediterranean,,QAT,Qatar,,No data,,,,,,
SA_0000001768,Standard drink defined,https://www.who.int/data/gho/indicator-metadata-registry/imr-details/2361,PUBLISHED,Published,,2016,2016,,EUR,Europe,,ROU,Romania,,No,,,,,,
SA_0000001768,Standard drink defined,https://www.who.int/data/gho/indicator-metadata-registry/imr-details/2361,PUBLISHED,Published,,2016,2016,,EUR,Europe,,RUS,Russian Federation,,No,,,,,,
SA_0000001768,Standard drink defined,https://www.who.int/data/gho/indicator-metadata-registry/imr-details/2361,PUBLISHED,Published,,2016,2016,,AFR,Africa,,RWA,Rwanda,,No,,,,,,
SA_0000001768,Standard drink defined,https://www.who.int/data/gho/indicator-metadata-registry/imr-details/2361,PUBLISHED,Published,,2016,2016,,EMR,Eastern Mediterranean,,SAU,Saudi Arabia,,No data,,,,,,
SA_0000001768,Standard drink defined,https://www.who.int/data/gho/indicator-metadata-registry/imr-details/2361,PUBLISHED,Published,,2016,2016,,EMR,Eastern Mediterranean,,SDN,Sudan,,No data,,,,,,
SA_0000001768,Standard drink defined,https://www.who.int/data/gho/indicator-metadata-registry/imr-details/2361,PUBLISHED,Published,,2016,2016,,AFR,Africa,,SEN,Senegal,,1-4 grams,,,,,,
SA_0000001768,Standard drink defined,https://www.who.int/data/gho/indicator-metadata-registry/imr-details/2361,PUBLISHED,Published,,2016,2016,,WPR,Western Pacific,,SGP,Singapore,,10 grams,,,,,,
SA_0000001768,Standard drink defined,https://www.who.int/data/gho/indicator-metadata-registry/imr-details/2361,PUBLISHED,Published,,2016,2016,,WPR,Western Pacific,,SLB,Solomon Islands,,No data,,,,,,
SA_0000001768,Standard drink defined,https://www.who.int/data/gho/indicator-metadata-registry/imr-details/2361,PUBLISHED,Published,,2016,2016,,AFR,Africa,,SLE,Sierra Leone,,No,,,,,,
SA_0000001768,Standard drink defined,https://www.who.int/data/gho/indicator-metadata-registry/imr-details/2361,PUBLISHED,Published,,2016,2016,,AMR,Americas,,SLV,El Salvador,,No,,,,,,
SA_0000001768,Standard drink defined,https://www.who.int/data/gho/indicator-metadata-registry/imr-details/2361,PUBLISHED,Published,,2016,2016,,EUR,Europe,,SMR,San Marino,,No,,,,,,
SA_0000001768,Standard drink defined,https://www.who.int/data/gho/indicator-metadata-registry/imr-details/2361,PUBLISHED,Published,,2016,2016,,EMR,Eastern Mediterranean,,SOM,Somalia,,No data,,,,,,
SA_0000001768,Standard drink defined,https://www.who.int/data/gho/indicator-metadata-registry/imr-details/2361,PUBLISHED,Published,,2016,2016,,EUR,Europe,,SRB,Serbia,,13 grams,,,,,,
SA_0000001768,Standard drink defined,https://www.who.int/data/gho/indicator-metadata-registry/imr-details/2361,PUBLISHED,Published,,2016,2016,,AFR,Africa,,SSD,South Sudan,,No,,,,,,
SA_0000001768,Standard drink defined,https://www.who.int/data/gho/indicator-metadata-registry/imr-details/2361,PUBLISHED,Published,,2016,2016,,AFR,Africa,,STP,Sao Tome and Principe,,No,,,,,,
SA_0000001768,Standard drink defined,https://www.who.int/data/gho/indicator-metadata-registry/imr-details/2361,PUBLISHED,Published,,2016,2016,,AMR,Americas,,SUR,Suriname,,No,,,,,,
SA_0000001768,Standard drink defined,https://www.who.int/data/gho/indicator-metadata-registry/imr-details/2361,PUBLISHED,Published,,2016,2016,,EUR,Europe,,SVK,Slovakia,,10 grams,,,,,,
SA_0000001768,Standard drink defined,https://www.who.int/data/gho/indicator-metadata-registry/imr-details/2361,PUBLISHED,Published,,2016,2016,,EUR,Europe,,SVN,Slovenia,,10 grams,,,,,,
SA_0000001768,Standard drink defined,https://www.who.int/data/gho/indicator-metadata-registry/imr-details/2361,PUBLISHED,Published,,2016,2016,,EUR,Europe,,SWE,Sweden,,12 grams,,,,,,
SA_0000001768,Standard drink defined,https://www.who.int/data/gho/indicator-metadata-registry/imr-details/2361,PUBLISHED,Published,,2016,2016,,AFR,Africa,,SWZ,Eswatini,,Yes,,,,,,
SA_0000001768,Standard drink defined,https://www.who.int/data/gho/indicator-metadata-registry/imr-details/2361,PUBLISHED,Published,,2016,2016,,AFR,Africa,,SYC,Seychelles,,8-10 grams,,,,,,
SA_0000001768,Standard drink defined,https://www.who.int/data/gho/indicator-metadata-registry/imr-details/2361,PUBLISHED,Published,,2016,2016,,EMR,Eastern Mediterranean,,SYR,Syrian Arab Republic,,No,,,,,,
SA_0000001768,Standard drink defined,https://www.who.int/data/gho/indicator-metadata-registry/imr-details/2361,PUBLISHED,Published,,2016,2016,,AFR,Africa,,TCD,Chad,,No,,,,,,
SA_0000001768,Standard drink defined,https://www.who.int/data/gho/indicator-metadata-registry/imr-details/2361,PUBLISHED,Published,,2016,2016,,AFR,Africa,,TGO,Togo,,No,,,,,,
SA_0000001768,Standard drink defined,https://www.who.int/data/gho/indicator-metadata-registry/imr-details/2361,PUBLISHED,Published,,2016,2016,,SEAR,South-East Asia,,THA,Thailand,,10 grams,,,,,,
SA_0000001768,Standard drink defined,https://www.who.int/data/gho/indicator-metadata-registry/imr-details/2361,PUBLISHED,Published,,2016,2016,,EUR,Europe,,TJK,Tajikistan,,No,,,,,,
SA_0000001768,Standard drink defined,https://www.who.int/data/gho/indicator-metadata-registry/imr-details/2361,PUBLISHED,Published,,2016,2016,,EUR,Europe,,TKM,Turkmenistan,,No,,,,,,
SA_0000001768,Standard drink defined,https://www.who.int/data/gho/indicator-metadata-registry/imr-details/2361,PUBLISHED,Published,,2016,2016,,SEAR,South-East Asia,,TLS,Timor-Leste,,No,,,,,,
SA_0000001768,Standard drink defined,https://www.who.int/data/gho/indicator-metadata-registry/imr-details/2361,PUBLISHED,Published,,2016,2016,,WPR,Western Pacific,,TON,Tonga,,No data,,,,,,
SA_0000001768,Standard drink defined,https://www.who.int/data/gho/indicator-metadata-registry/imr-details/2361,PUBLISHED,Published,,2016,2016,,AMR,Americas,,TTO,Trinidad and Tobago,,No,,,,,,
SA_0000001768,Standard drink defined,https://www.who.int/data/gho/indicator-metadata-registry/imr-details/2361,PUBLISHED,Published,,2016,2016,,EMR,Eastern Mediterranean,,TUN,Tunisia,,No data,,,,,,
SA_0000001768,Standard drink defined,https://www.who.int/data/gho/indicator-metadata-registry/imr-details/2361,PUBLISHED,Published,,2016,2016,,EUR,Europe,,TUR,Turkey,,No,,,,,,
SA_0000001768,Standard drink defined,https://www.who.int/data/gho/indicator-metadata-registry/imr-details/2361,PUBLISHED,Published,,2016,2016,,WPR,Western Pacific,,TUV,Tuvalu,,No data,,,,,,
SA_0000001768,Standard drink defined,https://www.who.int/data/gho/indicator-metadata-registry/imr-details/2361,PUBLISHED,Published,,2016,2016,,AFR,Africa,,TZA,United Republic of Tanzania,,No,,,,,,
SA_0000001768,Standard drink defined,https://www.who.int/data/gho/indicator-metadata-registry/imr-details/2361,PUBLISHED,Published,,2016,2016,,AFR,Africa,,UGA,Uganda,,No,,,,,,
SA_0000001768,Standard drink defined,https://www.who.int/data/gho/indicator-metadata-registry/imr-details/2361,PUBLISHED,Published,,2016,2016,,EUR,Europe,,UKR,Ukraine,,No,,,,,,
SA_0000001768,Standard drink defined,https://www.who.int/data/gho/indicator-metadata-registry/imr-details/2361,PUBLISHED,Published,,2016,2016,,AMR,Americas,,URY,Uruguay,,No,,,,,,
SA_0000001768,Standard drink defined,https://www.who.int/data/gho/indicator-metadata-registry/imr-details/2361,PUBLISHED,Published,,2016,2016,,AMR,Americas,,USA,United States of America,,14 grams,,,,,,
SA_0000001768,Standard drink defined,https://www.who.int/data/gho/indicator-metadata-registry/imr-details/2361,PUBLISHED,Published,,2016,2016,,EUR,Europe,,UZB,Uzbekistan,,No,,,,,,
SA_0000001768,Standard drink defined,https://www.who.int/data/gho/indicator-metadata-registry/imr-details/2361,PUBLISHED,Published,,2016,2016,,AMR,Americas,,VCT,Saint Vincent and the Grenadines,,No,,,,,,
SA_0000001768,Standard drink defined,https://www.who.int/data/gho/indicator-metadata-registry/imr-details/2361,PUBLISHED,Published,,2016,2016,,AMR,Americas,,VEN,Venezuela (Bolivarian Republic of),,No,,,,,,
SA_0000001768,Standard drink defined,https://www.who.int/data/gho/indicator-metadata-registry/imr-details/2361,PUBLISHED,Published,,2016,2016,,WPR,Western Pacific,,VNM,Viet Nam,,10 grams,,,,,,
SA_0000001768,Standard drink defined,https://www.who.int/data/gho/indicator-metadata-registry/imr-details/2361,PUBLISHED,Published,,2016,2016,,WPR,Western Pacific,,VUT,Vanuatu,,Yes,,,,,,
SA_0000001768,Standard drink defined,https://www.who.int/data/gho/indicator-metadata-registry/imr-details/2361,PUBLISHED,Published,,2016,2016,,WPR,Western Pacific,,WSM,Samoa,,10 grams,,,,,,
SA_0000001768,Standard drink defined,https://www.who.int/data/gho/indicator-metadata-registry/imr-details/2361,PUBLISHED,Published,,2016,2016,,EMR,Eastern Mediterranean,,YEM,Yemen,,No data,,,,,,
SA_0000001768,Standard drink defined,https://www.who.int/data/gho/indicator-metadata-registry/imr-details/2361,PUBLISHED,Published,,2016,2016,,AFR,Africa,,ZAF,South Africa,,12 grams,,,,,,
SA_0000001768,Standard drink defined,https://www.who.int/data/gho/indicator-metadata-registry/imr-details/2361,PUBLISHED,Published,,2016,2016,,AFR,Africa,,ZMB,Zambia,,No,,,,,,
SA_0000001768,Standard drink defined,https://www.who.int/data/gho/indicator-metadata-registry/imr-details/2361,PUBLISHED,Published,,2016,2016,,AFR,Africa,,ZWE,Zimbabwe,,Yes,,,,,,
