GHO (CODE),GHO (DISPLAY),GHO (URL),PUBLISHSTATE (CODE),PUBLISHSTATE (DISPLAY),PUBLISHSTATE (URL),YEAR (CODE),YEAR (DISPLAY),YEAR (URL),REGION (CODE),REGION (DISPLAY),REGION (URL),COUNTRY (CODE),COUNTRY (DISPLAY),COUNTRY (URL),ALCOHOLTYPE (CODE),ALCOHOLTYPE (DISPLAY),ALCOHOLTYPE (URL),Display Value,Numeric,Low,High,StdErr,StdDev,Comments
SA_0000001800,Monopoly on exports of alcoholic beverages,0,PUBLISHED,Published,,2016,2016,,AFR,Africa,,DZA,Algeria,,SA_BEER,Beer,,No,,,,,,
SA_0000001800,Monopoly on exports of alcoholic beverages,0,PUBLISHED,Published,,2016,2016,,AFR,Africa,,DZA,Algeria,,SA_SPIRITS,Spirits,,Yes,,,,,,
SA_0000001800,Monopoly on exports of alcoholic beverages,0,PUBLISHED,Published,,2016,2016,,AFR,Africa,,AGO,Angola,,SA_SPIRITS,Spirits,,No,,,,,,
SA_0000001800,Monopoly on exports of alcoholic beverages,0,PUBLISHED,Published,,2016,2016,,AMR,Americas,,SUR,Suriname,,SA_BEER,Beer,,No,,,,,,
SA_0000001800,Monopoly on exports of alcoholic beverages,0,PUBLISHED,Published,,2016,2016,,AMR,Americas,,TTO,Trinidad and Tobago,,SA_SPIRITS,Spirits,,No,,,,,,
SA_0000001800,Monopoly on exports of alcoholic beverages,0,PUBLISHED,Published,,2016,2016,,EMR,Eastern Mediterranean,,JOR,Jordan,,SA_WINE,Wine,,Yes,,,,,,
SA_0000001800,Monopoly on exports of alcoholic beverages,0,PUBLISHED,Published,,2016,2016,,AMR,Americas,,TTO,Trinidad and Tobago,,SA_BEER,Beer,,No,,,,,,
SA_0000001800,Monopoly on exports of alcoholic beverages,0,PUBLISHED,Published,,2016,2016,,AFR,Africa,,TCD,Chad,,SA_WINE,Wine,,No,,,,,,
SA_0000001800,Monopoly on exports of alcoholic beverages,0,PUBLISHED,Published,,2016,2016,,AFR,Africa,,COM,Comoros,,SA_WINE,Wine,,No,,,,,,
SA_0000001800,Monopoly on exports of alcoholic beverages,0,PUBLISHED,Published,,2016,2016,,AFR,Africa,,GMB,Gambia,,SA_BEER,Beer,,No,,,,,,
SA_0000001800,Monopoly on exports of alcoholic beverages,0,PUBLISHED,Published,,2016,2016,,AFR,Africa,,GHA,Ghana,,SA_BEER,Beer,,No,,,,,,
SA_0000001800,Monopoly on exports of alcoholic beverages,0,PUBLISHED,Published,,2016,2016,,AFR,Africa,,GIN,Guinea,,SA_SPIRITS,Spirits,,No,,,,,,
SA_0000001800,Monopoly on exports of alcoholic beverages,0,PUBLISHED,Published,,2016,2016,,EUR,Europe,,CZE,Czechia,,SA_WINE,Wine,,No,,,,,,
SA_0000001800,Monopoly on exports of alcoholic beverages,0,PUBLISHED,Published,,2016,2016,,EUR,Europe,,DNK,Denmark,,SA_BEER,Beer,,No,,,,,,
SA_0000001800,Monopoly on exports of alcoholic beverages,0,PUBLISHED,Published,,2016,2016,,EUR,Europe,,EST,Estonia,,SA_BEER,Beer,,No,,,,,,
SA_0000001800,Monopoly on exports of alcoholic beverages,0,PUBLISHED,Published,,2016,2016,,EUR,Europe,,FIN,Finland,,SA_BEER,Beer,,No,,,,,,
SA_0000001800,Monopoly on exports of alcoholic beverages,0,PUBLISHED,Published,,2016,2016,,EUR,Europe,,FIN,Finland,,SA_SPIRITS,Spirits,,No,,,,,,
SA_0000001800,Monopoly on exports of alcoholic beverages,0,PUBLISHED,Published,,2016,2016,,EUR,Europe,,FRA,France,,SA_SPIRITS,Spirits,,No,,,,,,
SA_0000001800,Monopoly on exports of alcoholic beverages,0,PUBLISHED,Published,,2016,2016,,EUR,Europe,,ITA,Italy,,SA_WINE,Wine,,No,,,,,,
SA_0000001800,Monopoly on exports of alcoholic beverages,0,PUBLISHED,Published,,2016,2016,,EUR,Europe,,KAZ,Kazakhstan,,SA_WINE,Wine,,No,,,,,,
SA_0000001800,Monopoly on exports of alcoholic beverages,0,PUBLISHED,Published,,2016,2016,,AFR,Africa,,MOZ,Mozambique,,SA_WINE,Wine,,Yes,,,,,,
SA_0000001800,Monopoly on exports of alcoholic beverages,0,PUBLISHED,Published,,2016,2016,,AFR,Africa,,SYC,Seychelles,,SA_BEER,Beer,,No,,,,,,
SA_0000001800,Monopoly on exports of alcoholic beverages,0,PUBLISHED,Published,,2016,2016,,AFR,Africa,,SLE,Sierra Leone,,SA_BEER,Beer,,No,,,,,,
SA_0000001800,Monopoly on exports of alcoholic beverages,0,PUBLISHED,Published,,2016,2016,,AFR,Africa,,ZAF,South Africa,,SA_BEER,Beer,,No,,,,,,
SA_0000001800,Monopoly on exports of alcoholic beverages,0,PUBLISHED,Published,,2016,2016,,AFR,Africa,,ZAF,South Africa,,SA_SPIRITS,Spirits,,No,,,,,,
SA_0000001800,Monopoly on exports of alcoholic beverages,0,PUBLISHED,Published,,2016,2016,,AFR,Africa,,SSD,South Sudan,,SA_SPIRITS,Spirits,,No,,,,,,
SA_0000001800,Monopoly on exports of alcoholic beverages,0,PUBLISHED,Published,,2016,2016,,AMR,Americas,,ARG,Argentina,,SA_WINE,Wine,,No,,,,,,
SA_0000001800,Monopoly on exports of alcoholic beverages,0,PUBLISHED,Published,,2016,2016,,EUR,Europe,,SWE,Sweden,,SA_WINE,Wine,,No,,,,,,
SA_0000001800,Monopoly on exports of alcoholic beverages,0,PUBLISHED,Published,,2016,2016,,AMR,Americas,,BHS,Bahamas,,SA_WINE,Wine,,No,,,,,,
SA_0000001800,Monopoly on exports of alcoholic beverages,0,PUBLISHED,Published,,2016,2016,,AMR,Americas,,CRI,Costa Rica,,SA_BEER,Beer,,No,,,,,,
SA_0000001800,Monopoly on exports of alcoholic beverages,0,PUBLISHED,Published,,2016,2016,,AMR,Americas,,DMA,Dominica,,SA_SPIRITS,Spirits,,No,,,,,,
SA_0000001800,Monopoly on exports of alcoholic beverages,0,PUBLISHED,Published,,2016,2016,,AMR,Americas,,DOM,Dominican Republic,,SA_SPIRITS,Spirits,,No,,,,,,
SA_0000001800,Monopoly on exports of alcoholic beverages,0,PUBLISHED,Published,,2016,2016,,AMR,Americas,,HND,Honduras,,SA_WINE,Wine,,No,,,,,,
SA_0000001800,Monopoly on exports of alcoholic beverages,0,PUBLISHED,Published,,2016,2016,,AMR,Americas,,JAM,Jamaica,,SA_WINE,Wine,,No,,,,,,
SA_0000001800,Monopoly on exports of alcoholic beverages,0,PUBLISHED,Published,,2016,2016,,AMR,Americas,,MEX,Mexico,,SA_WINE,Wine,,No,,,,,,
SA_0000001800,Monopoly on exports of alcoholic beverages,0,PUBLISHED,Published,,2016,2016,,AMR,Americas,,VCT,Saint Vincent and the Grenadines,,SA_BEER,Beer,,No,,,,,,
SA_0000001800,Monopoly on exports of alcoholic beverages,0,PUBLISHED,Published,,2016,2016,,EMR,Eastern Mediterranean,,SYR,Syrian Arab Republic,,SA_SPIRITS,Spirits,,Yes,,,,,,
SA_0000001800,Monopoly on exports of alcoholic beverages,0,PUBLISHED,Published,,2016,2016,,EUR,Europe,,AUT,Austria,,SA_WINE,Wine,,No,,,,,,
SA_0000001800,Monopoly on exports of alcoholic beverages,0,PUBLISHED,Published,,2016,2016,,EUR,Europe,,AZE,Azerbaijan,,SA_WINE,Wine,,No,,,,,,
SA_0000001800,Monopoly on exports of alcoholic beverages,0,PUBLISHED,Published,,2016,2016,,EUR,Europe,,BLR,Belarus,,SA_WINE,Wine,,Yes,,,,,,
SA_0000001800,Monopoly on exports of alcoholic beverages,0,PUBLISHED,Published,,2016,2016,,EUR,Europe,,NLD,Netherlands,,SA_BEER,Beer,,No,,,,,,
SA_0000001800,Monopoly on exports of alcoholic beverages,0,PUBLISHED,Published,,2016,2016,,EUR,Europe,,NOR,Norway,,SA_BEER,Beer,,No,,,,,,
SA_0000001800,Monopoly on exports of alcoholic beverages,0,PUBLISHED,Published,,2016,2016,,EUR,Europe,,NOR,Norway,,SA_SPIRITS,Spirits,,No,,,,,,
SA_0000001800,Monopoly on exports of alcoholic beverages,0,PUBLISHED,Published,,2016,2016,,EUR,Europe,,POL,Poland,,SA_SPIRITS,Spirits,,No,,,,,,
SA_0000001800,Monopoly on exports of alcoholic beverages,0,PUBLISHED,Published,,2016,2016,,EUR,Europe,,PRT,Portugal,,SA_SPIRITS,Spirits,,No,,,,,,
SA_0000001800,Monopoly on exports of alcoholic beverages,0,PUBLISHED,Published,,2016,2016,,EUR,Europe,,SVN,Slovenia,,SA_WINE,Wine,,No,,,,,,
SA_0000001800,Monopoly on exports of alcoholic beverages,0,PUBLISHED,Published,,2016,2016,,EUR,Europe,,ESP,Spain,,SA_WINE,Wine,,No,,,,,,
SA_0000001800,Monopoly on exports of alcoholic beverages,0,PUBLISHED,Published,,2016,2016,,EUR,Europe,,GBR,United Kingdom of Great Britain and Northern Ireland,,SA_BEER,Beer,,No,,,,,,
SA_0000001800,Monopoly on exports of alcoholic beverages,0,PUBLISHED,Published,,2016,2016,,EUR,Europe,,UZB,Uzbekistan,,SA_BEER,Beer,,No,,,,,,
SA_0000001800,Monopoly on exports of alcoholic beverages,0,PUBLISHED,Published,,2016,2016,,SEAR,South-East Asia,,BGD,Bangladesh,,SA_BEER,Beer,,No,,,,,,
SA_0000001800,Monopoly on exports of alcoholic beverages,0,PUBLISHED,Published,,2016,2016,,SEAR,South-East Asia,,BGD,Bangladesh,,SA_SPIRITS,Spirits,,No,,,,,,
SA_0000001800,Monopoly on exports of alcoholic beverages,0,PUBLISHED,Published,,2016,2016,,WPR,Western Pacific,,PHL,Philippines,,SA_WINE,Wine,,Yes,,,,,,
SA_0000001800,Monopoly on exports of alcoholic beverages,0,PUBLISHED,Published,,2016,2016,,WPR,Western Pacific,,KOR,Republic of Korea,,SA_WINE,Wine,,No,,,,,,
SA_0000001800,Monopoly on exports of alcoholic beverages,0,PUBLISHED,Published,,2016,2016,,SEAR,South-East Asia,,BTN,Bhutan,,SA_SPIRITS,Spirits,,No,,,,,,
SA_0000001800,Monopoly on exports of alcoholic beverages,0,PUBLISHED,Published,,2016,2016,,SEAR,South-East Asia,,THA,Thailand,,SA_WINE,Wine,,No,,,,,,
SA_0000001800,Monopoly on exports of alcoholic beverages,0,PUBLISHED,Published,,2016,2016,,SEAR,South-East Asia,,TLS,Timor-Leste,,SA_WINE,Wine,,No,,,,,,
SA_0000001800,Monopoly on exports of alcoholic beverages,0,PUBLISHED,Published,,2016,2016,,WPR,Western Pacific,,KIR,Kiribati,,SA_BEER,Beer,,No,,,,,,
SA_0000001800,Monopoly on exports of alcoholic beverages,0,PUBLISHED,Published,,2016,2016,,WPR,Western Pacific,,LAO,Lao People's Democratic Republic,,SA_BEER,Beer,,No,,,,,,
SA_0000001800,Monopoly on exports of alcoholic beverages,0,PUBLISHED,Published,,2016,2016,,WPR,Western Pacific,,LAO,Lao People's Democratic Republic,,SA_SPIRITS,Spirits,,No,,,,,,
SA_0000001800,Monopoly on exports of alcoholic beverages,0,PUBLISHED,Published,,2016,2016,,WPR,Western Pacific,,MYS,Malaysia,,SA_SPIRITS,Spirits,,No,,,,,,
SA_0000001800,Monopoly on exports of alcoholic beverages,0,PUBLISHED,Published,,2016,2016,,AFR,Africa,,GHA,Ghana,,SA_SPIRITS,Spirits,,No,,,,,,
SA_0000001800,Monopoly on exports of alcoholic beverages,0,PUBLISHED,Published,,2016,2016,,AFR,Africa,,MUS,Mauritius,,SA_WINE,Wine,,Yes,,,,,,
SA_0000001800,Monopoly on exports of alcoholic beverages,0,PUBLISHED,Published,,2016,2016,,EMR,Eastern Mediterranean,,IRQ,Iraq,,SA_WINE,Wine,,Yes,,,,,,
SA_0000001800,Monopoly on exports of alcoholic beverages,0,PUBLISHED,Published,,2016,2016,,WPR,Western Pacific,,MHL,Marshall Islands,,SA_SPIRITS,Spirits,,No,,,,,,
SA_0000001800,Monopoly on exports of alcoholic beverages,0,PUBLISHED,Published,,2016,2016,,AFR,Africa,,CAF,Central African Republic,,SA_BEER,Beer,,No,,,,,,
SA_0000001800,Monopoly on exports of alcoholic beverages,0,PUBLISHED,Published,,2016,2016,,AFR,Africa,,TCD,Chad,,SA_BEER,Beer,,No,,,,,,
SA_0000001800,Monopoly on exports of alcoholic beverages,0,PUBLISHED,Published,,2016,2016,,AFR,Africa,,TCD,Chad,,SA_SPIRITS,Spirits,,No,,,,,,
SA_0000001800,Monopoly on exports of alcoholic beverages,0,PUBLISHED,Published,,2016,2016,,AFR,Africa,,MUS,Mauritius,,SA_BEER,Beer,,Yes,,,,,,
SA_0000001800,Monopoly on exports of alcoholic beverages,0,PUBLISHED,Published,,2016,2016,,AFR,Africa,,MUS,Mauritius,,SA_SPIRITS,Spirits,,Yes,,,,,,
SA_0000001800,Monopoly on exports of alcoholic beverages,0,PUBLISHED,Published,,2016,2016,,AFR,Africa,,MOZ,Mozambique,,SA_SPIRITS,Spirits,,Yes,,,,,,
SA_0000001800,Monopoly on exports of alcoholic beverages,0,PUBLISHED,Published,,2016,2016,,AFR,Africa,,COM,Comoros,,SA_BEER,Beer,,No,,,,,,
SA_0000001800,Monopoly on exports of alcoholic beverages,0,PUBLISHED,Published,,2016,2016,,AFR,Africa,,COM,Comoros,,SA_SPIRITS,Spirits,,No,,,,,,
SA_0000001800,Monopoly on exports of alcoholic beverages,0,PUBLISHED,Published,,2016,2016,,AFR,Africa,,COG,Congo,,SA_SPIRITS,Spirits,,Yes,,,,,,
SA_0000001800,Monopoly on exports of alcoholic beverages,0,PUBLISHED,Published,,2016,2016,,AFR,Africa,,GMB,Gambia,,SA_WINE,Wine,,No,,,,,,
SA_0000001800,Monopoly on exports of alcoholic beverages,0,PUBLISHED,Published,,2016,2016,,AMR,Americas,,ATG,Antigua and Barbuda,,SA_BEER,Beer,,No,,,,,,
SA_0000001800,Monopoly on exports of alcoholic beverages,0,PUBLISHED,Published,,2016,2016,,AMR,Americas,,ARG,Argentina,,SA_BEER,Beer,,No,,,,,,
SA_0000001800,Monopoly on exports of alcoholic beverages,0,PUBLISHED,Published,,2016,2016,,AMR,Americas,,BHS,Bahamas,,SA_BEER,Beer,,No,,,,,,
SA_0000001800,Monopoly on exports of alcoholic beverages,0,PUBLISHED,Published,,2016,2016,,AMR,Americas,,BHS,Bahamas,,SA_SPIRITS,Spirits,,No,,,,,,
SA_0000001800,Monopoly on exports of alcoholic beverages,0,PUBLISHED,Published,,2016,2016,,AMR,Americas,,BRB,Barbados,,SA_SPIRITS,Spirits,,No,,,,,,
SA_0000001800,Monopoly on exports of alcoholic beverages,0,PUBLISHED,Published,,2016,2016,,AFR,Africa,,GHA,Ghana,,SA_WINE,Wine,,No,,,,,,
SA_0000001800,Monopoly on exports of alcoholic beverages,0,PUBLISHED,Published,,2016,2016,,AFR,Africa,,GIN,Guinea,,SA_WINE,Wine,,No,,,,,,
SA_0000001800,Monopoly on exports of alcoholic beverages,0,PUBLISHED,Published,,2016,2016,,AFR,Africa,,SLE,Sierra Leone,,SA_WINE,Wine,,No,,,,,,
SA_0000001800,Monopoly on exports of alcoholic beverages,0,PUBLISHED,Published,,2016,2016,,AFR,Africa,,ZAF,South Africa,,SA_WINE,Wine,,No,,,,,,
SA_0000001800,Monopoly on exports of alcoholic beverages,0,PUBLISHED,Published,,2016,2016,,AMR,Americas,,CRI,Costa Rica,,SA_WINE,Wine,,No,,,,,,
SA_0000001800,Monopoly on exports of alcoholic beverages,0,PUBLISHED,Published,,2016,2016,,AMR,Americas,,DMA,Dominica,,SA_WINE,Wine,,No,,,,,,
SA_0000001800,Monopoly on exports of alcoholic beverages,0,PUBLISHED,Published,,2016,2016,,AMR,Americas,,HND,Honduras,,SA_BEER,Beer,,No,,,,,,
SA_0000001800,Monopoly on exports of alcoholic beverages,0,PUBLISHED,Published,,2016,2016,,AMR,Americas,,MEX,Mexico,,SA_SPIRITS,Spirits,,No,,,,,,
SA_0000001800,Monopoly on exports of alcoholic beverages,0,PUBLISHED,Published,,2016,2016,,AMR,Americas,,JAM,Jamaica,,SA_SPIRITS,Spirits,,No,,,,,,
SA_0000001800,Monopoly on exports of alcoholic beverages,0,PUBLISHED,Published,,2016,2016,,EUR,Europe,,NOR,Norway,,SA_WINE,Wine,,No,,,,,,
SA_0000001800,Monopoly on exports of alcoholic beverages,0,PUBLISHED,Published,,2016,2016,,EUR,Europe,,SVN,Slovenia,,SA_BEER,Beer,,No,,,,,,
SA_0000001800,Monopoly on exports of alcoholic beverages,0,PUBLISHED,Published,,2016,2016,,EUR,Europe,,ESP,Spain,,SA_BEER,Beer,,No,,,,,,
SA_0000001800,Monopoly on exports of alcoholic beverages,0,PUBLISHED,Published,,2016,2016,,EUR,Europe,,ESP,Spain,,SA_SPIRITS,Spirits,,No,,,,,,
SA_0000001800,Monopoly on exports of alcoholic beverages,0,PUBLISHED,Published,,2016,2016,,EUR,Europe,,SWE,Sweden,,SA_SPIRITS,Spirits,,No,,,,,,
SA_0000001800,Monopoly on exports of alcoholic beverages,0,PUBLISHED,Published,,2016,2016,,EUR,Europe,,UZB,Uzbekistan,,SA_WINE,Wine,,No,,,,,,
SA_0000001800,Monopoly on exports of alcoholic beverages,0,PUBLISHED,Published,,2016,2016,,SEAR,South-East Asia,,BGD,Bangladesh,,SA_WINE,Wine,,No,,,,,,
SA_0000001800,Monopoly on exports of alcoholic beverages,0,PUBLISHED,Published,,2016,2016,,AMR,Americas,,SUR,Suriname,,SA_WINE,Wine,,No,,,,,,
SA_0000001800,Monopoly on exports of alcoholic beverages,0,PUBLISHED,Published,,2016,2016,,AMR,Americas,,TTO,Trinidad and Tobago,,SA_WINE,Wine,,No,,,,,,
SA_0000001800,Monopoly on exports of alcoholic beverages,0,PUBLISHED,Published,,2016,2016,,EMR,Eastern Mediterranean,,JOR,Jordan,,SA_SPIRITS,Spirits,,Yes,,,,,,
SA_0000001800,Monopoly on exports of alcoholic beverages,0,PUBLISHED,Published,,2016,2016,,EUR,Europe,,EST,Estonia,,SA_WINE,Wine,,No,,,,,,
SA_0000001800,Monopoly on exports of alcoholic beverages,0,PUBLISHED,Published,,2016,2016,,EUR,Europe,,FIN,Finland,,SA_WINE,Wine,,No,,,,,,
SA_0000001800,Monopoly on exports of alcoholic beverages,0,PUBLISHED,Published,,2016,2016,,EMR,Eastern Mediterranean,,IRQ,Iraq,,SA_BEER,Beer,,Yes,,,,,,
SA_0000001800,Monopoly on exports of alcoholic beverages,0,PUBLISHED,Published,,2016,2016,,EMR,Eastern Mediterranean,,IRQ,Iraq,,SA_SPIRITS,Spirits,,Yes,,,,,,
SA_0000001800,Monopoly on exports of alcoholic beverages,0,PUBLISHED,Published,,2016,2016,,EMR,Eastern Mediterranean,,JOR,Jordan,,SA_BEER,Beer,,Yes,,,,,,
SA_0000001800,Monopoly on exports of alcoholic beverages,0,PUBLISHED,Published,,2016,2016,,EUR,Europe,,ISR,Israel,,SA_BEER,Beer,,No,,,,,,
SA_0000001800,Monopoly on exports of alcoholic beverages,0,PUBLISHED,Published,,2016,2016,,EUR,Europe,,ITA,Italy,,SA_BEER,Beer,,No,,,,,,
SA_0000001800,Monopoly on exports of alcoholic beverages,0,PUBLISHED,Published,,2016,2016,,EUR,Europe,,AUT,Austria,,SA_BEER,Beer,,No,,,,,,
SA_0000001800,Monopoly on exports of alcoholic beverages,0,PUBLISHED,Published,,2016,2016,,EUR,Europe,,AZE,Azerbaijan,,SA_BEER,Beer,,No,,,,,,
SA_0000001800,Monopoly on exports of alcoholic beverages,0,PUBLISHED,Published,,2016,2016,,EUR,Europe,,AZE,Azerbaijan,,SA_SPIRITS,Spirits,,No,,,,,,
SA_0000001800,Monopoly on exports of alcoholic beverages,0,PUBLISHED,Published,,2016,2016,,EUR,Europe,,BLR,Belarus,,SA_SPIRITS,Spirits,,Yes,,,,,,
SA_0000001800,Monopoly on exports of alcoholic beverages,0,PUBLISHED,Published,,2016,2016,,EUR,Europe,,CZE,Czechia,,SA_BEER,Beer,,No,,,,,,
SA_0000001800,Monopoly on exports of alcoholic beverages,0,PUBLISHED,Published,,2016,2016,,EUR,Europe,,ITA,Italy,,SA_SPIRITS,Spirits,,No,,,,,,
SA_0000001800,Monopoly on exports of alcoholic beverages,0,PUBLISHED,Published,,2016,2016,,EUR,Europe,,KAZ,Kazakhstan,,SA_BEER,Beer,,No,,,,,,
SA_0000001800,Monopoly on exports of alcoholic beverages,0,PUBLISHED,Published,,2016,2016,,EUR,Europe,,KAZ,Kazakhstan,,SA_SPIRITS,Spirits,,No,,,,,,
SA_0000001800,Monopoly on exports of alcoholic beverages,0,PUBLISHED,Published,,2016,2016,,EUR,Europe,,POL,Poland,,SA_WINE,Wine,,No,,,,,,
SA_0000001800,Monopoly on exports of alcoholic beverages,0,PUBLISHED,Published,,2016,2016,,SEAR,South-East Asia,,BTN,Bhutan,,SA_WINE,Wine,,No,,,,,,
SA_0000001800,Monopoly on exports of alcoholic beverages,0,PUBLISHED,Published,,2016,2016,,SEAR,South-East Asia,,LKA,Sri Lanka,,SA_BEER,Beer,,No,,,,,,
SA_0000001800,Monopoly on exports of alcoholic beverages,0,PUBLISHED,Published,,2016,2016,,SEAR,South-East Asia,,THA,Thailand,,SA_BEER,Beer,,No,,,,,,
SA_0000001800,Monopoly on exports of alcoholic beverages,0,PUBLISHED,Published,,2016,2016,,SEAR,South-East Asia,,THA,Thailand,,SA_SPIRITS,Spirits,,No,,,,,,
SA_0000001800,Monopoly on exports of alcoholic beverages,0,PUBLISHED,Published,,2016,2016,,SEAR,South-East Asia,,TLS,Timor-Leste,,SA_BEER,Beer,,No,,,,,,
SA_0000001800,Monopoly on exports of alcoholic beverages,0,PUBLISHED,Published,,2016,2016,,SEAR,South-East Asia,,TLS,Timor-Leste,,SA_SPIRITS,Spirits,,No,,,,,,
SA_0000001800,Monopoly on exports of alcoholic beverages,0,PUBLISHED,Published,,2016,2016,,WPR,Western Pacific,,LAO,Lao People's Democratic Republic,,SA_WINE,Wine,,No,,,,,,
SA_0000001800,Monopoly on exports of alcoholic beverages,0,PUBLISHED,Published,,2016,2016,,WPR,Western Pacific,,MYS,Malaysia,,SA_WINE,Wine,,No,,,,,,
SA_0000001800,Monopoly on exports of alcoholic beverages,0,PUBLISHED,Published,,2016,2016,,WPR,Western Pacific,,PHL,Philippines,,SA_BEER,Beer,,Yes,,,,,,
SA_0000001800,Monopoly on exports of alcoholic beverages,0,PUBLISHED,Published,,2016,2016,,WPR,Western Pacific,,PHL,Philippines,,SA_SPIRITS,Spirits,,Yes,,,,,,
SA_0000001800,Monopoly on exports of alcoholic beverages,0,PUBLISHED,Published,,2016,2016,,WPR,Western Pacific,,KOR,Republic of Korea,,SA_SPIRITS,Spirits,,No,,,,,,
SA_0000001800,Monopoly on exports of alcoholic beverages,0,PUBLISHED,Published,,2016,2016,,AFR,Africa,,DZA,Algeria,,SA_WINE,Wine,,Yes,,,,,,
SA_0000001800,Monopoly on exports of alcoholic beverages,0,PUBLISHED,Published,,2016,2016,,AMR,Americas,,ARG,Argentina,,SA_SPIRITS,Spirits,,No,,,,,,
SA_0000001800,Monopoly on exports of alcoholic beverages,0,PUBLISHED,Published,,2016,2016,,AMR,Americas,,JAM,Jamaica,,SA_BEER,Beer,,No,,,,,,
SA_0000001800,Monopoly on exports of alcoholic beverages,0,PUBLISHED,Published,,2016,2016,,AFR,Africa,,AGO,Angola,,SA_WINE,Wine,,No,,,,,,
SA_0000001800,Monopoly on exports of alcoholic beverages,0,PUBLISHED,Published,,2016,2016,,AMR,Americas,,PRY,Paraguay,,SA_SPIRITS,Spirits,,No,,,,,,
SA_0000001800,Monopoly on exports of alcoholic beverages,0,PUBLISHED,Published,,2016,2016,,AFR,Africa,,BWA,Botswana,,SA_WINE,Wine,,No,,,,,,
SA_0000001800,Monopoly on exports of alcoholic beverages,0,PUBLISHED,Published,,2016,2016,,AFR,Africa,,CMR,Cameroon,,SA_BEER,Beer,,Yes,,,,,,
SA_0000001800,Monopoly on exports of alcoholic beverages,0,PUBLISHED,Published,,2016,2016,,AFR,Africa,,CMR,Cameroon,,SA_SPIRITS,Spirits,,Yes,,,,,,
SA_0000001800,Monopoly on exports of alcoholic beverages,0,PUBLISHED,Published,,2016,2016,,AFR,Africa,,CIV,Côte d'Ivoire,,SA_BEER,Beer,,No,,,,,,
SA_0000001800,Monopoly on exports of alcoholic beverages,0,PUBLISHED,Published,,2016,2016,,AFR,Africa,,CIV,Côte d'Ivoire,,SA_SPIRITS,Spirits,,No,,,,,,
SA_0000001800,Monopoly on exports of alcoholic beverages,0,PUBLISHED,Published,,2016,2016,,AFR,Africa,,ETH,Ethiopia,,SA_WINE,Wine,,No,,,,,,
SA_0000001800,Monopoly on exports of alcoholic beverages,0,PUBLISHED,Published,,2016,2016,,AFR,Africa,,MDG,Madagascar,,SA_BEER,Beer,,Yes,,,,,,
SA_0000001800,Monopoly on exports of alcoholic beverages,0,PUBLISHED,Published,,2016,2016,,AFR,Africa,,MLI,Mali,,SA_BEER,Beer,,No,,,,,,
SA_0000001800,Monopoly on exports of alcoholic beverages,0,PUBLISHED,Published,,2016,2016,,AFR,Africa,,MLI,Mali,,SA_SPIRITS,Spirits,,No,,,,,,
SA_0000001800,Monopoly on exports of alcoholic beverages,0,PUBLISHED,Published,,2016,2016,,AFR,Africa,,MOZ,Mozambique,,SA_BEER,Beer,,Yes,,,,,,
SA_0000001800,Monopoly on exports of alcoholic beverages,0,PUBLISHED,Published,,2016,2016,,AFR,Africa,,NER,Niger,,SA_SPIRITS,Spirits,,No,,,,,,
SA_0000001800,Monopoly on exports of alcoholic beverages,0,PUBLISHED,Published,,2016,2016,,AFR,Africa,,SEN,Senegal,,SA_WINE,Wine,,Yes,,,,,,
SA_0000001800,Monopoly on exports of alcoholic beverages,0,PUBLISHED,Published,,2016,2016,,AFR,Africa,,SWZ,Eswatini,,SA_WINE,Wine,,No,,,,,,
SA_0000001800,Monopoly on exports of alcoholic beverages,0,PUBLISHED,Published,,2016,2016,,AFR,Africa,,ZMB,Zambia,,SA_BEER,Beer,,No,,,,,,
SA_0000001800,Monopoly on exports of alcoholic beverages,0,PUBLISHED,Published,,2016,2016,,AMR,Americas,,ATG,Antigua and Barbuda,,SA_SPIRITS,Spirits,,No,,,,,,
SA_0000001800,Monopoly on exports of alcoholic beverages,0,PUBLISHED,Published,,2016,2016,,AMR,Americas,,BRB,Barbados,,SA_BEER,Beer,,No,,,,,,
SA_0000001800,Monopoly on exports of alcoholic beverages,0,PUBLISHED,Published,,2016,2016,,AMR,Americas,,COL,Colombia,,SA_WINE,Wine,,No,,,,,,
SA_0000001800,Monopoly on exports of alcoholic beverages,0,PUBLISHED,Published,,2016,2016,,AMR,Americas,,ECU,Ecuador,,SA_WINE,Wine,,No,,,,,,
SA_0000001800,Monopoly on exports of alcoholic beverages,0,PUBLISHED,Published,,2016,2016,,AMR,Americas,,GUY,Guyana,,SA_BEER,Beer,,No,,,,,,
SA_0000001800,Monopoly on exports of alcoholic beverages,0,PUBLISHED,Published,,2016,2016,,AMR,Americas,,GUY,Guyana,,SA_SPIRITS,Spirits,,No,,,,,,
SA_0000001800,Monopoly on exports of alcoholic beverages,0,PUBLISHED,Published,,2016,2016,,AMR,Americas,,HND,Honduras,,SA_SPIRITS,Spirits,,No,,,,,,
SA_0000001800,Monopoly on exports of alcoholic beverages,0,PUBLISHED,Published,,2016,2016,,AMR,Americas,,NIC,Nicaragua,,SA_BEER,Beer,,No,,,,,,
SA_0000001800,Monopoly on exports of alcoholic beverages,0,PUBLISHED,Published,,2016,2016,,AMR,Americas,,NIC,Nicaragua,,SA_SPIRITS,Spirits,,No,,,,,,
SA_0000001800,Monopoly on exports of alcoholic beverages,0,PUBLISHED,Published,,2016,2016,,AMR,Americas,,VCT,Saint Vincent and the Grenadines,,SA_WINE,Wine,,No,,,,,,
SA_0000001800,Monopoly on exports of alcoholic beverages,0,PUBLISHED,Published,,2016,2016,,EMR,Eastern Mediterranean,,EGY,Egypt,,SA_BEER,Beer,,No,,,,,,
SA_0000001800,Monopoly on exports of alcoholic beverages,0,PUBLISHED,Published,,2016,2016,,EMR,Eastern Mediterranean,,EGY,Egypt,,SA_SPIRITS,Spirits,,No,,,,,,
SA_0000001800,Monopoly on exports of alcoholic beverages,0,PUBLISHED,Published,,2016,2016,,EMR,Eastern Mediterranean,,LBN,Lebanon,,SA_BEER,Beer,,No,,,,,,
SA_0000001800,Monopoly on exports of alcoholic beverages,0,PUBLISHED,Published,,2016,2016,,EMR,Eastern Mediterranean,,LBN,Lebanon,,SA_SPIRITS,Spirits,,No,,,,,,
SA_0000001800,Monopoly on exports of alcoholic beverages,0,PUBLISHED,Published,,2016,2016,,EUR,Europe,,CHE,Switzerland,,SA_BEER,Beer,,No,,,,,,
SA_0000001800,Monopoly on exports of alcoholic beverages,0,PUBLISHED,Published,,2016,2016,,EUR,Europe,,CHE,Switzerland,,SA_SPIRITS,Spirits,,No,,,,,,
SA_0000001800,Monopoly on exports of alcoholic beverages,0,PUBLISHED,Published,,2016,2016,,AMR,Americas,,VEN,Venezuela (Bolivarian Republic of),,SA_WINE,Wine,,No,,,,,,
SA_0000001800,Monopoly on exports of alcoholic beverages,0,PUBLISHED,Published,,2016,2016,,EMR,Eastern Mediterranean,,PAK,Pakistan,,SA_WINE,Wine,,Yes,,,,,,
SA_0000001800,Monopoly on exports of alcoholic beverages,0,PUBLISHED,Published,,2016,2016,,EMR,Eastern Mediterranean,,SYR,Syrian Arab Republic,,SA_WINE,Wine,,Yes,,,,,,
SA_0000001800,Monopoly on exports of alcoholic beverages,0,PUBLISHED,Published,,2016,2016,,EUR,Europe,,ALB,Albania,,SA_BEER,Beer,,Yes,,,,,,
SA_0000001800,Monopoly on exports of alcoholic beverages,0,PUBLISHED,Published,,2016,2016,,EUR,Europe,,ARM,Armenia,,SA_SPIRITS,Spirits,,Yes,,,,,,
SA_0000001800,Monopoly on exports of alcoholic beverages,0,PUBLISHED,Published,,2016,2016,,EUR,Europe,,BLR,Belarus,,SA_BEER,Beer,,Yes,,,,,,
SA_0000001800,Monopoly on exports of alcoholic beverages,0,PUBLISHED,Published,,2016,2016,,EUR,Europe,,BIH,Bosnia and Herzegovina,,SA_BEER,Beer,,No,,,,,,
SA_0000001800,Monopoly on exports of alcoholic beverages,0,PUBLISHED,Published,,2016,2016,,EUR,Europe,,BIH,Bosnia and Herzegovina,,SA_SPIRITS,Spirits,,No,,,,,,
SA_0000001800,Monopoly on exports of alcoholic beverages,0,PUBLISHED,Published,,2016,2016,,WPR,Western Pacific,,VUT,Vanuatu,,SA_WINE,Wine,,Yes,,,,,,
SA_0000001800,Monopoly on exports of alcoholic beverages,0,PUBLISHED,Published,,2016,2016,,EUR,Europe,,GEO,Georgia,,SA_WINE,Wine,,No,,,,,,
SA_0000001800,Monopoly on exports of alcoholic beverages,0,PUBLISHED,Published,,2016,2016,,EUR,Europe,,ISL,Iceland,,SA_BEER,Beer,,No,,,,,,
SA_0000001800,Monopoly on exports of alcoholic beverages,0,PUBLISHED,Published,,2016,2016,,EUR,Europe,,ISR,Israel,,SA_SPIRITS,Spirits,,No,,,,,,
SA_0000001800,Monopoly on exports of alcoholic beverages,0,PUBLISHED,Published,,2016,2016,,EUR,Europe,,LTU,Lithuania,,SA_SPIRITS,Spirits,,No,,,,,,
SA_0000001800,Monopoly on exports of alcoholic beverages,0,PUBLISHED,Published,,2016,2016,,EUR,Europe,,MNE,Montenegro,,SA_WINE,Wine,,No,,,,,,
SA_0000001800,Monopoly on exports of alcoholic beverages,0,PUBLISHED,Published,,2016,2016,,EUR,Europe,,MDA,Republic of Moldova,,SA_WINE,Wine,,Yes,,,,,,
SA_0000001800,Monopoly on exports of alcoholic beverages,0,PUBLISHED,Published,,2016,2016,,EUR,Europe,,SRB,Serbia,,SA_SPIRITS,Spirits,,No,,,,,,
SA_0000001800,Monopoly on exports of alcoholic beverages,0,PUBLISHED,Published,,2016,2016,,EUR,Europe,,SVN,Slovenia,,SA_SPIRITS,Spirits,,No,,,,,,
SA_0000001800,Monopoly on exports of alcoholic beverages,0,PUBLISHED,Published,,2016,2016,,WPR,Western Pacific,,KIR,Kiribati,,SA_WINE,Wine,,No,,,,,,
SA_0000001800,Monopoly on exports of alcoholic beverages,0,PUBLISHED,Published,,2016,2016,,EUR,Europe,,MKD,Republic of North Macedonia,,SA_SPIRITS,Spirits,,Yes,,,,,,
SA_0000001800,Monopoly on exports of alcoholic beverages,0,PUBLISHED,Published,,2016,2016,,EUR,Europe,,GBR,United Kingdom of Great Britain and Northern Ireland,,SA_WINE,Wine,,No,,,,,,
SA_0000001800,Monopoly on exports of alcoholic beverages,0,PUBLISHED,Published,,2016,2016,,WPR,Western Pacific,,MHL,Marshall Islands,,SA_WINE,Wine,,No,,,,,,
SA_0000001800,Monopoly on exports of alcoholic beverages,0,PUBLISHED,Published,,2016,2016,,WPR,Western Pacific,,NZL,New Zealand,,SA_BEER,Beer,,No,,,,,,
SA_0000001800,Monopoly on exports of alcoholic beverages,0,PUBLISHED,Published,,2016,2016,,WPR,Western Pacific,,KOR,Republic of Korea,,SA_BEER,Beer,,No,,,,,,
SA_0000001800,Monopoly on exports of alcoholic beverages,0,PUBLISHED,Published,,2016,2016,,WPR,Western Pacific,,SGP,Singapore,,SA_BEER,Beer,,No,,,,,,
SA_0000001800,Monopoly on exports of alcoholic beverages,0,PUBLISHED,Published,,2016,2016,,WPR,Western Pacific,,SGP,Singapore,,SA_SPIRITS,Spirits,,No,,,,,,
SA_0000001800,Monopoly on exports of alcoholic beverages,0,PUBLISHED,Published,,2016,2016,,WPR,Western Pacific,,COK,Cook Islands,,SA_WINE,Wine,,No,,,,,,
SA_0000001800,Monopoly on exports of alcoholic beverages,0,PUBLISHED,Published,,2016,2016,,AFR,Africa,,GNB,Guinea-Bissau,,SA_WINE,Wine,,No,,,,,,
SA_0000001800,Monopoly on exports of alcoholic beverages,0,PUBLISHED,Published,,2016,2016,,EUR,Europe,,ARM,Armenia,,SA_BEER,Beer,,Yes,,,,,,
SA_0000001800,Monopoly on exports of alcoholic beverages,0,PUBLISHED,Published,,2016,2016,,EUR,Europe,,SRB,Serbia,,SA_BEER,Beer,,No,,,,,,
SA_0000001800,Monopoly on exports of alcoholic beverages,0,PUBLISHED,Published,,2016,2016,,AFR,Africa,,BEN,Benin,,SA_BEER,Beer,,No,,,,,,
SA_0000001800,Monopoly on exports of alcoholic beverages,0,PUBLISHED,Published,,2016,2016,,AFR,Africa,,CPV,Cabo Verde,,SA_WINE,Wine,,No,,,,,,
SA_0000001800,Monopoly on exports of alcoholic beverages,0,PUBLISHED,Published,,2016,2016,,AFR,Africa,,CAF,Central African Republic,,SA_WINE,Wine,,No,,,,,,
SA_0000001800,Monopoly on exports of alcoholic beverages,0,PUBLISHED,Published,,2016,2016,,AFR,Africa,,COD,Democratic Republic of the Congo,,SA_WINE,Wine,,No,,,,,,
SA_0000001800,Monopoly on exports of alcoholic beverages,0,PUBLISHED,Published,,2016,2016,,AFR,Africa,,NAM,Namibia,,SA_WINE,Wine,,No,,,,,,
SA_0000001800,Monopoly on exports of alcoholic beverages,0,PUBLISHED,Published,,2016,2016,,AFR,Africa,,COG,Congo,,SA_WINE,Wine,,Yes,,,,,,
SA_0000001800,Monopoly on exports of alcoholic beverages,0,PUBLISHED,Published,,2016,2016,,AFR,Africa,,ERI,Eritrea,,SA_BEER,Beer,,No,,,,,,
SA_0000001800,Monopoly on exports of alcoholic beverages,0,PUBLISHED,Published,,2016,2016,,AFR,Africa,,KEN,Kenya,,SA_SPIRITS,Spirits,,Yes,,,,,,
SA_0000001800,Monopoly on exports of alcoholic beverages,0,PUBLISHED,Published,,2016,2016,,AFR,Africa,,MWI,Malawi,,SA_WINE,Wine,,No,,,,,,
SA_0000001800,Monopoly on exports of alcoholic beverages,0,PUBLISHED,Published,,2016,2016,,AFR,Africa,,GAB,Gabon,,SA_BEER,Beer,,No,,,,,,
SA_0000001800,Monopoly on exports of alcoholic beverages,0,PUBLISHED,Published,,2016,2016,,AFR,Africa,,GAB,Gabon,,SA_SPIRITS,Spirits,,No,,,,,,
SA_0000001800,Monopoly on exports of alcoholic beverages,0,PUBLISHED,Published,,2016,2016,,AFR,Africa,,GIN,Guinea,,SA_BEER,Beer,,No,,,,,,
SA_0000001800,Monopoly on exports of alcoholic beverages,0,PUBLISHED,Published,,2016,2016,,AFR,Africa,,STP,Sao Tome and Principe,,SA_BEER,Beer,,Yes,,,,,,
SA_0000001800,Monopoly on exports of alcoholic beverages,0,PUBLISHED,Published,,2016,2016,,AFR,Africa,,SYC,Seychelles,,SA_SPIRITS,Spirits,,No,,,,,,
SA_0000001800,Monopoly on exports of alcoholic beverages,0,PUBLISHED,Published,,2016,2016,,AFR,Africa,,SSD,South Sudan,,SA_BEER,Beer,,No,,,,,,
SA_0000001800,Monopoly on exports of alcoholic beverages,0,PUBLISHED,Published,,2016,2016,,AFR,Africa,,ZWE,Zimbabwe,,SA_WINE,Wine,,Yes,,,,,,
SA_0000001800,Monopoly on exports of alcoholic beverages,0,PUBLISHED,Published,,2016,2016,,AMR,Americas,,BLZ,Belize,,SA_WINE,Wine,,No,,,,,,
SA_0000001800,Monopoly on exports of alcoholic beverages,0,PUBLISHED,Published,,2016,2016,,AFR,Africa,,TGO,Togo,,SA_SPIRITS,Spirits,,No,,,,,,
SA_0000001800,Monopoly on exports of alcoholic beverages,0,PUBLISHED,Published,,2016,2016,,AMR,Americas,,CHL,Chile,,SA_BEER,Beer,,No,,,,,,
SA_0000001800,Monopoly on exports of alcoholic beverages,0,PUBLISHED,Published,,2016,2016,,AMR,Americas,,DOM,Dominican Republic,,SA_BEER,Beer,,No,,,,,,
SA_0000001800,Monopoly on exports of alcoholic beverages,0,PUBLISHED,Published,,2016,2016,,AMR,Americas,,SLV,El Salvador,,SA_SPIRITS,Spirits,,No,,,,,,
SA_0000001800,Monopoly on exports of alcoholic beverages,0,PUBLISHED,Published,,2016,2016,,AMR,Americas,,URY,Uruguay,,SA_SPIRITS,Spirits,,No,,,,,,
SA_0000001800,Monopoly on exports of alcoholic beverages,0,PUBLISHED,Published,,2016,2016,,EUR,Europe,,TJK,Tajikistan,,SA_WINE,Wine,,No,,,,,,
SA_0000001800,Monopoly on exports of alcoholic beverages,0,PUBLISHED,Published,,2016,2016,,EMR,Eastern Mediterranean,,DJI,Djibouti,,SA_WINE,Wine,,No,,,,,,
SA_0000001800,Monopoly on exports of alcoholic beverages,0,PUBLISHED,Published,,2016,2016,,AMR,Americas,,SUR,Suriname,,SA_SPIRITS,Spirits,,No,,,,,,
SA_0000001800,Monopoly on exports of alcoholic beverages,0,PUBLISHED,Published,,2016,2016,,AMR,Americas,,URY,Uruguay,,SA_BEER,Beer,,No,,,,,,
SA_0000001800,Monopoly on exports of alcoholic beverages,0,PUBLISHED,Published,,2016,2016,,EUR,Europe,,CYP,Cyprus,,SA_BEER,Beer,,No,,,,,,
SA_0000001800,Monopoly on exports of alcoholic beverages,0,PUBLISHED,Published,,2016,2016,,EUR,Europe,,DNK,Denmark,,SA_SPIRITS,Spirits,,No,,,,,,
SA_0000001800,Monopoly on exports of alcoholic beverages,0,PUBLISHED,Published,,2016,2016,,EUR,Europe,,IRL,Ireland,,SA_WINE,Wine,,No,,,,,,
SA_0000001800,Monopoly on exports of alcoholic beverages,0,PUBLISHED,Published,,2016,2016,,EUR,Europe,,FRA,France,,SA_BEER,Beer,,No,,,,,,
SA_0000001800,Monopoly on exports of alcoholic beverages,0,PUBLISHED,Published,,2016,2016,,EUR,Europe,,DEU,Germany,,SA_SPIRITS,Spirits,,No,,,,,,
SA_0000001800,Monopoly on exports of alcoholic beverages,0,PUBLISHED,Published,,2016,2016,,AMR,Americas,,PAN,Panama,,SA_WINE,Wine,,No,,,,,,
SA_0000001800,Monopoly on exports of alcoholic beverages,0,PUBLISHED,Published,,2016,2016,,WPR,Western Pacific,,VNM,Viet Nam,,SA_BEER,Beer,,No,,,,,,
SA_0000001800,Monopoly on exports of alcoholic beverages,0,PUBLISHED,Published,,2016,2016,,WPR,Western Pacific,,VNM,Viet Nam,,SA_SPIRITS,Spirits,,No,,,,,,
SA_0000001800,Monopoly on exports of alcoholic beverages,0,PUBLISHED,Published,,2016,2016,,AMR,Americas,,LCA,Saint Lucia,,SA_BEER,Beer,,No,,,,,,
SA_0000001800,Monopoly on exports of alcoholic beverages,0,PUBLISHED,Published,,2016,2016,,AMR,Americas,,LCA,Saint Lucia,,SA_SPIRITS,Spirits,,No,,,,,,
SA_0000001800,Monopoly on exports of alcoholic beverages,0,PUBLISHED,Published,,2016,2016,,EUR,Europe,,UKR,Ukraine,,SA_BEER,Beer,,No,,,,,,
SA_0000001800,Monopoly on exports of alcoholic beverages,0,PUBLISHED,Published,,2016,2016,,EUR,Europe,,UKR,Ukraine,,SA_SPIRITS,Spirits,,No,,,,,,
SA_0000001800,Monopoly on exports of alcoholic beverages,0,PUBLISHED,Published,,2016,2016,,EUR,Europe,,UZB,Uzbekistan,,SA_SPIRITS,Spirits,,No,,,,,,
SA_0000001800,Monopoly on exports of alcoholic beverages,0,PUBLISHED,Published,,2016,2016,,SEAR,South-East Asia,,IDN,Indonesia,,SA_SPIRITS,Spirits,,No,,,,,,
SA_0000001800,Monopoly on exports of alcoholic beverages,0,PUBLISHED,Published,,2016,2016,,SEAR,South-East Asia,,MMR,Myanmar,,SA_WINE,Wine,,No,,,,,,
SA_0000001800,Monopoly on exports of alcoholic beverages,0,PUBLISHED,Published,,2016,2016,,SEAR,South-East Asia,,LKA,Sri Lanka,,SA_WINE,Wine,,No,,,,,,
SA_0000001800,Monopoly on exports of alcoholic beverages,0,PUBLISHED,Published,,2016,2016,,WPR,Western Pacific,,KHM,Cambodia,,SA_WINE,Wine,,No,,,,,,
SA_0000001800,Monopoly on exports of alcoholic beverages,0,PUBLISHED,Published,,2016,2016,,EUR,Europe,,BEL,Belgium,,SA_WINE,Wine,,No,,,,,,
SA_0000001800,Monopoly on exports of alcoholic beverages,0,PUBLISHED,Published,,2016,2016,,WPR,Western Pacific,,JPN,Japan,,SA_BEER,Beer,,No,,,,,,
SA_0000001800,Monopoly on exports of alcoholic beverages,0,PUBLISHED,Published,,2016,2016,,WPR,Western Pacific,,JPN,Japan,,SA_SPIRITS,Spirits,,No,,,,,,
SA_0000001800,Monopoly on exports of alcoholic beverages,0,PUBLISHED,Published,,2016,2016,,WPR,Western Pacific,,MYS,Malaysia,,SA_BEER,Beer,,No,,,,,,
SA_0000001800,Monopoly on exports of alcoholic beverages,0,PUBLISHED,Published,,2016,2016,,EUR,Europe,,NLD,Netherlands,,SA_SPIRITS,Spirits,,No,,,,,,
SA_0000001800,Monopoly on exports of alcoholic beverages,0,PUBLISHED,Published,,2016,2016,,EUR,Europe,,PRT,Portugal,,SA_BEER,Beer,,No,,,,,,
SA_0000001800,Monopoly on exports of alcoholic beverages,0,PUBLISHED,Published,,2016,2016,,EUR,Europe,,SVK,Slovakia,,SA_WINE,Wine,,No,,,,,,
SA_0000001800,Monopoly on exports of alcoholic beverages,0,PUBLISHED,Published,,2016,2016,,AFR,Africa,,BEN,Benin,,SA_SPIRITS,Spirits,,No,,,,,,
SA_0000001800,Monopoly on exports of alcoholic beverages,0,PUBLISHED,Published,,2016,2016,,AFR,Africa,,KEN,Kenya,,SA_BEER,Beer,,Yes,,,,,,
SA_0000001800,Monopoly on exports of alcoholic beverages,0,PUBLISHED,Published,,2016,2016,,AMR,Americas,,CRI,Costa Rica,,SA_SPIRITS,Spirits,,No,,,,,,
SA_0000001800,Monopoly on exports of alcoholic beverages,0,PUBLISHED,Published,,2016,2016,,EMR,Eastern Mediterranean,,OMN,Oman,,SA_BEER,Beer,,Yes,,,,,,
SA_0000001800,Monopoly on exports of alcoholic beverages,0,PUBLISHED,Published,,2016,2016,,EUR,Europe,,AND,Andorra,,SA_WINE,Wine,,No,,,,,,
SA_0000001800,Monopoly on exports of alcoholic beverages,0,PUBLISHED,Published,,2016,2016,,EUR,Europe,,LVA,Latvia,,SA_WINE,Wine,,No,,,,,,
SA_0000001800,Monopoly on exports of alcoholic beverages,0,PUBLISHED,Published,,2016,2016,,EUR,Europe,,ROU,Romania,,SA_SPIRITS,Spirits,,Yes,,,,,,
SA_0000001800,Monopoly on exports of alcoholic beverages,0,PUBLISHED,Published,,2016,2016,,WPR,Western Pacific,,WSM,Samoa,,SA_WINE,Wine,,Yes,,,,,,
SA_0000001800,Monopoly on exports of alcoholic beverages,0,PUBLISHED,Published,,2016,2016,,AFR,Africa,,AGO,Angola,,SA_BEER,Beer,,No,,,,,,
SA_0000001800,Monopoly on exports of alcoholic beverages,0,PUBLISHED,Published,,2016,2016,,AMR,Americas,,GUY,Guyana,,SA_WINE,Wine,,No,,,,,,
SA_0000001800,Monopoly on exports of alcoholic beverages,0,PUBLISHED,Published,,2016,2016,,AFR,Africa,,BWA,Botswana,,SA_SPIRITS,Spirits,,No,,,,,,
SA_0000001800,Monopoly on exports of alcoholic beverages,0,PUBLISHED,Published,,2016,2016,,AFR,Africa,,CPV,Cabo Verde,,SA_BEER,Beer,,No,,,,,,
SA_0000001800,Monopoly on exports of alcoholic beverages,0,PUBLISHED,Published,,2016,2016,,AFR,Africa,,CAF,Central African Republic,,SA_SPIRITS,Spirits,,No,,,,,,
SA_0000001800,Monopoly on exports of alcoholic beverages,0,PUBLISHED,Published,,2016,2016,,AFR,Africa,,COG,Congo,,SA_BEER,Beer,,Yes,,,,,,
SA_0000001800,Monopoly on exports of alcoholic beverages,0,PUBLISHED,Published,,2016,2016,,AFR,Africa,,COD,Democratic Republic of the Congo,,SA_SPIRITS,Spirits,,No,,,,,,
SA_0000001800,Monopoly on exports of alcoholic beverages,0,PUBLISHED,Published,,2016,2016,,AFR,Africa,,ETH,Ethiopia,,SA_BEER,Beer,,No,,,,,,
SA_0000001800,Monopoly on exports of alcoholic beverages,0,PUBLISHED,Published,,2016,2016,,AFR,Africa,,GMB,Gambia,,SA_SPIRITS,Spirits,,No,,,,,,
SA_0000001800,Monopoly on exports of alcoholic beverages,0,PUBLISHED,Published,,2016,2016,,AFR,Africa,,GNB,Guinea-Bissau,,SA_BEER,Beer,,No,,,,,,
SA_0000001800,Monopoly on exports of alcoholic beverages,0,PUBLISHED,Published,,2016,2016,,AFR,Africa,,LSO,Lesotho,,SA_SPIRITS,Spirits,,No,,,,,,
SA_0000001800,Monopoly on exports of alcoholic beverages,0,PUBLISHED,Published,,2016,2016,,AFR,Africa,,MWI,Malawi,,SA_BEER,Beer,,No,,,,,,
SA_0000001800,Monopoly on exports of alcoholic beverages,0,PUBLISHED,Published,,2016,2016,,AFR,Africa,,NAM,Namibia,,SA_BEER,Beer,,No,,,,,,
SA_0000001800,Monopoly on exports of alcoholic beverages,0,PUBLISHED,Published,,2016,2016,,AFR,Africa,,NGA,Nigeria,,SA_SPIRITS,Spirits,,No,,,,,,
SA_0000001800,Monopoly on exports of alcoholic beverages,0,PUBLISHED,Published,,2016,2016,,AFR,Africa,,SEN,Senegal,,SA_BEER,Beer,,Yes,,,,,,
SA_0000001800,Monopoly on exports of alcoholic beverages,0,PUBLISHED,Published,,2016,2016,,AFR,Africa,,SLE,Sierra Leone,,SA_SPIRITS,Spirits,,No,,,,,,
SA_0000001800,Monopoly on exports of alcoholic beverages,0,PUBLISHED,Published,,2016,2016,,AFR,Africa,,SSD,South Sudan,,SA_WINE,Wine,,No,,,,,,
SA_0000001800,Monopoly on exports of alcoholic beverages,0,PUBLISHED,Published,,2016,2016,,AFR,Africa,,SWZ,Eswatini,,SA_BEER,Beer,,No,,,,,,
SA_0000001800,Monopoly on exports of alcoholic beverages,0,PUBLISHED,Published,,2016,2016,,AFR,Africa,,ZMB,Zambia,,SA_WINE,Wine,,No,,,,,,
SA_0000001800,Monopoly on exports of alcoholic beverages,0,PUBLISHED,Published,,2016,2016,,AFR,Africa,,ZWE,Zimbabwe,,SA_BEER,Beer,,Yes,,,,,,
SA_0000001800,Monopoly on exports of alcoholic beverages,0,PUBLISHED,Published,,2016,2016,,AMR,Americas,,BRB,Barbados,,SA_WINE,Wine,,No,,,,,,
SA_0000001800,Monopoly on exports of alcoholic beverages,0,PUBLISHED,Published,,2016,2016,,AMR,Americas,,CHL,Chile,,SA_WINE,Wine,,No,,,,,,
SA_0000001800,Monopoly on exports of alcoholic beverages,0,PUBLISHED,Published,,2016,2016,,AMR,Americas,,COL,Colombia,,SA_BEER,Beer,,No,,,,,,
SA_0000001800,Monopoly on exports of alcoholic beverages,0,PUBLISHED,Published,,2016,2016,,AMR,Americas,,DOM,Dominican Republic,,SA_WINE,Wine,,No,,,,,,
SA_0000001800,Monopoly on exports of alcoholic beverages,0,PUBLISHED,Published,,2016,2016,,AMR,Americas,,NIC,Nicaragua,,SA_WINE,Wine,,No,,,,,,
SA_0000001800,Monopoly on exports of alcoholic beverages,0,PUBLISHED,Published,,2016,2016,,AMR,Americas,,PAN,Panama,,SA_BEER,Beer,,No,,,,,,
SA_0000001800,Monopoly on exports of alcoholic beverages,0,PUBLISHED,Published,,2016,2016,,AMR,Americas,,ECU,Ecuador,,SA_BEER,Beer,,No,,,,,,
SA_0000001800,Monopoly on exports of alcoholic beverages,0,PUBLISHED,Published,,2016,2016,,EUR,Europe,,TJK,Tajikistan,,SA_SPIRITS,Spirits,,No,,,,,,
SA_0000001800,Monopoly on exports of alcoholic beverages,0,PUBLISHED,Published,,2016,2016,,AMR,Americas,,URY,Uruguay,,SA_WINE,Wine,,No,,,,,,
SA_0000001800,Monopoly on exports of alcoholic beverages,0,PUBLISHED,Published,,2016,2016,,EMR,Eastern Mediterranean,,EGY,Egypt,,SA_WINE,Wine,,No,,,,,,
SA_0000001800,Monopoly on exports of alcoholic beverages,0,PUBLISHED,Published,,2016,2016,,EMR,Eastern Mediterranean,,LBN,Lebanon,,SA_WINE,Wine,,No,,,,,,
SA_0000001800,Monopoly on exports of alcoholic beverages,0,PUBLISHED,Published,,2016,2016,,EUR,Europe,,AND,Andorra,,SA_SPIRITS,Spirits,,No,,,,,,
SA_0000001800,Monopoly on exports of alcoholic beverages,0,PUBLISHED,Published,,2016,2016,,EUR,Europe,,BIH,Bosnia and Herzegovina,,SA_WINE,Wine,,No,,,,,,
SA_0000001800,Monopoly on exports of alcoholic beverages,0,PUBLISHED,Published,,2016,2016,,EUR,Europe,,DNK,Denmark,,SA_WINE,Wine,,No,,,,,,
SA_0000001800,Monopoly on exports of alcoholic beverages,0,PUBLISHED,Published,,2016,2016,,EUR,Europe,,GEO,Georgia,,SA_SPIRITS,Spirits,,No,,,,,,
SA_0000001800,Monopoly on exports of alcoholic beverages,0,PUBLISHED,Published,,2016,2016,,EUR,Europe,,DEU,Germany,,SA_WINE,Wine,,No,,,,,,
SA_0000001800,Monopoly on exports of alcoholic beverages,0,PUBLISHED,Published,,2016,2016,,EUR,Europe,,IRL,Ireland,,SA_SPIRITS,Spirits,,No,,,,,,
SA_0000001800,Monopoly on exports of alcoholic beverages,0,PUBLISHED,Published,,2016,2016,,EUR,Europe,,ISR,Israel,,SA_WINE,Wine,,No,,,,,,
SA_0000001800,Monopoly on exports of alcoholic beverages,0,PUBLISHED,Published,,2016,2016,,EUR,Europe,,LVA,Latvia,,SA_SPIRITS,Spirits,,No,,,,,,
SA_0000001800,Monopoly on exports of alcoholic beverages,0,PUBLISHED,Published,,2016,2016,,EUR,Europe,,LTU,Lithuania,,SA_WINE,Wine,,No,,,,,,
SA_0000001800,Monopoly on exports of alcoholic beverages,0,PUBLISHED,Published,,2016,2016,,WPR,Western Pacific,,VUT,Vanuatu,,SA_BEER,Beer,,Yes,,,,,,
SA_0000001800,Monopoly on exports of alcoholic beverages,0,PUBLISHED,Published,,2016,2016,,EUR,Europe,,MDA,Republic of Moldova,,SA_SPIRITS,Spirits,,Yes,,,,,,
SA_0000001800,Monopoly on exports of alcoholic beverages,0,PUBLISHED,Published,,2016,2016,,EUR,Europe,,SVK,Slovakia,,SA_SPIRITS,Spirits,,No,,,,,,
SA_0000001800,Monopoly on exports of alcoholic beverages,0,PUBLISHED,Published,,2016,2016,,EUR,Europe,,SWE,Sweden,,SA_BEER,Beer,,No,,,,,,
SA_0000001800,Monopoly on exports of alcoholic beverages,0,PUBLISHED,Published,,2016,2016,,SEAR,South-East Asia,,BTN,Bhutan,,SA_BEER,Beer,,No,,,,,,
SA_0000001800,Monopoly on exports of alcoholic beverages,0,PUBLISHED,Published,,2016,2016,,EUR,Europe,,TKM,Turkmenistan,,SA_BEER,Beer,,No,,,,,,
SA_0000001800,Monopoly on exports of alcoholic beverages,0,PUBLISHED,Published,,2016,2016,,SEAR,South-East Asia,,MMR,Myanmar,,SA_BEER,Beer,,No,,,,,,
SA_0000001800,Monopoly on exports of alcoholic beverages,0,PUBLISHED,Published,,2016,2016,,SEAR,South-East Asia,,LKA,Sri Lanka,,SA_SPIRITS,Spirits,,No,,,,,,
SA_0000001800,Monopoly on exports of alcoholic beverages,0,PUBLISHED,Published,,2016,2016,,EUR,Europe,,ARM,Armenia,,SA_WINE,Wine,,Yes,,,,,,
SA_0000001800,Monopoly on exports of alcoholic beverages,0,PUBLISHED,Published,,2016,2016,,EUR,Europe,,BEL,Belgium,,SA_SPIRITS,Spirits,,No,,,,,,
SA_0000001800,Monopoly on exports of alcoholic beverages,0,PUBLISHED,Published,,2016,2016,,WPR,Western Pacific,,KIR,Kiribati,,SA_SPIRITS,Spirits,,No,,,,,,
SA_0000001800,Monopoly on exports of alcoholic beverages,0,PUBLISHED,Published,,2016,2016,,WPR,Western Pacific,,MHL,Marshall Islands,,SA_BEER,Beer,,No,,,,,,
SA_0000001800,Monopoly on exports of alcoholic beverages,0,PUBLISHED,Published,,2016,2016,,WPR,Western Pacific,,MNG,Mongolia,,SA_SPIRITS,Spirits,,Yes,,,,,,
SA_0000001800,Monopoly on exports of alcoholic beverages,0,PUBLISHED,Published,,2016,2016,,WPR,Western Pacific,,WSM,Samoa,,SA_BEER,Beer,,Yes,,,,,,
SA_0000001800,Monopoly on exports of alcoholic beverages,0,PUBLISHED,Published,,2016,2016,,EUR,Europe,,MNE,Montenegro,,SA_SPIRITS,Spirits,,No,,,,,,
SA_0000001800,Monopoly on exports of alcoholic beverages,0,PUBLISHED,Published,,2016,2016,,EUR,Europe,,NLD,Netherlands,,SA_WINE,Wine,,No,,,,,,
SA_0000001800,Monopoly on exports of alcoholic beverages,0,PUBLISHED,Published,,2016,2016,,EUR,Europe,,POL,Poland,,SA_BEER,Beer,,No,,,,,,
SA_0000001800,Monopoly on exports of alcoholic beverages,0,PUBLISHED,Published,,2016,2016,,EUR,Europe,,SMR,San Marino,,SA_BEER,Beer,,No,,,,,,
SA_0000001800,Monopoly on exports of alcoholic beverages,0,PUBLISHED,Published,,2016,2016,,EUR,Europe,,GBR,United Kingdom of Great Britain and Northern Ireland,,SA_SPIRITS,Spirits,,No,,,,,,
SA_0000001800,Monopoly on exports of alcoholic beverages,0,PUBLISHED,Published,,2016,2016,,WPR,Western Pacific,,COK,Cook Islands,,SA_SPIRITS,Spirits,,No,,,,,,
SA_0000001800,Monopoly on exports of alcoholic beverages,0,PUBLISHED,Published,,2016,2016,,AMR,Americas,,BLZ,Belize,,SA_BEER,Beer,,No,,,,,,
SA_0000001800,Monopoly on exports of alcoholic beverages,0,PUBLISHED,Published,,2016,2016,,AMR,Americas,,LCA,Saint Lucia,,SA_WINE,Wine,,No,,,,,,
SA_0000001800,Monopoly on exports of alcoholic beverages,0,PUBLISHED,Published,,2016,2016,,WPR,Western Pacific,,KHM,Cambodia,,SA_SPIRITS,Spirits,,No,,,,,,
SA_0000001800,Monopoly on exports of alcoholic beverages,0,PUBLISHED,Published,,2016,2016,,AFR,Africa,,BWA,Botswana,,SA_BEER,Beer,,No,,,,,,
SA_0000001800,Monopoly on exports of alcoholic beverages,0,PUBLISHED,Published,,2016,2016,,AFR,Africa,,BFA,Burkina Faso,,SA_BEER,Beer,,No,,,,,,
SA_0000001800,Monopoly on exports of alcoholic beverages,0,PUBLISHED,Published,,2016,2016,,AFR,Africa,,BDI,Burundi,,SA_SPIRITS,Spirits,,Yes,,,,,,
SA_0000001800,Monopoly on exports of alcoholic beverages,0,PUBLISHED,Published,,2016,2016,,AFR,Africa,,CPV,Cabo Verde,,SA_SPIRITS,Spirits,,No,,,,,,
SA_0000001800,Monopoly on exports of alcoholic beverages,0,PUBLISHED,Published,,2016,2016,,AFR,Africa,,COD,Democratic Republic of the Congo,,SA_BEER,Beer,,No,,,,,,
SA_0000001800,Monopoly on exports of alcoholic beverages,0,PUBLISHED,Published,,2016,2016,,AFR,Africa,,GNQ,Equatorial Guinea,,SA_BEER,Beer,,No,,,,,,
SA_0000001800,Monopoly on exports of alcoholic beverages,0,PUBLISHED,Published,,2016,2016,,AFR,Africa,,ERI,Eritrea,,SA_SPIRITS,Spirits,,No,,,,,,
SA_0000001800,Monopoly on exports of alcoholic beverages,0,PUBLISHED,Published,,2016,2016,,AFR,Africa,,ETH,Ethiopia,,SA_SPIRITS,Spirits,,No,,,,,,
SA_0000001800,Monopoly on exports of alcoholic beverages,0,PUBLISHED,Published,,2016,2016,,AFR,Africa,,LSO,Lesotho,,SA_BEER,Beer,,No,,,,,,
SA_0000001800,Monopoly on exports of alcoholic beverages,0,PUBLISHED,Published,,2016,2016,,AFR,Africa,,LSO,Lesotho,,SA_WINE,Wine,,No,,,,,,
SA_0000001800,Monopoly on exports of alcoholic beverages,0,PUBLISHED,Published,,2016,2016,,AFR,Africa,,LBR,Liberia,,SA_BEER,Beer,,No,,,,,,
SA_0000001800,Monopoly on exports of alcoholic beverages,0,PUBLISHED,Published,,2016,2016,,AFR,Africa,,MDG,Madagascar,,SA_SPIRITS,Spirits,,Yes,,,,,,
SA_0000001800,Monopoly on exports of alcoholic beverages,0,PUBLISHED,Published,,2016,2016,,AFR,Africa,,NGA,Nigeria,,SA_BEER,Beer,,No,,,,,,
SA_0000001800,Monopoly on exports of alcoholic beverages,0,PUBLISHED,Published,,2016,2016,,AFR,Africa,,NGA,Nigeria,,SA_WINE,Wine,,No,,,,,,
SA_0000001800,Monopoly on exports of alcoholic beverages,0,PUBLISHED,Published,,2016,2016,,AFR,Africa,,RWA,Rwanda,,SA_BEER,Beer,,No,,,,,,
SA_0000001800,Monopoly on exports of alcoholic beverages,0,PUBLISHED,Published,,2016,2016,,AFR,Africa,,STP,Sao Tome and Principe,,SA_SPIRITS,Spirits,,No,,,,,,
SA_0000001800,Monopoly on exports of alcoholic beverages,0,PUBLISHED,Published,,2016,2016,,AFR,Africa,,UGA,Uganda,,SA_BEER,Beer,,No,,,,,,
SA_0000001800,Monopoly on exports of alcoholic beverages,0,PUBLISHED,Published,,2016,2016,,AFR,Africa,,UGA,Uganda,,SA_WINE,Wine,,No,,,,,,
SA_0000001800,Monopoly on exports of alcoholic beverages,0,PUBLISHED,Published,,2016,2016,,AFR,Africa,,TZA,United Republic of Tanzania,,SA_BEER,Beer,,No,,,,,,
SA_0000001800,Monopoly on exports of alcoholic beverages,0,PUBLISHED,Published,,2016,2016,,AFR,Africa,,ZMB,Zambia,,SA_SPIRITS,Spirits,,No,,,,,,
SA_0000001800,Monopoly on exports of alcoholic beverages,0,PUBLISHED,Published,,2016,2016,,AMR,Americas,,BRA,Brazil,,SA_BEER,Beer,,No,,,,,,
SA_0000001800,Monopoly on exports of alcoholic beverages,0,PUBLISHED,Published,,2016,2016,,AMR,Americas,,BRA,Brazil,,SA_WINE,Wine,,No,,,,,,
SA_0000001800,Monopoly on exports of alcoholic beverages,0,PUBLISHED,Published,,2016,2016,,AMR,Americas,,CHL,Chile,,SA_SPIRITS,Spirits,,No,,,,,,
SA_0000001800,Monopoly on exports of alcoholic beverages,0,PUBLISHED,Published,,2016,2016,,AMR,Americas,,SLV,El Salvador,,SA_WINE,Wine,,No,,,,,,
SA_0000001800,Monopoly on exports of alcoholic beverages,0,PUBLISHED,Published,,2016,2016,,AMR,Americas,,GRD,Grenada,,SA_BEER,Beer,,No,,,,,,
SA_0000001800,Monopoly on exports of alcoholic beverages,0,PUBLISHED,Published,,2016,2016,,AMR,Americas,,GRD,Grenada,,SA_WINE,Wine,,No,,,,,,
SA_0000001800,Monopoly on exports of alcoholic beverages,0,PUBLISHED,Published,,2016,2016,,AMR,Americas,,PRY,Paraguay,,SA_WINE,Wine,,No,,,,,,
SA_0000001800,Monopoly on exports of alcoholic beverages,0,PUBLISHED,Published,,2016,2016,,AMR,Americas,,PER,Peru,,SA_BEER,Beer,,No,,,,,,
SA_0000001800,Monopoly on exports of alcoholic beverages,0,PUBLISHED,Published,,2016,2016,,AMR,Americas,,PER,Peru,,SA_WINE,Wine,,No,,,,,,
SA_0000001800,Monopoly on exports of alcoholic beverages,0,PUBLISHED,Published,,2016,2016,,EMR,Eastern Mediterranean,,MAR,Morocco,,SA_WINE,Wine,,Yes,,,,,,
SA_0000001800,Monopoly on exports of alcoholic beverages,0,PUBLISHED,Published,,2016,2016,,EMR,Eastern Mediterranean,,MAR,Morocco,,SA_SPIRITS,Spirits,,Yes,,,,,,
SA_0000001800,Monopoly on exports of alcoholic beverages,0,PUBLISHED,Published,,2016,2016,,EMR,Eastern Mediterranean,,OMN,Oman,,SA_WINE,Wine,,Yes,,,,,,
SA_0000001800,Monopoly on exports of alcoholic beverages,0,PUBLISHED,Published,,2016,2016,,EUR,Europe,,ALB,Albania,,SA_WINE,Wine,,Yes,,,,,,
SA_0000001800,Monopoly on exports of alcoholic beverages,0,PUBLISHED,Published,,2016,2016,,EUR,Europe,,HRV,Croatia,,SA_WINE,Wine,,No,,,,,,
SA_0000001800,Monopoly on exports of alcoholic beverages,0,PUBLISHED,Published,,2016,2016,,EUR,Europe,,HRV,Croatia,,SA_SPIRITS,Spirits,,No,,,,,,
SA_0000001800,Monopoly on exports of alcoholic beverages,0,PUBLISHED,Published,,2016,2016,,EUR,Europe,,CYP,Cyprus,,SA_WINE,Wine,,No,,,,,,
SA_0000001800,Monopoly on exports of alcoholic beverages,0,PUBLISHED,Published,,2016,2016,,EUR,Europe,,CZE,Czechia,,SA_SPIRITS,Spirits,,No,,,,,,
SA_0000001800,Monopoly on exports of alcoholic beverages,0,PUBLISHED,Published,,2016,2016,,EUR,Europe,,DEU,Germany,,SA_BEER,Beer,,No,,,,,,
SA_0000001800,Monopoly on exports of alcoholic beverages,0,PUBLISHED,Published,,2016,2016,,EUR,Europe,,GRC,Greece,,SA_SPIRITS,Spirits,,No,,,,,,
SA_0000001800,Monopoly on exports of alcoholic beverages,0,PUBLISHED,Published,,2016,2016,,EUR,Europe,,HUN,Hungary,,SA_WINE,Wine,,No,,,,,,
SA_0000001800,Monopoly on exports of alcoholic beverages,0,PUBLISHED,Published,,2016,2016,,EUR,Europe,,HUN,Hungary,,SA_SPIRITS,Spirits,,No,,,,,,
SA_0000001800,Monopoly on exports of alcoholic beverages,0,PUBLISHED,Published,,2016,2016,,EUR,Europe,,LTU,Lithuania,,SA_BEER,Beer,,No,,,,,,
SA_0000001800,Monopoly on exports of alcoholic beverages,0,PUBLISHED,Published,,2016,2016,,EUR,Europe,,MLT,Malta,,SA_WINE,Wine,,No,,,,,,
SA_0000001800,Monopoly on exports of alcoholic beverages,0,PUBLISHED,Published,,2016,2016,,EUR,Europe,,MLT,Malta,,SA_SPIRITS,Spirits,,No,,,,,,
SA_0000001800,Monopoly on exports of alcoholic beverages,0,PUBLISHED,Published,,2016,2016,,EUR,Europe,,ROU,Romania,,SA_BEER,Beer,,Yes,,,,,,
SA_0000001800,Monopoly on exports of alcoholic beverages,0,PUBLISHED,Published,,2016,2016,,EUR,Europe,,RUS,Russian Federation,,SA_SPIRITS,Spirits,,No,,,,,,
SA_0000001800,Monopoly on exports of alcoholic beverages,0,PUBLISHED,Published,,2016,2016,,EUR,Europe,,SMR,San Marino,,SA_WINE,Wine,,No,,,,,,
SA_0000001800,Monopoly on exports of alcoholic beverages,0,PUBLISHED,Published,,2016,2016,,EUR,Europe,,SMR,San Marino,,SA_SPIRITS,Spirits,,No,,,,,,
SA_0000001800,Monopoly on exports of alcoholic beverages,0,PUBLISHED,Published,,2016,2016,,EUR,Europe,,MKD,Republic of North Macedonia,,SA_BEER,Beer,,Yes,,,,,,
SA_0000001800,Monopoly on exports of alcoholic beverages,0,PUBLISHED,Published,,2016,2016,,EUR,Europe,,TUR,Turkey,,SA_SPIRITS,Spirits,,No,,,,,,
SA_0000001800,Monopoly on exports of alcoholic beverages,0,PUBLISHED,Published,,2016,2016,,EUR,Europe,,TKM,Turkmenistan,,SA_WINE,Wine,,No,,,,,,
SA_0000001800,Monopoly on exports of alcoholic beverages,0,PUBLISHED,Published,,2016,2016,,EUR,Europe,,TKM,Turkmenistan,,SA_SPIRITS,Spirits,,No,,,,,,
SA_0000001800,Monopoly on exports of alcoholic beverages,0,PUBLISHED,Published,,2016,2016,,SEAR,South-East Asia,,IDN,Indonesia,,SA_BEER,Beer,,No,,,,,,
SA_0000001800,Monopoly on exports of alcoholic beverages,0,PUBLISHED,Published,,2016,2016,,SEAR,South-East Asia,,MMR,Myanmar,,SA_SPIRITS,Spirits,,No,,,,,,
SA_0000001800,Monopoly on exports of alcoholic beverages,0,PUBLISHED,Published,,2016,2016,,WPR,Western Pacific,,KHM,Cambodia,,SA_BEER,Beer,,No,,,,,,
SA_0000001800,Monopoly on exports of alcoholic beverages,0,PUBLISHED,Published,,2016,2016,,WPR,Western Pacific,,CHN,China,,SA_BEER,Beer,,No,,,,,,
SA_0000001800,Monopoly on exports of alcoholic beverages,0,PUBLISHED,Published,,2016,2016,,WPR,Western Pacific,,MNG,Mongolia,,SA_BEER,Beer,,Yes,,,,,,
SA_0000001800,Monopoly on exports of alcoholic beverages,0,PUBLISHED,Published,,2016,2016,,WPR,Western Pacific,,NZL,New Zealand,,SA_SPIRITS,Spirits,,No,,,,,,
SA_0000001800,Monopoly on exports of alcoholic beverages,0,PUBLISHED,Published,,2016,2016,,EUR,Europe,,LUX,Luxembourg,,SA_SPIRITS,Spirits,,No,,,,,,
SA_0000001800,Monopoly on exports of alcoholic beverages,0,PUBLISHED,Published,,2016,2016,,WPR,Western Pacific,,MNG,Mongolia,,SA_WINE,Wine,,Yes,,,,,,
SA_0000001800,Monopoly on exports of alcoholic beverages,0,PUBLISHED,Published,,2016,2016,,AFR,Africa,,BFA,Burkina Faso,,SA_WINE,Wine,,No,,,,,,
SA_0000001800,Monopoly on exports of alcoholic beverages,0,PUBLISHED,Published,,2016,2016,,AFR,Africa,,BFA,Burkina Faso,,SA_SPIRITS,Spirits,,No,,,,,,
SA_0000001800,Monopoly on exports of alcoholic beverages,0,PUBLISHED,Published,,2016,2016,,AFR,Africa,,BDI,Burundi,,SA_WINE,Wine,,Yes,,,,,,
SA_0000001800,Monopoly on exports of alcoholic beverages,0,PUBLISHED,Published,,2016,2016,,AFR,Africa,,GNQ,Equatorial Guinea,,SA_WINE,Wine,,No,,,,,,
SA_0000001800,Monopoly on exports of alcoholic beverages,0,PUBLISHED,Published,,2016,2016,,AFR,Africa,,GNQ,Equatorial Guinea,,SA_SPIRITS,Spirits,,No,,,,,,
SA_0000001800,Monopoly on exports of alcoholic beverages,0,PUBLISHED,Published,,2016,2016,,AFR,Africa,,ERI,Eritrea,,SA_WINE,Wine,,No,,,,,,
SA_0000001800,Monopoly on exports of alcoholic beverages,0,PUBLISHED,Published,,2016,2016,,AFR,Africa,,LBR,Liberia,,SA_WINE,Wine,,No,,,,,,
SA_0000001800,Monopoly on exports of alcoholic beverages,0,PUBLISHED,Published,,2016,2016,,AFR,Africa,,LBR,Liberia,,SA_SPIRITS,Spirits,,No,,,,,,
SA_0000001800,Monopoly on exports of alcoholic beverages,0,PUBLISHED,Published,,2016,2016,,AFR,Africa,,MDG,Madagascar,,SA_WINE,Wine,,Yes,,,,,,
SA_0000001800,Monopoly on exports of alcoholic beverages,0,PUBLISHED,Published,,2016,2016,,AFR,Africa,,NER,Niger,,SA_BEER,Beer,,No,,,,,,
SA_0000001800,Monopoly on exports of alcoholic beverages,0,PUBLISHED,Published,,2016,2016,,AFR,Africa,,RWA,Rwanda,,SA_WINE,Wine,,No,,,,,,
SA_0000001800,Monopoly on exports of alcoholic beverages,0,PUBLISHED,Published,,2016,2016,,AFR,Africa,,RWA,Rwanda,,SA_SPIRITS,Spirits,,No,,,,,,
SA_0000001800,Monopoly on exports of alcoholic beverages,0,PUBLISHED,Published,,2016,2016,,AFR,Africa,,STP,Sao Tome and Principe,,SA_WINE,Wine,,No,,,,,,
SA_0000001800,Monopoly on exports of alcoholic beverages,0,PUBLISHED,Published,,2016,2016,,AFR,Africa,,TGO,Togo,,SA_BEER,Beer,,No,,,,,,
SA_0000001800,Monopoly on exports of alcoholic beverages,0,PUBLISHED,Published,,2016,2016,,AFR,Africa,,UGA,Uganda,,SA_SPIRITS,Spirits,,No,,,,,,
SA_0000001800,Monopoly on exports of alcoholic beverages,0,PUBLISHED,Published,,2016,2016,,AFR,Africa,,TZA,United Republic of Tanzania,,SA_WINE,Wine,,No,,,,,,
SA_0000001800,Monopoly on exports of alcoholic beverages,0,PUBLISHED,Published,,2016,2016,,AFR,Africa,,TZA,United Republic of Tanzania,,SA_SPIRITS,Spirits,,No,,,,,,
SA_0000001800,Monopoly on exports of alcoholic beverages,0,PUBLISHED,Published,,2016,2016,,AMR,Americas,,BRA,Brazil,,SA_SPIRITS,Spirits,,No,,,,,,
SA_0000001800,Monopoly on exports of alcoholic beverages,0,PUBLISHED,Published,,2016,2016,,AMR,Americas,,CAN,Canada,,SA_WINE,Wine,,No,,,,,,
SA_0000001800,Monopoly on exports of alcoholic beverages,0,PUBLISHED,Published,,2016,2016,,AMR,Americas,,CAN,Canada,,SA_SPIRITS,Spirits,,No,,,,,,
SA_0000001800,Monopoly on exports of alcoholic beverages,0,PUBLISHED,Published,,2016,2016,,AMR,Americas,,SLV,El Salvador,,SA_BEER,Beer,,No,,,,,,
SA_0000001800,Monopoly on exports of alcoholic beverages,0,PUBLISHED,Published,,2016,2016,,AMR,Americas,,GRD,Grenada,,SA_SPIRITS,Spirits,,No,,,,,,
SA_0000001800,Monopoly on exports of alcoholic beverages,0,PUBLISHED,Published,,2016,2016,,AMR,Americas,,GTM,Guatemala,,SA_WINE,Wine,,No,,,,,,
SA_0000001800,Monopoly on exports of alcoholic beverages,0,PUBLISHED,Published,,2016,2016,,AMR,Americas,,GTM,Guatemala,,SA_SPIRITS,Spirits,,No,,,,,,
SA_0000001800,Monopoly on exports of alcoholic beverages,0,PUBLISHED,Published,,2016,2016,,AMR,Americas,,PRY,Paraguay,,SA_BEER,Beer,,No,,,,,,
SA_0000001800,Monopoly on exports of alcoholic beverages,0,PUBLISHED,Published,,2016,2016,,AMR,Americas,,PER,Peru,,SA_SPIRITS,Spirits,,No,,,,,,
SA_0000001800,Monopoly on exports of alcoholic beverages,0,PUBLISHED,Published,,2016,2016,,AMR,Americas,,KNA,Saint Kitts and Nevis,,SA_WINE,Wine,,No,,,,,,
SA_0000001800,Monopoly on exports of alcoholic beverages,0,PUBLISHED,Published,,2016,2016,,AMR,Americas,,KNA,Saint Kitts and Nevis,,SA_SPIRITS,Spirits,,No,,,,,,
SA_0000001800,Monopoly on exports of alcoholic beverages,0,PUBLISHED,Published,,2016,2016,,AMR,Americas,,VEN,Venezuela (Bolivarian Republic of),,SA_BEER,Beer,,No,,,,,,
SA_0000001800,Monopoly on exports of alcoholic beverages,0,PUBLISHED,Published,,2016,2016,,EMR,Eastern Mediterranean,,DJI,Djibouti,,SA_SPIRITS,Spirits,,No,,,,,,
SA_0000001800,Monopoly on exports of alcoholic beverages,0,PUBLISHED,Published,,2016,2016,,EMR,Eastern Mediterranean,,MAR,Morocco,,SA_BEER,Beer,,Yes,,,,,,
SA_0000001800,Monopoly on exports of alcoholic beverages,0,PUBLISHED,Published,,2016,2016,,EMR,Eastern Mediterranean,,OMN,Oman,,SA_SPIRITS,Spirits,,Yes,,,,,,
SA_0000001800,Monopoly on exports of alcoholic beverages,0,PUBLISHED,Published,,2016,2016,,EUR,Europe,,ALB,Albania,,SA_SPIRITS,Spirits,,Yes,,,,,,
SA_0000001800,Monopoly on exports of alcoholic beverages,0,PUBLISHED,Published,,2016,2016,,EUR,Europe,,BGR,Bulgaria,,SA_BEER,Beer,,No,,,,,,
SA_0000001800,Monopoly on exports of alcoholic beverages,0,PUBLISHED,Published,,2016,2016,,EUR,Europe,,BGR,Bulgaria,,SA_WINE,Wine,,No,,,,,,
SA_0000001800,Monopoly on exports of alcoholic beverages,0,PUBLISHED,Published,,2016,2016,,EUR,Europe,,HRV,Croatia,,SA_BEER,Beer,,No,,,,,,
SA_0000001800,Monopoly on exports of alcoholic beverages,0,PUBLISHED,Published,,2016,2016,,EUR,Europe,,CYP,Cyprus,,SA_SPIRITS,Spirits,,No,,,,,,
SA_0000001800,Monopoly on exports of alcoholic beverages,0,PUBLISHED,Published,,2016,2016,,EUR,Europe,,GRC,Greece,,SA_BEER,Beer,,No,,,,,,
SA_0000001800,Monopoly on exports of alcoholic beverages,0,PUBLISHED,Published,,2016,2016,,EUR,Europe,,GRC,Greece,,SA_WINE,Wine,,No,,,,,,
SA_0000001800,Monopoly on exports of alcoholic beverages,0,PUBLISHED,Published,,2016,2016,,EUR,Europe,,ISL,Iceland,,SA_SPIRITS,Spirits,,No,,,,,,
SA_0000001800,Monopoly on exports of alcoholic beverages,0,PUBLISHED,Published,,2016,2016,,EUR,Europe,,LUX,Luxembourg,,SA_BEER,Beer,,No,,,,,,
SA_0000001800,Monopoly on exports of alcoholic beverages,0,PUBLISHED,Published,,2016,2016,,EUR,Europe,,LUX,Luxembourg,,SA_WINE,Wine,,No,,,,,,
SA_0000001800,Monopoly on exports of alcoholic beverages,0,PUBLISHED,Published,,2016,2016,,EUR,Europe,,MLT,Malta,,SA_BEER,Beer,,No,,,,,,
SA_0000001800,Monopoly on exports of alcoholic beverages,0,PUBLISHED,Published,,2016,2016,,EUR,Europe,,ROU,Romania,,SA_WINE,Wine,,Yes,,,,,,
SA_0000001800,Monopoly on exports of alcoholic beverages,0,PUBLISHED,Published,,2016,2016,,EUR,Europe,,RUS,Russian Federation,,SA_BEER,Beer,,No,,,,,,
SA_0000001800,Monopoly on exports of alcoholic beverages,0,PUBLISHED,Published,,2016,2016,,EUR,Europe,,TUR,Turkey,,SA_BEER,Beer,,No,,,,,,
SA_0000001800,Monopoly on exports of alcoholic beverages,0,PUBLISHED,Published,,2016,2016,,EUR,Europe,,TUR,Turkey,,SA_WINE,Wine,,No,,,,,,
SA_0000001800,Monopoly on exports of alcoholic beverages,0,PUBLISHED,Published,,2016,2016,,SEAR,South-East Asia,,IDN,Indonesia,,SA_WINE,Wine,,No,,,,,,
SA_0000001800,Monopoly on exports of alcoholic beverages,0,PUBLISHED,Published,,2016,2016,,WPR,Western Pacific,,CHN,China,,SA_SPIRITS,Spirits,,No,,,,,,
SA_0000001800,Monopoly on exports of alcoholic beverages,0,PUBLISHED,Published,,2016,2016,,WPR,Western Pacific,,NZL,New Zealand,,SA_WINE,Wine,,No,,,,,,
SA_0000001800,Monopoly on exports of alcoholic beverages,0,PUBLISHED,Published,,2016,2016,,AFR,Africa,,BDI,Burundi,,SA_BEER,Beer,,Yes,,,,,,
SA_0000001800,Monopoly on exports of alcoholic beverages,0,PUBLISHED,Published,,2016,2016,,EMR,Eastern Mediterranean,,PAK,Pakistan,,SA_SPIRITS,Spirits,,Yes,,,,,,
SA_0000001800,Monopoly on exports of alcoholic beverages,0,PUBLISHED,Published,,2016,2016,,EUR,Europe,,HUN,Hungary,,SA_BEER,Beer,,No,,,,,,
SA_0000001800,Monopoly on exports of alcoholic beverages,0,PUBLISHED,Published,,2016,2016,,EUR,Europe,,RUS,Russian Federation,,SA_WINE,Wine,,No,,,,,,
SA_0000001800,Monopoly on exports of alcoholic beverages,0,PUBLISHED,Published,,2016,2016,,EUR,Europe,,MKD,Republic of North Macedonia,,SA_WINE,Wine,,Yes,,,,,,
SA_0000001800,Monopoly on exports of alcoholic beverages,0,PUBLISHED,Published,,2016,2016,,WPR,Western Pacific,,CHN,China,,SA_WINE,Wine,,No,,,,,,
SA_0000001800,Monopoly on exports of alcoholic beverages,0,PUBLISHED,Published,,2016,2016,,AFR,Africa,,BEN,Benin,,SA_WINE,Wine,,No,,,,,,
SA_0000001800,Monopoly on exports of alcoholic beverages,0,PUBLISHED,Published,,2016,2016,,AMR,Americas,,VCT,Saint Vincent and the Grenadines,,SA_SPIRITS,Spirits,,No,,,,,,
SA_0000001800,Monopoly on exports of alcoholic beverages,0,PUBLISHED,Published,,2016,2016,,AMR,Americas,,VEN,Venezuela (Bolivarian Republic of),,SA_SPIRITS,Spirits,,No,,,,,,
SA_0000001800,Monopoly on exports of alcoholic beverages,0,PUBLISHED,Published,,2016,2016,,EMR,Eastern Mediterranean,,DJI,Djibouti,,SA_BEER,Beer,,No,,,,,,
SA_0000001800,Monopoly on exports of alcoholic beverages,0,PUBLISHED,Published,,2016,2016,,EMR,Eastern Mediterranean,,PAK,Pakistan,,SA_BEER,Beer,,Yes,,,,,,
SA_0000001800,Monopoly on exports of alcoholic beverages,0,PUBLISHED,Published,,2016,2016,,EMR,Eastern Mediterranean,,SYR,Syrian Arab Republic,,SA_BEER,Beer,,Yes,,,,,,
SA_0000001800,Monopoly on exports of alcoholic beverages,0,PUBLISHED,Published,,2016,2016,,AFR,Africa,,CMR,Cameroon,,SA_WINE,Wine,,Yes,,,,,,
SA_0000001800,Monopoly on exports of alcoholic beverages,0,PUBLISHED,Published,,2016,2016,,EUR,Europe,,AND,Andorra,,SA_BEER,Beer,,No,,,,,,
SA_0000001800,Monopoly on exports of alcoholic beverages,0,PUBLISHED,Published,,2016,2016,,EUR,Europe,,AUT,Austria,,SA_SPIRITS,Spirits,,No,,,,,,
SA_0000001800,Monopoly on exports of alcoholic beverages,0,PUBLISHED,Published,,2016,2016,,EUR,Europe,,BEL,Belgium,,SA_BEER,Beer,,No,,,,,,
SA_0000001800,Monopoly on exports of alcoholic beverages,0,PUBLISHED,Published,,2016,2016,,EUR,Europe,,EST,Estonia,,SA_SPIRITS,Spirits,,No,,,,,,
SA_0000001800,Monopoly on exports of alcoholic beverages,0,PUBLISHED,Published,,2016,2016,,EUR,Europe,,FRA,France,,SA_WINE,Wine,,No,,,,,,
SA_0000001800,Monopoly on exports of alcoholic beverages,0,PUBLISHED,Published,,2016,2016,,EUR,Europe,,GEO,Georgia,,SA_BEER,Beer,,No,,,,,,
SA_0000001800,Monopoly on exports of alcoholic beverages,0,PUBLISHED,Published,,2016,2016,,EUR,Europe,,ISL,Iceland,,SA_WINE,Wine,,No,,,,,,
SA_0000001800,Monopoly on exports of alcoholic beverages,0,PUBLISHED,Published,,2016,2016,,EUR,Europe,,IRL,Ireland,,SA_BEER,Beer,,No,,,,,,
SA_0000001800,Monopoly on exports of alcoholic beverages,0,PUBLISHED,Published,,2016,2016,,EUR,Europe,,LVA,Latvia,,SA_BEER,Beer,,No,,,,,,
SA_0000001800,Monopoly on exports of alcoholic beverages,0,PUBLISHED,Published,,2016,2016,,EUR,Europe,,MNE,Montenegro,,SA_BEER,Beer,,No,,,,,,
SA_0000001800,Monopoly on exports of alcoholic beverages,0,PUBLISHED,Published,,2016,2016,,EUR,Europe,,PRT,Portugal,,SA_WINE,Wine,,No,,,,,,
SA_0000001800,Monopoly on exports of alcoholic beverages,0,PUBLISHED,Published,,2016,2016,,EUR,Europe,,MDA,Republic of Moldova,,SA_BEER,Beer,,Yes,,,,,,
SA_0000001800,Monopoly on exports of alcoholic beverages,0,PUBLISHED,Published,,2016,2016,,EUR,Europe,,SRB,Serbia,,SA_WINE,Wine,,No,,,,,,
SA_0000001800,Monopoly on exports of alcoholic beverages,0,PUBLISHED,Published,,2016,2016,,EUR,Europe,,SVK,Slovakia,,SA_BEER,Beer,,No,,,,,,
SA_0000001800,Monopoly on exports of alcoholic beverages,0,PUBLISHED,Published,,2016,2016,,EUR,Europe,,CHE,Switzerland,,SA_WINE,Wine,,No,,,,,,
SA_0000001800,Monopoly on exports of alcoholic beverages,0,PUBLISHED,Published,,2016,2016,,EUR,Europe,,TJK,Tajikistan,,SA_BEER,Beer,,No,,,,,,
SA_0000001800,Monopoly on exports of alcoholic beverages,0,PUBLISHED,Published,,2016,2016,,EUR,Europe,,UKR,Ukraine,,SA_WINE,Wine,,No,,,,,,
SA_0000001800,Monopoly on exports of alcoholic beverages,0,PUBLISHED,Published,,2016,2016,,AFR,Africa,,CIV,Côte d'Ivoire,,SA_WINE,Wine,,No,,,,,,
SA_0000001800,Monopoly on exports of alcoholic beverages,0,PUBLISHED,Published,,2016,2016,,WPR,Western Pacific,,JPN,Japan,,SA_WINE,Wine,,No,,,,,,
SA_0000001800,Monopoly on exports of alcoholic beverages,0,PUBLISHED,Published,,2016,2016,,AFR,Africa,,GAB,Gabon,,SA_WINE,Wine,,No,,,,,,
SA_0000001800,Monopoly on exports of alcoholic beverages,0,PUBLISHED,Published,,2016,2016,,AFR,Africa,,GNB,Guinea-Bissau,,SA_SPIRITS,Spirits,,No,,,,,,
SA_0000001800,Monopoly on exports of alcoholic beverages,0,PUBLISHED,Published,,2016,2016,,AFR,Africa,,KEN,Kenya,,SA_WINE,Wine,,Yes,,,,,,
SA_0000001800,Monopoly on exports of alcoholic beverages,0,PUBLISHED,Published,,2016,2016,,AFR,Africa,,MWI,Malawi,,SA_SPIRITS,Spirits,,No,,,,,,
SA_0000001800,Monopoly on exports of alcoholic beverages,0,PUBLISHED,Published,,2016,2016,,AFR,Africa,,MLI,Mali,,SA_WINE,Wine,,No,,,,,,
SA_0000001800,Monopoly on exports of alcoholic beverages,0,PUBLISHED,Published,,2016,2016,,WPR,Western Pacific,,VUT,Vanuatu,,SA_SPIRITS,Spirits,,Yes,,,,,,
SA_0000001800,Monopoly on exports of alcoholic beverages,0,PUBLISHED,Published,,2016,2016,,WPR,Western Pacific,,VNM,Viet Nam,,SA_WINE,Wine,,No,,,,,,
SA_0000001800,Monopoly on exports of alcoholic beverages,0,PUBLISHED,Published,,2016,2016,,AFR,Africa,,NAM,Namibia,,SA_SPIRITS,Spirits,,No,,,,,,
SA_0000001800,Monopoly on exports of alcoholic beverages,0,PUBLISHED,Published,,2016,2016,,AFR,Africa,,NER,Niger,,SA_WINE,Wine,,No,,,,,,
SA_0000001800,Monopoly on exports of alcoholic beverages,0,PUBLISHED,Published,,2016,2016,,AFR,Africa,,SEN,Senegal,,SA_SPIRITS,Spirits,,Yes,,,,,,
SA_0000001800,Monopoly on exports of alcoholic beverages,0,PUBLISHED,Published,,2016,2016,,AFR,Africa,,SWZ,Eswatini,,SA_SPIRITS,Spirits,,No,,,,,,
SA_0000001800,Monopoly on exports of alcoholic beverages,0,PUBLISHED,Published,,2016,2016,,AFR,Africa,,TGO,Togo,,SA_WINE,Wine,,No,,,,,,
SA_0000001800,Monopoly on exports of alcoholic beverages,0,PUBLISHED,Published,,2016,2016,,AFR,Africa,,ZWE,Zimbabwe,,SA_SPIRITS,Spirits,,Yes,,,,,,
SA_0000001800,Monopoly on exports of alcoholic beverages,0,PUBLISHED,Published,,2016,2016,,AMR,Americas,,ATG,Antigua and Barbuda,,SA_WINE,Wine,,No,,,,,,
SA_0000001800,Monopoly on exports of alcoholic beverages,0,PUBLISHED,Published,,2016,2016,,AMR,Americas,,BLZ,Belize,,SA_SPIRITS,Spirits,,No,,,,,,
SA_0000001800,Monopoly on exports of alcoholic beverages,0,PUBLISHED,Published,,2016,2016,,AMR,Americas,,CAN,Canada,,SA_BEER,Beer,,No,,,,,,
SA_0000001800,Monopoly on exports of alcoholic beverages,0,PUBLISHED,Published,,2016,2016,,AMR,Americas,,COL,Colombia,,SA_SPIRITS,Spirits,,No,,,,,,
SA_0000001800,Monopoly on exports of alcoholic beverages,0,PUBLISHED,Published,,2016,2016,,AMR,Americas,,ECU,Ecuador,,SA_SPIRITS,Spirits,,No,,,,,,
SA_0000001800,Monopoly on exports of alcoholic beverages,0,PUBLISHED,Published,,2016,2016,,AMR,Americas,,GTM,Guatemala,,SA_BEER,Beer,,No,,,,,,
SA_0000001800,Monopoly on exports of alcoholic beverages,0,PUBLISHED,Published,,2016,2016,,AMR,Americas,,MEX,Mexico,,SA_BEER,Beer,,No,,,,,,
SA_0000001800,Monopoly on exports of alcoholic beverages,0,PUBLISHED,Published,,2016,2016,,AMR,Americas,,PAN,Panama,,SA_SPIRITS,Spirits,,No,,,,,,
SA_0000001800,Monopoly on exports of alcoholic beverages,0,PUBLISHED,Published,,2016,2016,,AMR,Americas,,KNA,Saint Kitts and Nevis,,SA_BEER,Beer,,No,,,,,,
SA_0000001800,Monopoly on exports of alcoholic beverages,0,PUBLISHED,Published,,2016,2016,,WPR,Western Pacific,,WSM,Samoa,,SA_SPIRITS,Spirits,,Yes,,,,,,
SA_0000001800,Monopoly on exports of alcoholic beverages,0,PUBLISHED,Published,,2016,2016,,WPR,Western Pacific,,SGP,Singapore,,SA_WINE,Wine,,No,,,,,,
SA_0000001800,Monopoly on exports of alcoholic beverages,0,PUBLISHED,Published,,2016,2016,,AFR,Africa,,SYC,Seychelles,,SA_WINE,Wine,,No,,,,,,
SA_0000001800,Monopoly on exports of alcoholic beverages,0,PUBLISHED,Published,,2016,2016,,AMR,Americas,,DMA,Dominica,,SA_BEER,Beer,,No,,,,,,
SA_0000001800,Monopoly on exports of alcoholic beverages,0,PUBLISHED,Published,,2016,2016,,EUR,Europe,,BGR,Bulgaria,,SA_SPIRITS,Spirits,,No,,,,,,
SA_0000001800,Monopoly on exports of alcoholic beverages,0,PUBLISHED,Published,,2016,2016,,WPR,Western Pacific,,COK,Cook Islands,,SA_BEER,Beer,,No,,,,,,
SA_0000001800,Monopoly on exports of alcoholic beverages,0,PUBLISHED,Published,,2016,2016,,AMR,Americas,,USA,United States of America,,SA_SPIRITS,Spirits,,No data,,,,,,
SA_0000001800,Monopoly on exports of alcoholic beverages,0,PUBLISHED,Published,,2016,2016,,AFR,Africa,,MRT,Mauritania,,SA_WINE,Wine,,No data,,,,,,
SA_0000001800,Monopoly on exports of alcoholic beverages,0,PUBLISHED,Published,,2016,2016,,AMR,Americas,,CUB,Cuba,,SA_BEER,Beer,,No data,,,,,,
SA_0000001800,Monopoly on exports of alcoholic beverages,0,PUBLISHED,Published,,2016,2016,,AMR,Americas,,CUB,Cuba,,SA_SPIRITS,Spirits,,No data,,,,,,
SA_0000001800,Monopoly on exports of alcoholic beverages,0,PUBLISHED,Published,,2016,2016,,EMR,Eastern Mediterranean,,SAU,Saudi Arabia,,SA_BEER,Beer,,No data,,,,,,
SA_0000001800,Monopoly on exports of alcoholic beverages,0,PUBLISHED,Published,,2016,2016,,EMR,Eastern Mediterranean,,SOM,Somalia,,SA_SPIRITS,Spirits,,No data,,,,,,
SA_0000001800,Monopoly on exports of alcoholic beverages,0,PUBLISHED,Published,,2016,2016,,EMR,Eastern Mediterranean,,SDN,Sudan,,SA_SPIRITS,Spirits,,No data,,,,,,
SA_0000001800,Monopoly on exports of alcoholic beverages,0,PUBLISHED,Published,,2016,2016,,WPR,Western Pacific,,PNG,Papua New Guinea,,SA_WINE,Wine,,No data,,,,,,
SA_0000001800,Monopoly on exports of alcoholic beverages,0,PUBLISHED,Published,,2016,2016,,EMR,Eastern Mediterranean,,SOM,Somalia,,SA_BEER,Beer,,No data,,,,,,
SA_0000001800,Monopoly on exports of alcoholic beverages,0,PUBLISHED,Published,,2016,2016,,AFR,Africa,,MRT,Mauritania,,SA_BEER,Beer,,No data,,,,,,
SA_0000001800,Monopoly on exports of alcoholic beverages,0,PUBLISHED,Published,,2016,2016,,AMR,Americas,,CUB,Cuba,,SA_WINE,Wine,,No data,,,,,,
SA_0000001800,Monopoly on exports of alcoholic beverages,0,PUBLISHED,Published,,2016,2016,,EMR,Eastern Mediterranean,,KWT,Kuwait,,SA_SPIRITS,Spirits,,No data,,,,,,
SA_0000001800,Monopoly on exports of alcoholic beverages,0,PUBLISHED,Published,,2016,2016,,EMR,Eastern Mediterranean,,SOM,Somalia,,SA_WINE,Wine,,No data,,,,,,
SA_0000001800,Monopoly on exports of alcoholic beverages,0,PUBLISHED,Published,,2016,2016,,EMR,Eastern Mediterranean,,SDN,Sudan,,SA_WINE,Wine,,No data,,,,,,
SA_0000001800,Monopoly on exports of alcoholic beverages,0,PUBLISHED,Published,,2016,2016,,EMR,Eastern Mediterranean,,IRN,Iran (Islamic Republic of),,SA_BEER,Beer,,No data,,,,,,
SA_0000001800,Monopoly on exports of alcoholic beverages,0,PUBLISHED,Published,,2016,2016,,EUR,Europe,,KGZ,Kyrgyzstan,,SA_SPIRITS,Spirits,,No data,,,,,,
SA_0000001800,Monopoly on exports of alcoholic beverages,0,PUBLISHED,Published,,2016,2016,,WPR,Western Pacific,,AUS,Australia,,SA_SPIRITS,Spirits,,No data,,,,,,
SA_0000001800,Monopoly on exports of alcoholic beverages,0,PUBLISHED,Published,,2016,2016,,WPR,Western Pacific,,PNG,Papua New Guinea,,SA_BEER,Beer,,No data,,,,,,
SA_0000001800,Monopoly on exports of alcoholic beverages,0,PUBLISHED,Published,,2016,2016,,AMR,Americas,,USA,United States of America,,SA_WINE,Wine,,No data,,,,,,
SA_0000001800,Monopoly on exports of alcoholic beverages,0,PUBLISHED,Published,,2016,2016,,AMR,Americas,,BOL,Bolivia (Plurinational State of),,SA_SPIRITS,Spirits,,No data,,,,,,
SA_0000001800,Monopoly on exports of alcoholic beverages,0,PUBLISHED,Published,,2016,2016,,EMR,Eastern Mediterranean,,SAU,Saudi Arabia,,SA_WINE,Wine,,No data,,,,,,
SA_0000001800,Monopoly on exports of alcoholic beverages,0,PUBLISHED,Published,,2016,2016,,EUR,Europe,,KGZ,Kyrgyzstan,,SA_BEER,Beer,,No data,,,,,,
SA_0000001800,Monopoly on exports of alcoholic beverages,0,PUBLISHED,Published,,2016,2016,,WPR,Western Pacific,,BRN,Brunei Darussalam,,SA_SPIRITS,Spirits,,No data,,,,,,
SA_0000001800,Monopoly on exports of alcoholic beverages,0,PUBLISHED,Published,,2016,2016,,WPR,Western Pacific,,FJI,Fiji,,SA_WINE,Wine,,No data,,,,,,
SA_0000001800,Monopoly on exports of alcoholic beverages,0,PUBLISHED,Published,,2016,2016,,SEAR,South-East Asia,,IND,India,,SA_WINE,Wine,,No data,,,,,,
SA_0000001800,Monopoly on exports of alcoholic beverages,0,PUBLISHED,Published,,2016,2016,,SEAR,South-East Asia,,NPL,Nepal,,SA_SPIRITS,Spirits,,No data,,,,,,
SA_0000001800,Monopoly on exports of alcoholic beverages,0,PUBLISHED,Published,,2016,2016,,WPR,Western Pacific,,PLW,Palau,,SA_BEER,Beer,,No data,,,,,,
SA_0000001800,Monopoly on exports of alcoholic beverages,0,PUBLISHED,Published,,2016,2016,,WPR,Western Pacific,,PLW,Palau,,SA_SPIRITS,Spirits,,No data,,,,,,
SA_0000001800,Monopoly on exports of alcoholic beverages,0,PUBLISHED,Published,,2016,2016,,WPR,Western Pacific,,BRN,Brunei Darussalam,,SA_BEER,Beer,,No data,,,,,,
SA_0000001800,Monopoly on exports of alcoholic beverages,0,PUBLISHED,Published,,2016,2016,,SEAR,South-East Asia,,NPL,Nepal,,SA_BEER,Beer,,No data,,,,,,
SA_0000001800,Monopoly on exports of alcoholic beverages,0,PUBLISHED,Published,,2016,2016,,AMR,Americas,,HTI,Haiti,,SA_WINE,Wine,,No data,,,,,,
SA_0000001800,Monopoly on exports of alcoholic beverages,0,PUBLISHED,Published,,2016,2016,,EMR,Eastern Mediterranean,,KWT,Kuwait,,SA_WINE,Wine,,No data,,,,,,
SA_0000001800,Monopoly on exports of alcoholic beverages,0,PUBLISHED,Published,,2016,2016,,EMR,Eastern Mediterranean,,LBY,Libya,,SA_WINE,Wine,,No data,,,,,,
SA_0000001800,Monopoly on exports of alcoholic beverages,0,PUBLISHED,Published,,2016,2016,,EMR,Eastern Mediterranean,,SDN,Sudan,,SA_BEER,Beer,,No data,,,,,,
SA_0000001800,Monopoly on exports of alcoholic beverages,0,PUBLISHED,Published,,2016,2016,,EMR,Eastern Mediterranean,,TUN,Tunisia,,SA_BEER,Beer,,No data,,,,,,
SA_0000001800,Monopoly on exports of alcoholic beverages,0,PUBLISHED,Published,,2016,2016,,EMR,Eastern Mediterranean,,TUN,Tunisia,,SA_SPIRITS,Spirits,,No data,,,,,,
SA_0000001800,Monopoly on exports of alcoholic beverages,0,PUBLISHED,Published,,2016,2016,,EMR,Eastern Mediterranean,,QAT,Qatar,,SA_BEER,Beer,,No data,,,,,,
SA_0000001800,Monopoly on exports of alcoholic beverages,0,PUBLISHED,Published,,2016,2016,,EMR,Eastern Mediterranean,,QAT,Qatar,,SA_SPIRITS,Spirits,,No data,,,,,,
SA_0000001800,Monopoly on exports of alcoholic beverages,0,PUBLISHED,Published,,2016,2016,,EMR,Eastern Mediterranean,,IRN,Iran (Islamic Republic of),,SA_WINE,Wine,,No data,,,,,,
SA_0000001800,Monopoly on exports of alcoholic beverages,0,PUBLISHED,Published,,2016,2016,,SEAR,South-East Asia,,PRK,Democratic People's Republic of Korea,,SA_BEER,Beer,,No data,,,,,,
SA_0000001800,Monopoly on exports of alcoholic beverages,0,PUBLISHED,Published,,2016,2016,,SEAR,South-East Asia,,PRK,Democratic People's Republic of Korea,,SA_SPIRITS,Spirits,,No data,,,,,,
SA_0000001800,Monopoly on exports of alcoholic beverages,0,PUBLISHED,Published,,2016,2016,,WPR,Western Pacific,,AUS,Australia,,SA_WINE,Wine,,No data,,,,,,
SA_0000001800,Monopoly on exports of alcoholic beverages,0,PUBLISHED,Published,,2016,2016,,WPR,Western Pacific,,FSM,Micronesia (Federated States of),,SA_BEER,Beer,,No data,,,,,,
SA_0000001800,Monopoly on exports of alcoholic beverages,0,PUBLISHED,Published,,2016,2016,,WPR,Western Pacific,,FSM,Micronesia (Federated States of),,SA_SPIRITS,Spirits,,No data,,,,,,
SA_0000001800,Monopoly on exports of alcoholic beverages,0,PUBLISHED,Published,,2016,2016,,WPR,Western Pacific,,NIU,Niue,,SA_WINE,Wine,,No data,,,,,,
SA_0000001800,Monopoly on exports of alcoholic beverages,0,PUBLISHED,Published,,2016,2016,,WPR,Western Pacific,,TUV,Tuvalu,,SA_BEER,Beer,,No data,,,,,,
SA_0000001800,Monopoly on exports of alcoholic beverages,0,PUBLISHED,Published,,2016,2016,,EUR,Europe,,MCO,Monaco,,SA_BEER,Beer,,No data,,,,,,
SA_0000001800,Monopoly on exports of alcoholic beverages,0,PUBLISHED,Published,,2016,2016,,AMR,Americas,,HTI,Haiti,,SA_BEER,Beer,,No data,,,,,,
SA_0000001800,Monopoly on exports of alcoholic beverages,0,PUBLISHED,Published,,2016,2016,,AFR,Africa,,MRT,Mauritania,,SA_SPIRITS,Spirits,,No data,,,,,,
SA_0000001800,Monopoly on exports of alcoholic beverages,0,PUBLISHED,Published,,2016,2016,,EMR,Eastern Mediterranean,,TUN,Tunisia,,SA_WINE,Wine,,No data,,,,,,
SA_0000001800,Monopoly on exports of alcoholic beverages,0,PUBLISHED,Published,,2016,2016,,SEAR,South-East Asia,,IND,India,,SA_SPIRITS,Spirits,,No data,,,,,,
SA_0000001800,Monopoly on exports of alcoholic beverages,0,PUBLISHED,Published,,2016,2016,,WPR,Western Pacific,,AUS,Australia,,SA_BEER,Beer,,No data,,,,,,
SA_0000001800,Monopoly on exports of alcoholic beverages,0,PUBLISHED,Published,,2016,2016,,WPR,Western Pacific,,FJI,Fiji,,SA_BEER,Beer,,No data,,,,,,
SA_0000001800,Monopoly on exports of alcoholic beverages,0,PUBLISHED,Published,,2016,2016,,WPR,Western Pacific,,NIU,Niue,,SA_BEER,Beer,,No data,,,,,,
SA_0000001800,Monopoly on exports of alcoholic beverages,0,PUBLISHED,Published,,2016,2016,,WPR,Western Pacific,,PNG,Papua New Guinea,,SA_SPIRITS,Spirits,,No data,,,,,,
SA_0000001800,Monopoly on exports of alcoholic beverages,0,PUBLISHED,Published,,2016,2016,,WPR,Western Pacific,,SLB,Solomon Islands,,SA_SPIRITS,Spirits,,No data,,,,,,
SA_0000001800,Monopoly on exports of alcoholic beverages,0,PUBLISHED,Published,,2016,2016,,EMR,Eastern Mediterranean,,QAT,Qatar,,SA_WINE,Wine,,No data,,,,,,
SA_0000001800,Monopoly on exports of alcoholic beverages,0,PUBLISHED,Published,,2016,2016,,EMR,Eastern Mediterranean,,AFG,Afghanistan,,SA_WINE,Wine,,No data,,,,,,
SA_0000001800,Monopoly on exports of alcoholic beverages,0,PUBLISHED,Published,,2016,2016,,EMR,Eastern Mediterranean,,AFG,Afghanistan,,SA_SPIRITS,Spirits,,No data,,,,,,
SA_0000001800,Monopoly on exports of alcoholic beverages,0,PUBLISHED,Published,,2016,2016,,EMR,Eastern Mediterranean,,BHR,Bahrain,,SA_BEER,Beer,,No data,,,,,,
SA_0000001800,Monopoly on exports of alcoholic beverages,0,PUBLISHED,Published,,2016,2016,,EMR,Eastern Mediterranean,,BHR,Bahrain,,SA_WINE,Wine,,No data,,,,,,
SA_0000001800,Monopoly on exports of alcoholic beverages,0,PUBLISHED,Published,,2016,2016,,EMR,Eastern Mediterranean,,YEM,Yemen,,SA_WINE,Wine,,No data,,,,,,
SA_0000001800,Monopoly on exports of alcoholic beverages,0,PUBLISHED,Published,,2016,2016,,EMR,Eastern Mediterranean,,YEM,Yemen,,SA_SPIRITS,Spirits,,No data,,,,,,
SA_0000001800,Monopoly on exports of alcoholic beverages,0,PUBLISHED,Published,,2016,2016,,SEAR,South-East Asia,,IND,India,,SA_BEER,Beer,,No data,,,,,,
SA_0000001800,Monopoly on exports of alcoholic beverages,0,PUBLISHED,Published,,2016,2016,,SEAR,South-East Asia,,MDV,Maldives,,SA_SPIRITS,Spirits,,No data,,,,,,
SA_0000001800,Monopoly on exports of alcoholic beverages,0,PUBLISHED,Published,,2016,2016,,WPR,Western Pacific,,FJI,Fiji,,SA_SPIRITS,Spirits,,No data,,,,,,
SA_0000001800,Monopoly on exports of alcoholic beverages,0,PUBLISHED,Published,,2016,2016,,WPR,Western Pacific,,SLB,Solomon Islands,,SA_BEER,Beer,,No data,,,,,,
SA_0000001800,Monopoly on exports of alcoholic beverages,0,PUBLISHED,Published,,2016,2016,,WPR,Western Pacific,,SLB,Solomon Islands,,SA_WINE,Wine,,No data,,,,,,
SA_0000001800,Monopoly on exports of alcoholic beverages,0,PUBLISHED,Published,,2016,2016,,WPR,Western Pacific,,TON,Tonga,,SA_BEER,Beer,,No data,,,,,,
SA_0000001800,Monopoly on exports of alcoholic beverages,0,PUBLISHED,Published,,2016,2016,,WPR,Western Pacific,,TUV,Tuvalu,,SA_SPIRITS,Spirits,,No data,,,,,,
SA_0000001800,Monopoly on exports of alcoholic beverages,0,PUBLISHED,Published,,2016,2016,,WPR,Western Pacific,,NRU,Nauru,,SA_BEER,Beer,,No data,,,,,,
SA_0000001800,Monopoly on exports of alcoholic beverages,0,PUBLISHED,Published,,2016,2016,,AMR,Americas,,BOL,Bolivia (Plurinational State of),,SA_BEER,Beer,,No data,,,,,,
SA_0000001800,Monopoly on exports of alcoholic beverages,0,PUBLISHED,Published,,2016,2016,,EMR,Eastern Mediterranean,,AFG,Afghanistan,,SA_BEER,Beer,,No data,,,,,,
SA_0000001800,Monopoly on exports of alcoholic beverages,0,PUBLISHED,Published,,2016,2016,,EMR,Eastern Mediterranean,,BHR,Bahrain,,SA_SPIRITS,Spirits,,No data,,,,,,
SA_0000001800,Monopoly on exports of alcoholic beverages,0,PUBLISHED,Published,,2016,2016,,EMR,Eastern Mediterranean,,LBY,Libya,,SA_BEER,Beer,,No data,,,,,,
SA_0000001800,Monopoly on exports of alcoholic beverages,0,PUBLISHED,Published,,2016,2016,,EMR,Eastern Mediterranean,,ARE,United Arab Emirates,,SA_BEER,Beer,,No data,,,,,,
SA_0000001800,Monopoly on exports of alcoholic beverages,0,PUBLISHED,Published,,2016,2016,,EMR,Eastern Mediterranean,,ARE,United Arab Emirates,,SA_WINE,Wine,,No data,,,,,,
SA_0000001800,Monopoly on exports of alcoholic beverages,0,PUBLISHED,Published,,2016,2016,,EMR,Eastern Mediterranean,,YEM,Yemen,,SA_BEER,Beer,,No data,,,,,,
SA_0000001800,Monopoly on exports of alcoholic beverages,0,PUBLISHED,Published,,2016,2016,,EUR,Europe,,MCO,Monaco,,SA_SPIRITS,Spirits,,No data,,,,,,
SA_0000001800,Monopoly on exports of alcoholic beverages,0,PUBLISHED,Published,,2016,2016,,SEAR,South-East Asia,,MDV,Maldives,,SA_BEER,Beer,,No data,,,,,,
SA_0000001800,Monopoly on exports of alcoholic beverages,0,PUBLISHED,Published,,2016,2016,,SEAR,South-East Asia,,MDV,Maldives,,SA_WINE,Wine,,No data,,,,,,
SA_0000001800,Monopoly on exports of alcoholic beverages,0,PUBLISHED,Published,,2016,2016,,WPR,Western Pacific,,NRU,Nauru,,SA_WINE,Wine,,No data,,,,,,
SA_0000001800,Monopoly on exports of alcoholic beverages,0,PUBLISHED,Published,,2016,2016,,WPR,Western Pacific,,NRU,Nauru,,SA_SPIRITS,Spirits,,No data,,,,,,
SA_0000001800,Monopoly on exports of alcoholic beverages,0,PUBLISHED,Published,,2016,2016,,WPR,Western Pacific,,TON,Tonga,,SA_WINE,Wine,,No data,,,,,,
SA_0000001800,Monopoly on exports of alcoholic beverages,0,PUBLISHED,Published,,2016,2016,,WPR,Western Pacific,,TON,Tonga,,SA_SPIRITS,Spirits,,No data,,,,,,
SA_0000001800,Monopoly on exports of alcoholic beverages,0,PUBLISHED,Published,,2016,2016,,WPR,Western Pacific,,TUV,Tuvalu,,SA_WINE,Wine,,No data,,,,,,
SA_0000001800,Monopoly on exports of alcoholic beverages,0,PUBLISHED,Published,,2016,2016,,AMR,Americas,,USA,United States of America,,SA_BEER,Beer,,No data,,,,,,
SA_0000001800,Monopoly on exports of alcoholic beverages,0,PUBLISHED,Published,,2016,2016,,EMR,Eastern Mediterranean,,IRN,Iran (Islamic Republic of),,SA_SPIRITS,Spirits,,No data,,,,,,
SA_0000001800,Monopoly on exports of alcoholic beverages,0,PUBLISHED,Published,,2016,2016,,EMR,Eastern Mediterranean,,KWT,Kuwait,,SA_BEER,Beer,,No data,,,,,,
SA_0000001800,Monopoly on exports of alcoholic beverages,0,PUBLISHED,Published,,2016,2016,,EMR,Eastern Mediterranean,,LBY,Libya,,SA_SPIRITS,Spirits,,No data,,,,,,
SA_0000001800,Monopoly on exports of alcoholic beverages,0,PUBLISHED,Published,,2016,2016,,EMR,Eastern Mediterranean,,SAU,Saudi Arabia,,SA_SPIRITS,Spirits,,No data,,,,,,
SA_0000001800,Monopoly on exports of alcoholic beverages,0,PUBLISHED,Published,,2016,2016,,EUR,Europe,,KGZ,Kyrgyzstan,,SA_WINE,Wine,,No data,,,,,,
SA_0000001800,Monopoly on exports of alcoholic beverages,0,PUBLISHED,Published,,2016,2016,,SEAR,South-East Asia,,NPL,Nepal,,SA_WINE,Wine,,No data,,,,,,
SA_0000001800,Monopoly on exports of alcoholic beverages,0,PUBLISHED,Published,,2016,2016,,WPR,Western Pacific,,BRN,Brunei Darussalam,,SA_WINE,Wine,,No data,,,,,,
SA_0000001800,Monopoly on exports of alcoholic beverages,0,PUBLISHED,Published,,2016,2016,,AMR,Americas,,BOL,Bolivia (Plurinational State of),,SA_WINE,Wine,,No data,,,,,,
SA_0000001800,Monopoly on exports of alcoholic beverages,0,PUBLISHED,Published,,2016,2016,,AMR,Americas,,HTI,Haiti,,SA_SPIRITS,Spirits,,No data,,,,,,
SA_0000001800,Monopoly on exports of alcoholic beverages,0,PUBLISHED,Published,,2016,2016,,EMR,Eastern Mediterranean,,ARE,United Arab Emirates,,SA_SPIRITS,Spirits,,No data,,,,,,
SA_0000001800,Monopoly on exports of alcoholic beverages,0,PUBLISHED,Published,,2016,2016,,SEAR,South-East Asia,,PRK,Democratic People's Republic of Korea,,SA_WINE,Wine,,No data,,,,,,
SA_0000001800,Monopoly on exports of alcoholic beverages,0,PUBLISHED,Published,,2016,2016,,WPR,Western Pacific,,FSM,Micronesia (Federated States of),,SA_WINE,Wine,,No data,,,,,,
SA_0000001800,Monopoly on exports of alcoholic beverages,0,PUBLISHED,Published,,2016,2016,,WPR,Western Pacific,,NIU,Niue,,SA_SPIRITS,Spirits,,No data,,,,,,
SA_0000001800,Monopoly on exports of alcoholic beverages,0,PUBLISHED,Published,,2016,2016,,WPR,Western Pacific,,PLW,Palau,,SA_WINE,Wine,,No data,,,,,,
SA_0000001800,Monopoly on exports of alcoholic beverages,0,PUBLISHED,Published,,2016,2016,,EUR,Europe,,MCO,Monaco,,SA_WINE,Wine,,No data,,,,,,
