GHO (CODE),GHO (DISPLAY),GHO (URL),PUBLISHSTATE (CODE),PUBLISHSTATE (DISPLAY),PUBLISHSTATE (URL),YEAR (CODE),YEAR (DISPLAY),YEAR (URL),REGION (CODE),REGION (DISPLAY),REGION (URL),COUNTRY (CODE),COUNTRY (DISPLAY),COUNTRY (URL),SEX (CODE),SEX (DISPLAY),SEX (URL),Display Value,Numeric,Low,High,StdErr,StdDev,Comments
SA_0000001743_ARCHIVED,"Alcohol-attributable fractions, all-cause deaths (%)",https://www.who.int/data/gho/indicator-metadata-registry/imr-details/2332,PUBLISHED,Published,,2012,2012,,EMR,Eastern Mediterranean,,KWT,Kuwait,,FMLE,Female,,0.8,0.8,,,,,
SA_0000001743_ARCHIVED,"Alcohol-attributable fractions, all-cause deaths (%)",https://www.who.int/data/gho/indicator-metadata-registry/imr-details/2332,PUBLISHED,Published,,2012,2012,,EUR,Europe,,AUT,Austria,,FMLE,Female,,1.3,1.3,,,,,
SA_0000001743_ARCHIVED,"Alcohol-attributable fractions, all-cause deaths (%)",https://www.who.int/data/gho/indicator-metadata-registry/imr-details/2332,PUBLISHED,Published,,2012,2012,,AFR,Africa,,MUS,Mauritius,,FMLE,Female,,1.5,1.5,,,,,
SA_0000001743_ARCHIVED,"Alcohol-attributable fractions, all-cause deaths (%)",https://www.who.int/data/gho/indicator-metadata-registry/imr-details/2332,PUBLISHED,Published,,2012,2012,,AMR,Americas,,VCT,Saint Vincent and the Grenadines,,FMLE,Female,,1.5,1.5,,,,,
SA_0000001743_ARCHIVED,"Alcohol-attributable fractions, all-cause deaths (%)",https://www.who.int/data/gho/indicator-metadata-registry/imr-details/2332,PUBLISHED,Published,,2012,2012,,AMR,Americas,,URY,Uruguay,,FMLE,Female,,1.6,1.6,,,,,
SA_0000001743_ARCHIVED,"Alcohol-attributable fractions, all-cause deaths (%)",https://www.who.int/data/gho/indicator-metadata-registry/imr-details/2332,PUBLISHED,Published,,2012,2012,,EUR,Europe,,ITA,Italy,,BTSX,Both sexes,,1.6,1.6,,,,,
SA_0000001743_ARCHIVED,"Alcohol-attributable fractions, all-cause deaths (%)",https://www.who.int/data/gho/indicator-metadata-registry/imr-details/2332,PUBLISHED,Published,,2012,2012,,EUR,Europe,,BIH,Bosnia and Herzegovina,,FMLE,Female,,1.7,1.7,,,,,
SA_0000001743_ARCHIVED,"Alcohol-attributable fractions, all-cause deaths (%)",https://www.who.int/data/gho/indicator-metadata-registry/imr-details/2332,PUBLISHED,Published,,2012,2012,,SEAR,South-East Asia,,PRK,Democratic People's Republic of Korea,,FMLE,Female,,1.7,1.7,,,,,
SA_0000001743_ARCHIVED,"Alcohol-attributable fractions, all-cause deaths (%)",https://www.who.int/data/gho/indicator-metadata-registry/imr-details/2332,PUBLISHED,Published,,2012,2012,,AMR,Americas,,ATG,Antigua and Barbuda,,FMLE,Female,,0.7,0.7,,,,,
SA_0000001743_ARCHIVED,"Alcohol-attributable fractions, all-cause deaths (%)",https://www.who.int/data/gho/indicator-metadata-registry/imr-details/2332,PUBLISHED,Published,,2012,2012,,EMR,Eastern Mediterranean,,LBN,Lebanon,,FMLE,Female,,0.8,0.8,,,,,
SA_0000001743_ARCHIVED,"Alcohol-attributable fractions, all-cause deaths (%)",https://www.who.int/data/gho/indicator-metadata-registry/imr-details/2332,PUBLISHED,Published,,2012,2012,,AMR,Americas,,DMA,Dominica,,FMLE,Female,,1.3,1.3,,,,,
SA_0000001743_ARCHIVED,"Alcohol-attributable fractions, all-cause deaths (%)",https://www.who.int/data/gho/indicator-metadata-registry/imr-details/2332,PUBLISHED,Published,,2012,2012,,EUR,Europe,,SRB,Serbia,,FMLE,Female,,1.3,1.3,,,,,
SA_0000001743_ARCHIVED,"Alcohol-attributable fractions, all-cause deaths (%)",https://www.who.int/data/gho/indicator-metadata-registry/imr-details/2332,PUBLISHED,Published,,2012,2012,,AFR,Africa,,TGO,Togo,,BTSX,Both sexes,,1.5,1.5,,,,,
SA_0000001743_ARCHIVED,"Alcohol-attributable fractions, all-cause deaths (%)",https://www.who.int/data/gho/indicator-metadata-registry/imr-details/2332,PUBLISHED,Published,,2012,2012,,EMR,Eastern Mediterranean,,LBN,Lebanon,,BTSX,Both sexes,,1.5,1.5,,,,,
SA_0000001743_ARCHIVED,"Alcohol-attributable fractions, all-cause deaths (%)",https://www.who.int/data/gho/indicator-metadata-registry/imr-details/2332,PUBLISHED,Published,,2012,2012,,AMR,Americas,,USA,United States of America,,FMLE,Female,,1.6,1.6,,,,,
SA_0000001743_ARCHIVED,"Alcohol-attributable fractions, all-cause deaths (%)",https://www.who.int/data/gho/indicator-metadata-registry/imr-details/2332,PUBLISHED,Published,,2012,2012,,EMR,Eastern Mediterranean,,MAR,Morocco,,MLE,Male,,1.6,1.6,,,,,
SA_0000001743_ARCHIVED,"Alcohol-attributable fractions, all-cause deaths (%)",https://www.who.int/data/gho/indicator-metadata-registry/imr-details/2332,PUBLISHED,Published,,2012,2012,,SEAR,South-East Asia,,LKA,Sri Lanka,,FMLE,Female,,1.6,1.6,,,,,
SA_0000001743_ARCHIVED,"Alcohol-attributable fractions, all-cause deaths (%)",https://www.who.int/data/gho/indicator-metadata-registry/imr-details/2332,PUBLISHED,Published,,2012,2012,,EUR,Europe,,ALB,Albania,,FMLE,Female,,1.7,1.7,,,,,
SA_0000001743_ARCHIVED,"Alcohol-attributable fractions, all-cause deaths (%)",https://www.who.int/data/gho/indicator-metadata-registry/imr-details/2332,PUBLISHED,Published,,2012,2012,,EMR,Eastern Mediterranean,,SOM,Somalia,,BTSX,Both sexes,,0.3,0.3,,,,,
SA_0000001743_ARCHIVED,"Alcohol-attributable fractions, all-cause deaths (%)",https://www.who.int/data/gho/indicator-metadata-registry/imr-details/2332,PUBLISHED,Published,,2012,2012,,AFR,Africa,,GNQ,Equatorial Guinea,,FMLE,Female,,1.1,1.1,,,,,
SA_0000001743_ARCHIVED,"Alcohol-attributable fractions, all-cause deaths (%)",https://www.who.int/data/gho/indicator-metadata-registry/imr-details/2332,PUBLISHED,Published,,2012,2012,,AFR,Africa,,CPV,Cabo Verde,,FMLE,Female,,1.3,1.3,,,,,
SA_0000001743_ARCHIVED,"Alcohol-attributable fractions, all-cause deaths (%)",https://www.who.int/data/gho/indicator-metadata-registry/imr-details/2332,PUBLISHED,Published,,2012,2012,,SEAR,South-East Asia,,MDV,Maldives,,FMLE,Female,,1.3,1.3,,,,,
SA_0000001743_ARCHIVED,"Alcohol-attributable fractions, all-cause deaths (%)",https://www.who.int/data/gho/indicator-metadata-registry/imr-details/2332,PUBLISHED,Published,,2012,2012,,EMR,Eastern Mediterranean,,SDN,Sudan,,FMLE,Female,,1.4,1.4,,,,,
SA_0000001743_ARCHIVED,"Alcohol-attributable fractions, all-cause deaths (%)",https://www.who.int/data/gho/indicator-metadata-registry/imr-details/2332,PUBLISHED,Published,,2012,2012,,EUR,Europe,,ARM,Armenia,,FMLE,Female,,1.5,1.5,,,,,
SA_0000001743_ARCHIVED,"Alcohol-attributable fractions, all-cause deaths (%)",https://www.who.int/data/gho/indicator-metadata-registry/imr-details/2332,PUBLISHED,Published,,2012,2012,,AMR,Americas,,LCA,Saint Lucia,,FMLE,Female,,1.6,1.6,,,,,
SA_0000001743_ARCHIVED,"Alcohol-attributable fractions, all-cause deaths (%)",https://www.who.int/data/gho/indicator-metadata-registry/imr-details/2332,PUBLISHED,Published,,2012,2012,,WPR,Western Pacific,,PLW,Palau,,FMLE,Female,,1.6,1.6,,,,,
SA_0000001743_ARCHIVED,"Alcohol-attributable fractions, all-cause deaths (%)",https://www.who.int/data/gho/indicator-metadata-registry/imr-details/2332,PUBLISHED,Published,,2012,2012,,AMR,Americas,,HND,Honduras,,FMLE,Female,,1.7,1.7,,,,,
SA_0000001743_ARCHIVED,"Alcohol-attributable fractions, all-cause deaths (%)",https://www.who.int/data/gho/indicator-metadata-registry/imr-details/2332,PUBLISHED,Published,,2012,2012,,WPR,Western Pacific,,SGP,Singapore,,FMLE,Female,,1.7,1.7,,,,,
SA_0000001743_ARCHIVED,"Alcohol-attributable fractions, all-cause deaths (%)",https://www.who.int/data/gho/indicator-metadata-registry/imr-details/2332,PUBLISHED,Published,,2012,2012,,EMR,Eastern Mediterranean,,SYR,Syrian Arab Republic,,MLE,Male,,0.7,0.7,,,,,
SA_0000001743_ARCHIVED,"Alcohol-attributable fractions, all-cause deaths (%)",https://www.who.int/data/gho/indicator-metadata-registry/imr-details/2332,PUBLISHED,Published,,2012,2012,,AFR,Africa,,COD,Democratic Republic of the Congo,,FMLE,Female,,1.1,1.1,,,,,
SA_0000001743_ARCHIVED,"Alcohol-attributable fractions, all-cause deaths (%)",https://www.who.int/data/gho/indicator-metadata-registry/imr-details/2332,PUBLISHED,Published,,2012,2012,,AFR,Africa,,TCD,Chad,,FMLE,Female,,1.3,1.3,,,,,
SA_0000001743_ARCHIVED,"Alcohol-attributable fractions, all-cause deaths (%)",https://www.who.int/data/gho/indicator-metadata-registry/imr-details/2332,PUBLISHED,Published,,2012,2012,,AFR,Africa,,MOZ,Mozambique,,BTSX,Both sexes,,1.3,1.3,,,,,
SA_0000001743_ARCHIVED,"Alcohol-attributable fractions, all-cause deaths (%)",https://www.who.int/data/gho/indicator-metadata-registry/imr-details/2332,PUBLISHED,Published,,2012,2012,,EUR,Europe,,NLD,Netherlands,,FMLE,Female,,1.5,1.5,,,,,
SA_0000001743_ARCHIVED,"Alcohol-attributable fractions, all-cause deaths (%)",https://www.who.int/data/gho/indicator-metadata-registry/imr-details/2332,PUBLISHED,Published,,2012,2012,,WPR,Western Pacific,,NRU,Nauru,,FMLE,Female,,1.5,1.5,,,,,
SA_0000001743_ARCHIVED,"Alcohol-attributable fractions, all-cause deaths (%)",https://www.who.int/data/gho/indicator-metadata-registry/imr-details/2332,PUBLISHED,Published,,2012,2012,,AMR,Americas,,CAN,Canada,,FMLE,Female,,1.6,1.6,,,,,
SA_0000001743_ARCHIVED,"Alcohol-attributable fractions, all-cause deaths (%)",https://www.who.int/data/gho/indicator-metadata-registry/imr-details/2332,PUBLISHED,Published,,2012,2012,,AMR,Americas,,NIC,Nicaragua,,FMLE,Female,,1.6,1.6,,,,,
SA_0000001743_ARCHIVED,"Alcohol-attributable fractions, all-cause deaths (%)",https://www.who.int/data/gho/indicator-metadata-registry/imr-details/2332,PUBLISHED,Published,,2012,2012,,WPR,Western Pacific,,LAO,Lao People's Democratic Republic,,FMLE,Female,,1.7,1.7,,,,,
SA_0000001743_ARCHIVED,"Alcohol-attributable fractions, all-cause deaths (%)",https://www.who.int/data/gho/indicator-metadata-registry/imr-details/2332,PUBLISHED,Published,,2012,2012,,WPR,Western Pacific,,PNG,Papua New Guinea,,FMLE,Female,,1.7,1.7,,,,,
SA_0000001743_ARCHIVED,"Alcohol-attributable fractions, all-cause deaths (%)",https://www.who.int/data/gho/indicator-metadata-registry/imr-details/2332,PUBLISHED,Published,,2012,2012,,EUR,Europe,,GBR,United Kingdom of Great Britain and Northern Ireland,,FMLE,Female,,1.8,1.8,,,,,
SA_0000001743_ARCHIVED,"Alcohol-attributable fractions, all-cause deaths (%)",https://www.who.int/data/gho/indicator-metadata-registry/imr-details/2332,PUBLISHED,Published,,2012,2012,,SEAR,South-East Asia,,BGD,Bangladesh,,FMLE,Female,,0.0,0.0,,,,,
SA_0000001743_ARCHIVED,"Alcohol-attributable fractions, all-cause deaths (%)",https://www.who.int/data/gho/indicator-metadata-registry/imr-details/2332,PUBLISHED,Published,,2012,2012,,EMR,Eastern Mediterranean,,IRN,Iran (Islamic Republic of),,FMLE,Female,,0.3,0.3,,,,,
SA_0000001743_ARCHIVED,"Alcohol-attributable fractions, all-cause deaths (%)",https://www.who.int/data/gho/indicator-metadata-registry/imr-details/2332,PUBLISHED,Published,,2012,2012,,EMR,Eastern Mediterranean,,SOM,Somalia,,FMLE,Female,,0.3,0.3,,,,,
SA_0000001743_ARCHIVED,"Alcohol-attributable fractions, all-cause deaths (%)",https://www.who.int/data/gho/indicator-metadata-registry/imr-details/2332,PUBLISHED,Published,,2012,2012,,EMR,Eastern Mediterranean,,SAU,Saudi Arabia,,MLE,Male,,0.6,0.6,,,,,
SA_0000001743_ARCHIVED,"Alcohol-attributable fractions, all-cause deaths (%)",https://www.who.int/data/gho/indicator-metadata-registry/imr-details/2332,PUBLISHED,Published,,2012,2012,,EUR,Europe,,TUR,Turkey,,BTSX,Both sexes,,1.3,1.3,,,,,
SA_0000001743_ARCHIVED,"Alcohol-attributable fractions, all-cause deaths (%)",https://www.who.int/data/gho/indicator-metadata-registry/imr-details/2332,PUBLISHED,Published,,2012,2012,,SEAR,South-East Asia,,IND,India,,FMLE,Female,,1.3,1.3,,,,,
SA_0000001743_ARCHIVED,"Alcohol-attributable fractions, all-cause deaths (%)",https://www.who.int/data/gho/indicator-metadata-registry/imr-details/2332,PUBLISHED,Published,,2012,2012,,EMR,Eastern Mediterranean,,DJI,Djibouti,,FMLE,Female,,1.4,1.4,,,,,
SA_0000001743_ARCHIVED,"Alcohol-attributable fractions, all-cause deaths (%)",https://www.who.int/data/gho/indicator-metadata-registry/imr-details/2332,PUBLISHED,Published,,2012,2012,,SEAR,South-East Asia,,TLS,Timor-Leste,,MLE,Male,,1.4,1.4,,,,,
SA_0000001743_ARCHIVED,"Alcohol-attributable fractions, all-cause deaths (%)",https://www.who.int/data/gho/indicator-metadata-registry/imr-details/2332,PUBLISHED,Published,,2012,2012,,WPR,Western Pacific,,BRN,Brunei Darussalam,,MLE,Male,,1.6,1.6,,,,,
SA_0000001743_ARCHIVED,"Alcohol-attributable fractions, all-cause deaths (%)",https://www.who.int/data/gho/indicator-metadata-registry/imr-details/2332,PUBLISHED,Published,,2012,2012,,WPR,Western Pacific,,VUT,Vanuatu,,BTSX,Both sexes,,1.6,1.6,,,,,
SA_0000001743_ARCHIVED,"Alcohol-attributable fractions, all-cause deaths (%)",https://www.who.int/data/gho/indicator-metadata-registry/imr-details/2332,PUBLISHED,Published,,2012,2012,,AMR,Americas,,SUR,Suriname,,FMLE,Female,,1.7,1.7,,,,,
SA_0000001743_ARCHIVED,"Alcohol-attributable fractions, all-cause deaths (%)",https://www.who.int/data/gho/indicator-metadata-registry/imr-details/2332,PUBLISHED,Published,,2012,2012,,EMR,Eastern Mediterranean,,TUN,Tunisia,,BTSX,Both sexes,,1.7,1.7,,,,,
SA_0000001743_ARCHIVED,"Alcohol-attributable fractions, all-cause deaths (%)",https://www.who.int/data/gho/indicator-metadata-registry/imr-details/2332,PUBLISHED,Published,,2012,2012,,WPR,Western Pacific,,FJI,Fiji,,FMLE,Female,,0.2,0.2,,,,,
SA_0000001743_ARCHIVED,"Alcohol-attributable fractions, all-cause deaths (%)",https://www.who.int/data/gho/indicator-metadata-registry/imr-details/2332,PUBLISHED,Published,,2012,2012,,AFR,Africa,,NER,Niger,,MLE,Male,,0.3,0.3,,,,,
SA_0000001743_ARCHIVED,"Alcohol-attributable fractions, all-cause deaths (%)",https://www.who.int/data/gho/indicator-metadata-registry/imr-details/2332,PUBLISHED,Published,,2012,2012,,WPR,Western Pacific,,BRN,Brunei Darussalam,,FMLE,Female,,0.9,0.9,,,,,
SA_0000001743_ARCHIVED,"Alcohol-attributable fractions, all-cause deaths (%)",https://www.who.int/data/gho/indicator-metadata-registry/imr-details/2332,PUBLISHED,Published,,2012,2012,,AFR,Africa,,BEN,Benin,,FMLE,Female,,1.3,1.3,,,,,
SA_0000001743_ARCHIVED,"Alcohol-attributable fractions, all-cause deaths (%)",https://www.who.int/data/gho/indicator-metadata-registry/imr-details/2332,PUBLISHED,Published,,2012,2012,,WPR,Western Pacific,,BRN,Brunei Darussalam,,BTSX,Both sexes,,1.3,1.3,,,,,
SA_0000001743_ARCHIVED,"Alcohol-attributable fractions, all-cause deaths (%)",https://www.who.int/data/gho/indicator-metadata-registry/imr-details/2332,PUBLISHED,Published,,2012,2012,,WPR,Western Pacific,,NZL,New Zealand,,FMLE,Female,,1.3,1.3,,,,,
SA_0000001743_ARCHIVED,"Alcohol-attributable fractions, all-cause deaths (%)",https://www.who.int/data/gho/indicator-metadata-registry/imr-details/2332,PUBLISHED,Published,,2012,2012,,WPR,Western Pacific,,TUV,Tuvalu,,FMLE,Female,,1.5,1.5,,,,,
SA_0000001743_ARCHIVED,"Alcohol-attributable fractions, all-cause deaths (%)",https://www.who.int/data/gho/indicator-metadata-registry/imr-details/2332,PUBLISHED,Published,,2012,2012,,AFR,Africa,,MDG,Madagascar,,FMLE,Female,,1.6,1.6,,,,,
SA_0000001743_ARCHIVED,"Alcohol-attributable fractions, all-cause deaths (%)",https://www.who.int/data/gho/indicator-metadata-registry/imr-details/2332,PUBLISHED,Published,,2012,2012,,AFR,Africa,,MWI,Malawi,,BTSX,Both sexes,,1.7,1.7,,,,,
SA_0000001743_ARCHIVED,"Alcohol-attributable fractions, all-cause deaths (%)",https://www.who.int/data/gho/indicator-metadata-registry/imr-details/2332,PUBLISHED,Published,,2012,2012,,AMR,Americas,,GUY,Guyana,,FMLE,Female,,1.7,1.7,,,,,
SA_0000001743_ARCHIVED,"Alcohol-attributable fractions, all-cause deaths (%)",https://www.who.int/data/gho/indicator-metadata-registry/imr-details/2332,PUBLISHED,Published,,2012,2012,,AFR,Africa,,BEN,Benin,,BTSX,Both sexes,,1.8,1.8,,,,,
SA_0000001743_ARCHIVED,"Alcohol-attributable fractions, all-cause deaths (%)",https://www.who.int/data/gho/indicator-metadata-registry/imr-details/2332,PUBLISHED,Published,,2012,2012,,AFR,Africa,,CAF,Central African Republic,,BTSX,Both sexes,,1.8,1.8,,,,,
SA_0000001743_ARCHIVED,"Alcohol-attributable fractions, all-cause deaths (%)",https://www.who.int/data/gho/indicator-metadata-registry/imr-details/2332,PUBLISHED,Published,,2012,2012,,EUR,Europe,,CHE,Switzerland,,FMLE,Female,,1.8,1.8,,,,,
SA_0000001743_ARCHIVED,"Alcohol-attributable fractions, all-cause deaths (%)",https://www.who.int/data/gho/indicator-metadata-registry/imr-details/2332,PUBLISHED,Published,,2012,2012,,EMR,Eastern Mediterranean,,SAU,Saudi Arabia,,FMLE,Female,,0.2,0.2,,,,,
SA_0000001743_ARCHIVED,"Alcohol-attributable fractions, all-cause deaths (%)",https://www.who.int/data/gho/indicator-metadata-registry/imr-details/2332,PUBLISHED,Published,,2012,2012,,AFR,Africa,,NER,Niger,,BTSX,Both sexes,,0.3,0.3,,,,,
SA_0000001743_ARCHIVED,"Alcohol-attributable fractions, all-cause deaths (%)",https://www.who.int/data/gho/indicator-metadata-registry/imr-details/2332,PUBLISHED,Published,,2012,2012,,AFR,Africa,,AGO,Angola,,FMLE,Female,,1.4,1.4,,,,,
SA_0000001743_ARCHIVED,"Alcohol-attributable fractions, all-cause deaths (%)",https://www.who.int/data/gho/indicator-metadata-registry/imr-details/2332,PUBLISHED,Published,,2012,2012,,AFR,Africa,,COG,Congo,,FMLE,Female,,1.4,1.4,,,,,
SA_0000001743_ARCHIVED,"Alcohol-attributable fractions, all-cause deaths (%)",https://www.who.int/data/gho/indicator-metadata-registry/imr-details/2332,PUBLISHED,Published,,2012,2012,,WPR,Western Pacific,,TON,Tonga,,MLE,Male,,1.5,1.5,,,,,
SA_0000001743_ARCHIVED,"Alcohol-attributable fractions, all-cause deaths (%)",https://www.who.int/data/gho/indicator-metadata-registry/imr-details/2332,PUBLISHED,Published,,2012,2012,,AFR,Africa,,MOZ,Mozambique,,MLE,Male,,1.6,1.6,,,,,
SA_0000001743_ARCHIVED,"Alcohol-attributable fractions, all-cause deaths (%)",https://www.who.int/data/gho/indicator-metadata-registry/imr-details/2332,PUBLISHED,Published,,2012,2012,,AFR,Africa,,CIV,Côte d'Ivoire,,FMLE,Female,,1.7,1.7,,,,,
SA_0000001743_ARCHIVED,"Alcohol-attributable fractions, all-cause deaths (%)",https://www.who.int/data/gho/indicator-metadata-registry/imr-details/2332,PUBLISHED,Published,,2012,2012,,AFR,Africa,,LBR,Liberia,,FMLE,Female,,1.7,1.7,,,,,
SA_0000001743_ARCHIVED,"Alcohol-attributable fractions, all-cause deaths (%)",https://www.who.int/data/gho/indicator-metadata-registry/imr-details/2332,PUBLISHED,Published,,2012,2012,,AFR,Africa,,GNB,Guinea-Bissau,,BTSX,Both sexes,,1.8,1.8,,,,,
SA_0000001743_ARCHIVED,"Alcohol-attributable fractions, all-cause deaths (%)",https://www.who.int/data/gho/indicator-metadata-registry/imr-details/2332,PUBLISHED,Published,,2012,2012,,AFR,Africa,,STP,Sao Tome and Principe,,FMLE,Female,,1.8,1.8,,,,,
SA_0000001743_ARCHIVED,"Alcohol-attributable fractions, all-cause deaths (%)",https://www.who.int/data/gho/indicator-metadata-registry/imr-details/2332,PUBLISHED,Published,,2012,2012,,EMR,Eastern Mediterranean,,IRQ,Iraq,,FMLE,Female,,0.1,0.1,,,,,
SA_0000001743_ARCHIVED,"Alcohol-attributable fractions, all-cause deaths (%)",https://www.who.int/data/gho/indicator-metadata-registry/imr-details/2332,PUBLISHED,Published,,2012,2012,,EMR,Eastern Mediterranean,,LBY,Libya,,BTSX,Both sexes,,0.3,0.3,,,,,
SA_0000001743_ARCHIVED,"Alcohol-attributable fractions, all-cause deaths (%)",https://www.who.int/data/gho/indicator-metadata-registry/imr-details/2332,PUBLISHED,Published,,2012,2012,,WPR,Western Pacific,,KIR,Kiribati,,FMLE,Female,,0.8,0.8,,,,,
SA_0000001743_ARCHIVED,"Alcohol-attributable fractions, all-cause deaths (%)",https://www.who.int/data/gho/indicator-metadata-registry/imr-details/2332,PUBLISHED,Published,,2012,2012,,AFR,Africa,,GNB,Guinea-Bissau,,FMLE,Female,,1.1,1.1,,,,,
SA_0000001743_ARCHIVED,"Alcohol-attributable fractions, all-cause deaths (%)",https://www.who.int/data/gho/indicator-metadata-registry/imr-details/2332,PUBLISHED,Published,,2012,2012,,AFR,Africa,,GIN,Guinea,,MLE,Male,,1.3,1.3,,,,,
SA_0000001743_ARCHIVED,"Alcohol-attributable fractions, all-cause deaths (%)",https://www.who.int/data/gho/indicator-metadata-registry/imr-details/2332,PUBLISHED,Published,,2012,2012,,SEAR,South-East Asia,,BTN,Bhutan,,FMLE,Female,,1.3,1.3,,,,,
SA_0000001743_ARCHIVED,"Alcohol-attributable fractions, all-cause deaths (%)",https://www.who.int/data/gho/indicator-metadata-registry/imr-details/2332,PUBLISHED,Published,,2012,2012,,AFR,Africa,,MLI,Mali,,MLE,Male,,1.4,1.4,,,,,
SA_0000001743_ARCHIVED,"Alcohol-attributable fractions, all-cause deaths (%)",https://www.who.int/data/gho/indicator-metadata-registry/imr-details/2332,PUBLISHED,Published,,2012,2012,,WPR,Western Pacific,,FJI,Fiji,,BTSX,Both sexes,,1.4,1.4,,,,,
SA_0000001743_ARCHIVED,"Alcohol-attributable fractions, all-cause deaths (%)",https://www.who.int/data/gho/indicator-metadata-registry/imr-details/2332,PUBLISHED,Published,,2012,2012,,SEAR,South-East Asia,,IDN,Indonesia,,FMLE,Female,,1.5,1.5,,,,,
SA_0000001743_ARCHIVED,"Alcohol-attributable fractions, all-cause deaths (%)",https://www.who.int/data/gho/indicator-metadata-registry/imr-details/2332,PUBLISHED,Published,,2012,2012,,AMR,Americas,,COL,Colombia,,FMLE,Female,,1.6,1.6,,,,,
SA_0000001743_ARCHIVED,"Alcohol-attributable fractions, all-cause deaths (%)",https://www.who.int/data/gho/indicator-metadata-registry/imr-details/2332,PUBLISHED,Published,,2012,2012,,WPR,Western Pacific,,VNM,Viet Nam,,FMLE,Female,,1.6,1.6,,,,,
SA_0000001743_ARCHIVED,"Alcohol-attributable fractions, all-cause deaths (%)",https://www.who.int/data/gho/indicator-metadata-registry/imr-details/2332,PUBLISHED,Published,,2012,2012,,AMR,Americas,,VEN,Venezuela (Bolivarian Republic of),,FMLE,Female,,1.7,1.7,,,,,
SA_0000001743_ARCHIVED,"Alcohol-attributable fractions, all-cause deaths (%)",https://www.who.int/data/gho/indicator-metadata-registry/imr-details/2332,PUBLISHED,Published,,2012,2012,,WPR,Western Pacific,,MYS,Malaysia,,BTSX,Both sexes,,1.7,1.7,,,,,
