GHO (CODE),GHO (DISPLAY),GHO (URL),DATASOURCE (CODE),DATASOURCE (DISPLAY),DATASOURCE (URL),PUBLISHSTATE (CODE),PUBLISHSTATE (DISPLAY),PUBLISHSTATE (URL),YEAR (CODE),YEAR (DISPLAY),YEAR (URL),REGION (CODE),REGION (DISPLAY),REGION (URL),COUNTRY (CODE),COUNTRY (DISPLAY),COUNTRY (URL),SEX (CODE),SEX (DISPLAY),SEX (URL),Display Value,Numeric,Low,High,StdErr,StdDev,Comments
SA_0000001784,"15-years old, any alcoholic beverage consumed at least once a week, (%)",https://www.who.int/data/gho/indicator-metadata-registry/imr-details/4555,SA_0000001784_AUT,Data source,,PUBLISHED,Published,,2010,2010,,EUR,Europe,,AUT,Austria,,MLE,Male,,37.0,37.0,,,,,
SA_0000001784,"15-years old, any alcoholic beverage consumed at least once a week, (%)",https://www.who.int/data/gho/indicator-metadata-registry/imr-details/4555,SA_0000001784_FIN,Data source,,PUBLISHED,Published,,2010,2010,,EUR,Europe,,FIN,Finland,,MLE,Male,,7.0,7.0,,,,,
SA_0000001784,"15-years old, any alcoholic beverage consumed at least once a week, (%)",https://www.who.int/data/gho/indicator-metadata-registry/imr-details/4555,SA_0000001784_DEU,Data source,,PUBLISHED,Published,,2010,2010,,EUR,Europe,,DEU,Germany,,FMLE,Female,,15.0,15.0,,,,,
SA_0000001784,"15-years old, any alcoholic beverage consumed at least once a week, (%)",https://www.who.int/data/gho/indicator-metadata-registry/imr-details/4555,SA_0000001784_NOR,Data source,,PUBLISHED,Published,,2010,2010,,EUR,Europe,,NOR,Norway,,FMLE,Female,,9.0,9.0,,,,,
SA_0000001784,"15-years old, any alcoholic beverage consumed at least once a week, (%)",https://www.who.int/data/gho/indicator-metadata-registry/imr-details/4555,SA_0000001784_POL,Data source,,PUBLISHED,Published,,2010,2010,,EUR,Europe,,POL,Poland,,FMLE,Female,,11.0,11.0,,,,,
SA_0000001784,"15-years old, any alcoholic beverage consumed at least once a week, (%)",https://www.who.int/data/gho/indicator-metadata-registry/imr-details/4555,SA_0000001784_ESP,Data source,,PUBLISHED,Published,,2010,2010,,EUR,Europe,,ESP,Spain,,MLE,Male,,23.0,23.0,,,,,
SA_0000001784,"15-years old, any alcoholic beverage consumed at least once a week, (%)",https://www.who.int/data/gho/indicator-metadata-registry/imr-details/4555,SA_0000001784_CHE,Data source,,PUBLISHED,Published,,2010,2010,,EUR,Europe,,CHE,Switzerland,,FMLE,Female,,13.0,13.0,,,,,
SA_0000001784,"15-years old, any alcoholic beverage consumed at least once a week, (%)",https://www.who.int/data/gho/indicator-metadata-registry/imr-details/4555,SA_0000001784_BEL,Data source,,PUBLISHED,Published,,2005,2005,,EUR,Europe,,BEL,Belgium,,MLE,Male,,39.0,39.0,,,,,
SA_0000001784,"15-years old, any alcoholic beverage consumed at least once a week, (%)",https://www.who.int/data/gho/indicator-metadata-registry/imr-details/4555,SA_0000001784_CZE,Data source,,PUBLISHED,Published,,2005,2005,,EUR,Europe,,CZE,Czechia,,FMLE,Female,,27.0,27.0,,,,,
SA_0000001784,"15-years old, any alcoholic beverage consumed at least once a week, (%)",https://www.who.int/data/gho/indicator-metadata-registry/imr-details/4555,SA_0000001784_DEU,Data source,,PUBLISHED,Published,,2005,2005,,EUR,Europe,,DEU,Germany,,MLE,Male,,25.0,25.0,,,,,
SA_0000001784,"15-years old, any alcoholic beverage consumed at least once a week, (%)",https://www.who.int/data/gho/indicator-metadata-registry/imr-details/4555,SA_0000001784_ISL,Data source,,PUBLISHED,Published,,2005,2005,,EUR,Europe,,ISL,Iceland,,FMLE,Female,,11.0,11.0,,,,,
SA_0000001784,"15-years old, any alcoholic beverage consumed at least once a week, (%)",https://www.who.int/data/gho/indicator-metadata-registry/imr-details/4555,SA_0000001784_LVA,Data source,,PUBLISHED,Published,,2005,2005,,EUR,Europe,,LVA,Latvia,,MLE,Male,,31.0,31.0,,,,,
SA_0000001784,"15-years old, any alcoholic beverage consumed at least once a week, (%)",https://www.who.int/data/gho/indicator-metadata-registry/imr-details/4555,SA_0000001784_LUX,Data source,,PUBLISHED,Published,,2005,2005,,EUR,Europe,,LUX,Luxembourg,,MLE,Male,,30.0,30.0,,,,,
SA_0000001784,"15-years old, any alcoholic beverage consumed at least once a week, (%)",https://www.who.int/data/gho/indicator-metadata-registry/imr-details/4555,SA_0000001784_POL,Data source,,PUBLISHED,Published,,2005,2005,,EUR,Europe,,POL,Poland,,FMLE,Female,,7.0,7.0,,,,,
SA_0000001784,"15-years old, any alcoholic beverage consumed at least once a week, (%)",https://www.who.int/data/gho/indicator-metadata-registry/imr-details/4555,SA_0000001784_RUS,Data source,,PUBLISHED,Published,,2005,2005,,EUR,Europe,,RUS,Russian Federation,,MLE,Male,,27.0,27.0,,,,,
SA_0000001784,"15-years old, any alcoholic beverage consumed at least once a week, (%)",https://www.who.int/data/gho/indicator-metadata-registry/imr-details/4555,SA_0000001784_SWE,Data source,,PUBLISHED,Published,,2005,2005,,EUR,Europe,,SWE,Sweden,,FMLE,Female,,9.0,9.0,,,,,
SA_0000001784,"15-years old, any alcoholic beverage consumed at least once a week, (%)",https://www.who.int/data/gho/indicator-metadata-registry/imr-details/4555,SA_0000001784_MKD,Data source,,PUBLISHED,Published,,2005,2005,,EUR,Europe,,MKD,Republic of North Macedonia,,FMLE,Female,,15.0,15.0,,,,,
SA_0000001784,"15-years old, any alcoholic beverage consumed at least once a week, (%)",https://www.who.int/data/gho/indicator-metadata-registry/imr-details/4555,SA_0000001784_USA,Data source,,PUBLISHED,Published,,2005,2005,,AMR,Americas,,USA,United States of America,,MLE,Male,,14.0,14.0,,,,,
SA_0000001784,"15-years old, any alcoholic beverage consumed at least once a week, (%)",https://www.who.int/data/gho/indicator-metadata-registry/imr-details/4555,SA_0000001784_ARM,Data source,,PUBLISHED,Published,,2014,2014,,EUR,Europe,,ARM,Armenia,,MLE,Male,,18.0,18.0,,,,,
SA_0000001784,"15-years old, any alcoholic beverage consumed at least once a week, (%)",https://www.who.int/data/gho/indicator-metadata-registry/imr-details/4555,SA_0000001784_BGR,Data source,,PUBLISHED,Published,,2014,2014,,EUR,Europe,,BGR,Bulgaria,,FMLE,Female,,17.0,17.0,,,,,
SA_0000001784,"15-years old, any alcoholic beverage consumed at least once a week, (%)",https://www.who.int/data/gho/indicator-metadata-registry/imr-details/4555,SA_0000001784_HRV,Data source,,PUBLISHED,Published,,2006,2006,,EUR,Europe,,HRV,Croatia,,MLE,Male,,44.0,44.0,,,,,
SA_0000001784,"15-years old, any alcoholic beverage consumed at least once a week, (%)",https://www.who.int/data/gho/indicator-metadata-registry/imr-details/4555,SA_0000001784_DNK,Data source,,PUBLISHED,Published,,2006,2006,,EUR,Europe,,DNK,Denmark,,FMLE,Female,,26.0,26.0,,,,,
SA_0000001784,"15-years old, any alcoholic beverage consumed at least once a week, (%)",https://www.who.int/data/gho/indicator-metadata-registry/imr-details/4555,SA_0000001784_FIN,Data source,,PUBLISHED,Published,,2014,2014,,EUR,Europe,,FIN,Finland,,MLE,Male,,8.0,8.0,,,,,
SA_0000001784,"15-years old, any alcoholic beverage consumed at least once a week, (%)",https://www.who.int/data/gho/indicator-metadata-registry/imr-details/4555,SA_0000001784_DEU,Data source,,PUBLISHED,Published,,2014,2014,,EUR,Europe,,DEU,Germany,,FMLE,Female,,8.0,8.0,,,,,
SA_0000001784,"15-years old, any alcoholic beverage consumed at least once a week, (%)",https://www.who.int/data/gho/indicator-metadata-registry/imr-details/4555,SA_0000001784_IRL,Data source,,PUBLISHED,Published,,2006,2006,,EUR,Europe,,IRL,Ireland,,FMLE,Female,,19.0,19.0,,,,,
SA_0000001784,"15-years old, any alcoholic beverage consumed at least once a week, (%)",https://www.who.int/data/gho/indicator-metadata-registry/imr-details/4555,SA_0000001784_ISR,Data source,,PUBLISHED,Published,,2014,2014,,EUR,Europe,,ISR,Israel,,MLE,Male,,29.0,29.0,,,,,
SA_0000001784,"15-years old, any alcoholic beverage consumed at least once a week, (%)",https://www.who.int/data/gho/indicator-metadata-registry/imr-details/4555,SA_0000001784_LVA,Data source,,PUBLISHED,Published,,2014,2014,,EUR,Europe,,LVA,Latvia,,FMLE,Female,,4.0,4.0,,,,,
SA_0000001784,"15-years old, any alcoholic beverage consumed at least once a week, (%)",https://www.who.int/data/gho/indicator-metadata-registry/imr-details/4555,SA_0000001784_MLT,Data source,,PUBLISHED,Published,,2006,2006,,EUR,Europe,,MLT,Malta,,MLE,Male,,51.0,51.0,,,,,
SA_0000001784,"15-years old, any alcoholic beverage consumed at least once a week, (%)",https://www.who.int/data/gho/indicator-metadata-registry/imr-details/4555,SA_0000001784_NOR,Data source,,PUBLISHED,Published,,2006,2006,,EUR,Europe,,NOR,Norway,,FMLE,Female,,10.0,10.0,,,,,
SA_0000001784,"15-years old, any alcoholic beverage consumed at least once a week, (%)",https://www.who.int/data/gho/indicator-metadata-registry/imr-details/4555,SA_0000001784_POL,Data source,,PUBLISHED,Published,,2014,2014,,EUR,Europe,,POL,Poland,,MLE,Male,,13.0,13.0,,,,,
SA_0000001784,"15-years old, any alcoholic beverage consumed at least once a week, (%)",https://www.who.int/data/gho/indicator-metadata-registry/imr-details/4555,SA_0000001784_RUS,Data source,,PUBLISHED,Published,,2006,2006,,EUR,Europe,,RUS,Russian Federation,,FMLE,Female,,21.0,21.0,,,,,
SA_0000001784,"15-years old, any alcoholic beverage consumed at least once a week, (%)",https://www.who.int/data/gho/indicator-metadata-registry/imr-details/4555,SA_0000001784_SVK,Data source,,PUBLISHED,Published,,2014,2014,,EUR,Europe,,SVK,Slovakia,,MLE,Male,,19.0,19.0,,,,,
SA_0000001784,"15-years old, any alcoholic beverage consumed at least once a week, (%)",https://www.who.int/data/gho/indicator-metadata-registry/imr-details/4555,SA_0000001784_ESP,Data source,,PUBLISHED,Published,,2014,2014,,EUR,Europe,,ESP,Spain,,FMLE,Female,,8.0,8.0,,,,,
SA_0000001784,"15-years old, any alcoholic beverage consumed at least once a week, (%)",https://www.who.int/data/gho/indicator-metadata-registry/imr-details/4555,SA_0000001784_MKD,Data source,,PUBLISHED,Published,,2006,2006,,EUR,Europe,,MKD,Republic of North Macedonia,,MLE,Male,,28.0,28.0,,,,,
SA_0000001784,"15-years old, any alcoholic beverage consumed at least once a week, (%)",https://www.who.int/data/gho/indicator-metadata-registry/imr-details/4555,SA_0000001784_GBR,Data source,,PUBLISHED,Published,,2006,2006,,EUR,Europe,,GBR,United Kingdom of Great Britain and Northern Ireland,,FMLE,Female,,37.3,37.3,,,,,
SA_0000001784,"15-years old, any alcoholic beverage consumed at least once a week, (%)",https://www.who.int/data/gho/indicator-metadata-registry/imr-details/4555,SA_0000001784_BEL,Data source,,PUBLISHED,Published,,2010,2010,,EUR,Europe,,BEL,Belgium,,FMLE,Female,,18.0,18.0,,,,,
SA_0000001784,"15-years old, any alcoholic beverage consumed at least once a week, (%)",https://www.who.int/data/gho/indicator-metadata-registry/imr-details/4555,SA_0000001784_BEL,Data source,,PUBLISHED,Published,,2010,2010,,EUR,Europe,,BEL,Belgium,,MLE,Male,,29.5,29.5,,,,,
SA_0000001784,"15-years old, any alcoholic beverage consumed at least once a week, (%)",https://www.who.int/data/gho/indicator-metadata-registry/imr-details/4555,SA_0000001784_FRA,Data source,,PUBLISHED,Published,,2010,2010,,EUR,Europe,,FRA,France,,FMLE,Female,,13.0,13.0,,,,,
SA_0000001784,"15-years old, any alcoholic beverage consumed at least once a week, (%)",https://www.who.int/data/gho/indicator-metadata-registry/imr-details/4555,SA_0000001784_FRA,Data source,,PUBLISHED,Published,,2010,2010,,EUR,Europe,,FRA,France,,MLE,Male,,25.0,25.0,,,,,
SA_0000001784,"15-years old, any alcoholic beverage consumed at least once a week, (%)",https://www.who.int/data/gho/indicator-metadata-registry/imr-details/4555,SA_0000001784_NLD,Data source,,PUBLISHED,Published,,2010,2010,,EUR,Europe,,NLD,Netherlands,,FMLE,Female,,18.0,18.0,,,,,
SA_0000001784,"15-years old, any alcoholic beverage consumed at least once a week, (%)",https://www.who.int/data/gho/indicator-metadata-registry/imr-details/4555,SA_0000001784_NLD,Data source,,PUBLISHED,Published,,2010,2010,,EUR,Europe,,NLD,Netherlands,,MLE,Male,,25.0,25.0,,,,,
SA_0000001784,"15-years old, any alcoholic beverage consumed at least once a week, (%)",https://www.who.int/data/gho/indicator-metadata-registry/imr-details/4555,SA_0000001784_SWE,Data source,,PUBLISHED,Published,,2010,2010,,EUR,Europe,,SWE,Sweden,,FMLE,Female,,9.0,9.0,,,,,
SA_0000001784,"15-years old, any alcoholic beverage consumed at least once a week, (%)",https://www.who.int/data/gho/indicator-metadata-registry/imr-details/4555,SA_0000001784_SWE,Data source,,PUBLISHED,Published,,2010,2010,,EUR,Europe,,SWE,Sweden,,MLE,Male,,11.0,11.0,,,,,
SA_0000001784,"15-years old, any alcoholic beverage consumed at least once a week, (%)",https://www.who.int/data/gho/indicator-metadata-registry/imr-details/4555,SA_0000001784_CAN,Data source,,PUBLISHED,Published,,2005,2005,,AMR,Americas,,CAN,Canada,,FMLE,Female,,16.0,16.0,,,,,
SA_0000001784,"15-years old, any alcoholic beverage consumed at least once a week, (%)",https://www.who.int/data/gho/indicator-metadata-registry/imr-details/4555,SA_0000001784_CAN,Data source,,PUBLISHED,Published,,2005,2005,,AMR,Americas,,CAN,Canada,,MLE,Male,,19.0,19.0,,,,,
SA_0000001784,"15-years old, any alcoholic beverage consumed at least once a week, (%)",https://www.who.int/data/gho/indicator-metadata-registry/imr-details/4555,SA_0000001784_NLD,Data source,,PUBLISHED,Published,,2005,2005,,EUR,Europe,,NLD,Netherlands,,FMLE,Female,,31.0,31.0,,,,,
SA_0000001784,"15-years old, any alcoholic beverage consumed at least once a week, (%)",https://www.who.int/data/gho/indicator-metadata-registry/imr-details/4555,SA_0000001784_NLD,Data source,,PUBLISHED,Published,,2005,2005,,EUR,Europe,,NLD,Netherlands,,MLE,Male,,43.0,43.0,,,,,
SA_0000001784,"15-years old, any alcoholic beverage consumed at least once a week, (%)",https://www.who.int/data/gho/indicator-metadata-registry/imr-details/4555,SA_0000001784_SVN,Data source,,PUBLISHED,Published,,2005,2005,,EUR,Europe,,SVN,Slovenia,,FMLE,Female,,21.0,21.0,,,,,
SA_0000001784,"15-years old, any alcoholic beverage consumed at least once a week, (%)",https://www.who.int/data/gho/indicator-metadata-registry/imr-details/4555,SA_0000001784_SVN,Data source,,PUBLISHED,Published,,2005,2005,,EUR,Europe,,SVN,Slovenia,,MLE,Male,,36.0,36.0,,,,,
SA_0000001784,"15-years old, any alcoholic beverage consumed at least once a week, (%)",https://www.who.int/data/gho/indicator-metadata-registry/imr-details/4555,SA_0000001784_AUT,Data source,,PUBLISHED,Published,,2014,2014,,EUR,Europe,,AUT,Austria,,MLE,Male,,23.0,23.0,,,,,
SA_0000001784,"15-years old, any alcoholic beverage consumed at least once a week, (%)",https://www.who.int/data/gho/indicator-metadata-registry/imr-details/4555,SA_0000001784_BEL,Data source,,PUBLISHED,Published,,2014,2014,,EUR,Europe,,BEL,Belgium,,FMLE,Female,,11.0,11.0,,,,,
SA_0000001784,"15-years old, any alcoholic beverage consumed at least once a week, (%)",https://www.who.int/data/gho/indicator-metadata-registry/imr-details/4555,SA_0000001784_CZE,Data source,,PUBLISHED,Published,,2006,2006,,EUR,Europe,,CZE,Czechia,,FMLE,Female,,27.0,27.0,,,,,
SA_0000001784,"15-years old, any alcoholic beverage consumed at least once a week, (%)",https://www.who.int/data/gho/indicator-metadata-registry/imr-details/4555,SA_0000001784_CZE,Data source,,PUBLISHED,Published,,2006,2006,,EUR,Europe,,CZE,Czechia,,MLE,Male,,39.0,39.0,,,,,
SA_0000001784,"15-years old, any alcoholic beverage consumed at least once a week, (%)",https://www.who.int/data/gho/indicator-metadata-registry/imr-details/4555,SA_0000001784_FRA,Data source,,PUBLISHED,Published,,2014,2014,,EUR,Europe,,FRA,France,,FMLE,Female,,8.0,8.0,,,,,
SA_0000001784,"15-years old, any alcoholic beverage consumed at least once a week, (%)",https://www.who.int/data/gho/indicator-metadata-registry/imr-details/4555,SA_0000001784_FRA,Data source,,PUBLISHED,Published,,2014,2014,,EUR,Europe,,FRA,France,,MLE,Male,,16.0,16.0,,,,,
SA_0000001784,"15-years old, any alcoholic beverage consumed at least once a week, (%)",https://www.who.int/data/gho/indicator-metadata-registry/imr-details/4555,SA_0000001784_HUN,Data source,,PUBLISHED,Published,,2006,2006,,EUR,Europe,,HUN,Hungary,,MLE,Male,,35.0,35.0,,,,,
SA_0000001784,"15-years old, any alcoholic beverage consumed at least once a week, (%)",https://www.who.int/data/gho/indicator-metadata-registry/imr-details/4555,SA_0000001784_ISL,Data source,,PUBLISHED,Published,,2006,2006,,EUR,Europe,,ISL,Iceland,,FMLE,Female,,11.0,11.0,,,,,
SA_0000001784,"15-years old, any alcoholic beverage consumed at least once a week, (%)",https://www.who.int/data/gho/indicator-metadata-registry/imr-details/4555,SA_0000001784_ITA,Data source,,PUBLISHED,Published,,2014,2014,,EUR,Europe,,ITA,Italy,,FMLE,Female,,18.0,18.0,,,,,
SA_0000001784,"15-years old, any alcoholic beverage consumed at least once a week, (%)",https://www.who.int/data/gho/indicator-metadata-registry/imr-details/4555,SA_0000001784_ITA,Data source,,PUBLISHED,Published,,2014,2014,,EUR,Europe,,ITA,Italy,,MLE,Male,,32.0,32.0,,,,,
SA_0000001784,"15-years old, any alcoholic beverage consumed at least once a week, (%)",https://www.who.int/data/gho/indicator-metadata-registry/imr-details/4555,SA_0000001784_NLD,Data source,,PUBLISHED,Published,,2006,2006,,EUR,Europe,,NLD,Netherlands,,FMLE,Female,,31.0,31.0,,,,,
SA_0000001784,"15-years old, any alcoholic beverage consumed at least once a week, (%)",https://www.who.int/data/gho/indicator-metadata-registry/imr-details/4555,SA_0000001784_NLD,Data source,,PUBLISHED,Published,,2006,2006,,EUR,Europe,,NLD,Netherlands,,MLE,Male,,43.0,43.0,,,,,
SA_0000001784,"15-years old, any alcoholic beverage consumed at least once a week, (%)",https://www.who.int/data/gho/indicator-metadata-registry/imr-details/4555,SA_0000001784_PRT,Data source,,PUBLISHED,Published,,2014,2014,,EUR,Europe,,PRT,Portugal,,MLE,Male,,11.0,11.0,,,,,
SA_0000001784,"15-years old, any alcoholic beverage consumed at least once a week, (%)",https://www.who.int/data/gho/indicator-metadata-registry/imr-details/4555,SA_0000001784_ROU,Data source,,PUBLISHED,Published,,2014,2014,,EUR,Europe,,ROU,Romania,,FMLE,Female,,10.0,10.0,,,,,
SA_0000001784,"15-years old, any alcoholic beverage consumed at least once a week, (%)",https://www.who.int/data/gho/indicator-metadata-registry/imr-details/4555,SA_0000001784_SVN,Data source,,PUBLISHED,Published,,2014,2014,,EUR,Europe,,SVN,Slovenia,,FMLE,Female,,11.0,11.0,,,,,
SA_0000001784,"15-years old, any alcoholic beverage consumed at least once a week, (%)",https://www.who.int/data/gho/indicator-metadata-registry/imr-details/4555,SA_0000001784_SVN,Data source,,PUBLISHED,Published,,2014,2014,,EUR,Europe,,SVN,Slovenia,,MLE,Male,,18.0,18.0,,,,,
SA_0000001784,"15-years old, any alcoholic beverage consumed at least once a week, (%)",https://www.who.int/data/gho/indicator-metadata-registry/imr-details/4555,SA_0000001784_UKR,Data source,,PUBLISHED,Published,,2006,2006,,EUR,Europe,,UKR,Ukraine,,FMLE,Female,,47.0,47.0,,,,,
SA_0000001784,"15-years old, any alcoholic beverage consumed at least once a week, (%)",https://www.who.int/data/gho/indicator-metadata-registry/imr-details/4555,SA_0000001784_UKR,Data source,,PUBLISHED,Published,,2006,2006,,EUR,Europe,,UKR,Ukraine,,MLE,Male,,59.0,59.0,,,,,
SA_0000001784,"15-years old, any alcoholic beverage consumed at least once a week, (%)",https://www.who.int/data/gho/indicator-metadata-registry/imr-details/4555,SA_0000001784_AUT,Data source,,PUBLISHED,Published,,2010,2010,,EUR,Europe,,AUT,Austria,,FMLE,Female,,28.0,28.0,,,,,
SA_0000001784,"15-years old, any alcoholic beverage consumed at least once a week, (%)",https://www.who.int/data/gho/indicator-metadata-registry/imr-details/4555,SA_0000001784_FIN,Data source,,PUBLISHED,Published,,2010,2010,,EUR,Europe,,FIN,Finland,,FMLE,Female,,8.0,8.0,,,,,
SA_0000001784,"15-years old, any alcoholic beverage consumed at least once a week, (%)",https://www.who.int/data/gho/indicator-metadata-registry/imr-details/4555,SA_0000001784_DEU,Data source,,PUBLISHED,Published,,2010,2010,,EUR,Europe,,DEU,Germany,,MLE,Male,,28.0,28.0,,,,,
SA_0000001784,"15-years old, any alcoholic beverage consumed at least once a week, (%)",https://www.who.int/data/gho/indicator-metadata-registry/imr-details/4555,SA_0000001784_ITA,Data source,,PUBLISHED,Published,,2010,2010,,EUR,Europe,,ITA,Italy,,FMLE,Female,,26.0,26.0,,,,,
SA_0000001784,"15-years old, any alcoholic beverage consumed at least once a week, (%)",https://www.who.int/data/gho/indicator-metadata-registry/imr-details/4555,SA_0000001784_LTU,Data source,,PUBLISHED,Published,,2010,2010,,EUR,Europe,,LTU,Lithuania,,MLE,Male,,25.0,25.0,,,,,
SA_0000001784,"15-years old, any alcoholic beverage consumed at least once a week, (%)",https://www.who.int/data/gho/indicator-metadata-registry/imr-details/4555,SA_0000001784_ROU,Data source,,PUBLISHED,Published,,2010,2010,,EUR,Europe,,ROU,Romania,,FMLE,Female,,11.0,11.0,,,,,
SA_0000001784,"15-years old, any alcoholic beverage consumed at least once a week, (%)",https://www.who.int/data/gho/indicator-metadata-registry/imr-details/4555,SA_0000001784_RUS,Data source,,PUBLISHED,Published,,2010,2010,,EUR,Europe,,RUS,Russian Federation,,MLE,Male,,13.0,13.0,,,,,
SA_0000001784,"15-years old, any alcoholic beverage consumed at least once a week, (%)",https://www.who.int/data/gho/indicator-metadata-registry/imr-details/4555,SA_0000001784_UKR,Data source,,PUBLISHED,Published,,2010,2010,,EUR,Europe,,UKR,Ukraine,,FMLE,Female,,30.0,30.0,,,,,
SA_0000001784,"15-years old, any alcoholic beverage consumed at least once a week, (%)",https://www.who.int/data/gho/indicator-metadata-registry/imr-details/4555,SA_0000001784_USA,Data source,,PUBLISHED,Published,,2010,2010,,AMR,Americas,,USA,United States of America,,MLE,Male,,11.0,11.0,,,,,
SA_0000001784,"15-years old, any alcoholic beverage consumed at least once a week, (%)",https://www.who.int/data/gho/indicator-metadata-registry/imr-details/4555,SA_0000001784_DEU,Data source,,PUBLISHED,Published,,2005,2005,,EUR,Europe,,DEU,Germany,,FMLE,Female,,15.0,15.0,,,,,
SA_0000001784,"15-years old, any alcoholic beverage consumed at least once a week, (%)",https://www.who.int/data/gho/indicator-metadata-registry/imr-details/4555,SA_0000001784_GRC,Data source,,PUBLISHED,Published,,2005,2005,,EUR,Europe,,GRC,Greece,,FMLE,Female,,24.0,24.0,,,,,
SA_0000001784,"15-years old, any alcoholic beverage consumed at least once a week, (%)",https://www.who.int/data/gho/indicator-metadata-registry/imr-details/4555,SA_0000001784_HUN,Data source,,PUBLISHED,Published,,2005,2005,,EUR,Europe,,HUN,Hungary,,MLE,Male,,35.0,35.0,,,,,
SA_0000001784,"15-years old, any alcoholic beverage consumed at least once a week, (%)",https://www.who.int/data/gho/indicator-metadata-registry/imr-details/4555,SA_0000001784_ISL,Data source,,PUBLISHED,Published,,2005,2005,,EUR,Europe,,ISL,Iceland,,MLE,Male,,15.0,15.0,,,,,
SA_0000001784,"15-years old, any alcoholic beverage consumed at least once a week, (%)",https://www.who.int/data/gho/indicator-metadata-registry/imr-details/4555,SA_0000001784_RUS,Data source,,PUBLISHED,Published,,2005,2005,,EUR,Europe,,RUS,Russian Federation,,FMLE,Female,,21.0,21.0,,,,,
SA_0000001784,"15-years old, any alcoholic beverage consumed at least once a week, (%)",https://www.who.int/data/gho/indicator-metadata-registry/imr-details/4555,SA_0000001784_SVK,Data source,,PUBLISHED,Published,,2005,2005,,EUR,Europe,,SVK,Slovakia,,FMLE,Female,,20.0,20.0,,,,,
SA_0000001784,"15-years old, any alcoholic beverage consumed at least once a week, (%)",https://www.who.int/data/gho/indicator-metadata-registry/imr-details/4555,SA_0000001784_SWE,Data source,,PUBLISHED,Published,,2005,2005,,EUR,Europe,,SWE,Sweden,,MLE,Male,,15.0,15.0,,,,,
SA_0000001784,"15-years old, any alcoholic beverage consumed at least once a week, (%)",https://www.who.int/data/gho/indicator-metadata-registry/imr-details/4555,SA_0000001784_CHE,Data source,,PUBLISHED,Published,,2005,2005,,EUR,Europe,,CHE,Switzerland,,MLE,Male,,27.0,27.0,,,,,
SA_0000001784,"15-years old, any alcoholic beverage consumed at least once a week, (%)",https://www.who.int/data/gho/indicator-metadata-registry/imr-details/4555,SA_0000001784_AUT,Data source,,PUBLISHED,Published,,2006,2006,,EUR,Europe,,AUT,Austria,,FMLE,Female,,35.0,35.0,,,,,
SA_0000001784,"15-years old, any alcoholic beverage consumed at least once a week, (%)",https://www.who.int/data/gho/indicator-metadata-registry/imr-details/4555,SA_0000001784_AUT,Data source,,PUBLISHED,Published,,2014,2014,,EUR,Europe,,AUT,Austria,,FMLE,Female,,11.0,11.0,,,,,
SA_0000001784,"15-years old, any alcoholic beverage consumed at least once a week, (%)",https://www.who.int/data/gho/indicator-metadata-registry/imr-details/4555,SA_0000001784_BEL,Data source,,PUBLISHED,Published,,2014,2014,,EUR,Europe,,BEL,Belgium,,MLE,Male,,18.0,18.0,,,,,
SA_0000001784,"15-years old, any alcoholic beverage consumed at least once a week, (%)",https://www.who.int/data/gho/indicator-metadata-registry/imr-details/4555,SA_0000001784_BGR,Data source,,PUBLISHED,Published,,2006,2006,,EUR,Europe,,BGR,Bulgaria,,MLE,Male,,45.0,45.0,,,,,
SA_0000001784,"15-years old, any alcoholic beverage consumed at least once a week, (%)",https://www.who.int/data/gho/indicator-metadata-registry/imr-details/4555,SA_0000001784_FIN,Data source,,PUBLISHED,Published,,2006,2006,,EUR,Europe,,FIN,Finland,,FMLE,Female,,8.0,8.0,,,,,
SA_0000001784,"15-years old, any alcoholic beverage consumed at least once a week, (%)",https://www.who.int/data/gho/indicator-metadata-registry/imr-details/4555,SA_0000001784_FIN,Data source,,PUBLISHED,Published,,2014,2014,,EUR,Europe,,FIN,Finland,,FMLE,Female,,4.0,4.0,,,,,
SA_0000001784,"15-years old, any alcoholic beverage consumed at least once a week, (%)",https://www.who.int/data/gho/indicator-metadata-registry/imr-details/4555,SA_0000001784_DEU,Data source,,PUBLISHED,Published,,2006,2006,,EUR,Europe,,DEU,Germany,,MLE,Male,,25.0,25.0,,,,,
SA_0000001784,"15-years old, any alcoholic beverage consumed at least once a week, (%)",https://www.who.int/data/gho/indicator-metadata-registry/imr-details/4555,SA_0000001784_DEU,Data source,,PUBLISHED,Published,,2014,2014,,EUR,Europe,,DEU,Germany,,MLE,Male,,19.0,19.0,,,,,
SA_0000001784,"15-years old, any alcoholic beverage consumed at least once a week, (%)",https://www.who.int/data/gho/indicator-metadata-registry/imr-details/4555,SA_0000001784_ISR,Data source,,PUBLISHED,Published,,2014,2014,,EUR,Europe,,ISR,Israel,,FMLE,Female,,11.0,11.0,,,,,
SA_0000001784,"15-years old, any alcoholic beverage consumed at least once a week, (%)",https://www.who.int/data/gho/indicator-metadata-registry/imr-details/4555,SA_0000001784_ITA,Data source,,PUBLISHED,Published,,2006,2006,,EUR,Europe,,ITA,Italy,,FMLE,Female,,30.0,30.0,,,,,
SA_0000001784,"15-years old, any alcoholic beverage consumed at least once a week, (%)",https://www.who.int/data/gho/indicator-metadata-registry/imr-details/4555,SA_0000001784_LVA,Data source,,PUBLISHED,Published,,2014,2014,,EUR,Europe,,LVA,Latvia,,MLE,Male,,10.0,10.0,,,,,
SA_0000001784,"15-years old, any alcoholic beverage consumed at least once a week, (%)",https://www.who.int/data/gho/indicator-metadata-registry/imr-details/4555,SA_0000001784_LTU,Data source,,PUBLISHED,Published,,2006,2006,,EUR,Europe,,LTU,Lithuania,,MLE,Male,,25.0,25.0,,,,,
SA_0000001784,"15-years old, any alcoholic beverage consumed at least once a week, (%)",https://www.who.int/data/gho/indicator-metadata-registry/imr-details/4555,SA_0000001784_PRT,Data source,,PUBLISHED,Published,,2006,2006,,EUR,Europe,,PRT,Portugal,,FMLE,Female,,8.0,8.0,,,,,
SA_0000001784,"15-years old, any alcoholic beverage consumed at least once a week, (%)",https://www.who.int/data/gho/indicator-metadata-registry/imr-details/4555,SA_0000001784_PRT,Data source,,PUBLISHED,Published,,2014,2014,,EUR,Europe,,PRT,Portugal,,FMLE,Female,,4.0,4.0,,,,,
SA_0000001784,"15-years old, any alcoholic beverage consumed at least once a week, (%)",https://www.who.int/data/gho/indicator-metadata-registry/imr-details/4555,SA_0000001784_ROU,Data source,,PUBLISHED,Published,,2014,2014,,EUR,Europe,,ROU,Romania,,MLE,Male,,30.0,30.0,,,,,
SA_0000001784,"15-years old, any alcoholic beverage consumed at least once a week, (%)",https://www.who.int/data/gho/indicator-metadata-registry/imr-details/4555,SA_0000001784_MDA,Data source,,PUBLISHED,Published,,2014,2014,,EUR,Europe,,MDA,Republic of Moldova,,MLE,Male,,24.0,24.0,,,,,
SA_0000001784,"15-years old, any alcoholic beverage consumed at least once a week, (%)",https://www.who.int/data/gho/indicator-metadata-registry/imr-details/4555,SA_0000001784_RUS,Data source,,PUBLISHED,Published,,2006,2006,,EUR,Europe,,RUS,Russian Federation,,MLE,Male,,27.0,27.0,,,,,
SA_0000001784,"15-years old, any alcoholic beverage consumed at least once a week, (%)",https://www.who.int/data/gho/indicator-metadata-registry/imr-details/4555,SA_0000001784_MKD,Data source,,PUBLISHED,Published,,2006,2006,,EUR,Europe,,MKD,Republic of North Macedonia,,FMLE,Female,,15.0,15.0,,,,,
SA_0000001784,"15-years old, any alcoholic beverage consumed at least once a week, (%)",https://www.who.int/data/gho/indicator-metadata-registry/imr-details/4555,SA_0000001784_MKD,Data source,,PUBLISHED,Published,,2014,2014,,EUR,Europe,,MKD,Republic of North Macedonia,,FMLE,Female,,9.0,9.0,,,,,
SA_0000001784,"15-years old, any alcoholic beverage consumed at least once a week, (%)",https://www.who.int/data/gho/indicator-metadata-registry/imr-details/4555,SA_0000001784_UKR,Data source,,PUBLISHED,Published,,2014,2014,,EUR,Europe,,UKR,Ukraine,,MLE,Male,,18.0,18.0,,,,,
SA_0000001784,"15-years old, any alcoholic beverage consumed at least once a week, (%)",https://www.who.int/data/gho/indicator-metadata-registry/imr-details/4555,SA_0000001784_GBR,Data source,,PUBLISHED,Published,,2006,2006,,EUR,Europe,,GBR,United Kingdom of Great Britain and Northern Ireland,,MLE,Male,,40.7,40.7,,,,,
SA_0000001784,"15-years old, any alcoholic beverage consumed at least once a week, (%)",https://www.who.int/data/gho/indicator-metadata-registry/imr-details/4555,SA_0000001784_CZE,Data source,,PUBLISHED,Published,,2010,2010,,EUR,Europe,,CZE,Czechia,,FMLE,Female,,33.0,33.0,,,,,
SA_0000001784,"15-years old, any alcoholic beverage consumed at least once a week, (%)",https://www.who.int/data/gho/indicator-metadata-registry/imr-details/4555,SA_0000001784_CZE,Data source,,PUBLISHED,Published,,2010,2010,,EUR,Europe,,CZE,Czechia,,MLE,Male,,44.0,44.0,,,,,
SA_0000001784,"15-years old, any alcoholic beverage consumed at least once a week, (%)",https://www.who.int/data/gho/indicator-metadata-registry/imr-details/4555,SA_0000001784_GBR,Data source,,PUBLISHED,Published,,2010,2010,,EUR,Europe,,GBR,United Kingdom of Great Britain and Northern Ireland,,FMLE,Female,,25.3,25.3,,,,,
SA_0000001784,"15-years old, any alcoholic beverage consumed at least once a week, (%)",https://www.who.int/data/gho/indicator-metadata-registry/imr-details/4555,SA_0000001784_GBR,Data source,,PUBLISHED,Published,,2010,2010,,EUR,Europe,,GBR,United Kingdom of Great Britain and Northern Ireland,,MLE,Male,,31.7,31.7,,,,,
SA_0000001784,"15-years old, any alcoholic beverage consumed at least once a week, (%)",https://www.who.int/data/gho/indicator-metadata-registry/imr-details/4555,SA_0000001784_RUS,Data source,,PUBLISHED,Published,,2010,2010,,EUR,Europe,,RUS,Russian Federation,,FMLE,Female,,9.0,9.0,,,,,
SA_0000001784,"15-years old, any alcoholic beverage consumed at least once a week, (%)",https://www.who.int/data/gho/indicator-metadata-registry/imr-details/4555,SA_0000001784_ROU,Data source,,PUBLISHED,Published,,2010,2010,,EUR,Europe,,ROU,Romania,,MLE,Male,,36.0,36.0,,,,,
SA_0000001784,"15-years old, any alcoholic beverage consumed at least once a week, (%)",https://www.who.int/data/gho/indicator-metadata-registry/imr-details/4555,SA_0000001784_LVA,Data source,,PUBLISHED,Published,,2010,2010,,EUR,Europe,,LVA,Latvia,,MLE,Male,,26.0,26.0,,,,,
SA_0000001784,"15-years old, any alcoholic beverage consumed at least once a week, (%)",https://www.who.int/data/gho/indicator-metadata-registry/imr-details/4555,SA_0000001784_ROU,Data source,,PUBLISHED,Published,,2006,2006,,EUR,Europe,,ROU,Romania,,FMLE,Female,,9.0,9.0,,,,,
SA_0000001784,"15-years old, any alcoholic beverage consumed at least once a week, (%)",https://www.who.int/data/gho/indicator-metadata-registry/imr-details/4555,SA_0000001784_ROU,Data source,,PUBLISHED,Published,,2006,2006,,EUR,Europe,,ROU,Romania,,MLE,Male,,30.0,30.0,,,,,
SA_0000001784,"15-years old, any alcoholic beverage consumed at least once a week, (%)",https://www.who.int/data/gho/indicator-metadata-registry/imr-details/4555,SA_0000001784_ESP,Data source,,PUBLISHED,Published,,2006,2006,,EUR,Europe,,ESP,Spain,,FMLE,Female,,25.0,25.0,,,,,
SA_0000001784,"15-years old, any alcoholic beverage consumed at least once a week, (%)",https://www.who.int/data/gho/indicator-metadata-registry/imr-details/4555,SA_0000001784_ESP,Data source,,PUBLISHED,Published,,2006,2006,,EUR,Europe,,ESP,Spain,,MLE,Male,,25.0,25.0,,,,,
SA_0000001784,"15-years old, any alcoholic beverage consumed at least once a week, (%)",https://www.who.int/data/gho/indicator-metadata-registry/imr-details/4555,SA_0000001784_MKD,Data source,,PUBLISHED,Published,,2014,2014,,EUR,Europe,,MKD,Republic of North Macedonia,,MLE,Male,,18.0,18.0,,,,,
SA_0000001784,"15-years old, any alcoholic beverage consumed at least once a week, (%)",https://www.who.int/data/gho/indicator-metadata-registry/imr-details/4555,SA_0000001784_UKR,Data source,,PUBLISHED,Published,,2014,2014,,EUR,Europe,,UKR,Ukraine,,FMLE,Female,,10.0,10.0,,,,,
SA_0000001784,"15-years old, any alcoholic beverage consumed at least once a week, (%)",https://www.who.int/data/gho/indicator-metadata-registry/imr-details/4555,SA_0000001784_LVA,Data source,,PUBLISHED,Published,,2010,2010,,EUR,Europe,,LVA,Latvia,,FMLE,Female,,21.0,21.0,,,,,
SA_0000001784,"15-years old, any alcoholic beverage consumed at least once a week, (%)",https://www.who.int/data/gho/indicator-metadata-registry/imr-details/4555,SA_0000001784_ISL,Data source,,PUBLISHED,Published,,2010,2010,,EUR,Europe,,ISL,Iceland,,FMLE,Female,,5.0,5.0,,,,,
SA_0000001784,"15-years old, any alcoholic beverage consumed at least once a week, (%)",https://www.who.int/data/gho/indicator-metadata-registry/imr-details/4555,SA_0000001784_HUN,Data source,,PUBLISHED,Published,,2010,2010,,EUR,Europe,,HUN,Hungary,,MLE,Male,,32.0,32.0,,,,,
SA_0000001784,"15-years old, any alcoholic beverage consumed at least once a week, (%)",https://www.who.int/data/gho/indicator-metadata-registry/imr-details/4555,SA_0000001784_LVA,Data source,,PUBLISHED,Published,,2006,2006,,EUR,Europe,,LVA,Latvia,,MLE,Male,,31.0,31.0,,,,,
SA_0000001784,"15-years old, any alcoholic beverage consumed at least once a week, (%)",https://www.who.int/data/gho/indicator-metadata-registry/imr-details/4555,SA_0000001784_LVA,Data source,,PUBLISHED,Published,,2006,2006,,EUR,Europe,,LVA,Latvia,,FMLE,Female,,24.0,24.0,,,,,
SA_0000001784,"15-years old, any alcoholic beverage consumed at least once a week, (%)",https://www.who.int/data/gho/indicator-metadata-registry/imr-details/4555,SA_0000001784_HUN,Data source,,PUBLISHED,Published,,2014,2014,,EUR,Europe,,HUN,Hungary,,MLE,Male,,29.0,29.0,,,,,
SA_0000001784,"15-years old, any alcoholic beverage consumed at least once a week, (%)",https://www.who.int/data/gho/indicator-metadata-registry/imr-details/4555,SA_0000001784_HUN,Data source,,PUBLISHED,Published,,2014,2014,,EUR,Europe,,HUN,Hungary,,FMLE,Female,,18.0,18.0,,,,,
SA_0000001784,"15-years old, any alcoholic beverage consumed at least once a week, (%)",https://www.who.int/data/gho/indicator-metadata-registry/imr-details/4555,SA_0000001784_DEU,Data source,,PUBLISHED,Published,,2006,2006,,EUR,Europe,,DEU,Germany,,FMLE,Female,,15.0,15.0,,,,,
SA_0000001784,"15-years old, any alcoholic beverage consumed at least once a week, (%)",https://www.who.int/data/gho/indicator-metadata-registry/imr-details/4555,SA_0000001784_FRA,Data source,,PUBLISHED,Published,,2006,2006,,EUR,Europe,,FRA,France,,MLE,Male,,27.0,27.0,,,,,
SA_0000001784,"15-years old, any alcoholic beverage consumed at least once a week, (%)",https://www.who.int/data/gho/indicator-metadata-registry/imr-details/4555,SA_0000001784_FRA,Data source,,PUBLISHED,Published,,2006,2006,,EUR,Europe,,FRA,France,,FMLE,Female,,15.0,15.0,,,,,
SA_0000001784,"15-years old, any alcoholic beverage consumed at least once a week, (%)",https://www.who.int/data/gho/indicator-metadata-registry/imr-details/4555,SA_0000001784_CZE,Data source,,PUBLISHED,Published,,2014,2014,,EUR,Europe,,CZE,Czechia,,MLE,Male,,20.0,20.0,,,,,
SA_0000001784,"15-years old, any alcoholic beverage consumed at least once a week, (%)",https://www.who.int/data/gho/indicator-metadata-registry/imr-details/4555,SA_0000001784_CZE,Data source,,PUBLISHED,Published,,2014,2014,,EUR,Europe,,CZE,Czechia,,FMLE,Female,,14.0,14.0,,,,,
SA_0000001784,"15-years old, any alcoholic beverage consumed at least once a week, (%)",https://www.who.int/data/gho/indicator-metadata-registry/imr-details/4555,SA_0000001784_BEL,Data source,,PUBLISHED,Published,,2006,2006,,EUR,Europe,,BEL,Belgium,,MLE,Male,,39.0,39.0,,,,,
SA_0000001784,"15-years old, any alcoholic beverage consumed at least once a week, (%)",https://www.who.int/data/gho/indicator-metadata-registry/imr-details/4555,SA_0000001784_BEL,Data source,,PUBLISHED,Published,,2006,2006,,EUR,Europe,,BEL,Belgium,,FMLE,Female,,23.0,23.0,,,,,
SA_0000001784,"15-years old, any alcoholic beverage consumed at least once a week, (%)",https://www.who.int/data/gho/indicator-metadata-registry/imr-details/4555,SA_0000001784_ESP,Data source,,PUBLISHED,Published,,2005,2005,,EUR,Europe,,ESP,Spain,,MLE,Male,,25.0,25.0,,,,,
SA_0000001784,"15-years old, any alcoholic beverage consumed at least once a week, (%)",https://www.who.int/data/gho/indicator-metadata-registry/imr-details/4555,SA_0000001784_ESP,Data source,,PUBLISHED,Published,,2005,2005,,EUR,Europe,,ESP,Spain,,FMLE,Female,,25.0,25.0,,,,,
SA_0000001784,"15-years old, any alcoholic beverage consumed at least once a week, (%)",https://www.who.int/data/gho/indicator-metadata-registry/imr-details/4555,SA_0000001784_MLT,Data source,,PUBLISHED,Published,,2005,2005,,EUR,Europe,,MLT,Malta,,MLE,Male,,51.0,51.0,,,,,
SA_0000001784,"15-years old, any alcoholic beverage consumed at least once a week, (%)",https://www.who.int/data/gho/indicator-metadata-registry/imr-details/4555,SA_0000001784_MLT,Data source,,PUBLISHED,Published,,2005,2005,,EUR,Europe,,MLT,Malta,,FMLE,Female,,39.0,39.0,,,,,
SA_0000001784,"15-years old, any alcoholic beverage consumed at least once a week, (%)",https://www.who.int/data/gho/indicator-metadata-registry/imr-details/4555,SA_0000001784_HUN,Data source,,PUBLISHED,Published,,2005,2005,,EUR,Europe,,HUN,Hungary,,FMLE,Female,,24.0,24.0,,,,,
SA_0000001784,"15-years old, any alcoholic beverage consumed at least once a week, (%)",https://www.who.int/data/gho/indicator-metadata-registry/imr-details/4555,SA_0000001784_GRC,Data source,,PUBLISHED,Published,,2005,2005,,EUR,Europe,,GRC,Greece,,MLE,Male,,42.0,42.0,,,,,
SA_0000001784,"15-years old, any alcoholic beverage consumed at least once a week, (%)",https://www.who.int/data/gho/indicator-metadata-registry/imr-details/4555,SA_0000001784_HRV,Data source,,PUBLISHED,Published,,2005,2005,,EUR,Europe,,HRV,Croatia,,MLE,Male,,44.0,44.0,,,,,
SA_0000001784,"15-years old, any alcoholic beverage consumed at least once a week, (%)",https://www.who.int/data/gho/indicator-metadata-registry/imr-details/4555,SA_0000001784_HRV,Data source,,PUBLISHED,Published,,2005,2005,,EUR,Europe,,HRV,Croatia,,FMLE,Female,,29.0,29.0,,,,,
SA_0000001784,"15-years old, any alcoholic beverage consumed at least once a week, (%)",https://www.who.int/data/gho/indicator-metadata-registry/imr-details/4555,SA_0000001784_MLT,Data source,,PUBLISHED,Published,,2014,2014,,EUR,Europe,,MLT,Malta,,MLE,Male,,32.0,32.0,,,,,
SA_0000001784,"15-years old, any alcoholic beverage consumed at least once a week, (%)",https://www.who.int/data/gho/indicator-metadata-registry/imr-details/4555,SA_0000001784_NLD,Data source,,PUBLISHED,Published,,2014,2014,,EUR,Europe,,NLD,Netherlands,,FMLE,Female,,13.0,13.0,,,,,
SA_0000001784,"15-years old, any alcoholic beverage consumed at least once a week, (%)",https://www.who.int/data/gho/indicator-metadata-registry/imr-details/4555,SA_0000001784_HRV,Data source,,PUBLISHED,Published,,2010,2010,,EUR,Europe,,HRV,Croatia,,FMLE,Female,,27.0,27.0,,,,,
SA_0000001784,"15-years old, any alcoholic beverage consumed at least once a week, (%)",https://www.who.int/data/gho/indicator-metadata-registry/imr-details/4555,SA_0000001784_DNK,Data source,,PUBLISHED,Published,,2010,2010,,EUR,Europe,,DNK,Denmark,,MLE,Male,,26.0,26.0,,,,,
SA_0000001784,"15-years old, any alcoholic beverage consumed at least once a week, (%)",https://www.who.int/data/gho/indicator-metadata-registry/imr-details/4555,SA_0000001784_ESP,Data source,,PUBLISHED,Published,,2010,2010,,EUR,Europe,,ESP,Spain,,FMLE,Female,,22.0,22.0,,,,,
SA_0000001784,"15-years old, any alcoholic beverage consumed at least once a week, (%)",https://www.who.int/data/gho/indicator-metadata-registry/imr-details/4555,SA_0000001784_CHE,Data source,,PUBLISHED,Published,,2010,2010,,EUR,Europe,,CHE,Switzerland,,MLE,Male,,26.0,26.0,,,,,
SA_0000001784,"15-years old, any alcoholic beverage consumed at least once a week, (%)",https://www.who.int/data/gho/indicator-metadata-registry/imr-details/4555,SA_0000001784_BEL,Data source,,PUBLISHED,Published,,2005,2005,,EUR,Europe,,BEL,Belgium,,FMLE,Female,,23.0,23.0,,,,,
SA_0000001784,"15-years old, any alcoholic beverage consumed at least once a week, (%)",https://www.who.int/data/gho/indicator-metadata-registry/imr-details/4555,SA_0000001784_BGR,Data source,,PUBLISHED,Published,,2005,2005,,EUR,Europe,,BGR,Bulgaria,,FMLE,Female,,33.0,33.0,,,,,
SA_0000001784,"15-years old, any alcoholic beverage consumed at least once a week, (%)",https://www.who.int/data/gho/indicator-metadata-registry/imr-details/4555,SA_0000001784_CZE,Data source,,PUBLISHED,Published,,2005,2005,,EUR,Europe,,CZE,Czechia,,MLE,Male,,39.0,39.0,,,,,
SA_0000001784,"15-years old, any alcoholic beverage consumed at least once a week, (%)",https://www.who.int/data/gho/indicator-metadata-registry/imr-details/4555,SA_0000001784_DNK,Data source,,PUBLISHED,Published,,2005,2005,,EUR,Europe,,DNK,Denmark,,MLE,Male,,37.0,37.0,,,,,
SA_0000001784,"15-years old, any alcoholic beverage consumed at least once a week, (%)",https://www.who.int/data/gho/indicator-metadata-registry/imr-details/4555,SA_0000001784_LTU,Data source,,PUBLISHED,Published,,2005,2005,,EUR,Europe,,LTU,Lithuania,,FMLE,Female,,20.0,20.0,,,,,
SA_0000001784,"15-years old, any alcoholic beverage consumed at least once a week, (%)",https://www.who.int/data/gho/indicator-metadata-registry/imr-details/4555,SA_0000001784_LUX,Data source,,PUBLISHED,Published,,2005,2005,,EUR,Europe,,LUX,Luxembourg,,FMLE,Female,,19.0,19.0,,,,,
SA_0000001784,"15-years old, any alcoholic beverage consumed at least once a week, (%)",https://www.who.int/data/gho/indicator-metadata-registry/imr-details/4555,SA_0000001784_NOR,Data source,,PUBLISHED,Published,,2005,2005,,EUR,Europe,,NOR,Norway,,MLE,Male,,11.0,11.0,,,,,
SA_0000001784,"15-years old, any alcoholic beverage consumed at least once a week, (%)",https://www.who.int/data/gho/indicator-metadata-registry/imr-details/4555,SA_0000001784_POL,Data source,,PUBLISHED,Published,,2005,2005,,EUR,Europe,,POL,Poland,,MLE,Male,,17.0,17.0,,,,,
SA_0000001784,"15-years old, any alcoholic beverage consumed at least once a week, (%)",https://www.who.int/data/gho/indicator-metadata-registry/imr-details/4555,SA_0000001784_USA,Data source,,PUBLISHED,Published,,2005,2005,,AMR,Americas,,USA,United States of America,,FMLE,Female,,12.0,12.0,,,,,
SA_0000001784,"15-years old, any alcoholic beverage consumed at least once a week, (%)",https://www.who.int/data/gho/indicator-metadata-registry/imr-details/4555,SA_0000001784_HRV,Data source,,PUBLISHED,Published,,2006,2006,,EUR,Europe,,HRV,Croatia,,FMLE,Female,,29.0,29.0,,,,,
SA_0000001784,"15-years old, any alcoholic beverage consumed at least once a week, (%)",https://www.who.int/data/gho/indicator-metadata-registry/imr-details/4555,SA_0000001784_HRV,Data source,,PUBLISHED,Published,,2014,2014,,EUR,Europe,,HRV,Croatia,,FMLE,Female,,13.0,13.0,,,,,
SA_0000001784,"15-years old, any alcoholic beverage consumed at least once a week, (%)",https://www.who.int/data/gho/indicator-metadata-registry/imr-details/4555,SA_0000001784_DNK,Data source,,PUBLISHED,Published,,2006,2006,,EUR,Europe,,DNK,Denmark,,MLE,Male,,37.0,37.0,,,,,
SA_0000001784,"15-years old, any alcoholic beverage consumed at least once a week, (%)",https://www.who.int/data/gho/indicator-metadata-registry/imr-details/4555,SA_0000001784_DNK,Data source,,PUBLISHED,Published,,2014,2014,,EUR,Europe,,DNK,Denmark,,MLE,Male,,20.0,20.0,,,,,
SA_0000001784,"15-years old, any alcoholic beverage consumed at least once a week, (%)",https://www.who.int/data/gho/indicator-metadata-registry/imr-details/4555,SA_0000001784_HUN,Data source,,PUBLISHED,Published,,2006,2006,,EUR,Europe,,HUN,Hungary,,FMLE,Female,,24.0,24.0,,,,,
SA_0000001784,"15-years old, any alcoholic beverage consumed at least once a week, (%)",https://www.who.int/data/gho/indicator-metadata-registry/imr-details/4555,SA_0000001784_ISL,Data source,,PUBLISHED,Published,,2006,2006,,EUR,Europe,,ISL,Iceland,,MLE,Male,,15.0,15.0,,,,,
SA_0000001784,"15-years old, any alcoholic beverage consumed at least once a week, (%)",https://www.who.int/data/gho/indicator-metadata-registry/imr-details/4555,SA_0000001784_ISL,Data source,,PUBLISHED,Published,,2014,2014,,EUR,Europe,,ISL,Iceland,,MLE,Male,,3.0,3.0,,,,,
SA_0000001784,"15-years old, any alcoholic beverage consumed at least once a week, (%)",https://www.who.int/data/gho/indicator-metadata-registry/imr-details/4555,SA_0000001784_IRL,Data source,,PUBLISHED,Published,,2006,2006,,EUR,Europe,,IRL,Ireland,,MLE,Male,,19.0,19.0,,,,,
SA_0000001784,"15-years old, any alcoholic beverage consumed at least once a week, (%)",https://www.who.int/data/gho/indicator-metadata-registry/imr-details/4555,SA_0000001784_LUX,Data source,,PUBLISHED,Published,,2014,2014,,EUR,Europe,,LUX,Luxembourg,,FMLE,Female,,9.0,9.0,,,,,
SA_0000001784,"15-years old, any alcoholic beverage consumed at least once a week, (%)",https://www.who.int/data/gho/indicator-metadata-registry/imr-details/4555,SA_0000001784_MLT,Data source,,PUBLISHED,Published,,2006,2006,,EUR,Europe,,MLT,Malta,,FMLE,Female,,39.0,39.0,,,,,
SA_0000001784,"15-years old, any alcoholic beverage consumed at least once a week, (%)",https://www.who.int/data/gho/indicator-metadata-registry/imr-details/4555,SA_0000001784_MLT,Data source,,PUBLISHED,Published,,2014,2014,,EUR,Europe,,MLT,Malta,,FMLE,Female,,26.0,26.0,,,,,
SA_0000001784,"15-years old, any alcoholic beverage consumed at least once a week, (%)",https://www.who.int/data/gho/indicator-metadata-registry/imr-details/4555,SA_0000001784_NLD,Data source,,PUBLISHED,Published,,2014,2014,,EUR,Europe,,NLD,Netherlands,,MLE,Male,,18.0,18.0,,,,,
SA_0000001784,"15-years old, any alcoholic beverage consumed at least once a week, (%)",https://www.who.int/data/gho/indicator-metadata-registry/imr-details/4555,SA_0000001784_NOR,Data source,,PUBLISHED,Published,,2006,2006,,EUR,Europe,,NOR,Norway,,MLE,Male,,11.0,11.0,,,,,
SA_0000001784,"15-years old, any alcoholic beverage consumed at least once a week, (%)",https://www.who.int/data/gho/indicator-metadata-registry/imr-details/4555,SA_0000001784_SVK,Data source,,PUBLISHED,Published,,2014,2014,,EUR,Europe,,SVK,Slovakia,,FMLE,Female,,11.0,11.0,,,,,
SA_0000001784,"15-years old, any alcoholic beverage consumed at least once a week, (%)",https://www.who.int/data/gho/indicator-metadata-registry/imr-details/4555,SA_0000001784_SVN,Data source,,PUBLISHED,Published,,2006,2006,,EUR,Europe,,SVN,Slovenia,,FMLE,Female,,21.0,21.0,,,,,
SA_0000001784,"15-years old, any alcoholic beverage consumed at least once a week, (%)",https://www.who.int/data/gho/indicator-metadata-registry/imr-details/4555,SA_0000001784_ESP,Data source,,PUBLISHED,Published,,2014,2014,,EUR,Europe,,ESP,Spain,,MLE,Male,,11.0,11.0,,,,,
SA_0000001784,"15-years old, any alcoholic beverage consumed at least once a week, (%)",https://www.who.int/data/gho/indicator-metadata-registry/imr-details/4555,SA_0000001784_SWE,Data source,,PUBLISHED,Published,,2006,2006,,EUR,Europe,,SWE,Sweden,,MLE,Male,,15.0,15.0,,,,,
SA_0000001784,"15-years old, any alcoholic beverage consumed at least once a week, (%)",https://www.who.int/data/gho/indicator-metadata-registry/imr-details/4555,SA_0000001784_NOR,Data source,,PUBLISHED,Published,,2010,2010,,EUR,Europe,,NOR,Norway,,MLE,Male,,11.0,11.0,,,,,
SA_0000001784,"15-years old, any alcoholic beverage consumed at least once a week, (%)",https://www.who.int/data/gho/indicator-metadata-registry/imr-details/4555,SA_0000001784_ISL,Data source,,PUBLISHED,Published,,2010,2010,,EUR,Europe,,ISL,Iceland,,MLE,Male,,8.0,8.0,,,,,
SA_0000001784,"15-years old, any alcoholic beverage consumed at least once a week, (%)",https://www.who.int/data/gho/indicator-metadata-registry/imr-details/4555,SA_0000001784_HUN,Data source,,PUBLISHED,Published,,2010,2010,,EUR,Europe,,HUN,Hungary,,FMLE,Female,,20.0,20.0,,,,,
SA_0000001784,"15-years old, any alcoholic beverage consumed at least once a week, (%)",https://www.who.int/data/gho/indicator-metadata-registry/imr-details/4555,SA_0000001784_HRV,Data source,,PUBLISHED,Published,,2010,2010,,EUR,Europe,,HRV,Croatia,,MLE,Male,,43.0,43.0,,,,,
SA_0000001784,"15-years old, any alcoholic beverage consumed at least once a week, (%)",https://www.who.int/data/gho/indicator-metadata-registry/imr-details/4555,SA_0000001784_DNK,Data source,,PUBLISHED,Published,,2010,2010,,EUR,Europe,,DNK,Denmark,,FMLE,Female,,17.0,17.0,,,,,
SA_0000001784,"15-years old, any alcoholic beverage consumed at least once a week, (%)",https://www.who.int/data/gho/indicator-metadata-registry/imr-details/4555,SA_0000001784_SVK,Data source,,PUBLISHED,Published,,2010,2010,,EUR,Europe,,SVK,Slovakia,,FMLE,Female,,16.0,16.0,,,,,
SA_0000001784,"15-years old, any alcoholic beverage consumed at least once a week, (%)",https://www.who.int/data/gho/indicator-metadata-registry/imr-details/4555,SA_0000001784_UKR,Data source,,PUBLISHED,Published,,2010,2010,,EUR,Europe,,UKR,Ukraine,,MLE,Male,,44.0,44.0,,,,,
SA_0000001784,"15-years old, any alcoholic beverage consumed at least once a week, (%)",https://www.who.int/data/gho/indicator-metadata-registry/imr-details/4555,SA_0000001784_USA,Data source,,PUBLISHED,Published,,2010,2010,,AMR,Americas,,USA,United States of America,,FMLE,Female,,9.0,9.0,,,,,
SA_0000001784,"15-years old, any alcoholic beverage consumed at least once a week, (%)",https://www.who.int/data/gho/indicator-metadata-registry/imr-details/4555,SA_0000001784_BGR,Data source,,PUBLISHED,Published,,2005,2005,,EUR,Europe,,BGR,Bulgaria,,MLE,Male,,45.0,45.0,,,,,
SA_0000001784,"15-years old, any alcoholic beverage consumed at least once a week, (%)",https://www.who.int/data/gho/indicator-metadata-registry/imr-details/4555,SA_0000001784_DNK,Data source,,PUBLISHED,Published,,2005,2005,,EUR,Europe,,DNK,Denmark,,FMLE,Female,,26.0,26.0,,,,,
SA_0000001784,"15-years old, any alcoholic beverage consumed at least once a week, (%)",https://www.who.int/data/gho/indicator-metadata-registry/imr-details/4555,SA_0000001784_FRA,Data source,,PUBLISHED,Published,,2005,2005,,EUR,Europe,,FRA,France,,MLE,Male,,27.0,27.0,,,,,
SA_0000001784,"15-years old, any alcoholic beverage consumed at least once a week, (%)",https://www.who.int/data/gho/indicator-metadata-registry/imr-details/4555,SA_0000001784_IRL,Data source,,PUBLISHED,Published,,2005,2005,,EUR,Europe,,IRL,Ireland,,FMLE,Female,,19.0,19.0,,,,,
SA_0000001784,"15-years old, any alcoholic beverage consumed at least once a week, (%)",https://www.who.int/data/gho/indicator-metadata-registry/imr-details/4555,SA_0000001784_LTU,Data source,,PUBLISHED,Published,,2005,2005,,EUR,Europe,,LTU,Lithuania,,MLE,Male,,25.0,25.0,,,,,
SA_0000001784,"15-years old, any alcoholic beverage consumed at least once a week, (%)",https://www.who.int/data/gho/indicator-metadata-registry/imr-details/4555,SA_0000001784_NOR,Data source,,PUBLISHED,Published,,2005,2005,,EUR,Europe,,NOR,Norway,,FMLE,Female,,10.0,10.0,,,,,
SA_0000001784,"15-years old, any alcoholic beverage consumed at least once a week, (%)",https://www.who.int/data/gho/indicator-metadata-registry/imr-details/4555,SA_0000001784_SVK,Data source,,PUBLISHED,Published,,2005,2005,,EUR,Europe,,SVK,Slovakia,,MLE,Male,,32.0,32.0,,,,,
SA_0000001784,"15-years old, any alcoholic beverage consumed at least once a week, (%)",https://www.who.int/data/gho/indicator-metadata-registry/imr-details/4555,SA_0000001784_CHE,Data source,,PUBLISHED,Published,,2005,2005,,EUR,Europe,,CHE,Switzerland,,FMLE,Female,,16.0,16.0,,,,,
SA_0000001784,"15-years old, any alcoholic beverage consumed at least once a week, (%)",https://www.who.int/data/gho/indicator-metadata-registry/imr-details/4555,SA_0000001784_GBR,Data source,,PUBLISHED,Published,,2005,2005,,EUR,Europe,,GBR,United Kingdom of Great Britain and Northern Ireland,,MLE,Male,,40.7,40.7,,,,,
SA_0000001784,"15-years old, any alcoholic beverage consumed at least once a week, (%)",https://www.who.int/data/gho/indicator-metadata-registry/imr-details/4555,SA_0000001784_ALB,Data source,,PUBLISHED,Published,,2014,2014,,EUR,Europe,,ALB,Albania,,FMLE,Female,,10.0,10.0,,,,,
SA_0000001784,"15-years old, any alcoholic beverage consumed at least once a week, (%)",https://www.who.int/data/gho/indicator-metadata-registry/imr-details/4555,SA_0000001784_AUT,Data source,,PUBLISHED,Published,,2006,2006,,EUR,Europe,,AUT,Austria,,MLE,Male,,42.0,42.0,,,,,
SA_0000001784,"15-years old, any alcoholic beverage consumed at least once a week, (%)",https://www.who.int/data/gho/indicator-metadata-registry/imr-details/4555,SA_0000001784_BGR,Data source,,PUBLISHED,Published,,2006,2006,,EUR,Europe,,BGR,Bulgaria,,FMLE,Female,,33.0,33.0,,,,,
SA_0000001784,"15-years old, any alcoholic beverage consumed at least once a week, (%)",https://www.who.int/data/gho/indicator-metadata-registry/imr-details/4555,SA_0000001784_HRV,Data source,,PUBLISHED,Published,,2014,2014,,EUR,Europe,,HRV,Croatia,,MLE,Male,,33.0,33.0,,,,,
SA_0000001784,"15-years old, any alcoholic beverage consumed at least once a week, (%)",https://www.who.int/data/gho/indicator-metadata-registry/imr-details/4555,SA_0000001784_DNK,Data source,,PUBLISHED,Published,,2014,2014,,EUR,Europe,,DNK,Denmark,,FMLE,Female,,12.0,12.0,,,,,
SA_0000001784,"15-years old, any alcoholic beverage consumed at least once a week, (%)",https://www.who.int/data/gho/indicator-metadata-registry/imr-details/4555,SA_0000001784_FIN,Data source,,PUBLISHED,Published,,2006,2006,,EUR,Europe,,FIN,Finland,,MLE,Male,,12.0,12.0,,,,,
SA_0000001784,"15-years old, any alcoholic beverage consumed at least once a week, (%)",https://www.who.int/data/gho/indicator-metadata-registry/imr-details/4555,SA_0000001784_GRC,Data source,,PUBLISHED,Published,,2006,2006,,EUR,Europe,,GRC,Greece,,FMLE,Female,,24.0,24.0,,,,,
SA_0000001784,"15-years old, any alcoholic beverage consumed at least once a week, (%)",https://www.who.int/data/gho/indicator-metadata-registry/imr-details/4555,SA_0000001784_ISL,Data source,,PUBLISHED,Published,,2014,2014,,EUR,Europe,,ISL,Iceland,,FMLE,Female,,2.0,2.0,,,,,
SA_0000001784,"15-years old, any alcoholic beverage consumed at least once a week, (%)",https://www.who.int/data/gho/indicator-metadata-registry/imr-details/4555,SA_0000001784_ITA,Data source,,PUBLISHED,Published,,2006,2006,,EUR,Europe,,ITA,Italy,,MLE,Male,,47.0,47.0,,,,,
SA_0000001784,"15-years old, any alcoholic beverage consumed at least once a week, (%)",https://www.who.int/data/gho/indicator-metadata-registry/imr-details/4555,SA_0000001784_LTU,Data source,,PUBLISHED,Published,,2006,2006,,EUR,Europe,,LTU,Lithuania,,FMLE,Female,,20.0,20.0,,,,,
SA_0000001784,"15-years old, any alcoholic beverage consumed at least once a week, (%)",https://www.who.int/data/gho/indicator-metadata-registry/imr-details/4555,SA_0000001784_LUX,Data source,,PUBLISHED,Published,,2014,2014,,EUR,Europe,,LUX,Luxembourg,,MLE,Male,,14.0,14.0,,,,,
SA_0000001784,"15-years old, any alcoholic beverage consumed at least once a week, (%)",https://www.who.int/data/gho/indicator-metadata-registry/imr-details/4555,SA_0000001784_NOR,Data source,,PUBLISHED,Published,,2014,2014,,EUR,Europe,,NOR,Norway,,FMLE,Female,,4.0,4.0,,,,,
SA_0000001784,"15-years old, any alcoholic beverage consumed at least once a week, (%)",https://www.who.int/data/gho/indicator-metadata-registry/imr-details/4555,SA_0000001784_PRT,Data source,,PUBLISHED,Published,,2006,2006,,EUR,Europe,,PRT,Portugal,,MLE,Male,,19.0,19.0,,,,,
SA_0000001784,"15-years old, any alcoholic beverage consumed at least once a week, (%)",https://www.who.int/data/gho/indicator-metadata-registry/imr-details/4555,SA_0000001784_MDA,Data source,,PUBLISHED,Published,,2014,2014,,EUR,Europe,,MDA,Republic of Moldova,,FMLE,Female,,13.0,13.0,,,,,
SA_0000001784,"15-years old, any alcoholic beverage consumed at least once a week, (%)",https://www.who.int/data/gho/indicator-metadata-registry/imr-details/4555,SA_0000001784_SVN,Data source,,PUBLISHED,Published,,2006,2006,,EUR,Europe,,SVN,Slovenia,,MLE,Male,,36.0,36.0,,,,,
SA_0000001784,"15-years old, any alcoholic beverage consumed at least once a week, (%)",https://www.who.int/data/gho/indicator-metadata-registry/imr-details/4555,SA_0000001784_SWE,Data source,,PUBLISHED,Published,,2006,2006,,EUR,Europe,,SWE,Sweden,,FMLE,Female,,9.0,9.0,,,,,
SA_0000001784,"15-years old, any alcoholic beverage consumed at least once a week, (%)",https://www.who.int/data/gho/indicator-metadata-registry/imr-details/4555,SA_0000001784_CHE,Data source,,PUBLISHED,Published,,2014,2014,,EUR,Europe,,CHE,Switzerland,,MLE,Male,,11.0,11.0,,,,,
SA_0000001784,"15-years old, any alcoholic beverage consumed at least once a week, (%)",https://www.who.int/data/gho/indicator-metadata-registry/imr-details/4555,SA_0000001784_GBR,Data source,,PUBLISHED,Published,,2014,2014,,EUR,Europe,,GBR,United Kingdom of Great Britain and Northern Ireland,,FMLE,Female,,11.0,11.0,,,,,
SA_0000001784,"15-years old, any alcoholic beverage consumed at least once a week, (%)",https://www.who.int/data/gho/indicator-metadata-registry/imr-details/4555,SA_0000001784_PRT,Data source,,PUBLISHED,Published,,2010,2010,,EUR,Europe,,PRT,Portugal,,MLE,Male,,12.0,12.0,,,,,
SA_0000001784,"15-years old, any alcoholic beverage consumed at least once a week, (%)",https://www.who.int/data/gho/indicator-metadata-registry/imr-details/4555,SA_0000001784_LTU,Data source,,PUBLISHED,Published,,2010,2010,,EUR,Europe,,LTU,Lithuania,,FMLE,Female,,17.0,17.0,,,,,
SA_0000001784,"15-years old, any alcoholic beverage consumed at least once a week, (%)",https://www.who.int/data/gho/indicator-metadata-registry/imr-details/4555,SA_0000001784_ITA,Data source,,PUBLISHED,Published,,2010,2010,,EUR,Europe,,ITA,Italy,,MLE,Male,,39.0,39.0,,,,,
SA_0000001784,"15-years old, any alcoholic beverage consumed at least once a week, (%)",https://www.who.int/data/gho/indicator-metadata-registry/imr-details/4555,SA_0000001784_IRL,Data source,,PUBLISHED,Published,,2010,2010,,EUR,Europe,,IRL,Ireland,,FMLE,Female,,9.0,9.0,,,,,
SA_0000001784,"15-years old, any alcoholic beverage consumed at least once a week, (%)",https://www.who.int/data/gho/indicator-metadata-registry/imr-details/4555,SA_0000001784_ARM,Data source,,PUBLISHED,Published,,2010,2010,,EUR,Europe,,ARM,Armenia,,FMLE,Female,,11.0,11.0,,,,,
SA_0000001784,"15-years old, any alcoholic beverage consumed at least once a week, (%)",https://www.who.int/data/gho/indicator-metadata-registry/imr-details/4555,SA_0000001784_CAN,Data source,,PUBLISHED,Published,,2010,2010,,AMR,Americas,,CAN,Canada,,MLE,Male,,17.0,17.0,,,,,
SA_0000001784,"15-years old, any alcoholic beverage consumed at least once a week, (%)",https://www.who.int/data/gho/indicator-metadata-registry/imr-details/4555,SA_0000001784_EST,Data source,,PUBLISHED,Published,,2010,2010,,EUR,Europe,,EST,Estonia,,FMLE,Female,,13.0,13.0,,,,,
SA_0000001784,"15-years old, any alcoholic beverage consumed at least once a week, (%)",https://www.who.int/data/gho/indicator-metadata-registry/imr-details/4555,SA_0000001784_GRC,Data source,,PUBLISHED,Published,,2010,2010,,EUR,Europe,,GRC,Greece,,MLE,Male,,43.0,43.0,,,,,
SA_0000001784,"15-years old, any alcoholic beverage consumed at least once a week, (%)",https://www.who.int/data/gho/indicator-metadata-registry/imr-details/4555,SA_0000001784_ISR,Data source,,PUBLISHED,Published,,2010,2010,,EUR,Europe,,ISR,Israel,,FMLE,Female,,11.0,11.0,,,,,
SA_0000001784,"15-years old, any alcoholic beverage consumed at least once a week, (%)",https://www.who.int/data/gho/indicator-metadata-registry/imr-details/4555,SA_0000001784_LUX,Data source,,PUBLISHED,Published,,2010,2010,,EUR,Europe,,LUX,Luxembourg,,MLE,Male,,26.0,26.0,,,,,
SA_0000001784,"15-years old, any alcoholic beverage consumed at least once a week, (%)",https://www.who.int/data/gho/indicator-metadata-registry/imr-details/4555,SA_0000001784_PRT,Data source,,PUBLISHED,Published,,2010,2010,,EUR,Europe,,PRT,Portugal,,FMLE,Female,,6.0,6.0,,,,,
SA_0000001784,"15-years old, any alcoholic beverage consumed at least once a week, (%)",https://www.who.int/data/gho/indicator-metadata-registry/imr-details/4555,SA_0000001784_SVK,Data source,,PUBLISHED,Published,,2010,2010,,EUR,Europe,,SVK,Slovakia,,MLE,Male,,28.0,28.0,,,,,
SA_0000001784,"15-years old, any alcoholic beverage consumed at least once a week, (%)",https://www.who.int/data/gho/indicator-metadata-registry/imr-details/4555,SA_0000001784_SVN,Data source,,PUBLISHED,Published,,2010,2010,,EUR,Europe,,SVN,Slovenia,,MLE,Male,,33.0,33.0,,,,,
SA_0000001784,"15-years old, any alcoholic beverage consumed at least once a week, (%)",https://www.who.int/data/gho/indicator-metadata-registry/imr-details/4555,SA_0000001784_MKD,Data source,,PUBLISHED,Published,,2010,2010,,EUR,Europe,,MKD,Republic of North Macedonia,,FMLE,Female,,12.0,12.0,,,,,
SA_0000001784,"15-years old, any alcoholic beverage consumed at least once a week, (%)",https://www.who.int/data/gho/indicator-metadata-registry/imr-details/4555,SA_0000001784_AUT,Data source,,PUBLISHED,Published,,2005,2005,,EUR,Europe,,AUT,Austria,,MLE,Male,,42.0,42.0,,,,,
SA_0000001784,"15-years old, any alcoholic beverage consumed at least once a week, (%)",https://www.who.int/data/gho/indicator-metadata-registry/imr-details/4555,SA_0000001784_EST,Data source,,PUBLISHED,Published,,2005,2005,,EUR,Europe,,EST,Estonia,,FMLE,Female,,17.0,17.0,,,,,
SA_0000001784,"15-years old, any alcoholic beverage consumed at least once a week, (%)",https://www.who.int/data/gho/indicator-metadata-registry/imr-details/4555,SA_0000001784_FIN,Data source,,PUBLISHED,Published,,2005,2005,,EUR,Europe,,FIN,Finland,,FMLE,Female,,8.0,8.0,,,,,
SA_0000001784,"15-years old, any alcoholic beverage consumed at least once a week, (%)",https://www.who.int/data/gho/indicator-metadata-registry/imr-details/4555,SA_0000001784_FRA,Data source,,PUBLISHED,Published,,2005,2005,,EUR,Europe,,FRA,France,,FMLE,Female,,15.0,15.0,,,,,
SA_0000001784,"15-years old, any alcoholic beverage consumed at least once a week, (%)",https://www.who.int/data/gho/indicator-metadata-registry/imr-details/4555,SA_0000001784_IRL,Data source,,PUBLISHED,Published,,2005,2005,,EUR,Europe,,IRL,Ireland,,MLE,Male,,19.0,19.0,,,,,
SA_0000001784,"15-years old, any alcoholic beverage consumed at least once a week, (%)",https://www.who.int/data/gho/indicator-metadata-registry/imr-details/4555,SA_0000001784_ITA,Data source,,PUBLISHED,Published,,2005,2005,,EUR,Europe,,ITA,Italy,,MLE,Male,,47.0,47.0,,,,,
SA_0000001784,"15-years old, any alcoholic beverage consumed at least once a week, (%)",https://www.who.int/data/gho/indicator-metadata-registry/imr-details/4555,SA_0000001784_PRT,Data source,,PUBLISHED,Published,,2005,2005,,EUR,Europe,,PRT,Portugal,,FMLE,Female,,8.0,8.0,,,,,
SA_0000001784,"15-years old, any alcoholic beverage consumed at least once a week, (%)",https://www.who.int/data/gho/indicator-metadata-registry/imr-details/4555,SA_0000001784_ROU,Data source,,PUBLISHED,Published,,2005,2005,,EUR,Europe,,ROU,Romania,,FMLE,Female,,9.0,9.0,,,,,
SA_0000001784,"15-years old, any alcoholic beverage consumed at least once a week, (%)",https://www.who.int/data/gho/indicator-metadata-registry/imr-details/4555,SA_0000001784_MKD,Data source,,PUBLISHED,Published,,2005,2005,,EUR,Europe,,MKD,Republic of North Macedonia,,MLE,Male,,28.0,28.0,,,,,
SA_0000001784,"15-years old, any alcoholic beverage consumed at least once a week, (%)",https://www.who.int/data/gho/indicator-metadata-registry/imr-details/4555,SA_0000001784_UKR,Data source,,PUBLISHED,Published,,2005,2005,,EUR,Europe,,UKR,Ukraine,,MLE,Male,,59.0,59.0,,,,,
SA_0000001784,"15-years old, any alcoholic beverage consumed at least once a week, (%)",https://www.who.int/data/gho/indicator-metadata-registry/imr-details/4555,SA_0000001784_ARM,Data source,,PUBLISHED,Published,,2014,2014,,EUR,Europe,,ARM,Armenia,,FMLE,Female,,7.0,7.0,,,,,
SA_0000001784,"15-years old, any alcoholic beverage consumed at least once a week, (%)",https://www.who.int/data/gho/indicator-metadata-registry/imr-details/4555,SA_0000001784_BGR,Data source,,PUBLISHED,Published,,2014,2014,,EUR,Europe,,BGR,Bulgaria,,MLE,Male,,32.0,32.0,,,,,
SA_0000001784,"15-years old, any alcoholic beverage consumed at least once a week, (%)",https://www.who.int/data/gho/indicator-metadata-registry/imr-details/4555,SA_0000001784_CAN,Data source,,PUBLISHED,Published,,2006,2006,,AMR,Americas,,CAN,Canada,,MLE,Male,,19.0,19.0,,,,,
SA_0000001784,"15-years old, any alcoholic beverage consumed at least once a week, (%)",https://www.who.int/data/gho/indicator-metadata-registry/imr-details/4555,SA_0000001784_CAN,Data source,,PUBLISHED,Published,,2014,2014,,AMR,Americas,,CAN,Canada,,MLE,Male,,12.0,12.0,,,,,
SA_0000001784,"15-years old, any alcoholic beverage consumed at least once a week, (%)",https://www.who.int/data/gho/indicator-metadata-registry/imr-details/4555,SA_0000001784_EST,Data source,,PUBLISHED,Published,,2006,2006,,EUR,Europe,,EST,Estonia,,FMLE,Female,,17.0,17.0,,,,,
SA_0000001784,"15-years old, any alcoholic beverage consumed at least once a week, (%)",https://www.who.int/data/gho/indicator-metadata-registry/imr-details/4555,SA_0000001784_EST,Data source,,PUBLISHED,Published,,2014,2014,,EUR,Europe,,EST,Estonia,,FMLE,Female,,7.0,7.0,,,,,
SA_0000001784,"15-years old, any alcoholic beverage consumed at least once a week, (%)",https://www.who.int/data/gho/indicator-metadata-registry/imr-details/4555,SA_0000001784_GRC,Data source,,PUBLISHED,Published,,2006,2006,,EUR,Europe,,GRC,Greece,,MLE,Male,,42.0,42.0,,,,,
SA_0000001784,"15-years old, any alcoholic beverage consumed at least once a week, (%)",https://www.who.int/data/gho/indicator-metadata-registry/imr-details/4555,SA_0000001784_GRC,Data source,,PUBLISHED,Published,,2014,2014,,EUR,Europe,,GRC,Greece,,MLE,Male,,29.0,29.0,,,,,
SA_0000001784,"15-years old, any alcoholic beverage consumed at least once a week, (%)",https://www.who.int/data/gho/indicator-metadata-registry/imr-details/4555,SA_0000001784_IRL,Data source,,PUBLISHED,Published,,2014,2014,,EUR,Europe,,IRL,Ireland,,FMLE,Female,,4.0,4.0,,,,,
SA_0000001784,"15-years old, any alcoholic beverage consumed at least once a week, (%)",https://www.who.int/data/gho/indicator-metadata-registry/imr-details/4555,SA_0000001784_ISR,Data source,,PUBLISHED,Published,,2006,2006,,EUR,Europe,,ISR,Israel,,FMLE,Female,,11.0,11.0,,,,,
SA_0000001784,"15-years old, any alcoholic beverage consumed at least once a week, (%)",https://www.who.int/data/gho/indicator-metadata-registry/imr-details/4555,SA_0000001784_LTU,Data source,,PUBLISHED,Published,,2014,2014,,EUR,Europe,,LTU,Lithuania,,MLE,Male,,13.0,13.0,,,,,
SA_0000001784,"15-years old, any alcoholic beverage consumed at least once a week, (%)",https://www.who.int/data/gho/indicator-metadata-registry/imr-details/4555,SA_0000001784_LUX,Data source,,PUBLISHED,Published,,2006,2006,,EUR,Europe,,LUX,Luxembourg,,MLE,Male,,30.0,30.0,,,,,
SA_0000001784,"15-years old, any alcoholic beverage consumed at least once a week, (%)",https://www.who.int/data/gho/indicator-metadata-registry/imr-details/4555,SA_0000001784_POL,Data source,,PUBLISHED,Published,,2006,2006,,EUR,Europe,,POL,Poland,,FMLE,Female,,7.0,7.0,,,,,
SA_0000001784,"15-years old, any alcoholic beverage consumed at least once a week, (%)",https://www.who.int/data/gho/indicator-metadata-registry/imr-details/4555,SA_0000001784_POL,Data source,,PUBLISHED,Published,,2014,2014,,EUR,Europe,,POL,Poland,,FMLE,Female,,9.0,9.0,,,,,
SA_0000001784,"15-years old, any alcoholic beverage consumed at least once a week, (%)",https://www.who.int/data/gho/indicator-metadata-registry/imr-details/4555,SA_0000001784_RUS,Data source,,PUBLISHED,Published,,2014,2014,,EUR,Europe,,RUS,Russian Federation,,MLE,Male,,12.0,12.0,,,,,
SA_0000001784,"15-years old, any alcoholic beverage consumed at least once a week, (%)",https://www.who.int/data/gho/indicator-metadata-registry/imr-details/4555,SA_0000001784_SVK,Data source,,PUBLISHED,Published,,2006,2006,,EUR,Europe,,SVK,Slovakia,,MLE,Male,,32.0,32.0,,,,,
SA_0000001784,"15-years old, any alcoholic beverage consumed at least once a week, (%)",https://www.who.int/data/gho/indicator-metadata-registry/imr-details/4555,SA_0000001784_SWE,Data source,,PUBLISHED,Published,,2014,2014,,EUR,Europe,,SWE,Sweden,,FMLE,Female,,4.0,4.0,,,,,
SA_0000001784,"15-years old, any alcoholic beverage consumed at least once a week, (%)",https://www.who.int/data/gho/indicator-metadata-registry/imr-details/4555,SA_0000001784_CHE,Data source,,PUBLISHED,Published,,2006,2006,,EUR,Europe,,CHE,Switzerland,,FMLE,Female,,16.0,16.0,,,,,
SA_0000001784,"15-years old, any alcoholic beverage consumed at least once a week, (%)",https://www.who.int/data/gho/indicator-metadata-registry/imr-details/4555,SA_0000001784_CHE,Data source,,PUBLISHED,Published,,2014,2014,,EUR,Europe,,CHE,Switzerland,,FMLE,Female,,6.0,6.0,,,,,
SA_0000001784,"15-years old, any alcoholic beverage consumed at least once a week, (%)",https://www.who.int/data/gho/indicator-metadata-registry/imr-details/4555,SA_0000001784_GBR,Data source,,PUBLISHED,Published,,2014,2014,,EUR,Europe,,GBR,United Kingdom of Great Britain and Northern Ireland,,MLE,Male,,14.0,14.0,,,,,
SA_0000001784,"15-years old, any alcoholic beverage consumed at least once a week, (%)",https://www.who.int/data/gho/indicator-metadata-registry/imr-details/4555,SA_0000001784_USA,Data source,,PUBLISHED,Published,,2006,2006,,AMR,Americas,,USA,United States of America,,MLE,Male,,14.0,14.0,,,,,
SA_0000001784,"15-years old, any alcoholic beverage consumed at least once a week, (%)",https://www.who.int/data/gho/indicator-metadata-registry/imr-details/4555,SA_0000001784_ARM,Data source,,PUBLISHED,Published,,2010,2010,,EUR,Europe,,ARM,Armenia,,MLE,Male,,27.0,27.0,,,,,
SA_0000001784,"15-years old, any alcoholic beverage consumed at least once a week, (%)",https://www.who.int/data/gho/indicator-metadata-registry/imr-details/4555,SA_0000001784_CAN,Data source,,PUBLISHED,Published,,2010,2010,,AMR,Americas,,CAN,Canada,,FMLE,Female,,13.0,13.0,,,,,
SA_0000001784,"15-years old, any alcoholic beverage consumed at least once a week, (%)",https://www.who.int/data/gho/indicator-metadata-registry/imr-details/4555,SA_0000001784_EST,Data source,,PUBLISHED,Published,,2010,2010,,EUR,Europe,,EST,Estonia,,MLE,Male,,20.0,20.0,,,,,
SA_0000001784,"15-years old, any alcoholic beverage consumed at least once a week, (%)",https://www.who.int/data/gho/indicator-metadata-registry/imr-details/4555,SA_0000001784_GRC,Data source,,PUBLISHED,Published,,2010,2010,,EUR,Europe,,GRC,Greece,,FMLE,Female,,34.0,34.0,,,,,
SA_0000001784,"15-years old, any alcoholic beverage consumed at least once a week, (%)",https://www.who.int/data/gho/indicator-metadata-registry/imr-details/4555,SA_0000001784_IRL,Data source,,PUBLISHED,Published,,2010,2010,,EUR,Europe,,IRL,Ireland,,MLE,Male,,13.0,13.0,,,,,
SA_0000001784,"15-years old, any alcoholic beverage consumed at least once a week, (%)",https://www.who.int/data/gho/indicator-metadata-registry/imr-details/4555,SA_0000001784_ISR,Data source,,PUBLISHED,Published,,2005,2005,,EUR,Europe,,ISR,Israel,,MLE,Male,,22.0,22.0,,,,,
SA_0000001784,"15-years old, any alcoholic beverage consumed at least once a week, (%)",https://www.who.int/data/gho/indicator-metadata-registry/imr-details/4555,SA_0000001784_LUX,Data source,,PUBLISHED,Published,,2010,2010,,EUR,Europe,,LUX,Luxembourg,,FMLE,Female,,15.0,15.0,,,,,
SA_0000001784,"15-years old, any alcoholic beverage consumed at least once a week, (%)",https://www.who.int/data/gho/indicator-metadata-registry/imr-details/4555,SA_0000001784_POL,Data source,,PUBLISHED,Published,,2010,2010,,EUR,Europe,,POL,Poland,,MLE,Male,,17.0,17.0,,,,,
SA_0000001784,"15-years old, any alcoholic beverage consumed at least once a week, (%)",https://www.who.int/data/gho/indicator-metadata-registry/imr-details/4555,SA_0000001784_SVN,Data source,,PUBLISHED,Published,,2010,2010,,EUR,Europe,,SVN,Slovenia,,FMLE,Female,,20.0,20.0,,,,,
SA_0000001784,"15-years old, any alcoholic beverage consumed at least once a week, (%)",https://www.who.int/data/gho/indicator-metadata-registry/imr-details/4555,SA_0000001784_MKD,Data source,,PUBLISHED,Published,,2010,2010,,EUR,Europe,,MKD,Republic of North Macedonia,,MLE,Male,,23.0,23.0,,,,,
SA_0000001784,"15-years old, any alcoholic beverage consumed at least once a week, (%)",https://www.who.int/data/gho/indicator-metadata-registry/imr-details/4555,SA_0000001784_AUT,Data source,,PUBLISHED,Published,,2005,2005,,EUR,Europe,,AUT,Austria,,FMLE,Female,,35.0,35.0,,,,,
SA_0000001784,"15-years old, any alcoholic beverage consumed at least once a week, (%)",https://www.who.int/data/gho/indicator-metadata-registry/imr-details/4555,SA_0000001784_EST,Data source,,PUBLISHED,Published,,2005,2005,,EUR,Europe,,EST,Estonia,,MLE,Male,,27.0,27.0,,,,,
SA_0000001784,"15-years old, any alcoholic beverage consumed at least once a week, (%)",https://www.who.int/data/gho/indicator-metadata-registry/imr-details/4555,SA_0000001784_FIN,Data source,,PUBLISHED,Published,,2005,2005,,EUR,Europe,,FIN,Finland,,MLE,Male,,12.0,12.0,,,,,
SA_0000001784,"15-years old, any alcoholic beverage consumed at least once a week, (%)",https://www.who.int/data/gho/indicator-metadata-registry/imr-details/4555,SA_0000001784_ITA,Data source,,PUBLISHED,Published,,2005,2005,,EUR,Europe,,ITA,Italy,,FMLE,Female,,30.0,30.0,,,,,
SA_0000001784,"15-years old, any alcoholic beverage consumed at least once a week, (%)",https://www.who.int/data/gho/indicator-metadata-registry/imr-details/4555,SA_0000001784_LVA,Data source,,PUBLISHED,Published,,2005,2005,,EUR,Europe,,LVA,Latvia,,FMLE,Female,,24.0,24.0,,,,,
SA_0000001784,"15-years old, any alcoholic beverage consumed at least once a week, (%)",https://www.who.int/data/gho/indicator-metadata-registry/imr-details/4555,SA_0000001784_PRT,Data source,,PUBLISHED,Published,,2005,2005,,EUR,Europe,,PRT,Portugal,,MLE,Male,,19.0,19.0,,,,,
SA_0000001784,"15-years old, any alcoholic beverage consumed at least once a week, (%)",https://www.who.int/data/gho/indicator-metadata-registry/imr-details/4555,SA_0000001784_ROU,Data source,,PUBLISHED,Published,,2005,2005,,EUR,Europe,,ROU,Romania,,MLE,Male,,30.0,30.0,,,,,
SA_0000001784,"15-years old, any alcoholic beverage consumed at least once a week, (%)",https://www.who.int/data/gho/indicator-metadata-registry/imr-details/4555,SA_0000001784_UKR,Data source,,PUBLISHED,Published,,2005,2005,,EUR,Europe,,UKR,Ukraine,,FMLE,Female,,47.0,47.0,,,,,
SA_0000001784,"15-years old, any alcoholic beverage consumed at least once a week, (%)",https://www.who.int/data/gho/indicator-metadata-registry/imr-details/4555,SA_0000001784_GBR,Data source,,PUBLISHED,Published,,2005,2005,,EUR,Europe,,GBR,United Kingdom of Great Britain and Northern Ireland,,FMLE,Female,,37.3,37.3,,,,,
SA_0000001784,"15-years old, any alcoholic beverage consumed at least once a week, (%)",https://www.who.int/data/gho/indicator-metadata-registry/imr-details/4555,SA_0000001784_ALB,Data source,,PUBLISHED,Published,,2014,2014,,EUR,Europe,,ALB,Albania,,MLE,Male,,23.0,23.0,,,,,
SA_0000001784,"15-years old, any alcoholic beverage consumed at least once a week, (%)",https://www.who.int/data/gho/indicator-metadata-registry/imr-details/4555,SA_0000001784_CAN,Data source,,PUBLISHED,Published,,2006,2006,,AMR,Americas,,CAN,Canada,,FMLE,Female,,16.0,16.0,,,,,
SA_0000001784,"15-years old, any alcoholic beverage consumed at least once a week, (%)",https://www.who.int/data/gho/indicator-metadata-registry/imr-details/4555,SA_0000001784_CAN,Data source,,PUBLISHED,Published,,2014,2014,,AMR,Americas,,CAN,Canada,,FMLE,Female,,8.0,8.0,,,,,
SA_0000001784,"15-years old, any alcoholic beverage consumed at least once a week, (%)",https://www.who.int/data/gho/indicator-metadata-registry/imr-details/4555,SA_0000001784_EST,Data source,,PUBLISHED,Published,,2006,2006,,EUR,Europe,,EST,Estonia,,MLE,Male,,27.0,27.0,,,,,
SA_0000001784,"15-years old, any alcoholic beverage consumed at least once a week, (%)",https://www.who.int/data/gho/indicator-metadata-registry/imr-details/4555,SA_0000001784_EST,Data source,,PUBLISHED,Published,,2014,2014,,EUR,Europe,,EST,Estonia,,MLE,Male,,12.0,12.0,,,,,
SA_0000001784,"15-years old, any alcoholic beverage consumed at least once a week, (%)",https://www.who.int/data/gho/indicator-metadata-registry/imr-details/4555,SA_0000001784_GRC,Data source,,PUBLISHED,Published,,2014,2014,,EUR,Europe,,GRC,Greece,,FMLE,Female,,18.0,18.0,,,,,
SA_0000001784,"15-years old, any alcoholic beverage consumed at least once a week, (%)",https://www.who.int/data/gho/indicator-metadata-registry/imr-details/4555,SA_0000001784_IRL,Data source,,PUBLISHED,Published,,2014,2014,,EUR,Europe,,IRL,Ireland,,MLE,Male,,6.0,6.0,,,,,
SA_0000001784,"15-years old, any alcoholic beverage consumed at least once a week, (%)",https://www.who.int/data/gho/indicator-metadata-registry/imr-details/4555,SA_0000001784_ISR,Data source,,PUBLISHED,Published,,2006,2006,,EUR,Europe,,ISR,Israel,,MLE,Male,,22.0,22.0,,,,,
SA_0000001784,"15-years old, any alcoholic beverage consumed at least once a week, (%)",https://www.who.int/data/gho/indicator-metadata-registry/imr-details/4555,SA_0000001784_LTU,Data source,,PUBLISHED,Published,,2014,2014,,EUR,Europe,,LTU,Lithuania,,FMLE,Female,,6.0,6.0,,,,,
SA_0000001784,"15-years old, any alcoholic beverage consumed at least once a week, (%)",https://www.who.int/data/gho/indicator-metadata-registry/imr-details/4555,SA_0000001784_LUX,Data source,,PUBLISHED,Published,,2006,2006,,EUR,Europe,,LUX,Luxembourg,,FMLE,Female,,19.0,19.0,,,,,
SA_0000001784,"15-years old, any alcoholic beverage consumed at least once a week, (%)",https://www.who.int/data/gho/indicator-metadata-registry/imr-details/4555,SA_0000001784_NOR,Data source,,PUBLISHED,Published,,2014,2014,,EUR,Europe,,NOR,Norway,,MLE,Male,,3.0,3.0,,,,,
SA_0000001784,"15-years old, any alcoholic beverage consumed at least once a week, (%)",https://www.who.int/data/gho/indicator-metadata-registry/imr-details/4555,SA_0000001784_POL,Data source,,PUBLISHED,Published,,2006,2006,,EUR,Europe,,POL,Poland,,MLE,Male,,17.0,17.0,,,,,
SA_0000001784,"15-years old, any alcoholic beverage consumed at least once a week, (%)",https://www.who.int/data/gho/indicator-metadata-registry/imr-details/4555,SA_0000001784_RUS,Data source,,PUBLISHED,Published,,2014,2014,,EUR,Europe,,RUS,Russian Federation,,FMLE,Female,,6.0,6.0,,,,,
SA_0000001784,"15-years old, any alcoholic beverage consumed at least once a week, (%)",https://www.who.int/data/gho/indicator-metadata-registry/imr-details/4555,SA_0000001784_SVK,Data source,,PUBLISHED,Published,,2006,2006,,EUR,Europe,,SVK,Slovakia,,FMLE,Female,,20.0,20.0,,,,,
SA_0000001784,"15-years old, any alcoholic beverage consumed at least once a week, (%)",https://www.who.int/data/gho/indicator-metadata-registry/imr-details/4555,SA_0000001784_SWE,Data source,,PUBLISHED,Published,,2014,2014,,EUR,Europe,,SWE,Sweden,,MLE,Male,,5.0,5.0,,,,,
SA_0000001784,"15-years old, any alcoholic beverage consumed at least once a week, (%)",https://www.who.int/data/gho/indicator-metadata-registry/imr-details/4555,SA_0000001784_CHE,Data source,,PUBLISHED,Published,,2006,2006,,EUR,Europe,,CHE,Switzerland,,MLE,Male,,27.0,27.0,,,,,
SA_0000001784,"15-years old, any alcoholic beverage consumed at least once a week, (%)",https://www.who.int/data/gho/indicator-metadata-registry/imr-details/4555,SA_0000001784_USA,Data source,,PUBLISHED,Published,,2006,2006,,AMR,Americas,,USA,United States of America,,FMLE,Female,,12.0,12.0,,,,,
