GHO (CODE),GHO (DISPLAY),GHO (URL),PUBLISHSTATE (CODE),PUBLISHSTATE (DISPLAY),PUBLISHSTATE (URL),YEAR (CODE),YEAR (DISPLAY),YEAR (URL),REGION (CODE),REGION (DISPLAY),REGION (URL),COUNTRY (CODE),COUNTRY (DISPLAY),COUNTRY (URL),Display Value,Numeric,Low,High,StdErr,StdDev,Comments
SA_0000001734_ARCHIVED,Number of standard alcoholic drinks displayed on containers,https://www.who.int/data/gho/indicator-metadata-registry/imr-details/3788,PUBLISHED,Published,,2012,2012,,EUR,Europe,,ALB,Albania,,No,,,,,,
SA_0000001734_ARCHIVED,Number of standard alcoholic drinks displayed on containers,https://www.who.int/data/gho/indicator-metadata-registry/imr-details/3788,PUBLISHED,Published,,2012,2012,,AFR,Africa,,DZA,Algeria,,No,,,,,,
SA_0000001734_ARCHIVED,Number of standard alcoholic drinks displayed on containers,https://www.who.int/data/gho/indicator-metadata-registry/imr-details/3788,PUBLISHED,Published,,2012,2012,,EUR,Europe,,AND,Andorra,,No,,,,,,
SA_0000001734_ARCHIVED,Number of standard alcoholic drinks displayed on containers,https://www.who.int/data/gho/indicator-metadata-registry/imr-details/3788,PUBLISHED,Published,,2012,2012,,AFR,Africa,,AGO,Angola,,No,,,,,,
SA_0000001734_ARCHIVED,Number of standard alcoholic drinks displayed on containers,https://www.who.int/data/gho/indicator-metadata-registry/imr-details/3788,PUBLISHED,Published,,2012,2012,,SEAR,South-East Asia,,BTN,Bhutan,,No,,,,,,
SA_0000001734_ARCHIVED,Number of standard alcoholic drinks displayed on containers,https://www.who.int/data/gho/indicator-metadata-registry/imr-details/3788,PUBLISHED,Published,,2012,2012,,EUR,Europe,,BIH,Bosnia and Herzegovina,,No,,,,,,
SA_0000001734_ARCHIVED,Number of standard alcoholic drinks displayed on containers,https://www.who.int/data/gho/indicator-metadata-registry/imr-details/3788,PUBLISHED,Published,,2012,2012,,EUR,Europe,,BGR,Bulgaria,,No,,,,,,
SA_0000001734_ARCHIVED,Number of standard alcoholic drinks displayed on containers,https://www.who.int/data/gho/indicator-metadata-registry/imr-details/3788,PUBLISHED,Published,,2012,2012,,AFR,Africa,,BFA,Burkina Faso,,Yes,,,,,,
SA_0000001734_ARCHIVED,Number of standard alcoholic drinks displayed on containers,https://www.who.int/data/gho/indicator-metadata-registry/imr-details/3788,PUBLISHED,Published,,2012,2012,,AFR,Africa,,BDI,Burundi,,No,,,,,,
SA_0000001734_ARCHIVED,Number of standard alcoholic drinks displayed on containers,https://www.who.int/data/gho/indicator-metadata-registry/imr-details/3788,PUBLISHED,Published,,2012,2012,,AMR,Americas,,CHL,Chile,,No,,,,,,
SA_0000001734_ARCHIVED,Number of standard alcoholic drinks displayed on containers,https://www.who.int/data/gho/indicator-metadata-registry/imr-details/3788,PUBLISHED,Published,,2012,2012,,WPR,Western Pacific,,CHN,China,,No,,,,,,
SA_0000001734_ARCHIVED,Number of standard alcoholic drinks displayed on containers,https://www.who.int/data/gho/indicator-metadata-registry/imr-details/3788,PUBLISHED,Published,,2012,2012,,AFR,Africa,,COD,Democratic Republic of the Congo,,No,,,,,,
SA_0000001734_ARCHIVED,Number of standard alcoholic drinks displayed on containers,https://www.who.int/data/gho/indicator-metadata-registry/imr-details/3788,PUBLISHED,Published,,2012,2012,,AMR,Americas,,DOM,Dominican Republic,,No,,,,,,
SA_0000001734_ARCHIVED,Number of standard alcoholic drinks displayed on containers,https://www.who.int/data/gho/indicator-metadata-registry/imr-details/3788,PUBLISHED,Published,,2012,2012,,AMR,Americas,,SLV,El Salvador,,No,,,,,,
SA_0000001734_ARCHIVED,Number of standard alcoholic drinks displayed on containers,https://www.who.int/data/gho/indicator-metadata-registry/imr-details/3788,PUBLISHED,Published,,2012,2012,,EUR,Europe,,FRA,France,,No,,,,,,
SA_0000001734_ARCHIVED,Number of standard alcoholic drinks displayed on containers,https://www.who.int/data/gho/indicator-metadata-registry/imr-details/3788,PUBLISHED,Published,,2012,2012,,EUR,Europe,,GEO,Georgia,,No,,,,,,
SA_0000001734_ARCHIVED,Number of standard alcoholic drinks displayed on containers,https://www.who.int/data/gho/indicator-metadata-registry/imr-details/3788,PUBLISHED,Published,,2012,2012,,EUR,Europe,,GRC,Greece,,No,,,,,,
SA_0000001734_ARCHIVED,Number of standard alcoholic drinks displayed on containers,https://www.who.int/data/gho/indicator-metadata-registry/imr-details/3788,PUBLISHED,Published,,2012,2012,,AFR,Africa,,GNB,Guinea-Bissau,,No,,,,,,
SA_0000001734_ARCHIVED,Number of standard alcoholic drinks displayed on containers,https://www.who.int/data/gho/indicator-metadata-registry/imr-details/3788,PUBLISHED,Published,,2012,2012,,AMR,Americas,,HND,Honduras,,No,,,,,,
SA_0000001734_ARCHIVED,Number of standard alcoholic drinks displayed on containers,https://www.who.int/data/gho/indicator-metadata-registry/imr-details/3788,PUBLISHED,Published,,2012,2012,,EUR,Europe,,ISL,Iceland,,No,,,,,,
SA_0000001734_ARCHIVED,Number of standard alcoholic drinks displayed on containers,https://www.who.int/data/gho/indicator-metadata-registry/imr-details/3788,PUBLISHED,Published,,2012,2012,,SEAR,South-East Asia,,IND,India,,No,,,,,,
SA_0000001734_ARCHIVED,Number of standard alcoholic drinks displayed on containers,https://www.who.int/data/gho/indicator-metadata-registry/imr-details/3788,PUBLISHED,Published,,2012,2012,,WPR,Western Pacific,,JPN,Japan,,No,,,,,,
SA_0000001734_ARCHIVED,Number of standard alcoholic drinks displayed on containers,https://www.who.int/data/gho/indicator-metadata-registry/imr-details/3788,PUBLISHED,Published,,2012,2012,,EMR,Eastern Mediterranean,,JOR,Jordan,,No,,,,,,
SA_0000001734_ARCHIVED,Number of standard alcoholic drinks displayed on containers,https://www.who.int/data/gho/indicator-metadata-registry/imr-details/3788,PUBLISHED,Published,,2012,2012,,EUR,Europe,,KGZ,Kyrgyzstan,,No,,,,,,
SA_0000001734_ARCHIVED,Number of standard alcoholic drinks displayed on containers,https://www.who.int/data/gho/indicator-metadata-registry/imr-details/3788,PUBLISHED,Published,,2012,2012,,AFR,Africa,,LSO,Lesotho,,No,,,,,,
SA_0000001734_ARCHIVED,Number of standard alcoholic drinks displayed on containers,https://www.who.int/data/gho/indicator-metadata-registry/imr-details/3788,PUBLISHED,Published,,2012,2012,,AFR,Africa,,LBR,Liberia,,No,,,,,,
SA_0000001734_ARCHIVED,Number of standard alcoholic drinks displayed on containers,https://www.who.int/data/gho/indicator-metadata-registry/imr-details/3788,PUBLISHED,Published,,2012,2012,,AFR,Africa,,MWI,Malawi,,No,,,,,,
SA_0000001734_ARCHIVED,Number of standard alcoholic drinks displayed on containers,https://www.who.int/data/gho/indicator-metadata-registry/imr-details/3788,PUBLISHED,Published,,2012,2012,,WPR,Western Pacific,,MYS,Malaysia,,No,,,,,,
SA_0000001734_ARCHIVED,Number of standard alcoholic drinks displayed on containers,https://www.who.int/data/gho/indicator-metadata-registry/imr-details/3788,PUBLISHED,Published,,2012,2012,,AFR,Africa,,MLI,Mali,,No,,,,,,
SA_0000001734_ARCHIVED,Number of standard alcoholic drinks displayed on containers,https://www.who.int/data/gho/indicator-metadata-registry/imr-details/3788,PUBLISHED,Published,,2012,2012,,WPR,Western Pacific,,FSM,Micronesia (Federated States of),,No,,,,,,
SA_0000001734_ARCHIVED,Number of standard alcoholic drinks displayed on containers,https://www.who.int/data/gho/indicator-metadata-registry/imr-details/3788,PUBLISHED,Published,,2012,2012,,WPR,Western Pacific,,MNG,Mongolia,,No,,,,,,
SA_0000001734_ARCHIVED,Number of standard alcoholic drinks displayed on containers,https://www.who.int/data/gho/indicator-metadata-registry/imr-details/3788,PUBLISHED,Published,,2012,2012,,SEAR,South-East Asia,,NPL,Nepal,,No,,,,,,
SA_0000001734_ARCHIVED,Number of standard alcoholic drinks displayed on containers,https://www.who.int/data/gho/indicator-metadata-registry/imr-details/3788,PUBLISHED,Published,,2012,2012,,EUR,Europe,,NLD,Netherlands,,No,,,,,,
SA_0000001734_ARCHIVED,Number of standard alcoholic drinks displayed on containers,https://www.who.int/data/gho/indicator-metadata-registry/imr-details/3788,PUBLISHED,Published,,2012,2012,,WPR,Western Pacific,,NZL,New Zealand,,Yes,,,,,,
SA_0000001734_ARCHIVED,Number of standard alcoholic drinks displayed on containers,https://www.who.int/data/gho/indicator-metadata-registry/imr-details/3788,PUBLISHED,Published,,2012,2012,,EUR,Europe,,NOR,Norway,,No,,,,,,
SA_0000001734_ARCHIVED,Number of standard alcoholic drinks displayed on containers,https://www.who.int/data/gho/indicator-metadata-registry/imr-details/3788,PUBLISHED,Published,,2012,2012,,EMR,Eastern Mediterranean,,OMN,Oman,,No,,,,,,
SA_0000001734_ARCHIVED,Number of standard alcoholic drinks displayed on containers,https://www.who.int/data/gho/indicator-metadata-registry/imr-details/3788,PUBLISHED,Published,,2012,2012,,EMR,Eastern Mediterranean,,PAK,Pakistan,,No,,,,,,
SA_0000001734_ARCHIVED,Number of standard alcoholic drinks displayed on containers,https://www.who.int/data/gho/indicator-metadata-registry/imr-details/3788,PUBLISHED,Published,,2012,2012,,AMR,Americas,,PER,Peru,,Yes,,,,,,
SA_0000001734_ARCHIVED,Number of standard alcoholic drinks displayed on containers,https://www.who.int/data/gho/indicator-metadata-registry/imr-details/3788,PUBLISHED,Published,,2012,2012,,WPR,Western Pacific,,PHL,Philippines,,No,,,,,,
SA_0000001734_ARCHIVED,Number of standard alcoholic drinks displayed on containers,https://www.who.int/data/gho/indicator-metadata-registry/imr-details/3788,PUBLISHED,Published,,2012,2012,,EUR,Europe,,POL,Poland,,No,,,,,,
SA_0000001734_ARCHIVED,Number of standard alcoholic drinks displayed on containers,https://www.who.int/data/gho/indicator-metadata-registry/imr-details/3788,PUBLISHED,Published,,2012,2012,,AFR,Africa,,RWA,Rwanda,,No,,,,,,
SA_0000001734_ARCHIVED,Number of standard alcoholic drinks displayed on containers,https://www.who.int/data/gho/indicator-metadata-registry/imr-details/3788,PUBLISHED,Published,,2012,2012,,AMR,Americas,,KNA,Saint Kitts and Nevis,,No,,,,,,
SA_0000001734_ARCHIVED,Number of standard alcoholic drinks displayed on containers,https://www.who.int/data/gho/indicator-metadata-registry/imr-details/3788,PUBLISHED,Published,,2012,2012,,AMR,Americas,,LCA,Saint Lucia,,No,,,,,,
SA_0000001734_ARCHIVED,Number of standard alcoholic drinks displayed on containers,https://www.who.int/data/gho/indicator-metadata-registry/imr-details/3788,PUBLISHED,Published,,2012,2012,,AFR,Africa,,SEN,Senegal,,No,,,,,,
SA_0000001734_ARCHIVED,Number of standard alcoholic drinks displayed on containers,https://www.who.int/data/gho/indicator-metadata-registry/imr-details/3788,PUBLISHED,Published,,2012,2012,,EUR,Europe,,SRB,Serbia,,No,,,,,,
SA_0000001734_ARCHIVED,Number of standard alcoholic drinks displayed on containers,https://www.who.int/data/gho/indicator-metadata-registry/imr-details/3788,PUBLISHED,Published,,2012,2012,,AFR,Africa,,SYC,Seychelles,,No,,,,,,
SA_0000001734_ARCHIVED,Number of standard alcoholic drinks displayed on containers,https://www.who.int/data/gho/indicator-metadata-registry/imr-details/3788,PUBLISHED,Published,,2012,2012,,EUR,Europe,,SVN,Slovenia,,No,,,,,,
SA_0000001734_ARCHIVED,Number of standard alcoholic drinks displayed on containers,https://www.who.int/data/gho/indicator-metadata-registry/imr-details/3788,PUBLISHED,Published,,2012,2012,,EUR,Europe,,ESP,Spain,,No,,,,,,
SA_0000001734_ARCHIVED,Number of standard alcoholic drinks displayed on containers,https://www.who.int/data/gho/indicator-metadata-registry/imr-details/3788,PUBLISHED,Published,,2012,2012,,EUR,Europe,,SWE,Sweden,,No,,,,,,
SA_0000001734_ARCHIVED,Number of standard alcoholic drinks displayed on containers,https://www.who.int/data/gho/indicator-metadata-registry/imr-details/3788,PUBLISHED,Published,,2012,2012,,EUR,Europe,,TJK,Tajikistan,,No,,,,,,
SA_0000001734_ARCHIVED,Number of standard alcoholic drinks displayed on containers,https://www.who.int/data/gho/indicator-metadata-registry/imr-details/3788,PUBLISHED,Published,,2012,2012,,SEAR,South-East Asia,,THA,Thailand,,Yes,,,,,,
SA_0000001734_ARCHIVED,Number of standard alcoholic drinks displayed on containers,https://www.who.int/data/gho/indicator-metadata-registry/imr-details/3788,PUBLISHED,Published,,2012,2012,,WPR,Western Pacific,,TON,Tonga,,No,,,,,,
SA_0000001734_ARCHIVED,Number of standard alcoholic drinks displayed on containers,https://www.who.int/data/gho/indicator-metadata-registry/imr-details/3788,PUBLISHED,Published,,2012,2012,,AMR,Americas,,TTO,Trinidad and Tobago,,No,,,,,,
SA_0000001734_ARCHIVED,Number of standard alcoholic drinks displayed on containers,https://www.who.int/data/gho/indicator-metadata-registry/imr-details/3788,PUBLISHED,Published,,2012,2012,,EUR,Europe,,GBR,United Kingdom of Great Britain and Northern Ireland,,No,,,,,,
SA_0000001734_ARCHIVED,Number of standard alcoholic drinks displayed on containers,https://www.who.int/data/gho/indicator-metadata-registry/imr-details/3788,PUBLISHED,Published,,2012,2012,,AFR,Africa,,TZA,United Republic of Tanzania,,No,,,,,,
SA_0000001734_ARCHIVED,Number of standard alcoholic drinks displayed on containers,https://www.who.int/data/gho/indicator-metadata-registry/imr-details/3788,PUBLISHED,Published,,2012,2012,,AMR,Americas,,USA,United States of America,,No,,,,,,
SA_0000001734_ARCHIVED,Number of standard alcoholic drinks displayed on containers,https://www.who.int/data/gho/indicator-metadata-registry/imr-details/3788,PUBLISHED,Published,,2012,2012,,AMR,Americas,,URY,Uruguay,,No,,,,,,
SA_0000001734_ARCHIVED,Number of standard alcoholic drinks displayed on containers,https://www.who.int/data/gho/indicator-metadata-registry/imr-details/3788,PUBLISHED,Published,,2012,2012,,WPR,Western Pacific,,VNM,Viet Nam,,No,,,,,,
SA_0000001734_ARCHIVED,Number of standard alcoholic drinks displayed on containers,https://www.who.int/data/gho/indicator-metadata-registry/imr-details/3788,PUBLISHED,Published,,2012,2012,,AFR,Africa,,ZWE,Zimbabwe,,No,,,,,,
SA_0000001734_ARCHIVED,Number of standard alcoholic drinks displayed on containers,https://www.who.int/data/gho/indicator-metadata-registry/imr-details/3788,PUBLISHED,Published,,2012,2012,,EMR,Eastern Mediterranean,,KWT,Kuwait,,,,,,,,missing data
SA_0000001734_ARCHIVED,Number of standard alcoholic drinks displayed on containers,https://www.who.int/data/gho/indicator-metadata-registry/imr-details/3788,PUBLISHED,Published,,2012,2012,,EMR,Eastern Mediterranean,,LBY,Libya,,,,,,,,missing data
SA_0000001734_ARCHIVED,Number of standard alcoholic drinks displayed on containers,https://www.who.int/data/gho/indicator-metadata-registry/imr-details/3788,PUBLISHED,Published,,2012,2012,,SEAR,South-East Asia,,BGD,Bangladesh,,,,,,,,missing data
SA_0000001734_ARCHIVED,Number of standard alcoholic drinks displayed on containers,https://www.who.int/data/gho/indicator-metadata-registry/imr-details/3788,PUBLISHED,Published,,2012,2012,,AMR,Americas,,BOL,Bolivia (Plurinational State of),,,,,,,,missing data
SA_0000001734_ARCHIVED,Number of standard alcoholic drinks displayed on containers,https://www.who.int/data/gho/indicator-metadata-registry/imr-details/3788,PUBLISHED,Published,,2012,2012,,EMR,Eastern Mediterranean,,IRN,Iran (Islamic Republic of),,,,,,,,missing data
SA_0000001734_ARCHIVED,Number of standard alcoholic drinks displayed on containers,https://www.who.int/data/gho/indicator-metadata-registry/imr-details/3788,PUBLISHED,Published,,2012,2012,,EUR,Europe,,KAZ,Kazakhstan,,,,,,,,missing data
SA_0000001734_ARCHIVED,Number of standard alcoholic drinks displayed on containers,https://www.who.int/data/gho/indicator-metadata-registry/imr-details/3788,PUBLISHED,Published,,2012,2012,,WPR,Western Pacific,,NRU,Nauru,,,,,,,,missing data
SA_0000001734_ARCHIVED,Number of standard alcoholic drinks displayed on containers,https://www.who.int/data/gho/indicator-metadata-registry/imr-details/3788,PUBLISHED,Published,,2012,2012,,EMR,Eastern Mediterranean,,TUN,Tunisia,,,,,,,,missing data
SA_0000001734_ARCHIVED,Number of standard alcoholic drinks displayed on containers,https://www.who.int/data/gho/indicator-metadata-registry/imr-details/3788,PUBLISHED,Published,,2012,2012,,EMR,Eastern Mediterranean,,YEM,Yemen,,,,,,,,missing data
