GHO (CODE),GHO (DISPLAY),GHO (URL),DATASOURCE (CODE),DATASOURCE (DISPLAY),DATASOURCE (URL),PUBLISHSTATE (CODE),PUBLISHSTATE (DISPLAY),PUBLISHSTATE (URL),YEAR (CODE),YEAR (DISPLAY),YEAR (URL),REGION (CODE),REGION (DISPLAY),REGION (URL),COUNTRY (CODE),COUNTRY (DISPLAY),COUNTRY (URL),Display Value,Numeric,Low,High,StdErr,StdDev,Comments
SA_0000001790,National drinking guidelines,https://www.who.int/data/gho/indicator-metadata-registry/imr-details/5291,,,,PUBLISHED,Published,,2016,2016,,AFR,Africa,,SLE,Sierra Leone,,No,,,,,,
SA_0000001790,National drinking guidelines,https://www.who.int/data/gho/indicator-metadata-registry/imr-details/5291,,,,PUBLISHED,Published,,2016,2016,,AMR,Americas,,COL,Colombia,,No,,,,,,
SA_0000001790,National drinking guidelines,https://www.who.int/data/gho/indicator-metadata-registry/imr-details/5291,,,,PUBLISHED,Published,,2016,2016,,AMR,Americas,,CRI,Costa Rica,,No,,,,,,
SA_0000001790,National drinking guidelines,https://www.who.int/data/gho/indicator-metadata-registry/imr-details/5291,,,,PUBLISHED,Published,,2016,2016,,AFR,Africa,,NAM,Namibia,,No,,,,,,
SA_0000001790,National drinking guidelines,https://www.who.int/data/gho/indicator-metadata-registry/imr-details/5291,,,,PUBLISHED,Published,,2016,2016,,AMR,Americas,,BRB,Barbados,,No,,,,,,
SA_0000001790,National drinking guidelines,https://www.who.int/data/gho/indicator-metadata-registry/imr-details/5291,,,,PUBLISHED,Published,,2016,2016,,EUR,Europe,,BIH,Bosnia and Herzegovina,,No,,,,,,
SA_0000001790,National drinking guidelines,https://www.who.int/data/gho/indicator-metadata-registry/imr-details/5291,,,,PUBLISHED,Published,,2016,2016,,EUR,Europe,,GRC,Greece,,No,,,,,,
SA_0000001790,National drinking guidelines,https://www.who.int/data/gho/indicator-metadata-registry/imr-details/5291,,,,PUBLISHED,Published,,2016,2016,,AMR,Americas,,CUB,Cuba,,No,,,,,,
SA_0000001790,National drinking guidelines,https://www.who.int/data/gho/indicator-metadata-registry/imr-details/5291,,,,PUBLISHED,Published,,2016,2016,,AMR,Americas,,PRY,Paraguay,,No,,,,,,
SA_0000001790,National drinking guidelines,https://www.who.int/data/gho/indicator-metadata-registry/imr-details/5291,,,,PUBLISHED,Published,,2016,2016,,AFR,Africa,,RWA,Rwanda,,No,,,,,,
SA_0000001790,National drinking guidelines,https://www.who.int/data/gho/indicator-metadata-registry/imr-details/5291,,,,PUBLISHED,Published,,2016,2016,,AFR,Africa,,SEN,Senegal,,No,,,,,,
SA_0000001790,National drinking guidelines,https://www.who.int/data/gho/indicator-metadata-registry/imr-details/5291,,,,PUBLISHED,Published,,2016,2016,,AMR,Americas,,SUR,Suriname,,No,,,,,,
SA_0000001790,National drinking guidelines,https://www.who.int/data/gho/indicator-metadata-registry/imr-details/5291,,,,PUBLISHED,Published,,2016,2016,,AMR,Americas,,USA,United States of America,,State,,,,,,
SA_0000001790,National drinking guidelines,https://www.who.int/data/gho/indicator-metadata-registry/imr-details/5291,,,,PUBLISHED,Published,,2016,2016,,WPR,Western Pacific,,MHL,Marshall Islands,,No,,,,,,
SA_0000001790,National drinking guidelines,https://www.who.int/data/gho/indicator-metadata-registry/imr-details/5291,,,,PUBLISHED,Published,,2016,2016,,WPR,Western Pacific,,MNG,Mongolia,,Non-state actors,,,,,,
SA_0000001790,National drinking guidelines,https://www.who.int/data/gho/indicator-metadata-registry/imr-details/5291,,,,PUBLISHED,Published,,2016,2016,,SEAR,South-East Asia,,IND,India,,No,,,,,,
SA_0000001790,National drinking guidelines,https://www.who.int/data/gho/indicator-metadata-registry/imr-details/5291,,,,PUBLISHED,Published,,2016,2016,,WPR,Western Pacific,,FJI,Fiji,,No,,,,,,
SA_0000001790,National drinking guidelines,https://www.who.int/data/gho/indicator-metadata-registry/imr-details/5291,,,,PUBLISHED,Published,,2016,2016,,SEAR,South-East Asia,,MMR,Myanmar,,No,,,,,,
SA_0000001790,National drinking guidelines,https://www.who.int/data/gho/indicator-metadata-registry/imr-details/5291,,,,PUBLISHED,Published,,2016,2016,,WPR,Western Pacific,,KHM,Cambodia,,No,,,,,,
SA_0000001790,National drinking guidelines,https://www.who.int/data/gho/indicator-metadata-registry/imr-details/5291,,,,PUBLISHED,Published,,2016,2016,,EUR,Europe,,CHE,Switzerland,,State,,,,,,
SA_0000001790,National drinking guidelines,https://www.who.int/data/gho/indicator-metadata-registry/imr-details/5291,,,,PUBLISHED,Published,,2016,2016,,EUR,Europe,,MKD,Republic of North Macedonia,,No,,,,,,
SA_0000001790,National drinking guidelines,https://www.who.int/data/gho/indicator-metadata-registry/imr-details/5291,,,,PUBLISHED,Published,,2016,2016,,WPR,Western Pacific,,KIR,Kiribati,,Non-state actors,,,,,,
SA_0000001790,National drinking guidelines,https://www.who.int/data/gho/indicator-metadata-registry/imr-details/5291,,,,PUBLISHED,Published,,2016,2016,,WPR,Western Pacific,,LAO,Lao People's Democratic Republic,,No,,,,,,
SA_0000001790,National drinking guidelines,https://www.who.int/data/gho/indicator-metadata-registry/imr-details/5291,,,,PUBLISHED,Published,,2016,2016,,WPR,Western Pacific,,TON,Tonga,,No data,,,,,,
SA_0000001790,National drinking guidelines,https://www.who.int/data/gho/indicator-metadata-registry/imr-details/5291,,,,PUBLISHED,Published,,2016,2016,,AFR,Africa,,BWA,Botswana,,Non-state actors,,,,,,
SA_0000001790,National drinking guidelines,https://www.who.int/data/gho/indicator-metadata-registry/imr-details/5291,,,,PUBLISHED,Published,,2016,2016,,AFR,Africa,,COM,Comoros,,No,,,,,,
SA_0000001790,National drinking guidelines,https://www.who.int/data/gho/indicator-metadata-registry/imr-details/5291,,,,PUBLISHED,Published,,2016,2016,,AFR,Africa,,ZAF,South Africa,,No,,,,,,
SA_0000001790,National drinking guidelines,https://www.who.int/data/gho/indicator-metadata-registry/imr-details/5291,,,,PUBLISHED,Published,,2016,2016,,AFR,Africa,,GMB,Gambia,,No,,,,,,
SA_0000001790,National drinking guidelines,https://www.who.int/data/gho/indicator-metadata-registry/imr-details/5291,,,,PUBLISHED,Published,,2016,2016,,AFR,Africa,,TZA,United Republic of Tanzania,,No,,,,,,
SA_0000001790,National drinking guidelines,https://www.who.int/data/gho/indicator-metadata-registry/imr-details/5291,,,,PUBLISHED,Published,,2016,2016,,AFR,Africa,,SWZ,Eswatini,,No,,,,,,
SA_0000001790,National drinking guidelines,https://www.who.int/data/gho/indicator-metadata-registry/imr-details/5291,,,,PUBLISHED,Published,,2016,2016,,EMR,Eastern Mediterranean,,DJI,Djibouti,,No,,,,,,
SA_0000001790,National drinking guidelines,https://www.who.int/data/gho/indicator-metadata-registry/imr-details/5291,,,,PUBLISHED,Published,,2016,2016,,EMR,Eastern Mediterranean,,OMN,Oman,,No,,,,,,
SA_0000001790,National drinking guidelines,https://www.who.int/data/gho/indicator-metadata-registry/imr-details/5291,,,,PUBLISHED,Published,,2016,2016,,EUR,Europe,,FRA,France,,No,,,,,,
SA_0000001790,National drinking guidelines,https://www.who.int/data/gho/indicator-metadata-registry/imr-details/5291,,,,PUBLISHED,Published,,2016,2016,,EUR,Europe,,SVK,Slovakia,,No,,,,,,
SA_0000001790,National drinking guidelines,https://www.who.int/data/gho/indicator-metadata-registry/imr-details/5291,,,,PUBLISHED,Published,,2016,2016,,EUR,Europe,,TUR,Turkey,,No,,,,,,
SA_0000001790,National drinking guidelines,https://www.who.int/data/gho/indicator-metadata-registry/imr-details/5291,,,,PUBLISHED,Published,,2016,2016,,WPR,Western Pacific,,SGP,Singapore,,State,,,,,,
SA_0000001790,National drinking guidelines,https://www.who.int/data/gho/indicator-metadata-registry/imr-details/5291,,,,PUBLISHED,Published,,2016,2016,,WPR,Western Pacific,,NIU,Niue,,No data,,,,,,
SA_0000001790,National drinking guidelines,https://www.who.int/data/gho/indicator-metadata-registry/imr-details/5291,,,,PUBLISHED,Published,,2016,2016,,WPR,Western Pacific,,VNM,Viet Nam,,No,,,,,,
SA_0000001790,National drinking guidelines,https://www.who.int/data/gho/indicator-metadata-registry/imr-details/5291,,,,PUBLISHED,Published,,2016,2016,,AMR,Americas,,DMA,Dominica,,No,,,,,,
SA_0000001790,National drinking guidelines,https://www.who.int/data/gho/indicator-metadata-registry/imr-details/5291,,,,PUBLISHED,Published,,2016,2016,,EUR,Europe,,MLT,Malta,,No,,,,,,
SA_0000001790,National drinking guidelines,https://www.who.int/data/gho/indicator-metadata-registry/imr-details/5291,,,,PUBLISHED,Published,,2016,2016,,AMR,Americas,,LCA,Saint Lucia,,No,,,,,,
SA_0000001790,National drinking guidelines,https://www.who.int/data/gho/indicator-metadata-registry/imr-details/5291,,,,PUBLISHED,Published,,2016,2016,,EUR,Europe,,IRL,Ireland,,State,,,,,,
SA_0000001790,National drinking guidelines,https://www.who.int/data/gho/indicator-metadata-registry/imr-details/5291,,,,PUBLISHED,Published,,2016,2016,,AFR,Africa,,GIN,Guinea,,No,,,,,,
SA_0000001790,National drinking guidelines,https://www.who.int/data/gho/indicator-metadata-registry/imr-details/5291,,,,PUBLISHED,Published,,2016,2016,,AFR,Africa,,MUS,Mauritius,,No,,,,,,
SA_0000001790,National drinking guidelines,https://www.who.int/data/gho/indicator-metadata-registry/imr-details/5291,,,,PUBLISHED,Published,,2016,2016,,EUR,Europe,,SRB,Serbia,,State,,,,,,
SA_0000001790,National drinking guidelines,https://www.who.int/data/gho/indicator-metadata-registry/imr-details/5291,,,,PUBLISHED,Published,,2016,2016,,SEAR,South-East Asia,,LKA,Sri Lanka,,No,,,,,,
SA_0000001790,National drinking guidelines,https://www.who.int/data/gho/indicator-metadata-registry/imr-details/5291,,,,PUBLISHED,Published,,2016,2016,,AFR,Africa,,GHA,Ghana,,No,,,,,,
SA_0000001790,National drinking guidelines,https://www.who.int/data/gho/indicator-metadata-registry/imr-details/5291,,,,PUBLISHED,Published,,2016,2016,,WPR,Western Pacific,,KOR,Republic of Korea,,Non-state actors,,,,,,
SA_0000001790,National drinking guidelines,https://www.who.int/data/gho/indicator-metadata-registry/imr-details/5291,,,,PUBLISHED,Published,,2016,2016,,WPR,Western Pacific,,MYS,Malaysia,,No,,,,,,
SA_0000001790,National drinking guidelines,https://www.who.int/data/gho/indicator-metadata-registry/imr-details/5291,,,,PUBLISHED,Published,,2016,2016,,AFR,Africa,,ERI,Eritrea,,No,,,,,,
SA_0000001790,National drinking guidelines,https://www.who.int/data/gho/indicator-metadata-registry/imr-details/5291,,,,PUBLISHED,Published,,2016,2016,,EMR,Eastern Mediterranean,,MAR,Morocco,,No,,,,,,
SA_0000001790,National drinking guidelines,https://www.who.int/data/gho/indicator-metadata-registry/imr-details/5291,,,,PUBLISHED,Published,,2016,2016,,EMR,Eastern Mediterranean,,SDN,Sudan,,Total ban,,,,,,
SA_0000001790,National drinking guidelines,https://www.who.int/data/gho/indicator-metadata-registry/imr-details/5291,,,,PUBLISHED,Published,,2016,2016,,EUR,Europe,,TJK,Tajikistan,,Non-state actors,,,,,,
SA_0000001790,National drinking guidelines,https://www.who.int/data/gho/indicator-metadata-registry/imr-details/5291,,,,PUBLISHED,Published,,2016,2016,,EUR,Europe,,ITA,Italy,,State,,,,,,
SA_0000001790,National drinking guidelines,https://www.who.int/data/gho/indicator-metadata-registry/imr-details/5291,,,,PUBLISHED,Published,,2016,2016,,EMR,Eastern Mediterranean,,IRN,Iran (Islamic Republic of),,Total ban,,,,,,
SA_0000001790,National drinking guidelines,https://www.who.int/data/gho/indicator-metadata-registry/imr-details/5291,,,,PUBLISHED,Published,,2016,2016,,SEAR,South-East Asia,,MDV,Maldives,,Total ban,,,,,,
SA_0000001790,National drinking guidelines,https://www.who.int/data/gho/indicator-metadata-registry/imr-details/5291,,,,PUBLISHED,Published,,2016,2016,,EUR,Europe,,FIN,Finland,,State,,,,,,
SA_0000001790,National drinking guidelines,https://www.who.int/data/gho/indicator-metadata-registry/imr-details/5291,,,,PUBLISHED,Published,,2016,2016,,AFR,Africa,,CMR,Cameroon,,No,,,,,,
SA_0000001790,National drinking guidelines,https://www.who.int/data/gho/indicator-metadata-registry/imr-details/5291,,,,PUBLISHED,Published,,2016,2016,,EUR,Europe,,EST,Estonia,,State,,,,,,
SA_0000001790,National drinking guidelines,https://www.who.int/data/gho/indicator-metadata-registry/imr-details/5291,,,,PUBLISHED,Published,,2016,2016,,AFR,Africa,,ETH,Ethiopia,,No,,,,,,
SA_0000001790,National drinking guidelines,https://www.who.int/data/gho/indicator-metadata-registry/imr-details/5291,,,,PUBLISHED,Published,,2016,2016,,AMR,Americas,,DOM,Dominican Republic,,No,,,,,,
SA_0000001790,National drinking guidelines,https://www.who.int/data/gho/indicator-metadata-registry/imr-details/5291,,,,PUBLISHED,Published,,2016,2016,,AMR,Americas,,TTO,Trinidad and Tobago,,No,,,,,,
SA_0000001790,National drinking guidelines,https://www.who.int/data/gho/indicator-metadata-registry/imr-details/5291,,,,PUBLISHED,Published,,2016,2016,,EUR,Europe,,ARM,Armenia,,No,,,,,,
SA_0000001790,National drinking guidelines,https://www.who.int/data/gho/indicator-metadata-registry/imr-details/5291,,,,PUBLISHED,Published,,2016,2016,,EUR,Europe,,HUN,Hungary,,No,,,,,,
SA_0000001790,National drinking guidelines,https://www.who.int/data/gho/indicator-metadata-registry/imr-details/5291,,,,PUBLISHED,Published,,2016,2016,,AFR,Africa,,BEN,Benin,,No,,,,,,
SA_0000001790,National drinking guidelines,https://www.who.int/data/gho/indicator-metadata-registry/imr-details/5291,,,,PUBLISHED,Published,,2016,2016,,AFR,Africa,,ZMB,Zambia,,No,,,,,,
SA_0000001790,National drinking guidelines,https://www.who.int/data/gho/indicator-metadata-registry/imr-details/5291,,,,PUBLISHED,Published,,2016,2016,,EUR,Europe,,ESP,Spain,,State,,,,,,
SA_0000001790,National drinking guidelines,https://www.who.int/data/gho/indicator-metadata-registry/imr-details/5291,,,,PUBLISHED,Published,,2016,2016,,EUR,Europe,,AND,Andorra,,State,,,,,,
SA_0000001790,National drinking guidelines,https://www.who.int/data/gho/indicator-metadata-registry/imr-details/5291,,,,PUBLISHED,Published,,2016,2016,,EUR,Europe,,BGR,Bulgaria,,Non-state actors,,,,,,
SA_0000001790,National drinking guidelines,https://www.who.int/data/gho/indicator-metadata-registry/imr-details/5291,,,,PUBLISHED,Published,,2016,2016,,AMR,Americas,,BLZ,Belize,,No,,,,,,
SA_0000001790,National drinking guidelines,https://www.who.int/data/gho/indicator-metadata-registry/imr-details/5291,,,,PUBLISHED,Published,,2016,2016,,AMR,Americas,,MEX,Mexico,,Non-state actors,,,,,,
SA_0000001790,National drinking guidelines,https://www.who.int/data/gho/indicator-metadata-registry/imr-details/5291,,,,PUBLISHED,Published,,2016,2016,,SEAR,South-East Asia,,BGD,Bangladesh,,No,,,,,,
SA_0000001790,National drinking guidelines,https://www.who.int/data/gho/indicator-metadata-registry/imr-details/5291,,,,PUBLISHED,Published,,2016,2016,,EUR,Europe,,KGZ,Kyrgyzstan,,No data,,,,,,
SA_0000001790,National drinking guidelines,https://www.who.int/data/gho/indicator-metadata-registry/imr-details/5291,,,,PUBLISHED,Published,,2016,2016,,AFR,Africa,,MLI,Mali,,No,,,,,,
SA_0000001790,National drinking guidelines,https://www.who.int/data/gho/indicator-metadata-registry/imr-details/5291,,,,PUBLISHED,Published,,2016,2016,,AFR,Africa,,COD,Democratic Republic of the Congo,,Non-state actors,,,,,,
SA_0000001790,National drinking guidelines,https://www.who.int/data/gho/indicator-metadata-registry/imr-details/5291,,,,PUBLISHED,Published,,2016,2016,,AFR,Africa,,NER,Niger,,No,,,,,,
SA_0000001790,National drinking guidelines,https://www.who.int/data/gho/indicator-metadata-registry/imr-details/5291,,,,PUBLISHED,Published,,2016,2016,,AFR,Africa,,TCD,Chad,,No,,,,,,
SA_0000001790,National drinking guidelines,https://www.who.int/data/gho/indicator-metadata-registry/imr-details/5291,,,,PUBLISHED,Published,,2016,2016,,AFR,Africa,,CIV,Côte d'Ivoire,,No,,,,,,
SA_0000001790,National drinking guidelines,https://www.who.int/data/gho/indicator-metadata-registry/imr-details/5291,,,,PUBLISHED,Published,,2016,2016,,AFR,Africa,,MWI,Malawi,,No,,,,,,
SA_0000001790,National drinking guidelines,https://www.who.int/data/gho/indicator-metadata-registry/imr-details/5291,,,,PUBLISHED,Published,,2016,2016,,EMR,Eastern Mediterranean,,BHR,Bahrain,,No,,,,,,
SA_0000001790,National drinking guidelines,https://www.who.int/data/gho/indicator-metadata-registry/imr-details/5291,,,,PUBLISHED,Published,,2016,2016,,EMR,Eastern Mediterranean,,TUN,Tunisia,,No data,,,,,,
SA_0000001790,National drinking guidelines,https://www.who.int/data/gho/indicator-metadata-registry/imr-details/5291,,,,PUBLISHED,Published,,2016,2016,,EUR,Europe,,SMR,San Marino,,No,,,,,,
SA_0000001790,National drinking guidelines,https://www.who.int/data/gho/indicator-metadata-registry/imr-details/5291,,,,PUBLISHED,Published,,2016,2016,,EUR,Europe,,TKM,Turkmenistan,,No,,,,,,
SA_0000001790,National drinking guidelines,https://www.who.int/data/gho/indicator-metadata-registry/imr-details/5291,,,,PUBLISHED,Published,,2016,2016,,EUR,Europe,,BEL,Belgium,,No,,,,,,
SA_0000001790,National drinking guidelines,https://www.who.int/data/gho/indicator-metadata-registry/imr-details/5291,,,,PUBLISHED,Published,,2016,2016,,EUR,Europe,,CYP,Cyprus,,No,,,,,,
SA_0000001790,National drinking guidelines,https://www.who.int/data/gho/indicator-metadata-registry/imr-details/5291,,,,PUBLISHED,Published,,2016,2016,,EUR,Europe,,HRV,Croatia,,No,,,,,,
SA_0000001790,National drinking guidelines,https://www.who.int/data/gho/indicator-metadata-registry/imr-details/5291,,,,PUBLISHED,Published,,2016,2016,,EUR,Europe,,MCO,Monaco,,No,,,,,,
SA_0000001790,National drinking guidelines,https://www.who.int/data/gho/indicator-metadata-registry/imr-details/5291,,,,PUBLISHED,Published,,2016,2016,,SEAR,South-East Asia,,IDN,Indonesia,,No,,,,,,
SA_0000001790,National drinking guidelines,https://www.who.int/data/gho/indicator-metadata-registry/imr-details/5291,,,,PUBLISHED,Published,,2016,2016,,WPR,Western Pacific,,PLW,Palau,,No data,,,,,,
SA_0000001790,National drinking guidelines,https://www.who.int/data/gho/indicator-metadata-registry/imr-details/5291,,,,PUBLISHED,Published,,2016,2016,,WPR,Western Pacific,,TUV,Tuvalu,,No data,,,,,,
SA_0000001790,National drinking guidelines,https://www.who.int/data/gho/indicator-metadata-registry/imr-details/5291,,,,PUBLISHED,Published,,2016,2016,,EUR,Europe,,ISL,Iceland,,Non-state actors,,,,,,
SA_0000001790,National drinking guidelines,https://www.who.int/data/gho/indicator-metadata-registry/imr-details/5291,,,,PUBLISHED,Published,,2016,2016,,WPR,Western Pacific,,PHL,Philippines,,No,,,,,,
SA_0000001790,National drinking guidelines,https://www.who.int/data/gho/indicator-metadata-registry/imr-details/5291,,,,PUBLISHED,Published,,2016,2016,,EUR,Europe,,NOR,Norway,,No,,,,,,
SA_0000001790,National drinking guidelines,https://www.who.int/data/gho/indicator-metadata-registry/imr-details/5291,,,,PUBLISHED,Published,,2016,2016,,AFR,Africa,,BDI,Burundi,,Non-state actors,,,,,,
SA_0000001790,National drinking guidelines,https://www.who.int/data/gho/indicator-metadata-registry/imr-details/5291,,,,PUBLISHED,Published,,2016,2016,,AFR,Africa,,AGO,Angola,,No,,,,,,
SA_0000001790,National drinking guidelines,https://www.who.int/data/gho/indicator-metadata-registry/imr-details/5291,,,,PUBLISHED,Published,,2016,2016,,EUR,Europe,,LTU,Lithuania,,Non-state actors,,,,,,
SA_0000001790,National drinking guidelines,https://www.who.int/data/gho/indicator-metadata-registry/imr-details/5291,,,,PUBLISHED,Published,,2016,2016,,EMR,Eastern Mediterranean,,IRQ,Iraq,,No,,,,,,
SA_0000001790,National drinking guidelines,https://www.who.int/data/gho/indicator-metadata-registry/imr-details/5291,,,,PUBLISHED,Published,,2016,2016,,EUR,Europe,,RUS,Russian Federation,,No,,,,,,
SA_0000001790,National drinking guidelines,https://www.who.int/data/gho/indicator-metadata-registry/imr-details/5291,,,,PUBLISHED,Published,,2016,2016,,SEAR,South-East Asia,,NPL,Nepal,,No data,,,,,,
SA_0000001790,National drinking guidelines,https://www.who.int/data/gho/indicator-metadata-registry/imr-details/5291,,,,PUBLISHED,Published,,2016,2016,,EUR,Europe,,LVA,Latvia,,No,,,,,,
SA_0000001790,National drinking guidelines,https://www.who.int/data/gho/indicator-metadata-registry/imr-details/5291,,,,PUBLISHED,Published,,2016,2016,,SEAR,South-East Asia,,TLS,Timor-Leste,,No,,,,,,
SA_0000001790,National drinking guidelines,https://www.who.int/data/gho/indicator-metadata-registry/imr-details/5291,,,,PUBLISHED,Published,,2016,2016,,WPR,Western Pacific,,CHN,China,,State,,,,,,
SA_0000001790,National drinking guidelines,https://www.who.int/data/gho/indicator-metadata-registry/imr-details/5291,,,,PUBLISHED,Published,,2016,2016,,AMR,Americas,,PAN,Panama,,No,,,,,,
SA_0000001790,National drinking guidelines,https://www.who.int/data/gho/indicator-metadata-registry/imr-details/5291,,,,PUBLISHED,Published,,2016,2016,,AFR,Africa,,COG,Congo,,No,,,,,,
SA_0000001790,National drinking guidelines,https://www.who.int/data/gho/indicator-metadata-registry/imr-details/5291,,,,PUBLISHED,Published,,2016,2016,,EUR,Europe,,ALB,Albania,,State,,,,,,
SA_0000001790,National drinking guidelines,https://www.who.int/data/gho/indicator-metadata-registry/imr-details/5291,,,,PUBLISHED,Published,,2016,2016,,AMR,Americas,,GTM,Guatemala,,No,,,,,,
SA_0000001790,National drinking guidelines,https://www.who.int/data/gho/indicator-metadata-registry/imr-details/5291,,,,PUBLISHED,Published,,2016,2016,,AMR,Americas,,VEN,Venezuela (Bolivarian Republic of),,No,,,,,,
SA_0000001790,National drinking guidelines,https://www.who.int/data/gho/indicator-metadata-registry/imr-details/5291,,,,PUBLISHED,Published,,2016,2016,,EUR,Europe,,AZE,Azerbaijan,,No,,,,,,
SA_0000001790,National drinking guidelines,https://www.who.int/data/gho/indicator-metadata-registry/imr-details/5291,,,,PUBLISHED,Published,,2016,2016,,AMR,Americas,,GUY,Guyana,,State,,,,,,
SA_0000001790,National drinking guidelines,https://www.who.int/data/gho/indicator-metadata-registry/imr-details/5291,,,,PUBLISHED,Published,,2016,2016,,AMR,Americas,,URY,Uruguay,,No,,,,,,
SA_0000001790,National drinking guidelines,https://www.who.int/data/gho/indicator-metadata-registry/imr-details/5291,,,,PUBLISHED,Published,,2016,2016,,AMR,Americas,,BRA,Brazil,,No,,,,,,
SA_0000001790,National drinking guidelines,https://www.who.int/data/gho/indicator-metadata-registry/imr-details/5291,,,,PUBLISHED,Published,,2016,2016,,AFR,Africa,,MRT,Mauritania,,Total ban,,,,,,
SA_0000001790,National drinking guidelines,https://www.who.int/data/gho/indicator-metadata-registry/imr-details/5291,,,,PUBLISHED,Published,,2016,2016,,AFR,Africa,,CAF,Central African Republic,,State,,,,,,
SA_0000001790,National drinking guidelines,https://www.who.int/data/gho/indicator-metadata-registry/imr-details/5291,,,,PUBLISHED,Published,,2016,2016,,EUR,Europe,,DEU,Germany,,Non-state actors,,,,,,
SA_0000001790,National drinking guidelines,https://www.who.int/data/gho/indicator-metadata-registry/imr-details/5291,,,,PUBLISHED,Published,,2016,2016,,AMR,Americas,,BOL,Bolivia (Plurinational State of),,No,,,,,,
SA_0000001790,National drinking guidelines,https://www.who.int/data/gho/indicator-metadata-registry/imr-details/5291,,,,PUBLISHED,Published,,2016,2016,,WPR,Western Pacific,,COK,Cook Islands,,No,,,,,,
SA_0000001790,National drinking guidelines,https://www.who.int/data/gho/indicator-metadata-registry/imr-details/5291,,,,PUBLISHED,Published,,2016,2016,,EUR,Europe,,ROU,Romania,,No,,,,,,
SA_0000001790,National drinking guidelines,https://www.who.int/data/gho/indicator-metadata-registry/imr-details/5291,,,,PUBLISHED,Published,,2016,2016,,AMR,Americas,,VCT,Saint Vincent and the Grenadines,,No,,,,,,
SA_0000001790,National drinking guidelines,https://www.who.int/data/gho/indicator-metadata-registry/imr-details/5291,,,,PUBLISHED,Published,,2016,2016,,EMR,Eastern Mediterranean,,PAK,Pakistan,,No,,,,,,
SA_0000001790,National drinking guidelines,https://www.who.int/data/gho/indicator-metadata-registry/imr-details/5291,,,,PUBLISHED,Published,,2016,2016,,EUR,Europe,,ISR,Israel,,No,,,,,,
SA_0000001790,National drinking guidelines,https://www.who.int/data/gho/indicator-metadata-registry/imr-details/5291,,,,PUBLISHED,Published,,2016,2016,,EMR,Eastern Mediterranean,,KWT,Kuwait,,No data,,,,,,
SA_0000001790,National drinking guidelines,https://www.who.int/data/gho/indicator-metadata-registry/imr-details/5291,,,,PUBLISHED,Published,,2016,2016,,EMR,Eastern Mediterranean,,ARE,United Arab Emirates,,No data,,,,,,
SA_0000001790,National drinking guidelines,https://www.who.int/data/gho/indicator-metadata-registry/imr-details/5291,,,,PUBLISHED,Published,,2016,2016,,AFR,Africa,,BFA,Burkina Faso,,No,,,,,,
SA_0000001790,National drinking guidelines,https://www.who.int/data/gho/indicator-metadata-registry/imr-details/5291,,,,PUBLISHED,Published,,2016,2016,,AMR,Americas,,GRD,Grenada,,No,,,,,,
SA_0000001790,National drinking guidelines,https://www.who.int/data/gho/indicator-metadata-registry/imr-details/5291,,,,PUBLISHED,Published,,2016,2016,,EUR,Europe,,AUT,Austria,,Non-state actors,,,,,,
SA_0000001790,National drinking guidelines,https://www.who.int/data/gho/indicator-metadata-registry/imr-details/5291,,,,PUBLISHED,Published,,2016,2016,,EUR,Europe,,CZE,Czechia,,No,,,,,,
SA_0000001790,National drinking guidelines,https://www.who.int/data/gho/indicator-metadata-registry/imr-details/5291,,,,PUBLISHED,Published,,2016,2016,,EUR,Europe,,MNE,Montenegro,,No,,,,,,
SA_0000001790,National drinking guidelines,https://www.who.int/data/gho/indicator-metadata-registry/imr-details/5291,,,,PUBLISHED,Published,,2016,2016,,EUR,Europe,,PRT,Portugal,,State,,,,,,
SA_0000001790,National drinking guidelines,https://www.who.int/data/gho/indicator-metadata-registry/imr-details/5291,,,,PUBLISHED,Published,,2016,2016,,AMR,Americas,,HND,Honduras,,No,,,,,,
SA_0000001790,National drinking guidelines,https://www.who.int/data/gho/indicator-metadata-registry/imr-details/5291,,,,PUBLISHED,Published,,2016,2016,,AFR,Africa,,ZWE,Zimbabwe,,State,,,,,,
SA_0000001790,National drinking guidelines,https://www.who.int/data/gho/indicator-metadata-registry/imr-details/5291,,,,PUBLISHED,Published,,2016,2016,,AFR,Africa,,UGA,Uganda,,No,,,,,,
SA_0000001790,National drinking guidelines,https://www.who.int/data/gho/indicator-metadata-registry/imr-details/5291,,,,PUBLISHED,Published,,2016,2016,,AMR,Americas,,PER,Peru,,No,,,,,,
SA_0000001790,National drinking guidelines,https://www.who.int/data/gho/indicator-metadata-registry/imr-details/5291,,,,PUBLISHED,Published,,2016,2016,,WPR,Western Pacific,,NZL,New Zealand,,State,,,,,,
SA_0000001790,National drinking guidelines,https://www.who.int/data/gho/indicator-metadata-registry/imr-details/5291,,,,PUBLISHED,Published,,2016,2016,,EUR,Europe,,SVN,Slovenia,,Non-state actors,,,,,,
SA_0000001790,National drinking guidelines,https://www.who.int/data/gho/indicator-metadata-registry/imr-details/5291,,,,PUBLISHED,Published,,2016,2016,,AFR,Africa,,MOZ,Mozambique,,No,,,,,,
SA_0000001790,National drinking guidelines,https://www.who.int/data/gho/indicator-metadata-registry/imr-details/5291,,,,PUBLISHED,Published,,2016,2016,,AFR,Africa,,MDG,Madagascar,,No,,,,,,
SA_0000001790,National drinking guidelines,https://www.who.int/data/gho/indicator-metadata-registry/imr-details/5291,,,,PUBLISHED,Published,,2016,2016,,AMR,Americas,,NIC,Nicaragua,,No,,,,,,
SA_0000001790,National drinking guidelines,https://www.who.int/data/gho/indicator-metadata-registry/imr-details/5291,,,,PUBLISHED,Published,,2016,2016,,EMR,Eastern Mediterranean,,QAT,Qatar,,No data,,,,,,
SA_0000001790,National drinking guidelines,https://www.who.int/data/gho/indicator-metadata-registry/imr-details/5291,,,,PUBLISHED,Published,,2016,2016,,EUR,Europe,,UKR,Ukraine,,No,,,,,,
SA_0000001790,National drinking guidelines,https://www.who.int/data/gho/indicator-metadata-registry/imr-details/5291,,,,PUBLISHED,Published,,2016,2016,,EUR,Europe,,LUX,Luxembourg,,No,,,,,,
SA_0000001790,National drinking guidelines,https://www.who.int/data/gho/indicator-metadata-registry/imr-details/5291,,,,PUBLISHED,Published,,2016,2016,,WPR,Western Pacific,,VUT,Vanuatu,,State,,,,,,
SA_0000001790,National drinking guidelines,https://www.who.int/data/gho/indicator-metadata-registry/imr-details/5291,,,,PUBLISHED,Published,,2016,2016,,AMR,Americas,,HTI,Haiti,,No,,,,,,
SA_0000001790,National drinking guidelines,https://www.who.int/data/gho/indicator-metadata-registry/imr-details/5291,,,,PUBLISHED,Published,,2016,2016,,EMR,Eastern Mediterranean,,SYR,Syrian Arab Republic,,No,,,,,,
SA_0000001790,National drinking guidelines,https://www.who.int/data/gho/indicator-metadata-registry/imr-details/5291,,,,PUBLISHED,Published,,2016,2016,,EMR,Eastern Mediterranean,,AFG,Afghanistan,,Total ban,,,,,,
SA_0000001790,National drinking guidelines,https://www.who.int/data/gho/indicator-metadata-registry/imr-details/5291,,,,PUBLISHED,Published,,2016,2016,,AFR,Africa,,GNB,Guinea-Bissau,,No,,,,,,
SA_0000001790,National drinking guidelines,https://www.who.int/data/gho/indicator-metadata-registry/imr-details/5291,,,,PUBLISHED,Published,,2016,2016,,AFR,Africa,,STP,Sao Tome and Principe,,No,,,,,,
SA_0000001790,National drinking guidelines,https://www.who.int/data/gho/indicator-metadata-registry/imr-details/5291,,,,PUBLISHED,Published,,2016,2016,,AFR,Africa,,KEN,Kenya,,No,,,,,,
SA_0000001790,National drinking guidelines,https://www.who.int/data/gho/indicator-metadata-registry/imr-details/5291,,,,PUBLISHED,Published,,2016,2016,,AMR,Americas,,CAN,Canada,,No,,,,,,
SA_0000001790,National drinking guidelines,https://www.who.int/data/gho/indicator-metadata-registry/imr-details/5291,,,,PUBLISHED,Published,,2016,2016,,AMR,Americas,,ECU,Ecuador,,No,,,,,,
SA_0000001790,National drinking guidelines,https://www.who.int/data/gho/indicator-metadata-registry/imr-details/5291,,,,PUBLISHED,Published,,2016,2016,,EUR,Europe,,SWE,Sweden,,Non-state actors,,,,,,
SA_0000001790,National drinking guidelines,https://www.who.int/data/gho/indicator-metadata-registry/imr-details/5291,,,,PUBLISHED,Published,,2016,2016,,EUR,Europe,,MDA,Republic of Moldova,,State,,,,,,
SA_0000001790,National drinking guidelines,https://www.who.int/data/gho/indicator-metadata-registry/imr-details/5291,,,,PUBLISHED,Published,,2016,2016,,AFR,Africa,,TGO,Togo,,No,,,,,,
SA_0000001790,National drinking guidelines,https://www.who.int/data/gho/indicator-metadata-registry/imr-details/5291,,,,PUBLISHED,Published,,2016,2016,,AMR,Americas,,KNA,Saint Kitts and Nevis,,No,,,,,,
SA_0000001790,National drinking guidelines,https://www.who.int/data/gho/indicator-metadata-registry/imr-details/5291,,,,PUBLISHED,Published,,2016,2016,,EUR,Europe,,BLR,Belarus,,No,,,,,,
SA_0000001790,National drinking guidelines,https://www.who.int/data/gho/indicator-metadata-registry/imr-details/5291,,,,PUBLISHED,Published,,2016,2016,,SEAR,South-East Asia,,BTN,Bhutan,,No,,,,,,
SA_0000001790,National drinking guidelines,https://www.who.int/data/gho/indicator-metadata-registry/imr-details/5291,,,,PUBLISHED,Published,,2016,2016,,WPR,Western Pacific,,FSM,Micronesia (Federated States of),,No data,,,,,,
SA_0000001790,National drinking guidelines,https://www.who.int/data/gho/indicator-metadata-registry/imr-details/5291,,,,PUBLISHED,Published,,2016,2016,,WPR,Western Pacific,,JPN,Japan,,State,,,,,,
SA_0000001790,National drinking guidelines,https://www.who.int/data/gho/indicator-metadata-registry/imr-details/5291,,,,PUBLISHED,Published,,2016,2016,,WPR,Western Pacific,,SLB,Solomon Islands,,No data,,,,,,
SA_0000001790,National drinking guidelines,https://www.who.int/data/gho/indicator-metadata-registry/imr-details/5291,,,,PUBLISHED,Published,,2016,2016,,AFR,Africa,,SYC,Seychelles,,No,,,,,,
SA_0000001790,National drinking guidelines,https://www.who.int/data/gho/indicator-metadata-registry/imr-details/5291,,,,PUBLISHED,Published,,2016,2016,,EUR,Europe,,NLD,Netherlands,,Non-state actors,,,,,,
SA_0000001790,National drinking guidelines,https://www.who.int/data/gho/indicator-metadata-registry/imr-details/5291,,,,PUBLISHED,Published,,2016,2016,,SEAR,South-East Asia,,THA,Thailand,,No,,,,,,
SA_0000001790,National drinking guidelines,https://www.who.int/data/gho/indicator-metadata-registry/imr-details/5291,,,,PUBLISHED,Published,,2016,2016,,AMR,Americas,,ATG,Antigua and Barbuda,,No,,,,,,
SA_0000001790,National drinking guidelines,https://www.who.int/data/gho/indicator-metadata-registry/imr-details/5291,,,,PUBLISHED,Published,,2016,2016,,AMR,Americas,,SLV,El Salvador,,No,,,,,,
SA_0000001790,National drinking guidelines,https://www.who.int/data/gho/indicator-metadata-registry/imr-details/5291,SA_0000001790_BGR,Data source,,PUBLISHED,Published,,2016,2016,,EUR,Europe,,BGR,Bulgaria,,2.1,,,,,,
SA_0000001790,National drinking guidelines,https://www.who.int/data/gho/indicator-metadata-registry/imr-details/5291,,,,PUBLISHED,Published,,2016,2016,,EUR,Europe,,KAZ,Kazakhstan,,Non-state actors,,,,,,
SA_0000001790,National drinking guidelines,https://www.who.int/data/gho/indicator-metadata-registry/imr-details/5291,,,,PUBLISHED,Published,,2016,2016,,WPR,Western Pacific,,PNG,Papua New Guinea,,No data,,,,,,
SA_0000001790,National drinking guidelines,https://www.who.int/data/gho/indicator-metadata-registry/imr-details/5291,,,,PUBLISHED,Published,,2016,2016,,AMR,Americas,,BHS,Bahamas,,No,,,,,,
SA_0000001790,National drinking guidelines,https://www.who.int/data/gho/indicator-metadata-registry/imr-details/5291,,,,PUBLISHED,Published,,2016,2016,,EUR,Europe,,DNK,Denmark,,State,,,,,,
SA_0000001790,National drinking guidelines,https://www.who.int/data/gho/indicator-metadata-registry/imr-details/5291,,,,PUBLISHED,Published,,2016,2016,,AFR,Africa,,CPV,Cabo Verde,,No,,,,,,
SA_0000001790,National drinking guidelines,https://www.who.int/data/gho/indicator-metadata-registry/imr-details/5291,,,,PUBLISHED,Published,,2016,2016,,EMR,Eastern Mediterranean,,EGY,Egypt,,No,,,,,,
SA_0000001790,National drinking guidelines,https://www.who.int/data/gho/indicator-metadata-registry/imr-details/5291,,,,PUBLISHED,Published,,2016,2016,,EMR,Eastern Mediterranean,,LBY,Libya,,Total ban,,,,,,
SA_0000001790,National drinking guidelines,https://www.who.int/data/gho/indicator-metadata-registry/imr-details/5291,,,,PUBLISHED,Published,,2016,2016,,AFR,Africa,,SSD,South Sudan,,No,,,,,,
SA_0000001790,National drinking guidelines,https://www.who.int/data/gho/indicator-metadata-registry/imr-details/5291,,,,PUBLISHED,Published,,2016,2016,,EUR,Europe,,POL,Poland,,No,,,,,,
SA_0000001790,National drinking guidelines,https://www.who.int/data/gho/indicator-metadata-registry/imr-details/5291,,,,PUBLISHED,Published,,2016,2016,,WPR,Western Pacific,,NRU,Nauru,,No data,,,,,,
SA_0000001790,National drinking guidelines,https://www.who.int/data/gho/indicator-metadata-registry/imr-details/5291,,,,PUBLISHED,Published,,2016,2016,,AMR,Americas,,JAM,Jamaica,,No,,,,,,
SA_0000001790,National drinking guidelines,https://www.who.int/data/gho/indicator-metadata-registry/imr-details/5291,,,,PUBLISHED,Published,,2016,2016,,AMR,Americas,,CHL,Chile,,State,,,,,,
SA_0000001790,National drinking guidelines,https://www.who.int/data/gho/indicator-metadata-registry/imr-details/5291,,,,PUBLISHED,Published,,2016,2016,,EMR,Eastern Mediterranean,,LBN,Lebanon,,No,,,,,,
SA_0000001790,National drinking guidelines,https://www.who.int/data/gho/indicator-metadata-registry/imr-details/5291,,,,PUBLISHED,Published,,2016,2016,,EUR,Europe,,GEO,Georgia,,No,,,,,,
SA_0000001790,National drinking guidelines,https://www.who.int/data/gho/indicator-metadata-registry/imr-details/5291,,,,PUBLISHED,Published,,2016,2016,,SEAR,South-East Asia,,PRK,Democratic People's Republic of Korea,,No,,,,,,
SA_0000001790,National drinking guidelines,https://www.who.int/data/gho/indicator-metadata-registry/imr-details/5291,,,,PUBLISHED,Published,,2016,2016,,EMR,Eastern Mediterranean,,SOM,Somalia,,Total ban,,,,,,
SA_0000001790,National drinking guidelines,https://www.who.int/data/gho/indicator-metadata-registry/imr-details/5291,,,,PUBLISHED,Published,,2016,2016,,AMR,Americas,,ARG,Argentina,,No,,,,,,
SA_0000001790,National drinking guidelines,https://www.who.int/data/gho/indicator-metadata-registry/imr-details/5291,,,,PUBLISHED,Published,,2016,2016,,AFR,Africa,,GNQ,Equatorial Guinea,,Non-state actors,,,,,,
SA_0000001790,National drinking guidelines,https://www.who.int/data/gho/indicator-metadata-registry/imr-details/5291,,,,PUBLISHED,Published,,2016,2016,,AFR,Africa,,DZA,Algeria,,No,,,,,,
SA_0000001790,National drinking guidelines,https://www.who.int/data/gho/indicator-metadata-registry/imr-details/5291,,,,PUBLISHED,Published,,2016,2016,,AFR,Africa,,LBR,Liberia,,No,,,,,,
SA_0000001790,National drinking guidelines,https://www.who.int/data/gho/indicator-metadata-registry/imr-details/5291,,,,PUBLISHED,Published,,2016,2016,,AFR,Africa,,GAB,Gabon,,No,,,,,,
SA_0000001790,National drinking guidelines,https://www.who.int/data/gho/indicator-metadata-registry/imr-details/5291,,,,PUBLISHED,Published,,2016,2016,,EMR,Eastern Mediterranean,,YEM,Yemen,,Total ban,,,,,,
SA_0000001790,National drinking guidelines,https://www.who.int/data/gho/indicator-metadata-registry/imr-details/5291,,,,PUBLISHED,Published,,2016,2016,,AFR,Africa,,NGA,Nigeria,,No,,,,,,
SA_0000001790,National drinking guidelines,https://www.who.int/data/gho/indicator-metadata-registry/imr-details/5291,,,,PUBLISHED,Published,,2016,2016,,EMR,Eastern Mediterranean,,SAU,Saudi Arabia,,Total ban,,,,,,
SA_0000001790,National drinking guidelines,https://www.who.int/data/gho/indicator-metadata-registry/imr-details/5291,,,,PUBLISHED,Published,,2016,2016,,EUR,Europe,,GBR,United Kingdom of Great Britain and Northern Ireland,,State,,,,,,
SA_0000001790,National drinking guidelines,https://www.who.int/data/gho/indicator-metadata-registry/imr-details/5291,,,,PUBLISHED,Published,,2016,2016,,WPR,Western Pacific,,AUS,Australia,,State,,,,,,
SA_0000001790,National drinking guidelines,https://www.who.int/data/gho/indicator-metadata-registry/imr-details/5291,,,,PUBLISHED,Published,,2016,2016,,WPR,Western Pacific,,BRN,Brunei Darussalam,,No,,,,,,
SA_0000001790,National drinking guidelines,https://www.who.int/data/gho/indicator-metadata-registry/imr-details/5291,,,,PUBLISHED,Published,,2016,2016,,WPR,Western Pacific,,WSM,Samoa,,State,,,,,,
SA_0000001790,National drinking guidelines,https://www.who.int/data/gho/indicator-metadata-registry/imr-details/5291,,,,PUBLISHED,Published,,2016,2016,,EMR,Eastern Mediterranean,,JOR,Jordan,,No,,,,,,
SA_0000001790,National drinking guidelines,https://www.who.int/data/gho/indicator-metadata-registry/imr-details/5291,,,,PUBLISHED,Published,,2016,2016,,AFR,Africa,,LSO,Lesotho,,No,,,,,,
SA_0000001790,National drinking guidelines,https://www.who.int/data/gho/indicator-metadata-registry/imr-details/5291,,,,PUBLISHED,Published,,2016,2016,,EUR,Europe,,UZB,Uzbekistan,,No,,,,,,
