GHO (CODE),GHO (DISPLAY),GHO (URL),PUBLISHSTATE (CODE),PUBLISHSTATE (DISPLAY),PUBLISHSTATE (URL),YEAR (CODE),YEAR (DISPLAY),YEAR (URL),REGION (CODE),REGION (DISPLAY),REGION (URL),COUNTRY (CODE),COUNTRY (DISPLAY),COUNTRY (URL),SEX (CODE),SEX (DISPLAY),SEX (URL),Display Value,Numeric,Low,High,StdErr,StdDev,Comments
SA_0000001757_ARCHIVED,"15-19 years old abstainers, lifetime (%)",https://www.who.int/data/gho/indicator-metadata-registry/imr-details/460,PUBLISHED,Published,,2010,2010,,EUR,Europe,,AZE,Azerbaijan,,MLE,Male,,0.1,0.1,,,,,
SA_0000001757_ARCHIVED,"15-19 years old abstainers, lifetime (%)",https://www.who.int/data/gho/indicator-metadata-registry/imr-details/460,PUBLISHED,Published,,2010,2010,,EUR,Europe,,CYP,Cyprus,,MLE,Male,,5.0,5.0,,,,,
SA_0000001757_ARCHIVED,"15-19 years old abstainers, lifetime (%)",https://www.who.int/data/gho/indicator-metadata-registry/imr-details/460,PUBLISHED,Published,,2010,2010,,EUR,Europe,,NOR,Norway,,FMLE,Female,,5.9,5.9,,,,,
SA_0000001757_ARCHIVED,"15-19 years old abstainers, lifetime (%)",https://www.who.int/data/gho/indicator-metadata-registry/imr-details/460,PUBLISHED,Published,,2010,2010,,AFR,Africa,,TGO,Togo,,MLE,Male,,8.8,8.8,,,,,
SA_0000001757_ARCHIVED,"15-19 years old abstainers, lifetime (%)",https://www.who.int/data/gho/indicator-metadata-registry/imr-details/460,PUBLISHED,Published,,2010,2010,,EUR,Europe,,IRL,Ireland,,MLE,Male,,9.1,9.1,,,,,
SA_0000001757_ARCHIVED,"15-19 years old abstainers, lifetime (%)",https://www.who.int/data/gho/indicator-metadata-registry/imr-details/460,PUBLISHED,Published,,2010,2010,,EUR,Europe,,IRL,Ireland,,FMLE,Female,,11.4,11.4,,,,,
SA_0000001757_ARCHIVED,"15-19 years old abstainers, lifetime (%)",https://www.who.int/data/gho/indicator-metadata-registry/imr-details/460,PUBLISHED,Published,,2010,2010,,AFR,Africa,,TGO,Togo,,FMLE,Female,,11.9,11.9,,,,,
SA_0000001757_ARCHIVED,"15-19 years old abstainers, lifetime (%)",https://www.who.int/data/gho/indicator-metadata-registry/imr-details/460,PUBLISHED,Published,,2010,2010,,EUR,Europe,,MNE,Montenegro,,FMLE,Female,,14.8,14.8,,,,,
SA_0000001757_ARCHIVED,"15-19 years old abstainers, lifetime (%)",https://www.who.int/data/gho/indicator-metadata-registry/imr-details/460,PUBLISHED,Published,,2010,2010,,EUR,Europe,,SVK,Slovakia,,MLE,Male,,15.1,15.1,,,,,
SA_0000001757_ARCHIVED,"15-19 years old abstainers, lifetime (%)",https://www.who.int/data/gho/indicator-metadata-registry/imr-details/460,PUBLISHED,Published,,2010,2010,,EUR,Europe,,AUT,Austria,,FMLE,Female,,17.4,17.4,,,,,
SA_0000001757_ARCHIVED,"15-19 years old abstainers, lifetime (%)",https://www.who.int/data/gho/indicator-metadata-registry/imr-details/460,PUBLISHED,Published,,2010,2010,,EUR,Europe,,DNK,Denmark,,FMLE,Female,,17.5,17.5,,,,,
SA_0000001757_ARCHIVED,"15-19 years old abstainers, lifetime (%)",https://www.who.int/data/gho/indicator-metadata-registry/imr-details/460,PUBLISHED,Published,,2010,2010,,AMR,Americas,,CHL,Chile,,MLE,Male,,21.6,21.6,,,,,
SA_0000001757_ARCHIVED,"15-19 years old abstainers, lifetime (%)",https://www.who.int/data/gho/indicator-metadata-registry/imr-details/460,PUBLISHED,Published,,2010,2010,,AMR,Americas,,BHS,Bahamas,,MLE,Male,,24.2,24.2,,,,,
SA_0000001757_ARCHIVED,"15-19 years old abstainers, lifetime (%)",https://www.who.int/data/gho/indicator-metadata-registry/imr-details/460,PUBLISHED,Published,,2010,2010,,AMR,Americas,,BRA,Brazil,,MLE,Male,,26.0,26.0,,,,,
SA_0000001757_ARCHIVED,"15-19 years old abstainers, lifetime (%)",https://www.who.int/data/gho/indicator-metadata-registry/imr-details/460,PUBLISHED,Published,,2010,2010,,AMR,Americas,,CRI,Costa Rica,,MLE,Male,,26.6,26.6,,,,,
SA_0000001757_ARCHIVED,"15-19 years old abstainers, lifetime (%)",https://www.who.int/data/gho/indicator-metadata-registry/imr-details/460,PUBLISHED,Published,,2010,2010,,AMR,Americas,,GRD,Grenada,,MLE,Male,,28.1,28.1,,,,,
SA_0000001757_ARCHIVED,"15-19 years old abstainers, lifetime (%)",https://www.who.int/data/gho/indicator-metadata-registry/imr-details/460,PUBLISHED,Published,,2010,2010,,AMR,Americas,,CUB,Cuba,,FMLE,Female,,28.5,28.5,,,,,
SA_0000001757_ARCHIVED,"15-19 years old abstainers, lifetime (%)",https://www.who.int/data/gho/indicator-metadata-registry/imr-details/460,PUBLISHED,Published,,2010,2010,,EUR,Europe,,KAZ,Kazakhstan,,MLE,Male,,35.7,35.7,,,,,
SA_0000001757_ARCHIVED,"15-19 years old abstainers, lifetime (%)",https://www.who.int/data/gho/indicator-metadata-registry/imr-details/460,PUBLISHED,Published,,2010,2010,,AMR,Americas,,ATG,Antigua and Barbuda,,FMLE,Female,,36.5,36.5,,,,,
SA_0000001757_ARCHIVED,"15-19 years old abstainers, lifetime (%)",https://www.who.int/data/gho/indicator-metadata-registry/imr-details/460,PUBLISHED,Published,,2010,2010,,EUR,Europe,,UZB,Uzbekistan,,FMLE,Female,,41.0,41.0,,,,,
SA_0000001757_ARCHIVED,"15-19 years old abstainers, lifetime (%)",https://www.who.int/data/gho/indicator-metadata-registry/imr-details/460,PUBLISHED,Published,,2010,2010,,WPR,Western Pacific,,FSM,Micronesia (Federated States of),,MLE,Male,,41.3,41.3,,,,,
SA_0000001757_ARCHIVED,"15-19 years old abstainers, lifetime (%)",https://www.who.int/data/gho/indicator-metadata-registry/imr-details/460,PUBLISHED,Published,,2010,2010,,AFR,Africa,,GNQ,Equatorial Guinea,,MLE,Male,,42.6,42.6,,,,,
SA_0000001757_ARCHIVED,"15-19 years old abstainers, lifetime (%)",https://www.who.int/data/gho/indicator-metadata-registry/imr-details/460,PUBLISHED,Published,,2010,2010,,AMR,Americas,,VEN,Venezuela (Bolivarian Republic of),,FMLE,Female,,42.7,42.7,,,,,
SA_0000001757_ARCHIVED,"15-19 years old abstainers, lifetime (%)",https://www.who.int/data/gho/indicator-metadata-registry/imr-details/460,PUBLISHED,Published,,2010,2010,,AMR,Americas,,NIC,Nicaragua,,FMLE,Female,,43.9,43.9,,,,,
SA_0000001757_ARCHIVED,"15-19 years old abstainers, lifetime (%)",https://www.who.int/data/gho/indicator-metadata-registry/imr-details/460,PUBLISHED,Published,,2010,2010,,AMR,Americas,,VCT,Saint Vincent and the Grenadines,,FMLE,Female,,44.1,44.1,,,,,
SA_0000001757_ARCHIVED,"15-19 years old abstainers, lifetime (%)",https://www.who.int/data/gho/indicator-metadata-registry/imr-details/460,PUBLISHED,Published,,2010,2010,,AFR,Africa,,NGA,Nigeria,,MLE,Male,,45.6,45.6,,,,,
SA_0000001757_ARCHIVED,"15-19 years old abstainers, lifetime (%)",https://www.who.int/data/gho/indicator-metadata-registry/imr-details/460,PUBLISHED,Published,,2010,2010,,AFR,Africa,,KEN,Kenya,,MLE,Male,,45.7,45.7,,,,,
SA_0000001757_ARCHIVED,"15-19 years old abstainers, lifetime (%)",https://www.who.int/data/gho/indicator-metadata-registry/imr-details/460,PUBLISHED,Published,,2010,2010,,AFR,Africa,,SLE,Sierra Leone,,MLE,Male,,47.5,47.5,,,,,
SA_0000001757_ARCHIVED,"15-19 years old abstainers, lifetime (%)",https://www.who.int/data/gho/indicator-metadata-registry/imr-details/460,PUBLISHED,Published,,2010,2010,,AFR,Africa,,UGA,Uganda,,MLE,Male,,47.6,47.6,,,,,
SA_0000001757_ARCHIVED,"15-19 years old abstainers, lifetime (%)",https://www.who.int/data/gho/indicator-metadata-registry/imr-details/460,PUBLISHED,Published,,2010,2010,,AFR,Africa,,ETH,Ethiopia,,FMLE,Female,,53.6,53.6,,,,,
SA_0000001757_ARCHIVED,"15-19 years old abstainers, lifetime (%)",https://www.who.int/data/gho/indicator-metadata-registry/imr-details/460,PUBLISHED,Published,,2010,2010,,AFR,Africa,,LBR,Liberia,,MLE,Male,,54.5,54.5,,,,,
SA_0000001757_ARCHIVED,"15-19 years old abstainers, lifetime (%)",https://www.who.int/data/gho/indicator-metadata-registry/imr-details/460,PUBLISHED,Published,,2010,2010,,WPR,Western Pacific,,FSM,Micronesia (Federated States of),,FMLE,Female,,57.9,57.9,,,,,
SA_0000001757_ARCHIVED,"15-19 years old abstainers, lifetime (%)",https://www.who.int/data/gho/indicator-metadata-registry/imr-details/460,PUBLISHED,Published,,2010,2010,,WPR,Western Pacific,,PNG,Papua New Guinea,,FMLE,Female,,58.2,58.2,,,,,
SA_0000001757_ARCHIVED,"15-19 years old abstainers, lifetime (%)",https://www.who.int/data/gho/indicator-metadata-registry/imr-details/460,PUBLISHED,Published,,2010,2010,,AFR,Africa,,LSO,Lesotho,,FMLE,Female,,60.7,60.7,,,,,
SA_0000001757_ARCHIVED,"15-19 years old abstainers, lifetime (%)",https://www.who.int/data/gho/indicator-metadata-registry/imr-details/460,PUBLISHED,Published,,2010,2010,,AFR,Africa,,ZMB,Zambia,,FMLE,Female,,60.9,60.9,,,,,
SA_0000001757_ARCHIVED,"15-19 years old abstainers, lifetime (%)",https://www.who.int/data/gho/indicator-metadata-registry/imr-details/460,PUBLISHED,Published,,2010,2010,,AFR,Africa,,COD,Democratic Republic of the Congo,,FMLE,Female,,63.1,63.1,,,,,
SA_0000001757_ARCHIVED,"15-19 years old abstainers, lifetime (%)",https://www.who.int/data/gho/indicator-metadata-registry/imr-details/460,PUBLISHED,Published,,2010,2010,,AFR,Africa,,BFA,Burkina Faso,,FMLE,Female,,63.6,63.6,,,,,
SA_0000001757_ARCHIVED,"15-19 years old abstainers, lifetime (%)",https://www.who.int/data/gho/indicator-metadata-registry/imr-details/460,PUBLISHED,Published,,2010,2010,,SEAR,South-East Asia,,PRK,Democratic People's Republic of Korea,,FMLE,Female,,67.8,67.8,,,,,
SA_0000001757_ARCHIVED,"15-19 years old abstainers, lifetime (%)",https://www.who.int/data/gho/indicator-metadata-registry/imr-details/460,PUBLISHED,Published,,2010,2010,,EMR,Eastern Mediterranean,,ARE,United Arab Emirates,,FMLE,Female,,70.5,70.5,,,,,
SA_0000001757_ARCHIVED,"15-19 years old abstainers, lifetime (%)",https://www.who.int/data/gho/indicator-metadata-registry/imr-details/460,PUBLISHED,Published,,2010,2010,,EMR,Eastern Mediterranean,,DJI,Djibouti,,FMLE,Female,,85.1,85.1,,,,,
SA_0000001757_ARCHIVED,"15-19 years old abstainers, lifetime (%)",https://www.who.int/data/gho/indicator-metadata-registry/imr-details/460,PUBLISHED,Published,,2010,2010,,EMR,Eastern Mediterranean,,EGY,Egypt,,MLE,Male,,86.2,86.2,,,,,
SA_0000001757_ARCHIVED,"15-19 years old abstainers, lifetime (%)",https://www.who.int/data/gho/indicator-metadata-registry/imr-details/460,PUBLISHED,Published,,2010,2010,,EMR,Eastern Mediterranean,,JOR,Jordan,,MLE,Male,,90.2,90.2,,,,,
SA_0000001757_ARCHIVED,"15-19 years old abstainers, lifetime (%)",https://www.who.int/data/gho/indicator-metadata-registry/imr-details/460,PUBLISHED,Published,,2010,2010,,EMR,Eastern Mediterranean,,PAK,Pakistan,,FMLE,Female,,90.5,90.5,,,,,
SA_0000001757_ARCHIVED,"15-19 years old abstainers, lifetime (%)",https://www.who.int/data/gho/indicator-metadata-registry/imr-details/460,PUBLISHED,Published,,2010,2010,,AFR,Africa,,DZA,Algeria,,FMLE,Female,,95.8,95.8,,,,,
SA_0000001757_ARCHIVED,"15-19 years old abstainers, lifetime (%)",https://www.who.int/data/gho/indicator-metadata-registry/imr-details/460,PUBLISHED,Published,,2010,2010,,AFR,Africa,,SEN,Senegal,,MLE,Male,,96.3,96.3,,,,,
SA_0000001757_ARCHIVED,"15-19 years old abstainers, lifetime (%)",https://www.who.int/data/gho/indicator-metadata-registry/imr-details/460,PUBLISHED,Published,,2010,2010,,EUR,Europe,,MCO,Monaco,,FMLE,Female,,,,,,,,missing data
SA_0000001757_ARCHIVED,"15-19 years old abstainers, lifetime (%)",https://www.who.int/data/gho/indicator-metadata-registry/imr-details/460,PUBLISHED,Published,,2010,2010,,EUR,Europe,,SMR,San Marino,,FMLE,Female,,,,,,,,missing data
SA_0000001757_ARCHIVED,"15-19 years old abstainers, lifetime (%)",https://www.who.int/data/gho/indicator-metadata-registry/imr-details/460,PUBLISHED,Published,,2010,2010,,EUR,Europe,,NLD,Netherlands,,FMLE,Female,,4.9,4.9,,,,,
SA_0000001757_ARCHIVED,"15-19 years old abstainers, lifetime (%)",https://www.who.int/data/gho/indicator-metadata-registry/imr-details/460,PUBLISHED,Published,,2010,2010,,EUR,Europe,,BEL,Belgium,,MLE,Male,,5.9,5.9,,,,,
SA_0000001757_ARCHIVED,"15-19 years old abstainers, lifetime (%)",https://www.who.int/data/gho/indicator-metadata-registry/imr-details/460,PUBLISHED,Published,,2010,2010,,EUR,Europe,,MNE,Montenegro,,MLE,Male,,8.4,8.4,,,,,
SA_0000001757_ARCHIVED,"15-19 years old abstainers, lifetime (%)",https://www.who.int/data/gho/indicator-metadata-registry/imr-details/460,PUBLISHED,Published,,2010,2010,,EUR,Europe,,ISL,Iceland,,MLE,Male,,8.9,8.9,,,,,
SA_0000001757_ARCHIVED,"15-19 years old abstainers, lifetime (%)",https://www.who.int/data/gho/indicator-metadata-registry/imr-details/460,PUBLISHED,Published,,2010,2010,,EUR,Europe,,SRB,Serbia,,MLE,Male,,11.4,11.4,,,,,
SA_0000001757_ARCHIVED,"15-19 years old abstainers, lifetime (%)",https://www.who.int/data/gho/indicator-metadata-registry/imr-details/460,PUBLISHED,Published,,2010,2010,,EUR,Europe,,FIN,Finland,,MLE,Male,,11.9,11.9,,,,,
SA_0000001757_ARCHIVED,"15-19 years old abstainers, lifetime (%)",https://www.who.int/data/gho/indicator-metadata-registry/imr-details/460,PUBLISHED,Published,,2010,2010,,EUR,Europe,,EST,Estonia,,MLE,Male,,14.9,14.9,,,,,
SA_0000001757_ARCHIVED,"15-19 years old abstainers, lifetime (%)",https://www.who.int/data/gho/indicator-metadata-registry/imr-details/460,PUBLISHED,Published,,2010,2010,,AMR,Americas,,USA,United States of America,,MLE,Male,,15.4,15.4,,,,,
SA_0000001757_ARCHIVED,"15-19 years old abstainers, lifetime (%)",https://www.who.int/data/gho/indicator-metadata-registry/imr-details/460,PUBLISHED,Published,,2010,2010,,EUR,Europe,,PRT,Portugal,,MLE,Male,,17.4,17.4,,,,,
SA_0000001757_ARCHIVED,"15-19 years old abstainers, lifetime (%)",https://www.who.int/data/gho/indicator-metadata-registry/imr-details/460,PUBLISHED,Published,,2010,2010,,WPR,Western Pacific,,AUS,Australia,,MLE,Male,,17.6,17.6,,,,,
SA_0000001757_ARCHIVED,"15-19 years old abstainers, lifetime (%)",https://www.who.int/data/gho/indicator-metadata-registry/imr-details/460,PUBLISHED,Published,,2010,2010,,AMR,Americas,,CAN,Canada,,FMLE,Female,,21.6,21.6,,,,,
SA_0000001757_ARCHIVED,"15-19 years old abstainers, lifetime (%)",https://www.who.int/data/gho/indicator-metadata-registry/imr-details/460,PUBLISHED,Published,,2010,2010,,EUR,Europe,,POL,Poland,,MLE,Male,,22.1,22.1,,,,,
SA_0000001757_ARCHIVED,"15-19 years old abstainers, lifetime (%)",https://www.who.int/data/gho/indicator-metadata-registry/imr-details/460,PUBLISHED,Published,,2010,2010,,AMR,Americas,,URY,Uruguay,,MLE,Male,,24.3,24.3,,,,,
SA_0000001757_ARCHIVED,"15-19 years old abstainers, lifetime (%)",https://www.who.int/data/gho/indicator-metadata-registry/imr-details/460,PUBLISHED,Published,,2010,2010,,WPR,Western Pacific,,AUS,Australia,,FMLE,Female,,25.7,25.7,,,,,
SA_0000001757_ARCHIVED,"15-19 years old abstainers, lifetime (%)",https://www.who.int/data/gho/indicator-metadata-registry/imr-details/460,PUBLISHED,Published,,2010,2010,,AMR,Americas,,BOL,Bolivia (Plurinational State of),,MLE,Male,,26.6,26.6,,,,,
SA_0000001757_ARCHIVED,"15-19 years old abstainers, lifetime (%)",https://www.who.int/data/gho/indicator-metadata-registry/imr-details/460,PUBLISHED,Published,,2010,2010,,EUR,Europe,,ITA,Italy,,FMLE,Female,,28.0,28.0,,,,,
SA_0000001757_ARCHIVED,"15-19 years old abstainers, lifetime (%)",https://www.who.int/data/gho/indicator-metadata-registry/imr-details/460,PUBLISHED,Published,,2010,2010,,AMR,Americas,,COL,Colombia,,MLE,Male,,28.2,28.2,,,,,
SA_0000001757_ARCHIVED,"15-19 years old abstainers, lifetime (%)",https://www.who.int/data/gho/indicator-metadata-registry/imr-details/460,PUBLISHED,Published,,2010,2010,,AFR,Africa,,SYC,Seychelles,,MLE,Male,,34.5,34.5,,,,,
SA_0000001757_ARCHIVED,"15-19 years old abstainers, lifetime (%)",https://www.who.int/data/gho/indicator-metadata-registry/imr-details/460,PUBLISHED,Published,,2010,2010,,WPR,Western Pacific,,PLW,Palau,,MLE,Male,,36.3,36.3,,,,,
SA_0000001757_ARCHIVED,"15-19 years old abstainers, lifetime (%)",https://www.who.int/data/gho/indicator-metadata-registry/imr-details/460,PUBLISHED,Published,,2010,2010,,WPR,Western Pacific,,PHL,Philippines,,MLE,Male,,41.0,41.0,,,,,
SA_0000001757_ARCHIVED,"15-19 years old abstainers, lifetime (%)",https://www.who.int/data/gho/indicator-metadata-registry/imr-details/460,PUBLISHED,Published,,2010,2010,,WPR,Western Pacific,,VNM,Viet Nam,,MLE,Male,,41.3,41.3,,,,,
SA_0000001757_ARCHIVED,"15-19 years old abstainers, lifetime (%)",https://www.who.int/data/gho/indicator-metadata-registry/imr-details/460,PUBLISHED,Published,,2010,2010,,AMR,Americas,,GTM,Guatemala,,FMLE,Female,,42.7,42.7,,,,,
SA_0000001757_ARCHIVED,"15-19 years old abstainers, lifetime (%)",https://www.who.int/data/gho/indicator-metadata-registry/imr-details/460,PUBLISHED,Published,,2010,2010,,WPR,Western Pacific,,COK,Cook Islands,,MLE,Male,,42.8,42.8,,,,,
SA_0000001757_ARCHIVED,"15-19 years old abstainers, lifetime (%)",https://www.who.int/data/gho/indicator-metadata-registry/imr-details/460,PUBLISHED,Published,,2010,2010,,SEAR,South-East Asia,,BTN,Bhutan,,MLE,Male,,43.9,43.9,,,,,
SA_0000001757_ARCHIVED,"15-19 years old abstainers, lifetime (%)",https://www.who.int/data/gho/indicator-metadata-registry/imr-details/460,PUBLISHED,Published,,2010,2010,,AMR,Americas,,GUY,Guyana,,FMLE,Female,,44.2,44.2,,,,,
SA_0000001757_ARCHIVED,"15-19 years old abstainers, lifetime (%)",https://www.who.int/data/gho/indicator-metadata-registry/imr-details/460,PUBLISHED,Published,,2010,2010,,AFR,Africa,,CMR,Cameroon,,MLE,Male,,45.6,45.6,,,,,
SA_0000001757_ARCHIVED,"15-19 years old abstainers, lifetime (%)",https://www.who.int/data/gho/indicator-metadata-registry/imr-details/460,PUBLISHED,Published,,2010,2010,,AFR,Africa,,ERI,Eritrea,,MLE,Male,,45.7,45.7,,,,,
SA_0000001757_ARCHIVED,"15-19 years old abstainers, lifetime (%)",https://www.who.int/data/gho/indicator-metadata-registry/imr-details/460,PUBLISHED,Published,,2010,2010,,AFR,Africa,,STP,Sao Tome and Principe,,MLE,Male,,45.7,45.7,,,,,
SA_0000001757_ARCHIVED,"15-19 years old abstainers, lifetime (%)",https://www.who.int/data/gho/indicator-metadata-registry/imr-details/460,PUBLISHED,Published,,2010,2010,,AFR,Africa,,RWA,Rwanda,,MLE,Male,,47.4,47.4,,,,,
SA_0000001757_ARCHIVED,"15-19 years old abstainers, lifetime (%)",https://www.who.int/data/gho/indicator-metadata-registry/imr-details/460,PUBLISHED,Published,,2010,2010,,AFR,Africa,,ZWE,Zimbabwe,,MLE,Male,,47.5,47.5,,,,,
SA_0000001757_ARCHIVED,"15-19 years old abstainers, lifetime (%)",https://www.who.int/data/gho/indicator-metadata-registry/imr-details/460,PUBLISHED,Published,,2010,2010,,SEAR,South-East Asia,,PRK,Democratic People's Republic of Korea,,MLE,Male,,52.9,52.9,,,,,
SA_0000001757_ARCHIVED,"15-19 years old abstainers, lifetime (%)",https://www.who.int/data/gho/indicator-metadata-registry/imr-details/460,PUBLISHED,Published,,2010,2010,,EUR,Europe,,KAZ,Kazakhstan,,FMLE,Female,,54.0,54.0,,,,,
SA_0000001757_ARCHIVED,"15-19 years old abstainers, lifetime (%)",https://www.who.int/data/gho/indicator-metadata-registry/imr-details/460,PUBLISHED,Published,,2010,2010,,WPR,Western Pacific,,SLB,Solomon Islands,,FMLE,Female,,57.7,57.7,,,,,
SA_0000001757_ARCHIVED,"15-19 years old abstainers, lifetime (%)",https://www.who.int/data/gho/indicator-metadata-registry/imr-details/460,PUBLISHED,Published,,2010,2010,,AMR,Americas,,BLZ,Belize,,MLE,Male,,58.2,58.2,,,,,
SA_0000001757_ARCHIVED,"15-19 years old abstainers, lifetime (%)",https://www.who.int/data/gho/indicator-metadata-registry/imr-details/460,PUBLISHED,Published,,2010,2010,,SEAR,South-East Asia,,BTN,Bhutan,,FMLE,Female,,60.7,60.7,,,,,
SA_0000001757_ARCHIVED,"15-19 years old abstainers, lifetime (%)",https://www.who.int/data/gho/indicator-metadata-registry/imr-details/460,PUBLISHED,Published,,2010,2010,,WPR,Western Pacific,,CHN,China,,FMLE,Female,,61.2,61.2,,,,,
SA_0000001757_ARCHIVED,"15-19 years old abstainers, lifetime (%)",https://www.who.int/data/gho/indicator-metadata-registry/imr-details/460,PUBLISHED,Published,,2010,2010,,AFR,Africa,,NGA,Nigeria,,FMLE,Female,,63.1,63.1,,,,,
SA_0000001757_ARCHIVED,"15-19 years old abstainers, lifetime (%)",https://www.who.int/data/gho/indicator-metadata-registry/imr-details/460,PUBLISHED,Published,,2010,2010,,AFR,Africa,,ZWE,Zimbabwe,,FMLE,Female,,64.0,64.0,,,,,
SA_0000001757_ARCHIVED,"15-19 years old abstainers, lifetime (%)",https://www.who.int/data/gho/indicator-metadata-registry/imr-details/460,PUBLISHED,Published,,2010,2010,,AFR,Africa,,LBR,Liberia,,FMLE,Female,,68.9,68.9,,,,,
SA_0000001757_ARCHIVED,"15-19 years old abstainers, lifetime (%)",https://www.who.int/data/gho/indicator-metadata-registry/imr-details/460,PUBLISHED,Published,,2010,2010,,EMR,Eastern Mediterranean,,QAT,Qatar,,FMLE,Female,,70.8,70.8,,,,,
SA_0000001757_ARCHIVED,"15-19 years old abstainers, lifetime (%)",https://www.who.int/data/gho/indicator-metadata-registry/imr-details/460,PUBLISHED,Published,,2010,2010,,EMR,Eastern Mediterranean,,OMN,Oman,,MLE,Male,,84.8,84.8,,,,,
SA_0000001757_ARCHIVED,"15-19 years old abstainers, lifetime (%)",https://www.who.int/data/gho/indicator-metadata-registry/imr-details/460,PUBLISHED,Published,,2010,2010,,EMR,Eastern Mediterranean,,SYR,Syrian Arab Republic,,FMLE,Female,,86.0,86.0,,,,,
SA_0000001757_ARCHIVED,"15-19 years old abstainers, lifetime (%)",https://www.who.int/data/gho/indicator-metadata-registry/imr-details/460,PUBLISHED,Published,,2010,2010,,EMR,Eastern Mediterranean,,IRQ,Iraq,,MLE,Male,,86.9,86.9,,,,,
SA_0000001757_ARCHIVED,"15-19 years old abstainers, lifetime (%)",https://www.who.int/data/gho/indicator-metadata-registry/imr-details/460,PUBLISHED,Published,,2010,2010,,EMR,Eastern Mediterranean,,JOR,Jordan,,FMLE,Female,,89.8,89.8,,,,,
SA_0000001757_ARCHIVED,"15-19 years old abstainers, lifetime (%)",https://www.who.int/data/gho/indicator-metadata-registry/imr-details/460,PUBLISHED,Published,,2010,2010,,EMR,Eastern Mediterranean,,YEM,Yemen,,FMLE,Female,,90.3,90.3,,,,,
SA_0000001757_ARCHIVED,"15-19 years old abstainers, lifetime (%)",https://www.who.int/data/gho/indicator-metadata-registry/imr-details/460,PUBLISHED,Published,,2010,2010,,SEAR,South-East Asia,,IDN,Indonesia,,FMLE,Female,,95.5,95.5,,,,,
SA_0000001757_ARCHIVED,"15-19 years old abstainers, lifetime (%)",https://www.who.int/data/gho/indicator-metadata-registry/imr-details/460,PUBLISHED,Published,,2010,2010,,SEAR,South-East Asia,,MDV,Maldives,,FMLE,Female,,96.2,96.2,,,,,
SA_0000001757_ARCHIVED,"15-19 years old abstainers, lifetime (%)",https://www.who.int/data/gho/indicator-metadata-registry/imr-details/460,PUBLISHED,Published,,2010,2010,,EUR,Europe,,MCO,Monaco,,MLE,Male,,,,,,,,missing data
SA_0000001757_ARCHIVED,"15-19 years old abstainers, lifetime (%)",https://www.who.int/data/gho/indicator-metadata-registry/imr-details/460,PUBLISHED,Published,,2010,2010,,EUR,Europe,,SMR,San Marino,,MLE,Male,,,,,,,,missing data
SA_0000001757_ARCHIVED,"15-19 years old abstainers, lifetime (%)",https://www.who.int/data/gho/indicator-metadata-registry/imr-details/460,PUBLISHED,Published,,2010,2010,,EUR,Europe,,LUX,Luxembourg,,FMLE,Female,,2.2,2.2,,,,,
SA_0000001757_ARCHIVED,"15-19 years old abstainers, lifetime (%)",https://www.who.int/data/gho/indicator-metadata-registry/imr-details/460,PUBLISHED,Published,,2010,2010,,EUR,Europe,,MKD,Republic of North Macedonia,,MLE,Male,,2.6,2.6,,,,,
SA_0000001757_ARCHIVED,"15-19 years old abstainers, lifetime (%)",https://www.who.int/data/gho/indicator-metadata-registry/imr-details/460,PUBLISHED,Published,,2010,2010,,EUR,Europe,,CHE,Switzerland,,MLE,Male,,6.6,6.6,,,,,
SA_0000001757_ARCHIVED,"15-19 years old abstainers, lifetime (%)",https://www.who.int/data/gho/indicator-metadata-registry/imr-details/460,PUBLISHED,Published,,2010,2010,,EUR,Europe,,ARM,Armenia,,MLE,Male,,7.0,7.0,,,,,
SA_0000001757_ARCHIVED,"15-19 years old abstainers, lifetime (%)",https://www.who.int/data/gho/indicator-metadata-registry/imr-details/460,PUBLISHED,Published,,2010,2010,,EUR,Europe,,UZB,Uzbekistan,,MLE,Male,,10.0,10.0,,,,,
SA_0000001757_ARCHIVED,"15-19 years old abstainers, lifetime (%)",https://www.who.int/data/gho/indicator-metadata-registry/imr-details/460,PUBLISHED,Published,,2010,2010,,EUR,Europe,,LTU,Lithuania,,FMLE,Female,,10.6,10.6,,,,,
SA_0000001757_ARCHIVED,"15-19 years old abstainers, lifetime (%)",https://www.who.int/data/gho/indicator-metadata-registry/imr-details/460,PUBLISHED,Published,,2010,2010,,EUR,Europe,,SVN,Slovenia,,MLE,Male,,13.5,13.5,,,,,
SA_0000001757_ARCHIVED,"15-19 years old abstainers, lifetime (%)",https://www.who.int/data/gho/indicator-metadata-registry/imr-details/460,PUBLISHED,Published,,2010,2010,,EUR,Europe,,ESP,Spain,,FMLE,Female,,13.7,13.7,,,,,
SA_0000001757_ARCHIVED,"15-19 years old abstainers, lifetime (%)",https://www.who.int/data/gho/indicator-metadata-registry/imr-details/460,PUBLISHED,Published,,2010,2010,,EUR,Europe,,GRC,Greece,,FMLE,Female,,16.2,16.2,,,,,
SA_0000001757_ARCHIVED,"15-19 years old abstainers, lifetime (%)",https://www.who.int/data/gho/indicator-metadata-registry/imr-details/460,PUBLISHED,Published,,2010,2010,,EUR,Europe,,RUS,Russian Federation,,FMLE,Female,,16.2,16.2,,,,,
SA_0000001757_ARCHIVED,"15-19 years old abstainers, lifetime (%)",https://www.who.int/data/gho/indicator-metadata-registry/imr-details/460,PUBLISHED,Published,,2010,2010,,AMR,Americas,,CAN,Canada,,MLE,Male,,18.7,18.7,,,,,
SA_0000001757_ARCHIVED,"15-19 years old abstainers, lifetime (%)",https://www.who.int/data/gho/indicator-metadata-registry/imr-details/460,PUBLISHED,Published,,2010,2010,,WPR,Western Pacific,,SGP,Singapore,,MLE,Male,,19.3,19.3,,,,,
SA_0000001757_ARCHIVED,"15-19 years old abstainers, lifetime (%)",https://www.who.int/data/gho/indicator-metadata-registry/imr-details/460,PUBLISHED,Published,,2010,2010,,EUR,Europe,,ALB,Albania,,MLE,Male,,24.9,24.9,,,,,
SA_0000001757_ARCHIVED,"15-19 years old abstainers, lifetime (%)",https://www.who.int/data/gho/indicator-metadata-registry/imr-details/460,PUBLISHED,Published,,2010,2010,,AMR,Americas,,PRY,Paraguay,,MLE,Male,,25.0,25.0,,,,,
SA_0000001757_ARCHIVED,"15-19 years old abstainers, lifetime (%)",https://www.who.int/data/gho/indicator-metadata-registry/imr-details/460,PUBLISHED,Published,,2010,2010,,EUR,Europe,,MDA,Republic of Moldova,,FMLE,Female,,27.1,27.1,,,,,
SA_0000001757_ARCHIVED,"15-19 years old abstainers, lifetime (%)",https://www.who.int/data/gho/indicator-metadata-registry/imr-details/460,PUBLISHED,Published,,2010,2010,,AMR,Americas,,HND,Honduras,,MLE,Male,,27.4,27.4,,,,,
SA_0000001757_ARCHIVED,"15-19 years old abstainers, lifetime (%)",https://www.who.int/data/gho/indicator-metadata-registry/imr-details/460,PUBLISHED,Published,,2010,2010,,AMR,Americas,,HTI,Haiti,,MLE,Male,,29.0,29.0,,,,,
SA_0000001757_ARCHIVED,"15-19 years old abstainers, lifetime (%)",https://www.who.int/data/gho/indicator-metadata-registry/imr-details/460,PUBLISHED,Published,,2010,2010,,EUR,Europe,,MLT,Malta,,FMLE,Female,,31.3,31.3,,,,,
SA_0000001757_ARCHIVED,"15-19 years old abstainers, lifetime (%)",https://www.who.int/data/gho/indicator-metadata-registry/imr-details/460,PUBLISHED,Published,,2010,2010,,WPR,Western Pacific,,TON,Tonga,,MLE,Male,,39.9,39.9,,,,,
SA_0000001757_ARCHIVED,"15-19 years old abstainers, lifetime (%)",https://www.who.int/data/gho/indicator-metadata-registry/imr-details/460,PUBLISHED,Published,,2010,2010,,WPR,Western Pacific,,FJI,Fiji,,MLE,Male,,40.2,40.2,,,,,
SA_0000001757_ARCHIVED,"15-19 years old abstainers, lifetime (%)",https://www.who.int/data/gho/indicator-metadata-registry/imr-details/460,PUBLISHED,Published,,2010,2010,,AMR,Americas,,PRY,Paraguay,,FMLE,Female,,41.8,41.8,,,,,
SA_0000001757_ARCHIVED,"15-19 years old abstainers, lifetime (%)",https://www.who.int/data/gho/indicator-metadata-registry/imr-details/460,PUBLISHED,Published,,2010,2010,,WPR,Western Pacific,,PNG,Papua New Guinea,,MLE,Male,,41.9,41.9,,,,,
SA_0000001757_ARCHIVED,"15-19 years old abstainers, lifetime (%)",https://www.who.int/data/gho/indicator-metadata-registry/imr-details/460,PUBLISHED,Published,,2010,2010,,WPR,Western Pacific,,CHN,China,,MLE,Male,,43.2,43.2,,,,,
SA_0000001757_ARCHIVED,"15-19 years old abstainers, lifetime (%)",https://www.who.int/data/gho/indicator-metadata-registry/imr-details/460,PUBLISHED,Published,,2010,2010,,AMR,Americas,,CRI,Costa Rica,,FMLE,Female,,43.3,43.3,,,,,
SA_0000001757_ARCHIVED,"15-19 years old abstainers, lifetime (%)",https://www.who.int/data/gho/indicator-metadata-registry/imr-details/460,PUBLISHED,Published,,2010,2010,,WPR,Western Pacific,,KHM,Cambodia,,MLE,Male,,43.4,43.4,,,,,
SA_0000001757_ARCHIVED,"15-19 years old abstainers, lifetime (%)",https://www.who.int/data/gho/indicator-metadata-registry/imr-details/460,PUBLISHED,Published,,2010,2010,,AMR,Americas,,LCA,Saint Lucia,,FMLE,Female,,44.8,44.8,,,,,
SA_0000001757_ARCHIVED,"15-19 years old abstainers, lifetime (%)",https://www.who.int/data/gho/indicator-metadata-registry/imr-details/460,PUBLISHED,Published,,2010,2010,,AFR,Africa,,LSO,Lesotho,,MLE,Male,,44.9,44.9,,,,,
SA_0000001757_ARCHIVED,"15-19 years old abstainers, lifetime (%)",https://www.who.int/data/gho/indicator-metadata-registry/imr-details/460,PUBLISHED,Published,,2010,2010,,AFR,Africa,,GNB,Guinea-Bissau,,MLE,Male,,46.4,46.4,,,,,
SA_0000001757_ARCHIVED,"15-19 years old abstainers, lifetime (%)",https://www.who.int/data/gho/indicator-metadata-registry/imr-details/460,PUBLISHED,Published,,2010,2010,,AMR,Americas,,GRD,Grenada,,FMLE,Female,,46.5,46.5,,,,,
SA_0000001757_ARCHIVED,"15-19 years old abstainers, lifetime (%)",https://www.who.int/data/gho/indicator-metadata-registry/imr-details/460,PUBLISHED,Published,,2010,2010,,SEAR,South-East Asia,,MMR,Myanmar,,MLE,Male,,49.0,49.0,,,,,
SA_0000001757_ARCHIVED,"15-19 years old abstainers, lifetime (%)",https://www.who.int/data/gho/indicator-metadata-registry/imr-details/460,PUBLISHED,Published,,2010,2010,,AFR,Africa,,SYC,Seychelles,,FMLE,Female,,50.0,50.0,,,,,
SA_0000001757_ARCHIVED,"15-19 years old abstainers, lifetime (%)",https://www.who.int/data/gho/indicator-metadata-registry/imr-details/460,PUBLISHED,Published,,2010,2010,,WPR,Western Pacific,,SGP,Singapore,,FMLE,Female,,50.5,50.5,,,,,
SA_0000001757_ARCHIVED,"15-19 years old abstainers, lifetime (%)",https://www.who.int/data/gho/indicator-metadata-registry/imr-details/460,PUBLISHED,Published,,2010,2010,,AFR,Africa,,MUS,Mauritius,,FMLE,Female,,56.0,56.0,,,,,
SA_0000001757_ARCHIVED,"15-19 years old abstainers, lifetime (%)",https://www.who.int/data/gho/indicator-metadata-registry/imr-details/460,PUBLISHED,Published,,2010,2010,,WPR,Western Pacific,,FJI,Fiji,,FMLE,Female,,56.6,56.6,,,,,
SA_0000001757_ARCHIVED,"15-19 years old abstainers, lifetime (%)",https://www.who.int/data/gho/indicator-metadata-registry/imr-details/460,PUBLISHED,Published,,2010,2010,,WPR,Western Pacific,,NRU,Nauru,,FMLE,Female,,59.7,59.7,,,,,
SA_0000001757_ARCHIVED,"15-19 years old abstainers, lifetime (%)",https://www.who.int/data/gho/indicator-metadata-registry/imr-details/460,PUBLISHED,Published,,2010,2010,,WPR,Western Pacific,,TUV,Tuvalu,,FMLE,Female,,59.8,59.8,,,,,
SA_0000001757_ARCHIVED,"15-19 years old abstainers, lifetime (%)",https://www.who.int/data/gho/indicator-metadata-registry/imr-details/460,PUBLISHED,Published,,2010,2010,,AFR,Africa,,MWI,Malawi,,FMLE,Female,,62.0,62.0,,,,,
SA_0000001757_ARCHIVED,"15-19 years old abstainers, lifetime (%)",https://www.who.int/data/gho/indicator-metadata-registry/imr-details/460,PUBLISHED,Published,,2010,2010,,AFR,Africa,,ZAF,South Africa,,FMLE,Female,,62.1,62.1,,,,,
SA_0000001757_ARCHIVED,"15-19 years old abstainers, lifetime (%)",https://www.who.int/data/gho/indicator-metadata-registry/imr-details/460,PUBLISHED,Published,,2010,2010,,AFR,Africa,,SLE,Sierra Leone,,FMLE,Female,,64.7,64.7,,,,,
SA_0000001757_ARCHIVED,"15-19 years old abstainers, lifetime (%)",https://www.who.int/data/gho/indicator-metadata-registry/imr-details/460,PUBLISHED,Published,,2010,2010,,AFR,Africa,,NAM,Namibia,,FMLE,Female,,64.9,64.9,,,,,
SA_0000001757_ARCHIVED,"15-19 years old abstainers, lifetime (%)",https://www.who.int/data/gho/indicator-metadata-registry/imr-details/460,PUBLISHED,Published,,2010,2010,,SEAR,South-East Asia,,MMR,Myanmar,,FMLE,Female,,65.4,65.4,,,,,
SA_0000001757_ARCHIVED,"15-19 years old abstainers, lifetime (%)",https://www.who.int/data/gho/indicator-metadata-registry/imr-details/460,PUBLISHED,Published,,2010,2010,,EMR,Eastern Mediterranean,,SAU,Saudi Arabia,,MLE,Male,,79.4,79.4,,,,,
SA_0000001757_ARCHIVED,"15-19 years old abstainers, lifetime (%)",https://www.who.int/data/gho/indicator-metadata-registry/imr-details/460,PUBLISHED,Published,,2010,2010,,SEAR,South-East Asia,,IND,India,,MLE,Male,,80.7,80.7,,,,,
SA_0000001757_ARCHIVED,"15-19 years old abstainers, lifetime (%)",https://www.who.int/data/gho/indicator-metadata-registry/imr-details/460,PUBLISHED,Published,,2010,2010,,EMR,Eastern Mediterranean,,MAR,Morocco,,FMLE,Female,,88.5,88.5,,,,,
SA_0000001757_ARCHIVED,"15-19 years old abstainers, lifetime (%)",https://www.who.int/data/gho/indicator-metadata-registry/imr-details/460,PUBLISHED,Published,,2010,2010,,EMR,Eastern Mediterranean,,SOM,Somalia,,MLE,Male,,88.5,88.5,,,,,
SA_0000001757_ARCHIVED,"15-19 years old abstainers, lifetime (%)",https://www.who.int/data/gho/indicator-metadata-registry/imr-details/460,PUBLISHED,Published,,2010,2010,,EMR,Eastern Mediterranean,,LBY,Libya,,MLE,Male,,91.9,91.9,,,,,
SA_0000001757_ARCHIVED,"15-19 years old abstainers, lifetime (%)",https://www.who.int/data/gho/indicator-metadata-registry/imr-details/460,PUBLISHED,Published,,2010,2010,,SEAR,South-East Asia,,IDN,Indonesia,,MLE,Male,,91.9,91.9,,,,,
SA_0000001757_ARCHIVED,"15-19 years old abstainers, lifetime (%)",https://www.who.int/data/gho/indicator-metadata-registry/imr-details/460,PUBLISHED,Published,,2010,2010,,AFR,Africa,,DZA,Algeria,,MLE,Male,,93.7,93.7,,,,,
SA_0000001757_ARCHIVED,"15-19 years old abstainers, lifetime (%)",https://www.who.int/data/gho/indicator-metadata-registry/imr-details/460,PUBLISHED,Published,,2010,2010,,AFR,Africa,,NER,Niger,,FMLE,Female,,98.1,98.1,,,,,
SA_0000001757_ARCHIVED,"15-19 years old abstainers, lifetime (%)",https://www.who.int/data/gho/indicator-metadata-registry/imr-details/460,PUBLISHED,Published,,2010,2010,,AFR,Africa,,SEN,Senegal,,FMLE,Female,,98.3,98.3,,,,,
SA_0000001757_ARCHIVED,"15-19 years old abstainers, lifetime (%)",https://www.who.int/data/gho/indicator-metadata-registry/imr-details/460,PUBLISHED,Published,,2010,2010,,EUR,Europe,,BLR,Belarus,,MLE,Male,,3.1,3.1,,,,,
SA_0000001757_ARCHIVED,"15-19 years old abstainers, lifetime (%)",https://www.who.int/data/gho/indicator-metadata-registry/imr-details/460,PUBLISHED,Published,,2010,2010,,EUR,Europe,,BLR,Belarus,,FMLE,Female,,3.4,3.4,,,,,
SA_0000001757_ARCHIVED,"15-19 years old abstainers, lifetime (%)",https://www.who.int/data/gho/indicator-metadata-registry/imr-details/460,PUBLISHED,Published,,2010,2010,,EUR,Europe,,AND,Andorra,,FMLE,Female,,6.4,6.4,,,,,
SA_0000001757_ARCHIVED,"15-19 years old abstainers, lifetime (%)",https://www.who.int/data/gho/indicator-metadata-registry/imr-details/460,PUBLISHED,Published,,2010,2010,,EUR,Europe,,HUN,Hungary,,FMLE,Female,,6.6,6.6,,,,,
SA_0000001757_ARCHIVED,"15-19 years old abstainers, lifetime (%)",https://www.who.int/data/gho/indicator-metadata-registry/imr-details/460,PUBLISHED,Published,,2010,2010,,EUR,Europe,,DNK,Denmark,,MLE,Male,,10.1,10.1,,,,,
SA_0000001757_ARCHIVED,"15-19 years old abstainers, lifetime (%)",https://www.who.int/data/gho/indicator-metadata-registry/imr-details/460,PUBLISHED,Published,,2010,2010,,EUR,Europe,,ROU,Romania,,MLE,Male,,10.4,10.4,,,,,
SA_0000001757_ARCHIVED,"15-19 years old abstainers, lifetime (%)",https://www.who.int/data/gho/indicator-metadata-registry/imr-details/460,PUBLISHED,Published,,2010,2010,,EUR,Europe,,TKM,Turkmenistan,,FMLE,Female,,13.9,13.9,,,,,
SA_0000001757_ARCHIVED,"15-19 years old abstainers, lifetime (%)",https://www.who.int/data/gho/indicator-metadata-registry/imr-details/460,PUBLISHED,Published,,2010,2010,,EUR,Europe,,SWE,Sweden,,FMLE,Female,,14.0,14.0,,,,,
SA_0000001757_ARCHIVED,"15-19 years old abstainers, lifetime (%)",https://www.who.int/data/gho/indicator-metadata-registry/imr-details/460,PUBLISHED,Published,,2010,2010,,EUR,Europe,,ROU,Romania,,FMLE,Female,,15.8,15.8,,,,,
SA_0000001757_ARCHIVED,"15-19 years old abstainers, lifetime (%)",https://www.who.int/data/gho/indicator-metadata-registry/imr-details/460,PUBLISHED,Published,,2010,2010,,AMR,Americas,,CUB,Cuba,,MLE,Male,,16.2,16.2,,,,,
SA_0000001757_ARCHIVED,"15-19 years old abstainers, lifetime (%)",https://www.who.int/data/gho/indicator-metadata-registry/imr-details/460,PUBLISHED,Published,,2010,2010,,EUR,Europe,,SRB,Serbia,,FMLE,Female,,16.3,16.3,,,,,
SA_0000001757_ARCHIVED,"15-19 years old abstainers, lifetime (%)",https://www.who.int/data/gho/indicator-metadata-registry/imr-details/460,PUBLISHED,Published,,2010,2010,,EMR,Eastern Mediterranean,,LBN,Lebanon,,FMLE,Female,,19.0,19.0,,,,,
SA_0000001757_ARCHIVED,"15-19 years old abstainers, lifetime (%)",https://www.who.int/data/gho/indicator-metadata-registry/imr-details/460,PUBLISHED,Published,,2010,2010,,EUR,Europe,,FIN,Finland,,FMLE,Female,,19.3,19.3,,,,,
SA_0000001757_ARCHIVED,"15-19 years old abstainers, lifetime (%)",https://www.who.int/data/gho/indicator-metadata-registry/imr-details/460,PUBLISHED,Published,,2010,2010,,EUR,Europe,,UKR,Ukraine,,MLE,Male,,25.0,25.0,,,,,
SA_0000001757_ARCHIVED,"15-19 years old abstainers, lifetime (%)",https://www.who.int/data/gho/indicator-metadata-registry/imr-details/460,PUBLISHED,Published,,2010,2010,,AMR,Americas,,DMA,Dominica,,MLE,Male,,25.2,25.2,,,,,
SA_0000001757_ARCHIVED,"15-19 years old abstainers, lifetime (%)",https://www.who.int/data/gho/indicator-metadata-registry/imr-details/460,PUBLISHED,Published,,2010,2010,,AMR,Americas,,GTM,Guatemala,,MLE,Male,,27.1,27.1,,,,,
SA_0000001757_ARCHIVED,"15-19 years old abstainers, lifetime (%)",https://www.who.int/data/gho/indicator-metadata-registry/imr-details/460,PUBLISHED,Published,,2010,2010,,AMR,Americas,,NIC,Nicaragua,,MLE,Male,,27.4,27.4,,,,,
SA_0000001757_ARCHIVED,"15-19 years old abstainers, lifetime (%)",https://www.who.int/data/gho/indicator-metadata-registry/imr-details/460,PUBLISHED,Published,,2010,2010,,AFR,Africa,,BEN,Benin,,MLE,Male,,29.1,29.1,,,,,
SA_0000001757_ARCHIVED,"15-19 years old abstainers, lifetime (%)",https://www.who.int/data/gho/indicator-metadata-registry/imr-details/460,PUBLISHED,Published,,2010,2010,,AFR,Africa,,BEN,Benin,,FMLE,Female,,30.6,30.6,,,,,
SA_0000001757_ARCHIVED,"15-19 years old abstainers, lifetime (%)",https://www.who.int/data/gho/indicator-metadata-registry/imr-details/460,PUBLISHED,Published,,2010,2010,,AFR,Africa,,MUS,Mauritius,,MLE,Male,,40.3,40.3,,,,,
SA_0000001757_ARCHIVED,"15-19 years old abstainers, lifetime (%)",https://www.who.int/data/gho/indicator-metadata-registry/imr-details/460,PUBLISHED,Published,,2010,2010,,AMR,Americas,,URY,Uruguay,,FMLE,Female,,40.7,40.7,,,,,
SA_0000001757_ARCHIVED,"15-19 years old abstainers, lifetime (%)",https://www.who.int/data/gho/indicator-metadata-registry/imr-details/460,PUBLISHED,Published,,2010,2010,,AFR,Africa,,GAB,Gabon,,MLE,Male,,41.8,41.8,,,,,
SA_0000001757_ARCHIVED,"15-19 years old abstainers, lifetime (%)",https://www.who.int/data/gho/indicator-metadata-registry/imr-details/460,PUBLISHED,Published,,2010,2010,,AFR,Africa,,COG,Congo,,MLE,Male,,42.0,42.0,,,,,
SA_0000001757_ARCHIVED,"15-19 years old abstainers, lifetime (%)",https://www.who.int/data/gho/indicator-metadata-registry/imr-details/460,PUBLISHED,Published,,2010,2010,,AFR,Africa,,CIV,Côte d'Ivoire,,MLE,Male,,43.3,43.3,,,,,
SA_0000001757_ARCHIVED,"15-19 years old abstainers, lifetime (%)",https://www.who.int/data/gho/indicator-metadata-registry/imr-details/460,PUBLISHED,Published,,2010,2010,,AMR,Americas,,BRA,Brazil,,FMLE,Female,,43.3,43.3,,,,,
SA_0000001757_ARCHIVED,"15-19 years old abstainers, lifetime (%)",https://www.who.int/data/gho/indicator-metadata-registry/imr-details/460,PUBLISHED,Published,,2010,2010,,AFR,Africa,,ZMB,Zambia,,MLE,Male,,45.0,45.0,,,,,
SA_0000001757_ARCHIVED,"15-19 years old abstainers, lifetime (%)",https://www.who.int/data/gho/indicator-metadata-registry/imr-details/460,PUBLISHED,Published,,2010,2010,,AMR,Americas,,PER,Peru,,FMLE,Female,,45.1,45.1,,,,,
SA_0000001757_ARCHIVED,"15-19 years old abstainers, lifetime (%)",https://www.who.int/data/gho/indicator-metadata-registry/imr-details/460,PUBLISHED,Published,,2010,2010,,AFR,Africa,,CAF,Central African Republic,,MLE,Male,,46.4,46.4,,,,,
SA_0000001757_ARCHIVED,"15-19 years old abstainers, lifetime (%)",https://www.who.int/data/gho/indicator-metadata-registry/imr-details/460,PUBLISHED,Published,,2010,2010,,SEAR,South-East Asia,,LKA,Sri Lanka,,MLE,Male,,46.8,46.8,,,,,
SA_0000001757_ARCHIVED,"15-19 years old abstainers, lifetime (%)",https://www.who.int/data/gho/indicator-metadata-registry/imr-details/460,PUBLISHED,Published,,2010,2010,,SEAR,South-East Asia,,NPL,Nepal,,MLE,Male,,49.3,49.3,,,,,
SA_0000001757_ARCHIVED,"15-19 years old abstainers, lifetime (%)",https://www.who.int/data/gho/indicator-metadata-registry/imr-details/460,PUBLISHED,Published,,2010,2010,,EMR,Eastern Mediterranean,,ARE,United Arab Emirates,,MLE,Male,,49.5,49.5,,,,,
SA_0000001757_ARCHIVED,"15-19 years old abstainers, lifetime (%)",https://www.who.int/data/gho/indicator-metadata-registry/imr-details/460,PUBLISHED,Published,,2010,2010,,WPR,Western Pacific,,BRN,Brunei Darussalam,,FMLE,Female,,57.0,57.0,,,,,
SA_0000001757_ARCHIVED,"15-19 years old abstainers, lifetime (%)",https://www.who.int/data/gho/indicator-metadata-registry/imr-details/460,PUBLISHED,Published,,2010,2010,,AFR,Africa,,TCD,Chad,,FMLE,Female,,57.2,57.2,,,,,
SA_0000001757_ARCHIVED,"15-19 years old abstainers, lifetime (%)",https://www.who.int/data/gho/indicator-metadata-registry/imr-details/460,PUBLISHED,Published,,2010,2010,,AFR,Africa,,SWZ,Eswatini,,FMLE,Female,,59.5,59.5,,,,,
SA_0000001757_ARCHIVED,"15-19 years old abstainers, lifetime (%)",https://www.who.int/data/gho/indicator-metadata-registry/imr-details/460,PUBLISHED,Published,,2010,2010,,AFR,Africa,,CPV,Cabo Verde,,FMLE,Female,,59.9,59.9,,,,,
SA_0000001757_ARCHIVED,"15-19 years old abstainers, lifetime (%)",https://www.who.int/data/gho/indicator-metadata-registry/imr-details/460,PUBLISHED,Published,,2010,2010,,WPR,Western Pacific,,COK,Cook Islands,,FMLE,Female,,61.7,61.7,,,,,
SA_0000001757_ARCHIVED,"15-19 years old abstainers, lifetime (%)",https://www.who.int/data/gho/indicator-metadata-registry/imr-details/460,PUBLISHED,Published,,2010,2010,,AFR,Africa,,STP,Sao Tome and Principe,,FMLE,Female,,61.9,61.9,,,,,
SA_0000001757_ARCHIVED,"15-19 years old abstainers, lifetime (%)",https://www.who.int/data/gho/indicator-metadata-registry/imr-details/460,PUBLISHED,Published,,2010,2010,,AFR,Africa,,BDI,Burundi,,FMLE,Female,,65.1,65.1,,,,,
SA_0000001757_ARCHIVED,"15-19 years old abstainers, lifetime (%)",https://www.who.int/data/gho/indicator-metadata-registry/imr-details/460,PUBLISHED,Published,,2010,2010,,AFR,Africa,,UGA,Uganda,,FMLE,Female,,65.1,65.1,,,,,
SA_0000001757_ARCHIVED,"15-19 years old abstainers, lifetime (%)",https://www.who.int/data/gho/indicator-metadata-registry/imr-details/460,PUBLISHED,Published,,2010,2010,,EMR,Eastern Mediterranean,,DJI,Djibouti,,MLE,Male,,79.4,79.4,,,,,
SA_0000001757_ARCHIVED,"15-19 years old abstainers, lifetime (%)",https://www.who.int/data/gho/indicator-metadata-registry/imr-details/460,PUBLISHED,Published,,2010,2010,,EMR,Eastern Mediterranean,,MAR,Morocco,,MLE,Male,,82.2,82.2,,,,,
SA_0000001757_ARCHIVED,"15-19 years old abstainers, lifetime (%)",https://www.who.int/data/gho/indicator-metadata-registry/imr-details/460,PUBLISHED,Published,,2010,2010,,EMR,Eastern Mediterranean,,OMN,Oman,,FMLE,Female,,88.1,88.1,,,,,
SA_0000001757_ARCHIVED,"15-19 years old abstainers, lifetime (%)",https://www.who.int/data/gho/indicator-metadata-registry/imr-details/460,PUBLISHED,Published,,2010,2010,,EMR,Eastern Mediterranean,,AFG,Afghanistan,,MLE,Male,,88.5,88.5,,,,,
SA_0000001757_ARCHIVED,"15-19 years old abstainers, lifetime (%)",https://www.who.int/data/gho/indicator-metadata-registry/imr-details/460,PUBLISHED,Published,,2010,2010,,SEAR,South-East Asia,,MDV,Maldives,,MLE,Male,,92.9,92.9,,,,,
SA_0000001757_ARCHIVED,"15-19 years old abstainers, lifetime (%)",https://www.who.int/data/gho/indicator-metadata-registry/imr-details/460,PUBLISHED,Published,,2010,2010,,AFR,Africa,,GIN,Guinea,,MLE,Male,,93.6,93.6,,,,,
SA_0000001757_ARCHIVED,"15-19 years old abstainers, lifetime (%)",https://www.who.int/data/gho/indicator-metadata-registry/imr-details/460,PUBLISHED,Published,,2010,2010,,AFR,Africa,,MLI,Mali,,MLE,Male,,98.1,98.1,,,,,
SA_0000001757_ARCHIVED,"15-19 years old abstainers, lifetime (%)",https://www.who.int/data/gho/indicator-metadata-registry/imr-details/460,PUBLISHED,Published,,2010,2010,,AFR,Africa,,MRT,Mauritania,,MLE,Male,,98.5,98.5,,,,,
SA_0000001757_ARCHIVED,"15-19 years old abstainers, lifetime (%)",https://www.who.int/data/gho/indicator-metadata-registry/imr-details/460,PUBLISHED,Published,,2010,2010,,EUR,Europe,,AZE,Azerbaijan,,FMLE,Female,,0.4,0.4,,,,,
SA_0000001757_ARCHIVED,"15-19 years old abstainers, lifetime (%)",https://www.who.int/data/gho/indicator-metadata-registry/imr-details/460,PUBLISHED,Published,,2010,2010,,EUR,Europe,,LUX,Luxembourg,,MLE,Male,,1.4,1.4,,,,,
SA_0000001757_ARCHIVED,"15-19 years old abstainers, lifetime (%)",https://www.who.int/data/gho/indicator-metadata-registry/imr-details/460,PUBLISHED,Published,,2010,2010,,EUR,Europe,,DEU,Germany,,MLE,Male,,4.7,4.7,,,,,
SA_0000001757_ARCHIVED,"15-19 years old abstainers, lifetime (%)",https://www.who.int/data/gho/indicator-metadata-registry/imr-details/460,PUBLISHED,Published,,2010,2010,,EUR,Europe,,HUN,Hungary,,MLE,Male,,6.0,6.0,,,,,
SA_0000001757_ARCHIVED,"15-19 years old abstainers, lifetime (%)",https://www.who.int/data/gho/indicator-metadata-registry/imr-details/460,PUBLISHED,Published,,2010,2010,,EUR,Europe,,ISR,Israel,,MLE,Male,,7.0,7.0,,,,,
SA_0000001757_ARCHIVED,"15-19 years old abstainers, lifetime (%)",https://www.who.int/data/gho/indicator-metadata-registry/imr-details/460,PUBLISHED,Published,,2010,2010,,EUR,Europe,,SWE,Sweden,,MLE,Male,,8.2,8.2,,,,,
SA_0000001757_ARCHIVED,"15-19 years old abstainers, lifetime (%)",https://www.who.int/data/gho/indicator-metadata-registry/imr-details/460,PUBLISHED,Published,,2010,2010,,EUR,Europe,,ISR,Israel,,FMLE,Female,,9.4,9.4,,,,,
SA_0000001757_ARCHIVED,"15-19 years old abstainers, lifetime (%)",https://www.who.int/data/gho/indicator-metadata-registry/imr-details/460,PUBLISHED,Published,,2010,2010,,EUR,Europe,,CHE,Switzerland,,FMLE,Female,,11.1,11.1,,,,,
SA_0000001757_ARCHIVED,"15-19 years old abstainers, lifetime (%)",https://www.who.int/data/gho/indicator-metadata-registry/imr-details/460,PUBLISHED,Published,,2010,2010,,EUR,Europe,,GBR,United Kingdom of Great Britain and Northern Ireland,,MLE,Male,,12.0,12.0,,,,,
SA_0000001757_ARCHIVED,"15-19 years old abstainers, lifetime (%)",https://www.who.int/data/gho/indicator-metadata-registry/imr-details/460,PUBLISHED,Published,,2010,2010,,EMR,Eastern Mediterranean,,SDN,Sudan,,FMLE,Female,,13.3,13.3,,,,,
SA_0000001757_ARCHIVED,"15-19 years old abstainers, lifetime (%)",https://www.who.int/data/gho/indicator-metadata-registry/imr-details/460,PUBLISHED,Published,,2010,2010,,EUR,Europe,,TUR,Turkey,,MLE,Male,,14.3,14.3,,,,,
SA_0000001757_ARCHIVED,"15-19 years old abstainers, lifetime (%)",https://www.who.int/data/gho/indicator-metadata-registry/imr-details/460,PUBLISHED,Published,,2010,2010,,WPR,Western Pacific,,JPN,Japan,,MLE,Male,,15.6,15.6,,,,,
SA_0000001757_ARCHIVED,"15-19 years old abstainers, lifetime (%)",https://www.who.int/data/gho/indicator-metadata-registry/imr-details/460,PUBLISHED,Published,,2010,2010,,EUR,Europe,,AUT,Austria,,MLE,Male,,17.1,17.1,,,,,
SA_0000001757_ARCHIVED,"15-19 years old abstainers, lifetime (%)",https://www.who.int/data/gho/indicator-metadata-registry/imr-details/460,PUBLISHED,Published,,2010,2010,,EUR,Europe,,MDA,Republic of Moldova,,MLE,Male,,18.0,18.0,,,,,
SA_0000001757_ARCHIVED,"15-19 years old abstainers, lifetime (%)",https://www.who.int/data/gho/indicator-metadata-registry/imr-details/460,PUBLISHED,Published,,2010,2010,,EUR,Europe,,GBR,United Kingdom of Great Britain and Northern Ireland,,FMLE,Female,,20.4,20.4,,,,,
SA_0000001757_ARCHIVED,"15-19 years old abstainers, lifetime (%)",https://www.who.int/data/gho/indicator-metadata-registry/imr-details/460,PUBLISHED,Published,,2010,2010,,EUR,Europe,,TJK,Tajikistan,,MLE,Male,,24.8,24.8,,,,,
SA_0000001757_ARCHIVED,"15-19 years old abstainers, lifetime (%)",https://www.who.int/data/gho/indicator-metadata-registry/imr-details/460,PUBLISHED,Published,,2010,2010,,EUR,Europe,,ARM,Armenia,,FMLE,Female,,25.5,25.5,,,,,
SA_0000001757_ARCHIVED,"15-19 years old abstainers, lifetime (%)",https://www.who.int/data/gho/indicator-metadata-registry/imr-details/460,PUBLISHED,Published,,2010,2010,,AMR,Americas,,JAM,Jamaica,,MLE,Male,,26.7,26.7,,,,,
SA_0000001757_ARCHIVED,"15-19 years old abstainers, lifetime (%)",https://www.who.int/data/gho/indicator-metadata-registry/imr-details/460,PUBLISHED,Published,,2010,2010,,AMR,Americas,,USA,United States of America,,FMLE,Female,,27.9,27.9,,,,,
SA_0000001757_ARCHIVED,"15-19 years old abstainers, lifetime (%)",https://www.who.int/data/gho/indicator-metadata-registry/imr-details/460,PUBLISHED,Published,,2010,2010,,WPR,Western Pacific,,JPN,Japan,,FMLE,Female,,28.7,28.7,,,,,
SA_0000001757_ARCHIVED,"15-19 years old abstainers, lifetime (%)",https://www.who.int/data/gho/indicator-metadata-registry/imr-details/460,PUBLISHED,Published,,2010,2010,,EUR,Europe,,UKR,Ukraine,,FMLE,Female,,31.7,31.7,,,,,
SA_0000001757_ARCHIVED,"15-19 years old abstainers, lifetime (%)",https://www.who.int/data/gho/indicator-metadata-registry/imr-details/460,PUBLISHED,Published,,2010,2010,,WPR,Western Pacific,,VUT,Vanuatu,,MLE,Male,,39.8,39.8,,,,,
SA_0000001757_ARCHIVED,"15-19 years old abstainers, lifetime (%)",https://www.who.int/data/gho/indicator-metadata-registry/imr-details/460,PUBLISHED,Published,,2010,2010,,WPR,Western Pacific,,MNG,Mongolia,,MLE,Male,,40.8,40.8,,,,,
SA_0000001757_ARCHIVED,"15-19 years old abstainers, lifetime (%)",https://www.who.int/data/gho/indicator-metadata-registry/imr-details/460,PUBLISHED,Published,,2010,2010,,AMR,Americas,,BHS,Bahamas,,FMLE,Female,,41.5,41.5,,,,,
SA_0000001757_ARCHIVED,"15-19 years old abstainers, lifetime (%)",https://www.who.int/data/gho/indicator-metadata-registry/imr-details/460,PUBLISHED,Published,,2010,2010,,EUR,Europe,,TJK,Tajikistan,,FMLE,Female,,42.5,42.5,,,,,
SA_0000001757_ARCHIVED,"15-19 years old abstainers, lifetime (%)",https://www.who.int/data/gho/indicator-metadata-registry/imr-details/460,PUBLISHED,Published,,2010,2010,,AMR,Americas,,JAM,Jamaica,,FMLE,Female,,43.0,43.0,,,,,
SA_0000001757_ARCHIVED,"15-19 years old abstainers, lifetime (%)",https://www.who.int/data/gho/indicator-metadata-registry/imr-details/460,PUBLISHED,Published,,2010,2010,,AMR,Americas,,HND,Honduras,,FMLE,Female,,43.7,43.7,,,,,
SA_0000001757_ARCHIVED,"15-19 years old abstainers, lifetime (%)",https://www.who.int/data/gho/indicator-metadata-registry/imr-details/460,PUBLISHED,Published,,2010,2010,,AFR,Africa,,TCD,Chad,,MLE,Male,,44.8,44.8,,,,,
SA_0000001757_ARCHIVED,"15-19 years old abstainers, lifetime (%)",https://www.who.int/data/gho/indicator-metadata-registry/imr-details/460,PUBLISHED,Published,,2010,2010,,AMR,Americas,,COL,Colombia,,FMLE,Female,,45.4,45.4,,,,,
SA_0000001757_ARCHIVED,"15-19 years old abstainers, lifetime (%)",https://www.who.int/data/gho/indicator-metadata-registry/imr-details/460,PUBLISHED,Published,,2010,2010,,AFR,Africa,,MOZ,Mozambique,,MLE,Male,,46.0,46.0,,,,,
SA_0000001757_ARCHIVED,"15-19 years old abstainers, lifetime (%)",https://www.who.int/data/gho/indicator-metadata-registry/imr-details/460,PUBLISHED,Published,,2010,2010,,AFR,Africa,,TZA,United Republic of Tanzania,,MLE,Male,,47.3,47.3,,,,,
SA_0000001757_ARCHIVED,"15-19 years old abstainers, lifetime (%)",https://www.who.int/data/gho/indicator-metadata-registry/imr-details/460,PUBLISHED,Published,,2010,2010,,AFR,Africa,,BDI,Burundi,,MLE,Male,,48.1,48.1,,,,,
SA_0000001757_ARCHIVED,"15-19 years old abstainers, lifetime (%)",https://www.who.int/data/gho/indicator-metadata-registry/imr-details/460,PUBLISHED,Published,,2010,2010,,EUR,Europe,,TUR,Turkey,,FMLE,Female,,51.1,51.1,,,,,
SA_0000001757_ARCHIVED,"15-19 years old abstainers, lifetime (%)",https://www.who.int/data/gho/indicator-metadata-registry/imr-details/460,PUBLISHED,Published,,2010,2010,,WPR,Western Pacific,,VUT,Vanuatu,,FMLE,Female,,55.7,55.7,,,,,
SA_0000001757_ARCHIVED,"15-19 years old abstainers, lifetime (%)",https://www.who.int/data/gho/indicator-metadata-registry/imr-details/460,PUBLISHED,Published,,2010,2010,,WPR,Western Pacific,,WSM,Samoa,,FMLE,Female,,57.5,57.5,,,,,
SA_0000001757_ARCHIVED,"15-19 years old abstainers, lifetime (%)",https://www.who.int/data/gho/indicator-metadata-registry/imr-details/460,PUBLISHED,Published,,2010,2010,,AFR,Africa,,BWA,Botswana,,FMLE,Female,,58.4,58.4,,,,,
SA_0000001757_ARCHIVED,"15-19 years old abstainers, lifetime (%)",https://www.who.int/data/gho/indicator-metadata-registry/imr-details/460,PUBLISHED,Published,,2010,2010,,WPR,Western Pacific,,LAO,Lao People's Democratic Republic,,FMLE,Female,,60.2,60.2,,,,,
SA_0000001757_ARCHIVED,"15-19 years old abstainers, lifetime (%)",https://www.who.int/data/gho/indicator-metadata-registry/imr-details/460,PUBLISHED,Published,,2010,2010,,AFR,Africa,,KEN,Kenya,,FMLE,Female,,61.6,61.6,,,,,
SA_0000001757_ARCHIVED,"15-19 years old abstainers, lifetime (%)",https://www.who.int/data/gho/indicator-metadata-registry/imr-details/460,PUBLISHED,Published,,2010,2010,,AFR,Africa,,CAF,Central African Republic,,FMLE,Female,,62.2,62.2,,,,,
SA_0000001757_ARCHIVED,"15-19 years old abstainers, lifetime (%)",https://www.who.int/data/gho/indicator-metadata-registry/imr-details/460,PUBLISHED,Published,,2010,2010,,AFR,Africa,,RWA,Rwanda,,FMLE,Female,,64.6,64.6,,,,,
SA_0000001757_ARCHIVED,"15-19 years old abstainers, lifetime (%)",https://www.who.int/data/gho/indicator-metadata-registry/imr-details/460,PUBLISHED,Published,,2010,2010,,SEAR,South-East Asia,,NPL,Nepal,,FMLE,Female,,65.7,65.7,,,,,
SA_0000001757_ARCHIVED,"15-19 years old abstainers, lifetime (%)",https://www.who.int/data/gho/indicator-metadata-registry/imr-details/460,PUBLISHED,Published,,2010,2010,,EUR,Europe,,GEO,Georgia,,FMLE,Female,,71.5,71.5,,,,,
SA_0000001757_ARCHIVED,"15-19 years old abstainers, lifetime (%)",https://www.who.int/data/gho/indicator-metadata-registry/imr-details/460,PUBLISHED,Published,,2010,2010,,EMR,Eastern Mediterranean,,SAU,Saudi Arabia,,FMLE,Female,,84.2,84.2,,,,,
SA_0000001757_ARCHIVED,"15-19 years old abstainers, lifetime (%)",https://www.who.int/data/gho/indicator-metadata-registry/imr-details/460,PUBLISHED,Published,,2010,2010,,EMR,Eastern Mediterranean,,YEM,Yemen,,MLE,Male,,87.9,87.9,,,,,
SA_0000001757_ARCHIVED,"15-19 years old abstainers, lifetime (%)",https://www.who.int/data/gho/indicator-metadata-registry/imr-details/460,PUBLISHED,Published,,2010,2010,,EMR,Eastern Mediterranean,,EGY,Egypt,,FMLE,Female,,89.2,89.2,,,,,
SA_0000001757_ARCHIVED,"15-19 years old abstainers, lifetime (%)",https://www.who.int/data/gho/indicator-metadata-registry/imr-details/460,PUBLISHED,Published,,2010,2010,,EMR,Eastern Mediterranean,,IRN,Iran (Islamic Republic of),,FMLE,Female,,91.1,91.1,,,,,
SA_0000001757_ARCHIVED,"15-19 years old abstainers, lifetime (%)",https://www.who.int/data/gho/indicator-metadata-registry/imr-details/460,PUBLISHED,Published,,2010,2010,,AFR,Africa,,COM,Comoros,,FMLE,Female,,95.0,95.0,,,,,
SA_0000001757_ARCHIVED,"15-19 years old abstainers, lifetime (%)",https://www.who.int/data/gho/indicator-metadata-registry/imr-details/460,PUBLISHED,Published,,2010,2010,,AFR,Africa,,GIN,Guinea,,FMLE,Female,,96.6,96.6,,,,,
SA_0000001757_ARCHIVED,"15-19 years old abstainers, lifetime (%)",https://www.who.int/data/gho/indicator-metadata-registry/imr-details/460,PUBLISHED,Published,,2010,2010,,EMR,Eastern Mediterranean,,SSD,South Sudan,,MLE,Male,,,,,,,,missing data
SA_0000001757_ARCHIVED,"15-19 years old abstainers, lifetime (%)",https://www.who.int/data/gho/indicator-metadata-registry/imr-details/460,PUBLISHED,Published,,2010,2010,,WPR,Western Pacific,,MHL,Marshall Islands,,FMLE,Female,,,,,,,,missing data
SA_0000001757_ARCHIVED,"15-19 years old abstainers, lifetime (%)",https://www.who.int/data/gho/indicator-metadata-registry/imr-details/460,PUBLISHED,Published,,2010,2010,,EUR,Europe,,FRA,France,,MLE,Male,,1.3,1.3,,,,,
SA_0000001757_ARCHIVED,"15-19 years old abstainers, lifetime (%)",https://www.who.int/data/gho/indicator-metadata-registry/imr-details/460,PUBLISHED,Published,,2010,2010,,EUR,Europe,,NOR,Norway,,MLE,Male,,3.4,3.4,,,,,
SA_0000001757_ARCHIVED,"15-19 years old abstainers, lifetime (%)",https://www.who.int/data/gho/indicator-metadata-registry/imr-details/460,PUBLISHED,Published,,2010,2010,,EUR,Europe,,BEL,Belgium,,FMLE,Female,,6.3,6.3,,,,,
SA_0000001757_ARCHIVED,"15-19 years old abstainers, lifetime (%)",https://www.who.int/data/gho/indicator-metadata-registry/imr-details/460,PUBLISHED,Published,,2010,2010,,EUR,Europe,,CYP,Cyprus,,FMLE,Female,,7.4,7.4,,,,,
SA_0000001757_ARCHIVED,"15-19 years old abstainers, lifetime (%)",https://www.who.int/data/gho/indicator-metadata-registry/imr-details/460,PUBLISHED,Published,,2010,2010,,EUR,Europe,,BIH,Bosnia and Herzegovina,,FMLE,Female,,9.3,9.3,,,,,
SA_0000001757_ARCHIVED,"15-19 years old abstainers, lifetime (%)",https://www.who.int/data/gho/indicator-metadata-registry/imr-details/460,PUBLISHED,Published,,2010,2010,,EUR,Europe,,ESP,Spain,,MLE,Male,,11.3,11.3,,,,,
SA_0000001757_ARCHIVED,"15-19 years old abstainers, lifetime (%)",https://www.who.int/data/gho/indicator-metadata-registry/imr-details/460,PUBLISHED,Published,,2010,2010,,EUR,Europe,,GRC,Greece,,MLE,Male,,12.9,12.9,,,,,
SA_0000001757_ARCHIVED,"15-19 years old abstainers, lifetime (%)",https://www.who.int/data/gho/indicator-metadata-registry/imr-details/460,PUBLISHED,Published,,2010,2010,,EUR,Europe,,ITA,Italy,,MLE,Male,,14.1,14.1,,,,,
SA_0000001757_ARCHIVED,"15-19 years old abstainers, lifetime (%)",https://www.who.int/data/gho/indicator-metadata-registry/imr-details/460,PUBLISHED,Published,,2010,2010,,AMR,Americas,,BRB,Barbados,,MLE,Male,,15.8,15.8,,,,,
SA_0000001757_ARCHIVED,"15-19 years old abstainers, lifetime (%)",https://www.who.int/data/gho/indicator-metadata-registry/imr-details/460,PUBLISHED,Published,,2010,2010,,EUR,Europe,,KGZ,Kyrgyzstan,,MLE,Male,,16.8,16.8,,,,,
SA_0000001757_ARCHIVED,"15-19 years old abstainers, lifetime (%)",https://www.who.int/data/gho/indicator-metadata-registry/imr-details/460,PUBLISHED,Published,,2010,2010,,EUR,Europe,,CZE,Czechia,,FMLE,Female,,17.7,17.7,,,,,
SA_0000001757_ARCHIVED,"15-19 years old abstainers, lifetime (%)",https://www.who.int/data/gho/indicator-metadata-registry/imr-details/460,PUBLISHED,Published,,2010,2010,,AMR,Americas,,ATG,Antigua and Barbuda,,MLE,Male,,21.1,21.1,,,,,
SA_0000001757_ARCHIVED,"15-19 years old abstainers, lifetime (%)",https://www.who.int/data/gho/indicator-metadata-registry/imr-details/460,PUBLISHED,Published,,2010,2010,,WPR,Western Pacific,,NZL,New Zealand,,FMLE,Female,,24.5,24.5,,,,,
SA_0000001757_ARCHIVED,"15-19 years old abstainers, lifetime (%)",https://www.who.int/data/gho/indicator-metadata-registry/imr-details/460,PUBLISHED,Published,,2010,2010,,AMR,Americas,,ARG,Argentina,,MLE,Male,,25.3,25.3,,,,,
SA_0000001757_ARCHIVED,"15-19 years old abstainers, lifetime (%)",https://www.who.int/data/gho/indicator-metadata-registry/imr-details/460,PUBLISHED,Published,,2010,2010,,AMR,Americas,,GUY,Guyana,,MLE,Male,,26.8,26.8,,,,,
SA_0000001757_ARCHIVED,"15-19 years old abstainers, lifetime (%)",https://www.who.int/data/gho/indicator-metadata-registry/imr-details/460,PUBLISHED,Published,,2010,2010,,AMR,Americas,,DOM,Dominican Republic,,MLE,Male,,27.6,27.6,,,,,
SA_0000001757_ARCHIVED,"15-19 years old abstainers, lifetime (%)",https://www.who.int/data/gho/indicator-metadata-registry/imr-details/460,PUBLISHED,Published,,2010,2010,,AMR,Americas,,SUR,Suriname,,MLE,Male,,28.5,28.5,,,,,
SA_0000001757_ARCHIVED,"15-19 years old abstainers, lifetime (%)",https://www.who.int/data/gho/indicator-metadata-registry/imr-details/460,PUBLISHED,Published,,2010,2010,,EUR,Europe,,KGZ,Kyrgyzstan,,FMLE,Female,,34.2,34.2,,,,,
SA_0000001757_ARCHIVED,"15-19 years old abstainers, lifetime (%)",https://www.who.int/data/gho/indicator-metadata-registry/imr-details/460,PUBLISHED,Published,,2010,2010,,WPR,Western Pacific,,KOR,Republic of Korea,,MLE,Male,,38.0,38.0,,,,,
SA_0000001757_ARCHIVED,"15-19 years old abstainers, lifetime (%)",https://www.who.int/data/gho/indicator-metadata-registry/imr-details/460,PUBLISHED,Published,,2010,2010,,AMR,Americas,,SLV,El Salvador,,FMLE,Female,,40.8,40.8,,,,,
SA_0000001757_ARCHIVED,"15-19 years old abstainers, lifetime (%)",https://www.who.int/data/gho/indicator-metadata-registry/imr-details/460,PUBLISHED,Published,,2010,2010,,WPR,Western Pacific,,SLB,Solomon Islands,,MLE,Male,,41.5,41.5,,,,,
SA_0000001757_ARCHIVED,"15-19 years old abstainers, lifetime (%)",https://www.who.int/data/gho/indicator-metadata-registry/imr-details/460,PUBLISHED,Published,,2010,2010,,AMR,Americas,,DMA,Dominica,,FMLE,Female,,42.3,42.3,,,,,
SA_0000001757_ARCHIVED,"15-19 years old abstainers, lifetime (%)",https://www.who.int/data/gho/indicator-metadata-registry/imr-details/460,PUBLISHED,Published,,2010,2010,,AMR,Americas,,BOL,Bolivia (Plurinational State of),,FMLE,Female,,42.9,42.9,,,,,
SA_0000001757_ARCHIVED,"15-19 years old abstainers, lifetime (%)",https://www.who.int/data/gho/indicator-metadata-registry/imr-details/460,PUBLISHED,Published,,2010,2010,,WPR,Western Pacific,,TUV,Tuvalu,,MLE,Male,,43.7,43.7,,,,,
SA_0000001757_ARCHIVED,"15-19 years old abstainers, lifetime (%)",https://www.who.int/data/gho/indicator-metadata-registry/imr-details/460,PUBLISHED,Published,,2010,2010,,AMR,Americas,,TTO,Trinidad and Tobago,,FMLE,Female,,44.4,44.4,,,,,
SA_0000001757_ARCHIVED,"15-19 years old abstainers, lifetime (%)",https://www.who.int/data/gho/indicator-metadata-registry/imr-details/460,PUBLISHED,Published,,2010,2010,,AMR,Americas,,DOM,Dominican Republic,,FMLE,Female,,45.2,45.2,,,,,
SA_0000001757_ARCHIVED,"15-19 years old abstainers, lifetime (%)",https://www.who.int/data/gho/indicator-metadata-registry/imr-details/460,PUBLISHED,Published,,2010,2010,,AFR,Africa,,MWI,Malawi,,MLE,Male,,46.2,46.2,,,,,
SA_0000001757_ARCHIVED,"15-19 years old abstainers, lifetime (%)",https://www.who.int/data/gho/indicator-metadata-registry/imr-details/460,PUBLISHED,Published,,2010,2010,,AFR,Africa,,COD,Democratic Republic of the Congo,,MLE,Male,,47.2,47.2,,,,,
SA_0000001757_ARCHIVED,"15-19 years old abstainers, lifetime (%)",https://www.who.int/data/gho/indicator-metadata-registry/imr-details/460,PUBLISHED,Published,,2010,2010,,SEAR,South-East Asia,,TLS,Timor-Leste,,MLE,Male,,47.6,47.6,,,,,
SA_0000001757_ARCHIVED,"15-19 years old abstainers, lifetime (%)",https://www.who.int/data/gho/indicator-metadata-registry/imr-details/460,PUBLISHED,Published,,2010,2010,,AMR,Americas,,KNA,Saint Kitts and Nevis,,FMLE,Female,,52.6,52.6,,,,,
SA_0000001757_ARCHIVED,"15-19 years old abstainers, lifetime (%)",https://www.who.int/data/gho/indicator-metadata-registry/imr-details/460,PUBLISHED,Published,,2010,2010,,WPR,Western Pacific,,BRN,Brunei Darussalam,,MLE,Male,,55.7,55.7,,,,,
SA_0000001757_ARCHIVED,"15-19 years old abstainers, lifetime (%)",https://www.who.int/data/gho/indicator-metadata-registry/imr-details/460,PUBLISHED,Published,,2010,2010,,WPR,Western Pacific,,KOR,Republic of Korea,,FMLE,Female,,57.2,57.2,,,,,
SA_0000001757_ARCHIVED,"15-19 years old abstainers, lifetime (%)",https://www.who.int/data/gho/indicator-metadata-registry/imr-details/460,PUBLISHED,Published,,2010,2010,,AFR,Africa,,COG,Congo,,FMLE,Female,,57.7,57.7,,,,,
SA_0000001757_ARCHIVED,"15-19 years old abstainers, lifetime (%)",https://www.who.int/data/gho/indicator-metadata-registry/imr-details/460,PUBLISHED,Published,,2010,2010,,WPR,Western Pacific,,PHL,Philippines,,FMLE,Female,,58.6,58.6,,,,,
SA_0000001757_ARCHIVED,"15-19 years old abstainers, lifetime (%)",https://www.who.int/data/gho/indicator-metadata-registry/imr-details/460,PUBLISHED,Published,,2010,2010,,WPR,Western Pacific,,KHM,Cambodia,,FMLE,Female,,60.0,60.0,,,,,
SA_0000001757_ARCHIVED,"15-19 years old abstainers, lifetime (%)",https://www.who.int/data/gho/indicator-metadata-registry/imr-details/460,PUBLISHED,Published,,2010,2010,,AFR,Africa,,MDG,Madagascar,,FMLE,Female,,61.3,61.3,,,,,
SA_0000001757_ARCHIVED,"15-19 years old abstainers, lifetime (%)",https://www.who.int/data/gho/indicator-metadata-registry/imr-details/460,PUBLISHED,Published,,2010,2010,,AFR,Africa,,MOZ,Mozambique,,FMLE,Female,,61.7,61.7,,,,,
SA_0000001757_ARCHIVED,"15-19 years old abstainers, lifetime (%)",https://www.who.int/data/gho/indicator-metadata-registry/imr-details/460,PUBLISHED,Published,,2010,2010,,AFR,Africa,,CMR,Cameroon,,FMLE,Female,,62.4,62.4,,,,,
SA_0000001757_ARCHIVED,"15-19 years old abstainers, lifetime (%)",https://www.who.int/data/gho/indicator-metadata-registry/imr-details/460,PUBLISHED,Published,,2010,2010,,SEAR,South-East Asia,,TLS,Timor-Leste,,FMLE,Female,,64.3,64.3,,,,,
SA_0000001757_ARCHIVED,"15-19 years old abstainers, lifetime (%)",https://www.who.int/data/gho/indicator-metadata-registry/imr-details/460,PUBLISHED,Published,,2010,2010,,EMR,Eastern Mediterranean,,QAT,Qatar,,MLE,Male,,66.7,66.7,,,,,
SA_0000001757_ARCHIVED,"15-19 years old abstainers, lifetime (%)",https://www.who.int/data/gho/indicator-metadata-registry/imr-details/460,PUBLISHED,Published,,2010,2010,,SEAR,South-East Asia,,THA,Thailand,,FMLE,Female,,72.9,72.9,,,,,
SA_0000001757_ARCHIVED,"15-19 years old abstainers, lifetime (%)",https://www.who.int/data/gho/indicator-metadata-registry/imr-details/460,PUBLISHED,Published,,2010,2010,,EMR,Eastern Mediterranean,,BHR,Bahrain,,MLE,Male,,83.5,83.5,,,,,
SA_0000001757_ARCHIVED,"15-19 years old abstainers, lifetime (%)",https://www.who.int/data/gho/indicator-metadata-registry/imr-details/460,PUBLISHED,Published,,2010,2010,,EMR,Eastern Mediterranean,,PAK,Pakistan,,MLE,Male,,88.0,88.0,,,,,
SA_0000001757_ARCHIVED,"15-19 years old abstainers, lifetime (%)",https://www.who.int/data/gho/indicator-metadata-registry/imr-details/460,PUBLISHED,Published,,2010,2010,,EMR,Eastern Mediterranean,,TUN,Tunisia,,FMLE,Female,,89.5,89.5,,,,,
SA_0000001757_ARCHIVED,"15-19 years old abstainers, lifetime (%)",https://www.who.int/data/gho/indicator-metadata-registry/imr-details/460,PUBLISHED,Published,,2010,2010,,EMR,Eastern Mediterranean,,SOM,Somalia,,FMLE,Female,,90.8,90.8,,,,,
SA_0000001757_ARCHIVED,"15-19 years old abstainers, lifetime (%)",https://www.who.int/data/gho/indicator-metadata-registry/imr-details/460,PUBLISHED,Published,,2010,2010,,SEAR,South-East Asia,,BGD,Bangladesh,,MLE,Male,,95.4,95.4,,,,,
SA_0000001757_ARCHIVED,"15-19 years old abstainers, lifetime (%)",https://www.who.int/data/gho/indicator-metadata-registry/imr-details/460,PUBLISHED,Published,,2010,2010,,AFR,Africa,,NER,Niger,,MLE,Male,,97.5,97.5,,,,,
SA_0000001757_ARCHIVED,"15-19 years old abstainers, lifetime (%)",https://www.who.int/data/gho/indicator-metadata-registry/imr-details/460,PUBLISHED,Published,,2010,2010,,AFR,Africa,,MLI,Mali,,FMLE,Female,,98.8,98.8,,,,,
SA_0000001757_ARCHIVED,"15-19 years old abstainers, lifetime (%)",https://www.who.int/data/gho/indicator-metadata-registry/imr-details/460,PUBLISHED,Published,,2010,2010,,EUR,Europe,,BIH,Bosnia and Herzegovina,,MLE,Male,,6.0,6.0,,,,,
SA_0000001757_ARCHIVED,"15-19 years old abstainers, lifetime (%)",https://www.who.int/data/gho/indicator-metadata-registry/imr-details/460,PUBLISHED,Published,,2010,2010,,EUR,Europe,,AND,Andorra,,MLE,Male,,6.1,6.1,,,,,
SA_0000001757_ARCHIVED,"15-19 years old abstainers, lifetime (%)",https://www.who.int/data/gho/indicator-metadata-registry/imr-details/460,PUBLISHED,Published,,2010,2010,,EUR,Europe,,DEU,Germany,,FMLE,Female,,7.2,7.2,,,,,
SA_0000001757_ARCHIVED,"15-19 years old abstainers, lifetime (%)",https://www.who.int/data/gho/indicator-metadata-registry/imr-details/460,PUBLISHED,Published,,2010,2010,,EUR,Europe,,LTU,Lithuania,,MLE,Male,,7.5,7.5,,,,,
SA_0000001757_ARCHIVED,"15-19 years old abstainers, lifetime (%)",https://www.who.int/data/gho/indicator-metadata-registry/imr-details/460,PUBLISHED,Published,,2010,2010,,EUR,Europe,,BGR,Bulgaria,,FMLE,Female,,12.7,12.7,,,,,
SA_0000001757_ARCHIVED,"15-19 years old abstainers, lifetime (%)",https://www.who.int/data/gho/indicator-metadata-registry/imr-details/460,PUBLISHED,Published,,2010,2010,,EUR,Europe,,HRV,Croatia,,MLE,Male,,13.1,13.1,,,,,
SA_0000001757_ARCHIVED,"15-19 years old abstainers, lifetime (%)",https://www.who.int/data/gho/indicator-metadata-registry/imr-details/460,PUBLISHED,Published,,2010,2010,,EUR,Europe,,CZE,Czechia,,MLE,Male,,14.3,14.3,,,,,
SA_0000001757_ARCHIVED,"15-19 years old abstainers, lifetime (%)",https://www.who.int/data/gho/indicator-metadata-registry/imr-details/460,PUBLISHED,Published,,2010,2010,,EUR,Europe,,LVA,Latvia,,FMLE,Female,,14.7,14.7,,,,,
SA_0000001757_ARCHIVED,"15-19 years old abstainers, lifetime (%)",https://www.who.int/data/gho/indicator-metadata-registry/imr-details/460,PUBLISHED,Published,,2010,2010,,EUR,Europe,,HRV,Croatia,,FMLE,Female,,18.0,18.0,,,,,
SA_0000001757_ARCHIVED,"15-19 years old abstainers, lifetime (%)",https://www.who.int/data/gho/indicator-metadata-registry/imr-details/460,PUBLISHED,Published,,2010,2010,,EUR,Europe,,SVK,Slovakia,,FMLE,Female,,18.6,18.6,,,,,
SA_0000001757_ARCHIVED,"15-19 years old abstainers, lifetime (%)",https://www.who.int/data/gho/indicator-metadata-registry/imr-details/460,PUBLISHED,Published,,2010,2010,,EUR,Europe,,MLT,Malta,,MLE,Male,,19.5,19.5,,,,,
SA_0000001757_ARCHIVED,"15-19 years old abstainers, lifetime (%)",https://www.who.int/data/gho/indicator-metadata-registry/imr-details/460,PUBLISHED,Published,,2010,2010,,WPR,Western Pacific,,NZL,New Zealand,,MLE,Male,,20.9,20.9,,,,,
SA_0000001757_ARCHIVED,"15-19 years old abstainers, lifetime (%)",https://www.who.int/data/gho/indicator-metadata-registry/imr-details/460,PUBLISHED,Published,,2010,2010,,AMR,Americas,,TTO,Trinidad and Tobago,,MLE,Male,,26.6,26.6,,,,,
SA_0000001757_ARCHIVED,"15-19 years old abstainers, lifetime (%)",https://www.who.int/data/gho/indicator-metadata-registry/imr-details/460,PUBLISHED,Published,,2010,2010,,AMR,Americas,,VCT,Saint Vincent and the Grenadines,,MLE,Male,,26.7,26.7,,,,,
SA_0000001757_ARCHIVED,"15-19 years old abstainers, lifetime (%)",https://www.who.int/data/gho/indicator-metadata-registry/imr-details/460,PUBLISHED,Published,,2010,2010,,AMR,Americas,,LCA,Saint Lucia,,MLE,Male,,26.9,26.9,,,,,
SA_0000001757_ARCHIVED,"15-19 years old abstainers, lifetime (%)",https://www.who.int/data/gho/indicator-metadata-registry/imr-details/460,PUBLISHED,Published,,2010,2010,,AMR,Americas,,PER,Peru,,MLE,Male,,27.5,27.5,,,,,
SA_0000001757_ARCHIVED,"15-19 years old abstainers, lifetime (%)",https://www.who.int/data/gho/indicator-metadata-registry/imr-details/460,PUBLISHED,Published,,2010,2010,,EUR,Europe,,PRT,Portugal,,FMLE,Female,,27.7,27.7,,,,,
SA_0000001757_ARCHIVED,"15-19 years old abstainers, lifetime (%)",https://www.who.int/data/gho/indicator-metadata-registry/imr-details/460,PUBLISHED,Published,,2010,2010,,AMR,Americas,,CHL,Chile,,FMLE,Female,,37.2,37.2,,,,,
SA_0000001757_ARCHIVED,"15-19 years old abstainers, lifetime (%)",https://www.who.int/data/gho/indicator-metadata-registry/imr-details/460,PUBLISHED,Published,,2010,2010,,EUR,Europe,,GEO,Georgia,,MLE,Male,,38.3,38.3,,,,,
SA_0000001757_ARCHIVED,"15-19 years old abstainers, lifetime (%)",https://www.who.int/data/gho/indicator-metadata-registry/imr-details/460,PUBLISHED,Published,,2010,2010,,AMR,Americas,,MEX,Mexico,,FMLE,Female,,40.8,40.8,,,,,
SA_0000001757_ARCHIVED,"15-19 years old abstainers, lifetime (%)",https://www.who.int/data/gho/indicator-metadata-registry/imr-details/460,PUBLISHED,Published,,2010,2010,,WPR,Western Pacific,,WSM,Samoa,,MLE,Male,,40.8,40.8,,,,,
SA_0000001757_ARCHIVED,"15-19 years old abstainers, lifetime (%)",https://www.who.int/data/gho/indicator-metadata-registry/imr-details/460,PUBLISHED,Published,,2010,2010,,WPR,Western Pacific,,NIU,Niue,,MLE,Male,,42.9,42.9,,,,,
SA_0000001757_ARCHIVED,"15-19 years old abstainers, lifetime (%)",https://www.who.int/data/gho/indicator-metadata-registry/imr-details/460,PUBLISHED,Published,,2010,2010,,AFR,Africa,,SWZ,Eswatini,,MLE,Male,,43.1,43.1,,,,,
SA_0000001757_ARCHIVED,"15-19 years old abstainers, lifetime (%)",https://www.who.int/data/gho/indicator-metadata-registry/imr-details/460,PUBLISHED,Published,,2010,2010,,WPR,Western Pacific,,NRU,Nauru,,MLE,Male,,43.7,43.7,,,,,
SA_0000001757_ARCHIVED,"15-19 years old abstainers, lifetime (%)",https://www.who.int/data/gho/indicator-metadata-registry/imr-details/460,PUBLISHED,Published,,2010,2010,,AFR,Africa,,CPV,Cabo Verde,,MLE,Male,,43.8,43.8,,,,,
SA_0000001757_ARCHIVED,"15-19 years old abstainers, lifetime (%)",https://www.who.int/data/gho/indicator-metadata-registry/imr-details/460,PUBLISHED,Published,,2010,2010,,AMR,Americas,,ECU,Ecuador,,FMLE,Female,,46.1,46.1,,,,,
SA_0000001757_ARCHIVED,"15-19 years old abstainers, lifetime (%)",https://www.who.int/data/gho/indicator-metadata-registry/imr-details/460,PUBLISHED,Published,,2010,2010,,AMR,Americas,,SUR,Suriname,,FMLE,Female,,46.3,46.3,,,,,
SA_0000001757_ARCHIVED,"15-19 years old abstainers, lifetime (%)",https://www.who.int/data/gho/indicator-metadata-registry/imr-details/460,PUBLISHED,Published,,2010,2010,,AMR,Americas,,HTI,Haiti,,FMLE,Female,,46.9,46.9,,,,,
SA_0000001757_ARCHIVED,"15-19 years old abstainers, lifetime (%)",https://www.who.int/data/gho/indicator-metadata-registry/imr-details/460,PUBLISHED,Published,,2010,2010,,AFR,Africa,,BFA,Burkina Faso,,MLE,Male,,47.3,47.3,,,,,
SA_0000001757_ARCHIVED,"15-19 years old abstainers, lifetime (%)",https://www.who.int/data/gho/indicator-metadata-registry/imr-details/460,PUBLISHED,Published,,2010,2010,,WPR,Western Pacific,,PLW,Palau,,FMLE,Female,,54.8,54.8,,,,,
SA_0000001757_ARCHIVED,"15-19 years old abstainers, lifetime (%)",https://www.who.int/data/gho/indicator-metadata-registry/imr-details/460,PUBLISHED,Published,,2010,2010,,WPR,Western Pacific,,TON,Tonga,,FMLE,Female,,55.7,55.7,,,,,
SA_0000001757_ARCHIVED,"15-19 years old abstainers, lifetime (%)",https://www.who.int/data/gho/indicator-metadata-registry/imr-details/460,PUBLISHED,Published,,2010,2010,,WPR,Western Pacific,,VNM,Viet Nam,,FMLE,Female,,57.4,57.4,,,,,
SA_0000001757_ARCHIVED,"15-19 years old abstainers, lifetime (%)",https://www.who.int/data/gho/indicator-metadata-registry/imr-details/460,PUBLISHED,Published,,2010,2010,,WPR,Western Pacific,,KIR,Kiribati,,FMLE,Female,,57.6,57.6,,,,,
SA_0000001757_ARCHIVED,"15-19 years old abstainers, lifetime (%)",https://www.who.int/data/gho/indicator-metadata-registry/imr-details/460,PUBLISHED,Published,,2010,2010,,AFR,Africa,,ERI,Eritrea,,FMLE,Female,,61.4,61.4,,,,,
SA_0000001757_ARCHIVED,"15-19 years old abstainers, lifetime (%)",https://www.who.int/data/gho/indicator-metadata-registry/imr-details/460,PUBLISHED,Published,,2010,2010,,WPR,Western Pacific,,NIU,Niue,,FMLE,Female,,61.6,61.6,,,,,
SA_0000001757_ARCHIVED,"15-19 years old abstainers, lifetime (%)",https://www.who.int/data/gho/indicator-metadata-registry/imr-details/460,PUBLISHED,Published,,2010,2010,,AFR,Africa,,GNB,Guinea-Bissau,,FMLE,Female,,62.3,62.3,,,,,
SA_0000001757_ARCHIVED,"15-19 years old abstainers, lifetime (%)",https://www.who.int/data/gho/indicator-metadata-registry/imr-details/460,PUBLISHED,Published,,2010,2010,,SEAR,South-East Asia,,LKA,Sri Lanka,,FMLE,Female,,62.5,62.5,,,,,
SA_0000001757_ARCHIVED,"15-19 years old abstainers, lifetime (%)",https://www.who.int/data/gho/indicator-metadata-registry/imr-details/460,PUBLISHED,Published,,2010,2010,,EMR,Eastern Mediterranean,,KWT,Kuwait,,MLE,Male,,71.7,71.7,,,,,
SA_0000001757_ARCHIVED,"15-19 years old abstainers, lifetime (%)",https://www.who.int/data/gho/indicator-metadata-registry/imr-details/460,PUBLISHED,Published,,2010,2010,,EMR,Eastern Mediterranean,,KWT,Kuwait,,FMLE,Female,,74.3,74.3,,,,,
SA_0000001757_ARCHIVED,"15-19 years old abstainers, lifetime (%)",https://www.who.int/data/gho/indicator-metadata-registry/imr-details/460,PUBLISHED,Published,,2010,2010,,EMR,Eastern Mediterranean,,SYR,Syrian Arab Republic,,MLE,Male,,82.9,82.9,,,,,
SA_0000001757_ARCHIVED,"15-19 years old abstainers, lifetime (%)",https://www.who.int/data/gho/indicator-metadata-registry/imr-details/460,PUBLISHED,Published,,2010,2010,,EMR,Eastern Mediterranean,,TUN,Tunisia,,MLE,Male,,83.6,83.6,,,,,
SA_0000001757_ARCHIVED,"15-19 years old abstainers, lifetime (%)",https://www.who.int/data/gho/indicator-metadata-registry/imr-details/460,PUBLISHED,Published,,2010,2010,,AFR,Africa,,COM,Comoros,,MLE,Male,,90.8,90.8,,,,,
SA_0000001757_ARCHIVED,"15-19 years old abstainers, lifetime (%)",https://www.who.int/data/gho/indicator-metadata-registry/imr-details/460,PUBLISHED,Published,,2010,2010,,EMR,Eastern Mediterranean,,AFG,Afghanistan,,FMLE,Female,,90.9,90.9,,,,,
SA_0000001757_ARCHIVED,"15-19 years old abstainers, lifetime (%)",https://www.who.int/data/gho/indicator-metadata-registry/imr-details/460,PUBLISHED,Published,,2010,2010,,EMR,Eastern Mediterranean,,LBY,Libya,,FMLE,Female,,93.7,93.7,,,,,
SA_0000001757_ARCHIVED,"15-19 years old abstainers, lifetime (%)",https://www.who.int/data/gho/indicator-metadata-registry/imr-details/460,PUBLISHED,Published,,2010,2010,,SEAR,South-East Asia,,IND,India,,FMLE,Female,,95.1,95.1,,,,,
SA_0000001757_ARCHIVED,"15-19 years old abstainers, lifetime (%)",https://www.who.int/data/gho/indicator-metadata-registry/imr-details/460,PUBLISHED,Published,,2010,2010,,WPR,Western Pacific,,MHL,Marshall Islands,,MLE,Male,,,,,,,,missing data
SA_0000001757_ARCHIVED,"15-19 years old abstainers, lifetime (%)",https://www.who.int/data/gho/indicator-metadata-registry/imr-details/460,PUBLISHED,Published,,2010,2010,,EUR,Europe,,TKM,Turkmenistan,,MLE,Male,,0.6,0.6,,,,,
SA_0000001757_ARCHIVED,"15-19 years old abstainers, lifetime (%)",https://www.who.int/data/gho/indicator-metadata-registry/imr-details/460,PUBLISHED,Published,,2010,2010,,EUR,Europe,,FRA,France,,FMLE,Female,,1.4,1.4,,,,,
SA_0000001757_ARCHIVED,"15-19 years old abstainers, lifetime (%)",https://www.who.int/data/gho/indicator-metadata-registry/imr-details/460,PUBLISHED,Published,,2010,2010,,EUR,Europe,,MKD,Republic of North Macedonia,,FMLE,Female,,4.1,4.1,,,,,
SA_0000001757_ARCHIVED,"15-19 years old abstainers, lifetime (%)",https://www.who.int/data/gho/indicator-metadata-registry/imr-details/460,PUBLISHED,Published,,2010,2010,,EUR,Europe,,NLD,Netherlands,,MLE,Male,,4.8,4.8,,,,,
SA_0000001757_ARCHIVED,"15-19 years old abstainers, lifetime (%)",https://www.who.int/data/gho/indicator-metadata-registry/imr-details/460,PUBLISHED,Published,,2010,2010,,EUR,Europe,,BGR,Bulgaria,,MLE,Male,,9.4,9.4,,,,,
SA_0000001757_ARCHIVED,"15-19 years old abstainers, lifetime (%)",https://www.who.int/data/gho/indicator-metadata-registry/imr-details/460,PUBLISHED,Published,,2010,2010,,EUR,Europe,,RUS,Russian Federation,,MLE,Male,,10.0,10.0,,,,,
SA_0000001757_ARCHIVED,"15-19 years old abstainers, lifetime (%)",https://www.who.int/data/gho/indicator-metadata-registry/imr-details/460,PUBLISHED,Published,,2010,2010,,EUR,Europe,,LVA,Latvia,,MLE,Male,,10.9,10.9,,,,,
SA_0000001757_ARCHIVED,"15-19 years old abstainers, lifetime (%)",https://www.who.int/data/gho/indicator-metadata-registry/imr-details/460,PUBLISHED,Published,,2010,2010,,EMR,Eastern Mediterranean,,SDN,Sudan,,MLE,Male,,11.3,11.3,,,,,
SA_0000001757_ARCHIVED,"15-19 years old abstainers, lifetime (%)",https://www.who.int/data/gho/indicator-metadata-registry/imr-details/460,PUBLISHED,Published,,2010,2010,,EUR,Europe,,ISL,Iceland,,FMLE,Female,,15.6,15.6,,,,,
SA_0000001757_ARCHIVED,"15-19 years old abstainers, lifetime (%)",https://www.who.int/data/gho/indicator-metadata-registry/imr-details/460,PUBLISHED,Published,,2010,2010,,EUR,Europe,,EST,Estonia,,FMLE,Female,,15.7,15.7,,,,,
SA_0000001757_ARCHIVED,"15-19 years old abstainers, lifetime (%)",https://www.who.int/data/gho/indicator-metadata-registry/imr-details/460,PUBLISHED,Published,,2010,2010,,EUR,Europe,,SVN,Slovenia,,FMLE,Female,,16.3,16.3,,,,,
SA_0000001757_ARCHIVED,"15-19 years old abstainers, lifetime (%)",https://www.who.int/data/gho/indicator-metadata-registry/imr-details/460,PUBLISHED,Published,,2010,2010,,EMR,Eastern Mediterranean,,LBN,Lebanon,,MLE,Male,,17.0,17.0,,,,,
SA_0000001757_ARCHIVED,"15-19 years old abstainers, lifetime (%)",https://www.who.int/data/gho/indicator-metadata-registry/imr-details/460,PUBLISHED,Published,,2010,2010,,AMR,Americas,,MEX,Mexico,,MLE,Male,,24.4,24.4,,,,,
SA_0000001757_ARCHIVED,"15-19 years old abstainers, lifetime (%)",https://www.who.int/data/gho/indicator-metadata-registry/imr-details/460,PUBLISHED,Published,,2010,2010,,AMR,Americas,,PAN,Panama,,MLE,Male,,24.7,24.7,,,,,
SA_0000001757_ARCHIVED,"15-19 years old abstainers, lifetime (%)",https://www.who.int/data/gho/indicator-metadata-registry/imr-details/460,PUBLISHED,Published,,2010,2010,,AMR,Americas,,VEN,Venezuela (Bolivarian Republic of),,MLE,Male,,25.4,25.4,,,,,
SA_0000001757_ARCHIVED,"15-19 years old abstainers, lifetime (%)",https://www.who.int/data/gho/indicator-metadata-registry/imr-details/460,PUBLISHED,Published,,2010,2010,,AMR,Americas,,SLV,El Salvador,,MLE,Male,,25.7,25.7,,,,,
SA_0000001757_ARCHIVED,"15-19 years old abstainers, lifetime (%)",https://www.who.int/data/gho/indicator-metadata-registry/imr-details/460,PUBLISHED,Published,,2010,2010,,AMR,Americas,,BRB,Barbados,,FMLE,Female,,28.6,28.6,,,,,
SA_0000001757_ARCHIVED,"15-19 years old abstainers, lifetime (%)",https://www.who.int/data/gho/indicator-metadata-registry/imr-details/460,PUBLISHED,Published,,2010,2010,,AMR,Americas,,ECU,Ecuador,,MLE,Male,,28.8,28.8,,,,,
SA_0000001757_ARCHIVED,"15-19 years old abstainers, lifetime (%)",https://www.who.int/data/gho/indicator-metadata-registry/imr-details/460,PUBLISHED,Published,,2010,2010,,EUR,Europe,,ALB,Albania,,FMLE,Female,,31.4,31.4,,,,,
SA_0000001757_ARCHIVED,"15-19 years old abstainers, lifetime (%)",https://www.who.int/data/gho/indicator-metadata-registry/imr-details/460,PUBLISHED,Published,,2010,2010,,AMR,Americas,,KNA,Saint Kitts and Nevis,,MLE,Male,,32.9,32.9,,,,,
SA_0000001757_ARCHIVED,"15-19 years old abstainers, lifetime (%)",https://www.who.int/data/gho/indicator-metadata-registry/imr-details/460,PUBLISHED,Published,,2010,2010,,EUR,Europe,,POL,Poland,,FMLE,Female,,34.4,34.4,,,,,
SA_0000001757_ARCHIVED,"15-19 years old abstainers, lifetime (%)",https://www.who.int/data/gho/indicator-metadata-registry/imr-details/460,PUBLISHED,Published,,2010,2010,,AFR,Africa,,BWA,Botswana,,MLE,Male,,41.5,41.5,,,,,
SA_0000001757_ARCHIVED,"15-19 years old abstainers, lifetime (%)",https://www.who.int/data/gho/indicator-metadata-registry/imr-details/460,PUBLISHED,Published,,2010,2010,,AMR,Americas,,PAN,Panama,,FMLE,Female,,41.5,41.5,,,,,
SA_0000001757_ARCHIVED,"15-19 years old abstainers, lifetime (%)",https://www.who.int/data/gho/indicator-metadata-registry/imr-details/460,PUBLISHED,Published,,2010,2010,,WPR,Western Pacific,,KIR,Kiribati,,MLE,Male,,41.6,41.6,,,,,
SA_0000001757_ARCHIVED,"15-19 years old abstainers, lifetime (%)",https://www.who.int/data/gho/indicator-metadata-registry/imr-details/460,PUBLISHED,Published,,2010,2010,,WPR,Western Pacific,,LAO,Lao People's Democratic Republic,,MLE,Male,,42.0,42.0,,,,,
SA_0000001757_ARCHIVED,"15-19 years old abstainers, lifetime (%)",https://www.who.int/data/gho/indicator-metadata-registry/imr-details/460,PUBLISHED,Published,,2010,2010,,AMR,Americas,,ARG,Argentina,,FMLE,Female,,42.5,42.5,,,,,
SA_0000001757_ARCHIVED,"15-19 years old abstainers, lifetime (%)",https://www.who.int/data/gho/indicator-metadata-registry/imr-details/460,PUBLISHED,Published,,2010,2010,,AFR,Africa,,GHA,Ghana,,MLE,Male,,44.3,44.3,,,,,
SA_0000001757_ARCHIVED,"15-19 years old abstainers, lifetime (%)",https://www.who.int/data/gho/indicator-metadata-registry/imr-details/460,PUBLISHED,Published,,2010,2010,,AFR,Africa,,ZAF,South Africa,,MLE,Male,,44.6,44.6,,,,,
SA_0000001757_ARCHIVED,"15-19 years old abstainers, lifetime (%)",https://www.who.int/data/gho/indicator-metadata-registry/imr-details/460,PUBLISHED,Published,,2010,2010,,AFR,Africa,,ETH,Ethiopia,,MLE,Male,,45.4,45.4,,,,,
SA_0000001757_ARCHIVED,"15-19 years old abstainers, lifetime (%)",https://www.who.int/data/gho/indicator-metadata-registry/imr-details/460,PUBLISHED,Published,,2010,2010,,AFR,Africa,,MDG,Madagascar,,MLE,Male,,45.5,45.5,,,,,
SA_0000001757_ARCHIVED,"15-19 years old abstainers, lifetime (%)",https://www.who.int/data/gho/indicator-metadata-registry/imr-details/460,PUBLISHED,Published,,2010,2010,,AFR,Africa,,NAM,Namibia,,MLE,Male,,47.8,47.8,,,,,
SA_0000001757_ARCHIVED,"15-19 years old abstainers, lifetime (%)",https://www.who.int/data/gho/indicator-metadata-registry/imr-details/460,PUBLISHED,Published,,2010,2010,,AFR,Africa,,AGO,Angola,,MLE,Male,,48.8,48.8,,,,,
SA_0000001757_ARCHIVED,"15-19 years old abstainers, lifetime (%)",https://www.who.int/data/gho/indicator-metadata-registry/imr-details/460,PUBLISHED,Published,,2010,2010,,SEAR,South-East Asia,,THA,Thailand,,MLE,Male,,51.7,51.7,,,,,
SA_0000001757_ARCHIVED,"15-19 years old abstainers, lifetime (%)",https://www.who.int/data/gho/indicator-metadata-registry/imr-details/460,PUBLISHED,Published,,2010,2010,,WPR,Western Pacific,,MYS,Malaysia,,MLE,Male,,52.7,52.7,,,,,
SA_0000001757_ARCHIVED,"15-19 years old abstainers, lifetime (%)",https://www.who.int/data/gho/indicator-metadata-registry/imr-details/460,PUBLISHED,Published,,2010,2010,,WPR,Western Pacific,,MNG,Mongolia,,FMLE,Female,,58.6,58.6,,,,,
SA_0000001757_ARCHIVED,"15-19 years old abstainers, lifetime (%)",https://www.who.int/data/gho/indicator-metadata-registry/imr-details/460,PUBLISHED,Published,,2010,2010,,AFR,Africa,,GAB,Gabon,,FMLE,Female,,59.3,59.3,,,,,
SA_0000001757_ARCHIVED,"15-19 years old abstainers, lifetime (%)",https://www.who.int/data/gho/indicator-metadata-registry/imr-details/460,PUBLISHED,Published,,2010,2010,,AFR,Africa,,GNQ,Equatorial Guinea,,FMLE,Female,,60.0,60.0,,,,,
SA_0000001757_ARCHIVED,"15-19 years old abstainers, lifetime (%)",https://www.who.int/data/gho/indicator-metadata-registry/imr-details/460,PUBLISHED,Published,,2010,2010,,AFR,Africa,,GHA,Ghana,,FMLE,Female,,60.1,60.1,,,,,
SA_0000001757_ARCHIVED,"15-19 years old abstainers, lifetime (%)",https://www.who.int/data/gho/indicator-metadata-registry/imr-details/460,PUBLISHED,Published,,2010,2010,,AFR,Africa,,TZA,United Republic of Tanzania,,FMLE,Female,,64.1,64.1,,,,,
SA_0000001757_ARCHIVED,"15-19 years old abstainers, lifetime (%)",https://www.who.int/data/gho/indicator-metadata-registry/imr-details/460,PUBLISHED,Published,,2010,2010,,WPR,Western Pacific,,MYS,Malaysia,,FMLE,Female,,64.4,64.4,,,,,
SA_0000001757_ARCHIVED,"15-19 years old abstainers, lifetime (%)",https://www.who.int/data/gho/indicator-metadata-registry/imr-details/460,PUBLISHED,Published,,2010,2010,,AFR,Africa,,AGO,Angola,,FMLE,Female,,65.6,65.6,,,,,
SA_0000001757_ARCHIVED,"15-19 years old abstainers, lifetime (%)",https://www.who.int/data/gho/indicator-metadata-registry/imr-details/460,PUBLISHED,Published,,2010,2010,,AFR,Africa,,CIV,Côte d'Ivoire,,FMLE,Female,,66.5,66.5,,,,,
SA_0000001757_ARCHIVED,"15-19 years old abstainers, lifetime (%)",https://www.who.int/data/gho/indicator-metadata-registry/imr-details/460,PUBLISHED,Published,,2010,2010,,AMR,Americas,,BLZ,Belize,,FMLE,Female,,87.3,87.3,,,,,
SA_0000001757_ARCHIVED,"15-19 years old abstainers, lifetime (%)",https://www.who.int/data/gho/indicator-metadata-registry/imr-details/460,PUBLISHED,Published,,2010,2010,,EMR,Eastern Mediterranean,,IRN,Iran (Islamic Republic of),,MLE,Male,,88.0,88.0,,,,,
SA_0000001757_ARCHIVED,"15-19 years old abstainers, lifetime (%)",https://www.who.int/data/gho/indicator-metadata-registry/imr-details/460,PUBLISHED,Published,,2010,2010,,EMR,Eastern Mediterranean,,BHR,Bahrain,,FMLE,Female,,89.3,89.3,,,,,
SA_0000001757_ARCHIVED,"15-19 years old abstainers, lifetime (%)",https://www.who.int/data/gho/indicator-metadata-registry/imr-details/460,PUBLISHED,Published,,2010,2010,,EMR,Eastern Mediterranean,,IRQ,Iraq,,FMLE,Female,,89.7,89.7,,,,,
SA_0000001757_ARCHIVED,"15-19 years old abstainers, lifetime (%)",https://www.who.int/data/gho/indicator-metadata-registry/imr-details/460,PUBLISHED,Published,,2010,2010,,SEAR,South-East Asia,,BGD,Bangladesh,,FMLE,Female,,96.8,96.8,,,,,
SA_0000001757_ARCHIVED,"15-19 years old abstainers, lifetime (%)",https://www.who.int/data/gho/indicator-metadata-registry/imr-details/460,PUBLISHED,Published,,2010,2010,,AFR,Africa,,GMB,Gambia,,MLE,Male,,97.6,97.6,,,,,
SA_0000001757_ARCHIVED,"15-19 years old abstainers, lifetime (%)",https://www.who.int/data/gho/indicator-metadata-registry/imr-details/460,PUBLISHED,Published,,2010,2010,,AFR,Africa,,MRT,Mauritania,,FMLE,Female,,98.6,98.6,,,,,
SA_0000001757_ARCHIVED,"15-19 years old abstainers, lifetime (%)",https://www.who.int/data/gho/indicator-metadata-registry/imr-details/460,PUBLISHED,Published,,2010,2010,,AFR,Africa,,GMB,Gambia,,FMLE,Female,,98.9,98.9,,,,,
SA_0000001757_ARCHIVED,"15-19 years old abstainers, lifetime (%)",https://www.who.int/data/gho/indicator-metadata-registry/imr-details/460,PUBLISHED,Published,,2010,2010,,EMR,Eastern Mediterranean,,SSD,South Sudan,,FMLE,Female,,,,,,,,missing data
