GHO (CODE),GHO (DISPLAY),GHO (URL),PUBLISHSTATE (CODE),PUBLISHSTATE (DISPLAY),PUBLISHSTATE (URL),YEAR (CODE),YEAR (DISPLAY),YEAR (URL),REGION (CODE),REGION (DISPLAY),REGION (URL),Display Value,Numeric,Low,High,StdErr,StdDev,Comments
SA_0000001745,"Alcohol, regional prevalence of alcohol use disorders (%)",https://www.who.int/data/gho/indicator-metadata-registry/imr-details/1388,PUBLISHED,Published,,2016,2016,,EMR,Eastern Mediterranean,,0.8,,,,,,
SA_0000001745,"Alcohol, regional prevalence of alcohol use disorders (%)",https://www.who.int/data/gho/indicator-metadata-registry/imr-details/1388,PUBLISHED,Published,,2016,2016,,GLOBAL,Global,,5.1,,,,,,
SA_0000001745,"Alcohol, regional prevalence of alcohol use disorders (%)",https://www.who.int/data/gho/indicator-metadata-registry/imr-details/1388,PUBLISHED,Published,,2016,2016,,AMR,Americas,,8.2,,,,,,
SA_0000001745,"Alcohol, regional prevalence of alcohol use disorders (%)",https://www.who.int/data/gho/indicator-metadata-registry/imr-details/1388,PUBLISHED,Published,,2016,2016,,SEAR,South-East Asia,,3.9,,,,,,
SA_0000001745,"Alcohol, regional prevalence of alcohol use disorders (%)",https://www.who.int/data/gho/indicator-metadata-registry/imr-details/1388,PUBLISHED,Published,,2016,2016,,AFR,Africa,,3.7,3.7,,,,,
SA_0000001745,"Alcohol, regional prevalence of alcohol use disorders (%)",https://www.who.int/data/gho/indicator-metadata-registry/imr-details/1388,PUBLISHED,Published,,2016,2016,,EUR,Europe,,8.8,,,,,,
SA_0000001745,"Alcohol, regional prevalence of alcohol use disorders (%)",https://www.who.int/data/gho/indicator-metadata-registry/imr-details/1388,PUBLISHED,Published,,2016,2016,,WPR,Western Pacific,,4.7,,,,,,
