GHO (CODE),GHO (DISPLAY),GHO (URL),PUBLISHSTATE (CODE),PUBLISHSTATE (DISPLAY),PUBLISHSTATE (URL),YEAR (CODE),YEAR (DISPLAY),YEAR (URL),REGION (CODE),REGION (DISPLAY),REGION (URL),COUNTRY (CODE),COUNTRY (DISPLAY),COUNTRY (URL),ALCOHOLTYPE (CODE),ALCOHOLTYPE (DISPLAY),ALCOHOLTYPE (URL),Display Value,Numeric,Low,High,StdErr,StdDev,Comments
SA_0000001539_ARCHIVED,"Restrictions on sales promotion from producers (parties, events)",https://www.who.int/data/gho/indicator-metadata-registry/imr-details/1411,PUBLISHED,Published,,2012,2012,,AFR,Africa,,AGO,Angola,,SA_SPIRITS,Spirits,,no restriction,,,,,,
SA_0000001539_ARCHIVED,"Restrictions on sales promotion from producers (parties, events)",https://www.who.int/data/gho/indicator-metadata-registry/imr-details/1411,PUBLISHED,Published,,2012,2012,,AMR,Americas,,ATG,Antigua and Barbuda,,SA_WINE,Wine,,no restriction,,,,,,
SA_0000001539_ARCHIVED,"Restrictions on sales promotion from producers (parties, events)",https://www.who.int/data/gho/indicator-metadata-registry/imr-details/1411,PUBLISHED,Published,,2012,2012,,EUR,Europe,,AZE,Azerbaijan,,SA_WINE,Wine,,no restriction,,,,,,
SA_0000001539_ARCHIVED,"Restrictions on sales promotion from producers (parties, events)",https://www.who.int/data/gho/indicator-metadata-registry/imr-details/1411,PUBLISHED,Published,,2012,2012,,AMR,Americas,,BHS,Bahamas,,SA_BEER,Beer,,no restriction,,,,,,
SA_0000001539_ARCHIVED,"Restrictions on sales promotion from producers (parties, events)",https://www.who.int/data/gho/indicator-metadata-registry/imr-details/1411,PUBLISHED,Published,,2012,2012,,EUR,Europe,,BEL,Belgium,,SA_BEER,Beer,,no restriction,,,,,,
SA_0000001539_ARCHIVED,"Restrictions on sales promotion from producers (parties, events)",https://www.who.int/data/gho/indicator-metadata-registry/imr-details/1411,PUBLISHED,Published,,2012,2012,,EUR,Europe,,BEL,Belgium,,SA_SPIRITS,Spirits,,no restriction,,,,,,
SA_0000001539_ARCHIVED,"Restrictions on sales promotion from producers (parties, events)",https://www.who.int/data/gho/indicator-metadata-registry/imr-details/1411,PUBLISHED,Published,,2012,2012,,EUR,Europe,,BIH,Bosnia and Herzegovina,,SA_SPIRITS,Spirits,,no restriction,,,,,,
SA_0000001539_ARCHIVED,"Restrictions on sales promotion from producers (parties, events)",https://www.who.int/data/gho/indicator-metadata-registry/imr-details/1411,PUBLISHED,Published,,2012,2012,,AFR,Africa,,BWA,Botswana,,SA_WINE,Wine,,volunatry/self-regulated,,,,,,
SA_0000001539_ARCHIVED,"Restrictions on sales promotion from producers (parties, events)",https://www.who.int/data/gho/indicator-metadata-registry/imr-details/1411,PUBLISHED,Published,,2012,2012,,AFR,Africa,,BFA,Burkina Faso,,SA_SPIRITS,Spirits,,no restriction,,,,,,
SA_0000001539_ARCHIVED,"Restrictions on sales promotion from producers (parties, events)",https://www.who.int/data/gho/indicator-metadata-registry/imr-details/1411,PUBLISHED,Published,,2012,2012,,EUR,Europe,,DEU,Germany,,SA_SPIRITS,Spirits,,volunatry/self-regulated,,,,,,
SA_0000001539_ARCHIVED,"Restrictions on sales promotion from producers (parties, events)",https://www.who.int/data/gho/indicator-metadata-registry/imr-details/1411,PUBLISHED,Published,,2012,2012,,EUR,Europe,,GRC,Greece,,SA_BEER,Beer,,no restriction,,,,,,
SA_0000001539_ARCHIVED,"Restrictions on sales promotion from producers (parties, events)",https://www.who.int/data/gho/indicator-metadata-registry/imr-details/1411,PUBLISHED,Published,,2012,2012,,AFR,Africa,,GNB,Guinea-Bissau,,SA_WINE,Wine,,no restriction,,,,,,
SA_0000001539_ARCHIVED,"Restrictions on sales promotion from producers (parties, events)",https://www.who.int/data/gho/indicator-metadata-registry/imr-details/1411,PUBLISHED,Published,,2012,2012,,SEAR,South-East Asia,,IND,India,,SA_BEER,Beer,,ban,,,,,,
SA_0000001539_ARCHIVED,"Restrictions on sales promotion from producers (parties, events)",https://www.who.int/data/gho/indicator-metadata-registry/imr-details/1411,PUBLISHED,Published,,2012,2012,,SEAR,South-East Asia,,IND,India,,SA_SPIRITS,Spirits,,ban,,,,,,
SA_0000001539_ARCHIVED,"Restrictions on sales promotion from producers (parties, events)",https://www.who.int/data/gho/indicator-metadata-registry/imr-details/1411,PUBLISHED,Published,,2012,2012,,EUR,Europe,,ISR,Israel,,SA_SPIRITS,Spirits,,ban,,,,,,
SA_0000001539_ARCHIVED,"Restrictions on sales promotion from producers (parties, events)",https://www.who.int/data/gho/indicator-metadata-registry/imr-details/1411,PUBLISHED,Published,,2012,2012,,EUR,Europe,,LUX,Luxembourg,,SA_SPIRITS,Spirits,,no restriction,,,,,,
SA_0000001539_ARCHIVED,"Restrictions on sales promotion from producers (parties, events)",https://www.who.int/data/gho/indicator-metadata-registry/imr-details/1411,PUBLISHED,Published,,2012,2012,,AFR,Africa,,MDG,Madagascar,,SA_WINE,Wine,,no restriction,,,,,,
SA_0000001539_ARCHIVED,"Restrictions on sales promotion from producers (parties, events)",https://www.who.int/data/gho/indicator-metadata-registry/imr-details/1411,PUBLISHED,Published,,2012,2012,,AFR,Africa,,MLI,Mali,,SA_SPIRITS,Spirits,,no restriction,,,,,,
SA_0000001539_ARCHIVED,"Restrictions on sales promotion from producers (parties, events)",https://www.who.int/data/gho/indicator-metadata-registry/imr-details/1411,PUBLISHED,Published,,2012,2012,,WPR,Western Pacific,,FSM,Micronesia (Federated States of),,SA_WINE,Wine,,partial restriction,,,,,,
SA_0000001539_ARCHIVED,"Restrictions on sales promotion from producers (parties, events)",https://www.who.int/data/gho/indicator-metadata-registry/imr-details/1411,PUBLISHED,Published,,2012,2012,,SEAR,South-East Asia,,MMR,Myanmar,,SA_SPIRITS,Spirits,,volunatry/self-regulated,,,,,,
SA_0000001539_ARCHIVED,"Restrictions on sales promotion from producers (parties, events)",https://www.who.int/data/gho/indicator-metadata-registry/imr-details/1411,PUBLISHED,Published,,2012,2012,,WPR,Western Pacific,,NZL,New Zealand,,SA_SPIRITS,Spirits,,volunatry/self-regulated,,,,,,
SA_0000001539_ARCHIVED,"Restrictions on sales promotion from producers (parties, events)",https://www.who.int/data/gho/indicator-metadata-registry/imr-details/1411,PUBLISHED,Published,,2012,2012,,AMR,Americas,,NIC,Nicaragua,,SA_WINE,Wine,,no restriction,,,,,,
SA_0000001539_ARCHIVED,"Restrictions on sales promotion from producers (parties, events)",https://www.who.int/data/gho/indicator-metadata-registry/imr-details/1411,PUBLISHED,Published,,2012,2012,,AMR,Americas,,PRY,Paraguay,,SA_BEER,Beer,,ban,,,,,,
SA_0000001539_ARCHIVED,"Restrictions on sales promotion from producers (parties, events)",https://www.who.int/data/gho/indicator-metadata-registry/imr-details/1411,PUBLISHED,Published,,2012,2012,,EUR,Europe,,RUS,Russian Federation,,SA_SPIRITS,Spirits,,no restriction,,,,,,
SA_0000001539_ARCHIVED,"Restrictions on sales promotion from producers (parties, events)",https://www.who.int/data/gho/indicator-metadata-registry/imr-details/1411,PUBLISHED,Published,,2012,2012,,AFR,Africa,,RWA,Rwanda,,SA_WINE,Wine,,no restriction,,,,,,
SA_0000001539_ARCHIVED,"Restrictions on sales promotion from producers (parties, events)",https://www.who.int/data/gho/indicator-metadata-registry/imr-details/1411,PUBLISHED,Published,,2012,2012,,EUR,Europe,,SMR,San Marino,,SA_WINE,Wine,,no restriction,,,,,,
SA_0000001539_ARCHIVED,"Restrictions on sales promotion from producers (parties, events)",https://www.who.int/data/gho/indicator-metadata-registry/imr-details/1411,PUBLISHED,Published,,2012,2012,,WPR,Western Pacific,,TON,Tonga,,SA_SPIRITS,Spirits,,no restriction,,,,,,
SA_0000001539_ARCHIVED,"Restrictions on sales promotion from producers (parties, events)",https://www.who.int/data/gho/indicator-metadata-registry/imr-details/1411,PUBLISHED,Published,,2012,2012,,AMR,Americas,,TTO,Trinidad and Tobago,,SA_WINE,Wine,,no restriction,,,,,,
SA_0000001539_ARCHIVED,"Restrictions on sales promotion from producers (parties, events)",https://www.who.int/data/gho/indicator-metadata-registry/imr-details/1411,PUBLISHED,Published,,2012,2012,,AFR,Africa,,UGA,Uganda,,SA_WINE,Wine,,no restriction,,,,,,
SA_0000001539_ARCHIVED,"Restrictions on sales promotion from producers (parties, events)",https://www.who.int/data/gho/indicator-metadata-registry/imr-details/1411,PUBLISHED,Published,,2012,2012,,EUR,Europe,,UKR,Ukraine,,SA_BEER,Beer,,no restriction,,,,,,
SA_0000001539_ARCHIVED,"Restrictions on sales promotion from producers (parties, events)",https://www.who.int/data/gho/indicator-metadata-registry/imr-details/1411,PUBLISHED,Published,,2012,2012,,AMR,Americas,,USA,United States of America,,SA_WINE,Wine,,volunatry/self-regulated,,,,,,
SA_0000001539_ARCHIVED,"Restrictions on sales promotion from producers (parties, events)",https://www.who.int/data/gho/indicator-metadata-registry/imr-details/1411,PUBLISHED,Published,,2012,2012,,EMR,Eastern Mediterranean,,YEM,Yemen,,SA_BEER,Beer,,ban,,,,,,
SA_0000001539_ARCHIVED,"Restrictions on sales promotion from producers (parties, events)",https://www.who.int/data/gho/indicator-metadata-registry/imr-details/1411,PUBLISHED,Published,,2012,2012,,EMR,Eastern Mediterranean,,YEM,Yemen,,SA_SPIRITS,Spirits,,ban,,,,,,
SA_0000001539_ARCHIVED,"Restrictions on sales promotion from producers (parties, events)",https://www.who.int/data/gho/indicator-metadata-registry/imr-details/1411,PUBLISHED,Published,,2012,2012,,AMR,Americas,,HTI,Haiti,,SA_WINE,Wine,,,,,,,,missing data
SA_0000001539_ARCHIVED,"Restrictions on sales promotion from producers (parties, events)",https://www.who.int/data/gho/indicator-metadata-registry/imr-details/1411,PUBLISHED,Published,,2012,2012,,EMR,Eastern Mediterranean,,ARE,United Arab Emirates,,SA_SPIRITS,Spirits,,,,,,,,missing data
SA_0000001539_ARCHIVED,"Restrictions on sales promotion from producers (parties, events)",https://www.who.int/data/gho/indicator-metadata-registry/imr-details/1411,PUBLISHED,Published,,2012,2012,,EUR,Europe,,ALB,Albania,,SA_SPIRITS,Spirits,,no restriction,,,,,,
SA_0000001539_ARCHIVED,"Restrictions on sales promotion from producers (parties, events)",https://www.who.int/data/gho/indicator-metadata-registry/imr-details/1411,PUBLISHED,Published,,2012,2012,,EUR,Europe,,ARM,Armenia,,SA_WINE,Wine,,no restriction,,,,,,
SA_0000001539_ARCHIVED,"Restrictions on sales promotion from producers (parties, events)",https://www.who.int/data/gho/indicator-metadata-registry/imr-details/1411,PUBLISHED,Published,,2012,2012,,EUR,Europe,,ARM,Armenia,,SA_SPIRITS,Spirits,,no restriction,,,,,,
SA_0000001539_ARCHIVED,"Restrictions on sales promotion from producers (parties, events)",https://www.who.int/data/gho/indicator-metadata-registry/imr-details/1411,PUBLISHED,Published,,2012,2012,,SEAR,South-East Asia,,BGD,Bangladesh,,SA_WINE,Wine,,ban,,,,,,
SA_0000001539_ARCHIVED,"Restrictions on sales promotion from producers (parties, events)",https://www.who.int/data/gho/indicator-metadata-registry/imr-details/1411,PUBLISHED,Published,,2012,2012,,SEAR,South-East Asia,,BGD,Bangladesh,,SA_SPIRITS,Spirits,,ban,,,,,,
SA_0000001539_ARCHIVED,"Restrictions on sales promotion from producers (parties, events)",https://www.who.int/data/gho/indicator-metadata-registry/imr-details/1411,PUBLISHED,Published,,2012,2012,,AFR,Africa,,BEN,Benin,,SA_WINE,Wine,,no restriction,,,,,,
SA_0000001539_ARCHIVED,"Restrictions on sales promotion from producers (parties, events)",https://www.who.int/data/gho/indicator-metadata-registry/imr-details/1411,PUBLISHED,Published,,2012,2012,,SEAR,South-East Asia,,BTN,Bhutan,,SA_WINE,Wine,,no restriction,,,,,,
SA_0000001539_ARCHIVED,"Restrictions on sales promotion from producers (parties, events)",https://www.who.int/data/gho/indicator-metadata-registry/imr-details/1411,PUBLISHED,Published,,2012,2012,,SEAR,South-East Asia,,BTN,Bhutan,,SA_SPIRITS,Spirits,,no restriction,,,,,,
SA_0000001539_ARCHIVED,"Restrictions on sales promotion from producers (parties, events)",https://www.who.int/data/gho/indicator-metadata-registry/imr-details/1411,PUBLISHED,Published,,2012,2012,,WPR,Western Pacific,,BRN,Brunei Darussalam,,SA_WINE,Wine,,ban,,,,,,
SA_0000001539_ARCHIVED,"Restrictions on sales promotion from producers (parties, events)",https://www.who.int/data/gho/indicator-metadata-registry/imr-details/1411,PUBLISHED,Published,,2012,2012,,AFR,Africa,,COD,Democratic Republic of the Congo,,SA_BEER,Beer,,no restriction,,,,,,
SA_0000001539_ARCHIVED,"Restrictions on sales promotion from producers (parties, events)",https://www.who.int/data/gho/indicator-metadata-registry/imr-details/1411,PUBLISHED,Published,,2012,2012,,AMR,Americas,,GTM,Guatemala,,SA_SPIRITS,Spirits,,no restriction,,,,,,
SA_0000001539_ARCHIVED,"Restrictions on sales promotion from producers (parties, events)",https://www.who.int/data/gho/indicator-metadata-registry/imr-details/1411,PUBLISHED,Published,,2012,2012,,EUR,Europe,,HUN,Hungary,,SA_WINE,Wine,,volunatry/self-regulated,,,,,,
SA_0000001539_ARCHIVED,"Restrictions on sales promotion from producers (parties, events)",https://www.who.int/data/gho/indicator-metadata-registry/imr-details/1411,PUBLISHED,Published,,2012,2012,,AFR,Africa,,MRT,Mauritania,,SA_SPIRITS,Spirits,,ban,,,,,,
SA_0000001539_ARCHIVED,"Restrictions on sales promotion from producers (parties, events)",https://www.who.int/data/gho/indicator-metadata-registry/imr-details/1411,PUBLISHED,Published,,2012,2012,,AFR,Africa,,MUS,Mauritius,,SA_SPIRITS,Spirits,,ban,,,,,,
SA_0000001539_ARCHIVED,"Restrictions on sales promotion from producers (parties, events)",https://www.who.int/data/gho/indicator-metadata-registry/imr-details/1411,PUBLISHED,Published,,2012,2012,,SEAR,South-East Asia,,NPL,Nepal,,SA_WINE,Wine,,no restriction,,,,,,
SA_0000001539_ARCHIVED,"Restrictions on sales promotion from producers (parties, events)",https://www.who.int/data/gho/indicator-metadata-registry/imr-details/1411,PUBLISHED,Published,,2012,2012,,WPR,Western Pacific,,PLW,Palau,,SA_WINE,Wine,,no restriction,,,,,,
SA_0000001539_ARCHIVED,"Restrictions on sales promotion from producers (parties, events)",https://www.who.int/data/gho/indicator-metadata-registry/imr-details/1411,PUBLISHED,Published,,2012,2012,,EUR,Europe,,POL,Poland,,SA_WINE,Wine,,ban,,,,,,
SA_0000001539_ARCHIVED,"Restrictions on sales promotion from producers (parties, events)",https://www.who.int/data/gho/indicator-metadata-registry/imr-details/1411,PUBLISHED,Published,,2012,2012,,EUR,Europe,,MDA,Republic of Moldova,,SA_BEER,Beer,,no restriction,,,,,,
SA_0000001539_ARCHIVED,"Restrictions on sales promotion from producers (parties, events)",https://www.who.int/data/gho/indicator-metadata-registry/imr-details/1411,PUBLISHED,Published,,2012,2012,,AMR,Americas,,LCA,Saint Lucia,,SA_SPIRITS,Spirits,,no restriction,,,,,,
SA_0000001539_ARCHIVED,"Restrictions on sales promotion from producers (parties, events)",https://www.who.int/data/gho/indicator-metadata-registry/imr-details/1411,PUBLISHED,Published,,2012,2012,,EUR,Europe,,SRB,Serbia,,SA_BEER,Beer,,volunatry/self-regulated,,,,,,
SA_0000001539_ARCHIVED,"Restrictions on sales promotion from producers (parties, events)",https://www.who.int/data/gho/indicator-metadata-registry/imr-details/1411,PUBLISHED,Published,,2012,2012,,EUR,Europe,,SVK,Slovakia,,SA_SPIRITS,Spirits,,no restriction,,,,,,
SA_0000001539_ARCHIVED,"Restrictions on sales promotion from producers (parties, events)",https://www.who.int/data/gho/indicator-metadata-registry/imr-details/1411,PUBLISHED,Published,,2012,2012,,EUR,Europe,,ESP,Spain,,SA_WINE,Wine,,no restriction,,,,,,
SA_0000001539_ARCHIVED,"Restrictions on sales promotion from producers (parties, events)",https://www.who.int/data/gho/indicator-metadata-registry/imr-details/1411,PUBLISHED,Published,,2012,2012,,EUR,Europe,,CHE,Switzerland,,SA_WINE,Wine,,no restriction,,,,,,
SA_0000001539_ARCHIVED,"Restrictions on sales promotion from producers (parties, events)",https://www.who.int/data/gho/indicator-metadata-registry/imr-details/1411,PUBLISHED,Published,,2012,2012,,EUR,Europe,,CHE,Switzerland,,SA_SPIRITS,Spirits,,ban,,,,,,
SA_0000001539_ARCHIVED,"Restrictions on sales promotion from producers (parties, events)",https://www.who.int/data/gho/indicator-metadata-registry/imr-details/1411,PUBLISHED,Published,,2012,2012,,AFR,Africa,,TGO,Togo,,SA_SPIRITS,Spirits,,no restriction,,,,,,
SA_0000001539_ARCHIVED,"Restrictions on sales promotion from producers (parties, events)",https://www.who.int/data/gho/indicator-metadata-registry/imr-details/1411,PUBLISHED,Published,,2012,2012,,EUR,Europe,,TUR,Turkey,,SA_BEER,Beer,,ban,,,,,,
SA_0000001539_ARCHIVED,"Restrictions on sales promotion from producers (parties, events)",https://www.who.int/data/gho/indicator-metadata-registry/imr-details/1411,PUBLISHED,Published,,2012,2012,,EUR,Europe,,TUR,Turkey,,SA_WINE,Wine,,ban,,,,,,
SA_0000001539_ARCHIVED,"Restrictions on sales promotion from producers (parties, events)",https://www.who.int/data/gho/indicator-metadata-registry/imr-details/1411,PUBLISHED,Published,,2012,2012,,EUR,Europe,,GBR,United Kingdom of Great Britain and Northern Ireland,,SA_BEER,Beer,,no restriction,,,,,,
SA_0000001539_ARCHIVED,"Restrictions on sales promotion from producers (parties, events)",https://www.who.int/data/gho/indicator-metadata-registry/imr-details/1411,PUBLISHED,Published,,2012,2012,,EUR,Europe,,GBR,United Kingdom of Great Britain and Northern Ireland,,SA_WINE,Wine,,no restriction,,,,,,
SA_0000001539_ARCHIVED,"Restrictions on sales promotion from producers (parties, events)",https://www.who.int/data/gho/indicator-metadata-registry/imr-details/1411,PUBLISHED,Published,,2012,2012,,AFR,Africa,,ZWE,Zimbabwe,,SA_SPIRITS,Spirits,,no restriction,,,,,,
SA_0000001539_ARCHIVED,"Restrictions on sales promotion from producers (parties, events)",https://www.who.int/data/gho/indicator-metadata-registry/imr-details/1411,PUBLISHED,Published,,2012,2012,,WPR,Western Pacific,,WSM,Samoa,,SA_SPIRITS,Spirits,,,,,,,,missing data
SA_0000001539_ARCHIVED,"Restrictions on sales promotion from producers (parties, events)",https://www.who.int/data/gho/indicator-metadata-registry/imr-details/1411,PUBLISHED,Published,,2012,2012,,WPR,Western Pacific,,SLB,Solomon Islands,,SA_SPIRITS,Spirits,,,,,,,,missing data
SA_0000001539_ARCHIVED,"Restrictions on sales promotion from producers (parties, events)",https://www.who.int/data/gho/indicator-metadata-registry/imr-details/1411,PUBLISHED,Published,,2012,2012,,AFR,Africa,,DZA,Algeria,,SA_BEER,Beer,,no restriction,,,,,,
SA_0000001539_ARCHIVED,"Restrictions on sales promotion from producers (parties, events)",https://www.who.int/data/gho/indicator-metadata-registry/imr-details/1411,PUBLISHED,Published,,2012,2012,,AFR,Africa,,DZA,Algeria,,SA_WINE,Wine,,no restriction,,,,,,
SA_0000001539_ARCHIVED,"Restrictions on sales promotion from producers (parties, events)",https://www.who.int/data/gho/indicator-metadata-registry/imr-details/1411,PUBLISHED,Published,,2012,2012,,WPR,Western Pacific,,AUS,Australia,,SA_BEER,Beer,,volunatry/self-regulated,,,,,,
SA_0000001539_ARCHIVED,"Restrictions on sales promotion from producers (parties, events)",https://www.who.int/data/gho/indicator-metadata-registry/imr-details/1411,PUBLISHED,Published,,2012,2012,,SEAR,South-East Asia,,BGD,Bangladesh,,SA_BEER,Beer,,ban,,,,,,
SA_0000001539_ARCHIVED,"Restrictions on sales promotion from producers (parties, events)",https://www.who.int/data/gho/indicator-metadata-registry/imr-details/1411,PUBLISHED,Published,,2012,2012,,SEAR,South-East Asia,,BTN,Bhutan,,SA_BEER,Beer,,no restriction,,,,,,
SA_0000001539_ARCHIVED,"Restrictions on sales promotion from producers (parties, events)",https://www.who.int/data/gho/indicator-metadata-registry/imr-details/1411,PUBLISHED,Published,,2012,2012,,AFR,Africa,,COD,Democratic Republic of the Congo,,SA_WINE,Wine,,no restriction,,,,,,
SA_0000001539_ARCHIVED,"Restrictions on sales promotion from producers (parties, events)",https://www.who.int/data/gho/indicator-metadata-registry/imr-details/1411,PUBLISHED,Published,,2012,2012,,WPR,Western Pacific,,JPN,Japan,,SA_WINE,Wine,,no restriction,,,,,,
SA_0000001539_ARCHIVED,"Restrictions on sales promotion from producers (parties, events)",https://www.who.int/data/gho/indicator-metadata-registry/imr-details/1411,PUBLISHED,Published,,2012,2012,,WPR,Western Pacific,,JPN,Japan,,SA_SPIRITS,Spirits,,no restriction,,,,,,
SA_0000001539_ARCHIVED,"Restrictions on sales promotion from producers (parties, events)",https://www.who.int/data/gho/indicator-metadata-registry/imr-details/1411,PUBLISHED,Published,,2012,2012,,EUR,Europe,,KGZ,Kyrgyzstan,,SA_WINE,Wine,,volunatry/self-regulated,,,,,,
SA_0000001539_ARCHIVED,"Restrictions on sales promotion from producers (parties, events)",https://www.who.int/data/gho/indicator-metadata-registry/imr-details/1411,PUBLISHED,Published,,2012,2012,,WPR,Western Pacific,,MYS,Malaysia,,SA_BEER,Beer,,no restriction,,,,,,
SA_0000001539_ARCHIVED,"Restrictions on sales promotion from producers (parties, events)",https://www.who.int/data/gho/indicator-metadata-registry/imr-details/1411,PUBLISHED,Published,,2012,2012,,WPR,Western Pacific,,MYS,Malaysia,,SA_WINE,Wine,,no restriction,,,,,,
SA_0000001539_ARCHIVED,"Restrictions on sales promotion from producers (parties, events)",https://www.who.int/data/gho/indicator-metadata-registry/imr-details/1411,PUBLISHED,Published,,2012,2012,,AFR,Africa,,MUS,Mauritius,,SA_BEER,Beer,,ban,,,,,,
SA_0000001539_ARCHIVED,"Restrictions on sales promotion from producers (parties, events)",https://www.who.int/data/gho/indicator-metadata-registry/imr-details/1411,PUBLISHED,Published,,2012,2012,,AFR,Africa,,MUS,Mauritius,,SA_WINE,Wine,,ban,,,,,,
SA_0000001539_ARCHIVED,"Restrictions on sales promotion from producers (parties, events)",https://www.who.int/data/gho/indicator-metadata-registry/imr-details/1411,PUBLISHED,Published,,2012,2012,,WPR,Western Pacific,,NIU,Niue,,SA_BEER,Beer,,no restriction,,,,,,
SA_0000001539_ARCHIVED,"Restrictions on sales promotion from producers (parties, events)",https://www.who.int/data/gho/indicator-metadata-registry/imr-details/1411,PUBLISHED,Published,,2012,2012,,EUR,Europe,,POL,Poland,,SA_SPIRITS,Spirits,,ban,,,,,,
SA_0000001539_ARCHIVED,"Restrictions on sales promotion from producers (parties, events)",https://www.who.int/data/gho/indicator-metadata-registry/imr-details/1411,PUBLISHED,Published,,2012,2012,,EUR,Europe,,MDA,Republic of Moldova,,SA_SPIRITS,Spirits,,no restriction,,,,,,
SA_0000001539_ARCHIVED,"Restrictions on sales promotion from producers (parties, events)",https://www.who.int/data/gho/indicator-metadata-registry/imr-details/1411,PUBLISHED,Published,,2012,2012,,AMR,Americas,,VCT,Saint Vincent and the Grenadines,,SA_WINE,Wine,,no restriction,,,,,,
SA_0000001539_ARCHIVED,"Restrictions on sales promotion from producers (parties, events)",https://www.who.int/data/gho/indicator-metadata-registry/imr-details/1411,PUBLISHED,Published,,2012,2012,,AFR,Africa,,SEN,Senegal,,SA_WINE,Wine,,ban,,,,,,
SA_0000001539_ARCHIVED,"Restrictions on sales promotion from producers (parties, events)",https://www.who.int/data/gho/indicator-metadata-registry/imr-details/1411,PUBLISHED,Published,,2012,2012,,EUR,Europe,,SRB,Serbia,,SA_WINE,Wine,,ban,,,,,,
SA_0000001539_ARCHIVED,"Restrictions on sales promotion from producers (parties, events)",https://www.who.int/data/gho/indicator-metadata-registry/imr-details/1411,PUBLISHED,Published,,2012,2012,,EUR,Europe,,SVK,Slovakia,,SA_WINE,Wine,,no restriction,,,,,,
SA_0000001539_ARCHIVED,"Restrictions on sales promotion from producers (parties, events)",https://www.who.int/data/gho/indicator-metadata-registry/imr-details/1411,PUBLISHED,Published,,2012,2012,,SEAR,South-East Asia,,LKA,Sri Lanka,,SA_BEER,Beer,,ban,,,,,,
SA_0000001539_ARCHIVED,"Restrictions on sales promotion from producers (parties, events)",https://www.who.int/data/gho/indicator-metadata-registry/imr-details/1411,PUBLISHED,Published,,2012,2012,,EUR,Europe,,CHE,Switzerland,,SA_BEER,Beer,,no restriction,,,,,,
SA_0000001539_ARCHIVED,"Restrictions on sales promotion from producers (parties, events)",https://www.who.int/data/gho/indicator-metadata-registry/imr-details/1411,PUBLISHED,Published,,2012,2012,,EMR,Eastern Mediterranean,,SYR,Syrian Arab Republic,,SA_BEER,Beer,,no restriction,,,,,,
SA_0000001539_ARCHIVED,"Restrictions on sales promotion from producers (parties, events)",https://www.who.int/data/gho/indicator-metadata-registry/imr-details/1411,PUBLISHED,Published,,2012,2012,,SEAR,South-East Asia,,TLS,Timor-Leste,,SA_SPIRITS,Spirits,,no restriction,,,,,,
SA_0000001539_ARCHIVED,"Restrictions on sales promotion from producers (parties, events)",https://www.who.int/data/gho/indicator-metadata-registry/imr-details/1411,PUBLISHED,Published,,2012,2012,,EUR,Europe,,TUR,Turkey,,SA_SPIRITS,Spirits,,ban,,,,,,
SA_0000001539_ARCHIVED,"Restrictions on sales promotion from producers (parties, events)",https://www.who.int/data/gho/indicator-metadata-registry/imr-details/1411,PUBLISHED,Published,,2012,2012,,EUR,Europe,,TKM,Turkmenistan,,SA_BEER,Beer,,ban,,,,,,
SA_0000001539_ARCHIVED,"Restrictions on sales promotion from producers (parties, events)",https://www.who.int/data/gho/indicator-metadata-registry/imr-details/1411,PUBLISHED,Published,,2012,2012,,EUR,Europe,,GBR,United Kingdom of Great Britain and Northern Ireland,,SA_SPIRITS,Spirits,,no restriction,,,,,,
SA_0000001539_ARCHIVED,"Restrictions on sales promotion from producers (parties, events)",https://www.who.int/data/gho/indicator-metadata-registry/imr-details/1411,PUBLISHED,Published,,2012,2012,,WPR,Western Pacific,,MHL,Marshall Islands,,SA_WINE,Wine,,,,,,,,missing data
SA_0000001539_ARCHIVED,"Restrictions on sales promotion from producers (parties, events)",https://www.who.int/data/gho/indicator-metadata-registry/imr-details/1411,PUBLISHED,Published,,2012,2012,,WPR,Western Pacific,,SLB,Solomon Islands,,SA_BEER,Beer,,,,,,,,missing data
SA_0000001539_ARCHIVED,"Restrictions on sales promotion from producers (parties, events)",https://www.who.int/data/gho/indicator-metadata-registry/imr-details/1411,PUBLISHED,Published,,2012,2012,,AFR,Africa,,AGO,Angola,,SA_BEER,Beer,,no restriction,,,,,,
SA_0000001539_ARCHIVED,"Restrictions on sales promotion from producers (parties, events)",https://www.who.int/data/gho/indicator-metadata-registry/imr-details/1411,PUBLISHED,Published,,2012,2012,,AMR,Americas,,ARG,Argentina,,SA_WINE,Wine,,no restriction,,,,,,
SA_0000001539_ARCHIVED,"Restrictions on sales promotion from producers (parties, events)",https://www.who.int/data/gho/indicator-metadata-registry/imr-details/1411,PUBLISHED,Published,,2012,2012,,WPR,Western Pacific,,AUS,Australia,,SA_SPIRITS,Spirits,,volunatry/self-regulated,,,,,,
SA_0000001539_ARCHIVED,"Restrictions on sales promotion from producers (parties, events)",https://www.who.int/data/gho/indicator-metadata-registry/imr-details/1411,PUBLISHED,Published,,2012,2012,,AMR,Americas,,BRB,Barbados,,SA_SPIRITS,Spirits,,no restriction,,,,,,
SA_0000001539_ARCHIVED,"Restrictions on sales promotion from producers (parties, events)",https://www.who.int/data/gho/indicator-metadata-registry/imr-details/1411,PUBLISHED,Published,,2012,2012,,AMR,Americas,,BLZ,Belize,,SA_BEER,Beer,,no restriction,,,,,,
SA_0000001539_ARCHIVED,"Restrictions on sales promotion from producers (parties, events)",https://www.who.int/data/gho/indicator-metadata-registry/imr-details/1411,PUBLISHED,Published,,2012,2012,,AMR,Americas,,BRA,Brazil,,SA_BEER,Beer,,no restriction,,,,,,
SA_0000001539_ARCHIVED,"Restrictions on sales promotion from producers (parties, events)",https://www.who.int/data/gho/indicator-metadata-registry/imr-details/1411,PUBLISHED,Published,,2012,2012,,EUR,Europe,,BGR,Bulgaria,,SA_WINE,Wine,,partial restriction,,,,,,
SA_0000001539_ARCHIVED,"Restrictions on sales promotion from producers (parties, events)",https://www.who.int/data/gho/indicator-metadata-registry/imr-details/1411,PUBLISHED,Published,,2012,2012,,EUR,Europe,,CZE,Czechia,,SA_SPIRITS,Spirits,,no restriction,,,,,,
SA_0000001539_ARCHIVED,"Restrictions on sales promotion from producers (parties, events)",https://www.who.int/data/gho/indicator-metadata-registry/imr-details/1411,PUBLISHED,Published,,2012,2012,,AMR,Americas,,SLV,El Salvador,,SA_BEER,Beer,,no restriction,,,,,,
SA_0000001539_ARCHIVED,"Restrictions on sales promotion from producers (parties, events)",https://www.who.int/data/gho/indicator-metadata-registry/imr-details/1411,PUBLISHED,Published,,2012,2012,,AFR,Africa,,ERI,Eritrea,,SA_WINE,Wine,,no restriction,,,,,,
SA_0000001539_ARCHIVED,"Restrictions on sales promotion from producers (parties, events)",https://www.who.int/data/gho/indicator-metadata-registry/imr-details/1411,PUBLISHED,Published,,2012,2012,,AFR,Africa,,GIN,Guinea,,SA_SPIRITS,Spirits,,no restriction,,,,,,
SA_0000001539_ARCHIVED,"Restrictions on sales promotion from producers (parties, events)",https://www.who.int/data/gho/indicator-metadata-registry/imr-details/1411,PUBLISHED,Published,,2012,2012,,EUR,Europe,,ISL,Iceland,,SA_SPIRITS,Spirits,,ban,,,,,,
SA_0000001539_ARCHIVED,"Restrictions on sales promotion from producers (parties, events)",https://www.who.int/data/gho/indicator-metadata-registry/imr-details/1411,PUBLISHED,Published,,2012,2012,,EUR,Europe,,KAZ,Kazakhstan,,SA_WINE,Wine,,no restriction,,,,,,
SA_0000001539_ARCHIVED,"Restrictions on sales promotion from producers (parties, events)",https://www.who.int/data/gho/indicator-metadata-registry/imr-details/1411,PUBLISHED,Published,,2012,2012,,EUR,Europe,,LVA,Latvia,,SA_WINE,Wine,,partial restriction,,,,,,
SA_0000001539_ARCHIVED,"Restrictions on sales promotion from producers (parties, events)",https://www.who.int/data/gho/indicator-metadata-registry/imr-details/1411,PUBLISHED,Published,,2012,2012,,EUR,Europe,,LTU,Lithuania,,SA_BEER,Beer,,partial restriction,,,,,,
SA_0000001539_ARCHIVED,"Restrictions on sales promotion from producers (parties, events)",https://www.who.int/data/gho/indicator-metadata-registry/imr-details/1411,PUBLISHED,Published,,2012,2012,,AFR,Africa,,MLI,Mali,,SA_BEER,Beer,,no restriction,,,,,,
SA_0000001539_ARCHIVED,"Restrictions on sales promotion from producers (parties, events)",https://www.who.int/data/gho/indicator-metadata-registry/imr-details/1411,PUBLISHED,Published,,2012,2012,,WPR,Western Pacific,,FSM,Micronesia (Federated States of),,SA_BEER,Beer,,partial restriction,,,,,,
SA_0000001539_ARCHIVED,"Restrictions on sales promotion from producers (parties, events)",https://www.who.int/data/gho/indicator-metadata-registry/imr-details/1411,PUBLISHED,Published,,2012,2012,,EMR,Eastern Mediterranean,,PAK,Pakistan,,SA_BEER,Beer,,ban,,,,,,
SA_0000001539_ARCHIVED,"Restrictions on sales promotion from producers (parties, events)",https://www.who.int/data/gho/indicator-metadata-registry/imr-details/1411,PUBLISHED,Published,,2012,2012,,WPR,Western Pacific,,PHL,Philippines,,SA_BEER,Beer,,no restriction,,,,,,
SA_0000001539_ARCHIVED,"Restrictions on sales promotion from producers (parties, events)",https://www.who.int/data/gho/indicator-metadata-registry/imr-details/1411,PUBLISHED,Published,,2012,2012,,EUR,Europe,,PRT,Portugal,,SA_WINE,Wine,,partial restriction,,,,,,
SA_0000001539_ARCHIVED,"Restrictions on sales promotion from producers (parties, events)",https://www.who.int/data/gho/indicator-metadata-registry/imr-details/1411,PUBLISHED,Published,,2012,2012,,EUR,Europe,,RUS,Russian Federation,,SA_WINE,Wine,,no restriction,,,,,,
SA_0000001539_ARCHIVED,"Restrictions on sales promotion from producers (parties, events)",https://www.who.int/data/gho/indicator-metadata-registry/imr-details/1411,PUBLISHED,Published,,2012,2012,,AMR,Americas,,KNA,Saint Kitts and Nevis,,SA_SPIRITS,Spirits,,no restriction,,,,,,
SA_0000001539_ARCHIVED,"Restrictions on sales promotion from producers (parties, events)",https://www.who.int/data/gho/indicator-metadata-registry/imr-details/1411,PUBLISHED,Published,,2012,2012,,AFR,Africa,,SYC,Seychelles,,SA_BEER,Beer,,partial restriction,,,,,,
SA_0000001539_ARCHIVED,"Restrictions on sales promotion from producers (parties, events)",https://www.who.int/data/gho/indicator-metadata-registry/imr-details/1411,PUBLISHED,Published,,2012,2012,,AFR,Africa,,ZAF,South Africa,,SA_WINE,Wine,,no restriction,,,,,,
SA_0000001539_ARCHIVED,"Restrictions on sales promotion from producers (parties, events)",https://www.who.int/data/gho/indicator-metadata-registry/imr-details/1411,PUBLISHED,Published,,2012,2012,,SEAR,South-East Asia,,LKA,Sri Lanka,,SA_SPIRITS,Spirits,,ban,,,,,,
SA_0000001539_ARCHIVED,"Restrictions on sales promotion from producers (parties, events)",https://www.who.int/data/gho/indicator-metadata-registry/imr-details/1411,PUBLISHED,Published,,2012,2012,,EUR,Europe,,MKD,Republic of North Macedonia,,SA_BEER,Beer,,ban,,,,,,
SA_0000001539_ARCHIVED,"Restrictions on sales promotion from producers (parties, events)",https://www.who.int/data/gho/indicator-metadata-registry/imr-details/1411,PUBLISHED,Published,,2012,2012,,EMR,Eastern Mediterranean,,TUN,Tunisia,,SA_BEER,Beer,,ban,,,,,,
SA_0000001539_ARCHIVED,"Restrictions on sales promotion from producers (parties, events)",https://www.who.int/data/gho/indicator-metadata-registry/imr-details/1411,PUBLISHED,Published,,2012,2012,,AFR,Africa,,TZA,United Republic of Tanzania,,SA_WINE,Wine,,no restriction,,,,,,
SA_0000001539_ARCHIVED,"Restrictions on sales promotion from producers (parties, events)",https://www.who.int/data/gho/indicator-metadata-registry/imr-details/1411,PUBLISHED,Published,,2012,2012,,WPR,Western Pacific,,VNM,Viet Nam,,SA_WINE,Wine,,no restriction,,,,,,
SA_0000001539_ARCHIVED,"Restrictions on sales promotion from producers (parties, events)",https://www.who.int/data/gho/indicator-metadata-registry/imr-details/1411,PUBLISHED,Published,,2012,2012,,AFR,Africa,,ZMB,Zambia,,SA_SPIRITS,Spirits,,no restriction,,,,,,
SA_0000001539_ARCHIVED,"Restrictions on sales promotion from producers (parties, events)",https://www.who.int/data/gho/indicator-metadata-registry/imr-details/1411,PUBLISHED,Published,,2012,2012,,EMR,Eastern Mediterranean,,LBN,Lebanon,,SA_SPIRITS,Spirits,,,,,,,,missing data
SA_0000001539_ARCHIVED,"Restrictions on sales promotion from producers (parties, events)",https://www.who.int/data/gho/indicator-metadata-registry/imr-details/1411,PUBLISHED,Published,,2012,2012,,EMR,Eastern Mediterranean,,ARE,United Arab Emirates,,SA_BEER,Beer,,,,,,,,missing data
SA_0000001539_ARCHIVED,"Restrictions on sales promotion from producers (parties, events)",https://www.who.int/data/gho/indicator-metadata-registry/imr-details/1411,PUBLISHED,Published,,2012,2012,,AMR,Americas,,ATG,Antigua and Barbuda,,SA_SPIRITS,Spirits,,no restriction,,,,,,
SA_0000001539_ARCHIVED,"Restrictions on sales promotion from producers (parties, events)",https://www.who.int/data/gho/indicator-metadata-registry/imr-details/1411,PUBLISHED,Published,,2012,2012,,EUR,Europe,,AZE,Azerbaijan,,SA_BEER,Beer,,no restriction,,,,,,
SA_0000001539_ARCHIVED,"Restrictions on sales promotion from producers (parties, events)",https://www.who.int/data/gho/indicator-metadata-registry/imr-details/1411,PUBLISHED,Published,,2012,2012,,EUR,Europe,,AZE,Azerbaijan,,SA_SPIRITS,Spirits,,no restriction,,,,,,
SA_0000001539_ARCHIVED,"Restrictions on sales promotion from producers (parties, events)",https://www.who.int/data/gho/indicator-metadata-registry/imr-details/1411,PUBLISHED,Published,,2012,2012,,EUR,Europe,,BLR,Belarus,,SA_SPIRITS,Spirits,,no restriction,,,,,,
SA_0000001539_ARCHIVED,"Restrictions on sales promotion from producers (parties, events)",https://www.who.int/data/gho/indicator-metadata-registry/imr-details/1411,PUBLISHED,Published,,2012,2012,,EUR,Europe,,BIH,Bosnia and Herzegovina,,SA_WINE,Wine,,no restriction,,,,,,
SA_0000001539_ARCHIVED,"Restrictions on sales promotion from producers (parties, events)",https://www.who.int/data/gho/indicator-metadata-registry/imr-details/1411,PUBLISHED,Published,,2012,2012,,AFR,Africa,,BWA,Botswana,,SA_BEER,Beer,,volunatry/self-regulated,,,,,,
SA_0000001539_ARCHIVED,"Restrictions on sales promotion from producers (parties, events)",https://www.who.int/data/gho/indicator-metadata-registry/imr-details/1411,PUBLISHED,Published,,2012,2012,,AFR,Africa,,BDI,Burundi,,SA_BEER,Beer,,no restriction,,,,,,
SA_0000001539_ARCHIVED,"Restrictions on sales promotion from producers (parties, events)",https://www.who.int/data/gho/indicator-metadata-registry/imr-details/1411,PUBLISHED,Published,,2012,2012,,AMR,Americas,,DMA,Dominica,,SA_WINE,Wine,,no restriction,,,,,,
SA_0000001539_ARCHIVED,"Restrictions on sales promotion from producers (parties, events)",https://www.who.int/data/gho/indicator-metadata-registry/imr-details/1411,PUBLISHED,Published,,2012,2012,,EUR,Europe,,FRA,France,,SA_BEER,Beer,,no restriction,,,,,,
SA_0000001539_ARCHIVED,"Restrictions on sales promotion from producers (parties, events)",https://www.who.int/data/gho/indicator-metadata-registry/imr-details/1411,PUBLISHED,Published,,2012,2012,,AMR,Americas,,GUY,Guyana,,SA_WINE,Wine,,no restriction,,,,,,
SA_0000001539_ARCHIVED,"Restrictions on sales promotion from producers (parties, events)",https://www.who.int/data/gho/indicator-metadata-registry/imr-details/1411,PUBLISHED,Published,,2012,2012,,WPR,Western Pacific,,KIR,Kiribati,,SA_WINE,Wine,,no restriction,,,,,,
SA_0000001539_ARCHIVED,"Restrictions on sales promotion from producers (parties, events)",https://www.who.int/data/gho/indicator-metadata-registry/imr-details/1411,PUBLISHED,Published,,2012,2012,,EUR,Europe,,MLT,Malta,,SA_BEER,Beer,,volunatry/self-regulated,,,,,,
SA_0000001539_ARCHIVED,"Restrictions on sales promotion from producers (parties, events)",https://www.who.int/data/gho/indicator-metadata-registry/imr-details/1411,PUBLISHED,Published,,2012,2012,,EUR,Europe,,MCO,Monaco,,SA_WINE,Wine,,no restriction,,,,,,
SA_0000001539_ARCHIVED,"Restrictions on sales promotion from producers (parties, events)",https://www.who.int/data/gho/indicator-metadata-registry/imr-details/1411,PUBLISHED,Published,,2012,2012,,SEAR,South-East Asia,,MMR,Myanmar,,SA_WINE,Wine,,volunatry/self-regulated,,,,,,
SA_0000001539_ARCHIVED,"Restrictions on sales promotion from producers (parties, events)",https://www.who.int/data/gho/indicator-metadata-registry/imr-details/1411,PUBLISHED,Published,,2012,2012,,AMR,Americas,,NIC,Nicaragua,,SA_BEER,Beer,,no restriction,,,,,,
SA_0000001539_ARCHIVED,"Restrictions on sales promotion from producers (parties, events)",https://www.who.int/data/gho/indicator-metadata-registry/imr-details/1411,PUBLISHED,Published,,2012,2012,,EUR,Europe,,NOR,Norway,,SA_SPIRITS,Spirits,,ban,,,,,,
SA_0000001539_ARCHIVED,"Restrictions on sales promotion from producers (parties, events)",https://www.who.int/data/gho/indicator-metadata-registry/imr-details/1411,PUBLISHED,Published,,2012,2012,,AFR,Africa,,RWA,Rwanda,,SA_SPIRITS,Spirits,,no restriction,,,,,,
SA_0000001539_ARCHIVED,"Restrictions on sales promotion from producers (parties, events)",https://www.who.int/data/gho/indicator-metadata-registry/imr-details/1411,PUBLISHED,Published,,2012,2012,,AFR,Africa,,STP,Sao Tome and Principe,,SA_WINE,Wine,,no restriction,,,,,,
SA_0000001539_ARCHIVED,"Restrictions on sales promotion from producers (parties, events)",https://www.who.int/data/gho/indicator-metadata-registry/imr-details/1411,PUBLISHED,Published,,2012,2012,,AFR,Africa,,SLE,Sierra Leone,,SA_WINE,Wine,,no restriction,,,,,,
SA_0000001539_ARCHIVED,"Restrictions on sales promotion from producers (parties, events)",https://www.who.int/data/gho/indicator-metadata-registry/imr-details/1411,PUBLISHED,Published,,2012,2012,,AMR,Americas,,SUR,Suriname,,SA_BEER,Beer,,no restriction,,,,,,
SA_0000001539_ARCHIVED,"Restrictions on sales promotion from producers (parties, events)",https://www.who.int/data/gho/indicator-metadata-registry/imr-details/1411,PUBLISHED,Published,,2012,2012,,AMR,Americas,,SUR,Suriname,,SA_SPIRITS,Spirits,,no restriction,,,,,,
SA_0000001539_ARCHIVED,"Restrictions on sales promotion from producers (parties, events)",https://www.who.int/data/gho/indicator-metadata-registry/imr-details/1411,PUBLISHED,Published,,2012,2012,,EUR,Europe,,TJK,Tajikistan,,SA_SPIRITS,Spirits,,no restriction,,,,,,
SA_0000001539_ARCHIVED,"Restrictions on sales promotion from producers (parties, events)",https://www.who.int/data/gho/indicator-metadata-registry/imr-details/1411,PUBLISHED,Published,,2012,2012,,WPR,Western Pacific,,TON,Tonga,,SA_WINE,Wine,,no restriction,,,,,,
SA_0000001539_ARCHIVED,"Restrictions on sales promotion from producers (parties, events)",https://www.who.int/data/gho/indicator-metadata-registry/imr-details/1411,PUBLISHED,Published,,2012,2012,,AMR,Americas,,TTO,Trinidad and Tobago,,SA_BEER,Beer,,no restriction,,,,,,
SA_0000001539_ARCHIVED,"Restrictions on sales promotion from producers (parties, events)",https://www.who.int/data/gho/indicator-metadata-registry/imr-details/1411,PUBLISHED,Published,,2012,2012,,AFR,Africa,,UGA,Uganda,,SA_SPIRITS,Spirits,,no restriction,,,,,,
SA_0000001539_ARCHIVED,"Restrictions on sales promotion from producers (parties, events)",https://www.who.int/data/gho/indicator-metadata-registry/imr-details/1411,PUBLISHED,Published,,2012,2012,,AMR,Americas,,USA,United States of America,,SA_SPIRITS,Spirits,,volunatry/self-regulated,,,,,,
SA_0000001539_ARCHIVED,"Restrictions on sales promotion from producers (parties, events)",https://www.who.int/data/gho/indicator-metadata-registry/imr-details/1411,PUBLISHED,Published,,2012,2012,,EMR,Eastern Mediterranean,,YEM,Yemen,,SA_WINE,Wine,,ban,,,,,,
SA_0000001539_ARCHIVED,"Restrictions on sales promotion from producers (parties, events)",https://www.who.int/data/gho/indicator-metadata-registry/imr-details/1411,PUBLISHED,Published,,2012,2012,,AFR,Africa,,ZMB,Zambia,,SA_BEER,Beer,,no restriction,,,,,,
SA_0000001539_ARCHIVED,"Restrictions on sales promotion from producers (parties, events)",https://www.who.int/data/gho/indicator-metadata-registry/imr-details/1411,PUBLISHED,Published,,2012,2012,,EMR,Eastern Mediterranean,,KWT,Kuwait,,SA_WINE,Wine,,,,,,,,missing data
SA_0000001539_ARCHIVED,"Restrictions on sales promotion from producers (parties, events)",https://www.who.int/data/gho/indicator-metadata-registry/imr-details/1411,PUBLISHED,Published,,2012,2012,,WPR,Western Pacific,,VUT,Vanuatu,,SA_BEER,Beer,,,,,,,,missing data
SA_0000001539_ARCHIVED,"Restrictions on sales promotion from producers (parties, events)",https://www.who.int/data/gho/indicator-metadata-registry/imr-details/1411,PUBLISHED,Published,,2012,2012,,WPR,Western Pacific,,VUT,Vanuatu,,SA_SPIRITS,Spirits,,,,,,,,missing data
SA_0000001539_ARCHIVED,"Restrictions on sales promotion from producers (parties, events)",https://www.who.int/data/gho/indicator-metadata-registry/imr-details/1411,PUBLISHED,Published,,2012,2012,,EUR,Europe,,ALB,Albania,,SA_BEER,Beer,,no restriction,,,,,,
SA_0000001539_ARCHIVED,"Restrictions on sales promotion from producers (parties, events)",https://www.who.int/data/gho/indicator-metadata-registry/imr-details/1411,PUBLISHED,Published,,2012,2012,,EUR,Europe,,AND,Andorra,,SA_WINE,Wine,,no restriction,,,,,,
SA_0000001539_ARCHIVED,"Restrictions on sales promotion from producers (parties, events)",https://www.who.int/data/gho/indicator-metadata-registry/imr-details/1411,PUBLISHED,Published,,2012,2012,,AMR,Americas,,BHS,Bahamas,,SA_SPIRITS,Spirits,,no restriction,,,,,,
SA_0000001539_ARCHIVED,"Restrictions on sales promotion from producers (parties, events)",https://www.who.int/data/gho/indicator-metadata-registry/imr-details/1411,PUBLISHED,Published,,2012,2012,,EUR,Europe,,BLR,Belarus,,SA_WINE,Wine,,no restriction,,,,,,
SA_0000001539_ARCHIVED,"Restrictions on sales promotion from producers (parties, events)",https://www.who.int/data/gho/indicator-metadata-registry/imr-details/1411,PUBLISHED,Published,,2012,2012,,AMR,Americas,,BLZ,Belize,,SA_SPIRITS,Spirits,,no restriction,,,,,,
SA_0000001539_ARCHIVED,"Restrictions on sales promotion from producers (parties, events)",https://www.who.int/data/gho/indicator-metadata-registry/imr-details/1411,PUBLISHED,Published,,2012,2012,,AFR,Africa,,BFA,Burkina Faso,,SA_BEER,Beer,,no restriction,,,,,,
SA_0000001539_ARCHIVED,"Restrictions on sales promotion from producers (parties, events)",https://www.who.int/data/gho/indicator-metadata-registry/imr-details/1411,PUBLISHED,Published,,2012,2012,,EUR,Europe,,DNK,Denmark,,SA_SPIRITS,Spirits,,partial restriction,,,,,,
SA_0000001539_ARCHIVED,"Restrictions on sales promotion from producers (parties, events)",https://www.who.int/data/gho/indicator-metadata-registry/imr-details/1411,PUBLISHED,Published,,2012,2012,,EUR,Europe,,ISL,Iceland,,SA_BEER,Beer,,ban,,,,,,
SA_0000001539_ARCHIVED,"Restrictions on sales promotion from producers (parties, events)",https://www.who.int/data/gho/indicator-metadata-registry/imr-details/1411,PUBLISHED,Published,,2012,2012,,AFR,Africa,,LSO,Lesotho,,SA_BEER,Beer,,no restriction,,,,,,
SA_0000001539_ARCHIVED,"Restrictions on sales promotion from producers (parties, events)",https://www.who.int/data/gho/indicator-metadata-registry/imr-details/1411,PUBLISHED,Published,,2012,2012,,SEAR,South-East Asia,,MDV,Maldives,,SA_WINE,Wine,,ban,,,,,,
SA_0000001539_ARCHIVED,"Restrictions on sales promotion from producers (parties, events)",https://www.who.int/data/gho/indicator-metadata-registry/imr-details/1411,PUBLISHED,Published,,2012,2012,,AFR,Africa,,MRT,Mauritania,,SA_BEER,Beer,,ban,,,,,,
SA_0000001539_ARCHIVED,"Restrictions on sales promotion from producers (parties, events)",https://www.who.int/data/gho/indicator-metadata-registry/imr-details/1411,PUBLISHED,Published,,2012,2012,,EUR,Europe,,MCO,Monaco,,SA_SPIRITS,Spirits,,no restriction,,,,,,
SA_0000001539_ARCHIVED,"Restrictions on sales promotion from producers (parties, events)",https://www.who.int/data/gho/indicator-metadata-registry/imr-details/1411,PUBLISHED,Published,,2012,2012,,AFR,Africa,,MOZ,Mozambique,,SA_WINE,Wine,,no restriction,,,,,,
SA_0000001539_ARCHIVED,"Restrictions on sales promotion from producers (parties, events)",https://www.who.int/data/gho/indicator-metadata-registry/imr-details/1411,PUBLISHED,Published,,2012,2012,,EUR,Europe,,NLD,Netherlands,,SA_BEER,Beer,,no restriction,,,,,,
SA_0000001539_ARCHIVED,"Restrictions on sales promotion from producers (parties, events)",https://www.who.int/data/gho/indicator-metadata-registry/imr-details/1411,PUBLISHED,Published,,2012,2012,,AFR,Africa,,NER,Niger,,SA_SPIRITS,Spirits,,volunatry/self-regulated,,,,,,
SA_0000001539_ARCHIVED,"Restrictions on sales promotion from producers (parties, events)",https://www.who.int/data/gho/indicator-metadata-registry/imr-details/1411,PUBLISHED,Published,,2012,2012,,EMR,Eastern Mediterranean,,PAK,Pakistan,,SA_SPIRITS,Spirits,,ban,,,,,,
SA_0000001539_ARCHIVED,"Restrictions on sales promotion from producers (parties, events)",https://www.who.int/data/gho/indicator-metadata-registry/imr-details/1411,PUBLISHED,Published,,2012,2012,,AMR,Americas,,PER,Peru,,SA_WINE,Wine,,volunatry/self-regulated,,,,,,
SA_0000001539_ARCHIVED,"Restrictions on sales promotion from producers (parties, events)",https://www.who.int/data/gho/indicator-metadata-registry/imr-details/1411,PUBLISHED,Published,,2012,2012,,WPR,Western Pacific,,KOR,Republic of Korea,,SA_WINE,Wine,,no restriction,,,,,,
SA_0000001539_ARCHIVED,"Restrictions on sales promotion from producers (parties, events)",https://www.who.int/data/gho/indicator-metadata-registry/imr-details/1411,PUBLISHED,Published,,2012,2012,,AMR,Americas,,LCA,Saint Lucia,,SA_WINE,Wine,,no restriction,,,,,,
SA_0000001539_ARCHIVED,"Restrictions on sales promotion from producers (parties, events)",https://www.who.int/data/gho/indicator-metadata-registry/imr-details/1411,PUBLISHED,Published,,2012,2012,,EMR,Eastern Mediterranean,,SDN,Sudan,,SA_WINE,Wine,,ban,,,,,,
SA_0000001539_ARCHIVED,"Restrictions on sales promotion from producers (parties, events)",https://www.who.int/data/gho/indicator-metadata-registry/imr-details/1411,PUBLISHED,Published,,2012,2012,,EUR,Europe,,MKD,Republic of North Macedonia,,SA_SPIRITS,Spirits,,ban,,,,,,
SA_0000001539_ARCHIVED,"Restrictions on sales promotion from producers (parties, events)",https://www.who.int/data/gho/indicator-metadata-registry/imr-details/1411,PUBLISHED,Published,,2012,2012,,EMR,Eastern Mediterranean,,TUN,Tunisia,,SA_SPIRITS,Spirits,,ban,,,,,,
SA_0000001539_ARCHIVED,"Restrictions on sales promotion from producers (parties, events)",https://www.who.int/data/gho/indicator-metadata-registry/imr-details/1411,PUBLISHED,Published,,2012,2012,,WPR,Western Pacific,,TUV,Tuvalu,,SA_BEER,Beer,,no restriction,,,,,,
SA_0000001539_ARCHIVED,"Restrictions on sales promotion from producers (parties, events)",https://www.who.int/data/gho/indicator-metadata-registry/imr-details/1411,PUBLISHED,Published,,2012,2012,,AMR,Americas,,USA,United States of America,,SA_BEER,Beer,,volunatry/self-regulated,,,,,,
SA_0000001539_ARCHIVED,"Restrictions on sales promotion from producers (parties, events)",https://www.who.int/data/gho/indicator-metadata-registry/imr-details/1411,PUBLISHED,Published,,2012,2012,,AMR,Americas,,VEN,Venezuela (Bolivarian Republic of),,SA_SPIRITS,Spirits,,no restriction,,,,,,
SA_0000001539_ARCHIVED,"Restrictions on sales promotion from producers (parties, events)",https://www.who.int/data/gho/indicator-metadata-registry/imr-details/1411,PUBLISHED,Published,,2012,2012,,AFR,Africa,,ZWE,Zimbabwe,,SA_WINE,Wine,,no restriction,,,,,,
SA_0000001539_ARCHIVED,"Restrictions on sales promotion from producers (parties, events)",https://www.who.int/data/gho/indicator-metadata-registry/imr-details/1411,PUBLISHED,Published,,2012,2012,,EMR,Eastern Mediterranean,,MAR,Morocco,,SA_SPIRITS,Spirits,,,,,,,,missing data
SA_0000001539_ARCHIVED,"Restrictions on sales promotion from producers (parties, events)",https://www.who.int/data/gho/indicator-metadata-registry/imr-details/1411,PUBLISHED,Published,,2012,2012,,WPR,Western Pacific,,WSM,Samoa,,SA_BEER,Beer,,,,,,,,missing data
SA_0000001539_ARCHIVED,"Restrictions on sales promotion from producers (parties, events)",https://www.who.int/data/gho/indicator-metadata-registry/imr-details/1411,PUBLISHED,Published,,2012,2012,,EMR,Eastern Mediterranean,,SOM,Somalia,,SA_WINE,Wine,,,,,,,,missing data
SA_0000001539_ARCHIVED,"Restrictions on sales promotion from producers (parties, events)",https://www.who.int/data/gho/indicator-metadata-registry/imr-details/1411,PUBLISHED,Published,,2012,2012,,EMR,Eastern Mediterranean,,AFG,Afghanistan,,SA_SPIRITS,Spirits,,ban,,,,,,
SA_0000001539_ARCHIVED,"Restrictions on sales promotion from producers (parties, events)",https://www.who.int/data/gho/indicator-metadata-registry/imr-details/1411,PUBLISHED,Published,,2012,2012,,EUR,Europe,,ALB,Albania,,SA_WINE,Wine,,no restriction,,,,,,
SA_0000001539_ARCHIVED,"Restrictions on sales promotion from producers (parties, events)",https://www.who.int/data/gho/indicator-metadata-registry/imr-details/1411,PUBLISHED,Published,,2012,2012,,EUR,Europe,,AND,Andorra,,SA_SPIRITS,Spirits,,no restriction,,,,,,
SA_0000001539_ARCHIVED,"Restrictions on sales promotion from producers (parties, events)",https://www.who.int/data/gho/indicator-metadata-registry/imr-details/1411,PUBLISHED,Published,,2012,2012,,AFR,Africa,,AGO,Angola,,SA_WINE,Wine,,no restriction,,,,,,
SA_0000001539_ARCHIVED,"Restrictions on sales promotion from producers (parties, events)",https://www.who.int/data/gho/indicator-metadata-registry/imr-details/1411,PUBLISHED,Published,,2012,2012,,AMR,Americas,,BRB,Barbados,,SA_WINE,Wine,,no restriction,,,,,,
SA_0000001539_ARCHIVED,"Restrictions on sales promotion from producers (parties, events)",https://www.who.int/data/gho/indicator-metadata-registry/imr-details/1411,PUBLISHED,Published,,2012,2012,,EUR,Europe,,BLR,Belarus,,SA_BEER,Beer,,no restriction,,,,,,
SA_0000001539_ARCHIVED,"Restrictions on sales promotion from producers (parties, events)",https://www.who.int/data/gho/indicator-metadata-registry/imr-details/1411,PUBLISHED,Published,,2012,2012,,AFR,Africa,,BWA,Botswana,,SA_SPIRITS,Spirits,,volunatry/self-regulated,,,,,,
SA_0000001539_ARCHIVED,"Restrictions on sales promotion from producers (parties, events)",https://www.who.int/data/gho/indicator-metadata-registry/imr-details/1411,PUBLISHED,Published,,2012,2012,,AMR,Americas,,BRA,Brazil,,SA_WINE,Wine,,no restriction,,,,,,
SA_0000001539_ARCHIVED,"Restrictions on sales promotion from producers (parties, events)",https://www.who.int/data/gho/indicator-metadata-registry/imr-details/1411,PUBLISHED,Published,,2012,2012,,EUR,Europe,,BGR,Bulgaria,,SA_SPIRITS,Spirits,,partial restriction,,,,,,
SA_0000001539_ARCHIVED,"Restrictions on sales promotion from producers (parties, events)",https://www.who.int/data/gho/indicator-metadata-registry/imr-details/1411,PUBLISHED,Published,,2012,2012,,AFR,Africa,,BFA,Burkina Faso,,SA_WINE,Wine,,no restriction,,,,,,
SA_0000001539_ARCHIVED,"Restrictions on sales promotion from producers (parties, events)",https://www.who.int/data/gho/indicator-metadata-registry/imr-details/1411,PUBLISHED,Published,,2012,2012,,EUR,Europe,,CZE,Czechia,,SA_WINE,Wine,,no restriction,,,,,,
SA_0000001539_ARCHIVED,"Restrictions on sales promotion from producers (parties, events)",https://www.who.int/data/gho/indicator-metadata-registry/imr-details/1411,PUBLISHED,Published,,2012,2012,,EUR,Europe,,DNK,Denmark,,SA_WINE,Wine,,partial restriction,,,,,,
SA_0000001539_ARCHIVED,"Restrictions on sales promotion from producers (parties, events)",https://www.who.int/data/gho/indicator-metadata-registry/imr-details/1411,PUBLISHED,Published,,2012,2012,,AFR,Africa,,ERI,Eritrea,,SA_SPIRITS,Spirits,,no restriction,,,,,,
SA_0000001539_ARCHIVED,"Restrictions on sales promotion from producers (parties, events)",https://www.who.int/data/gho/indicator-metadata-registry/imr-details/1411,PUBLISHED,Published,,2012,2012,,EUR,Europe,,GRC,Greece,,SA_WINE,Wine,,no restriction,,,,,,
SA_0000001539_ARCHIVED,"Restrictions on sales promotion from producers (parties, events)",https://www.who.int/data/gho/indicator-metadata-registry/imr-details/1411,PUBLISHED,Published,,2012,2012,,AMR,Americas,,GRD,Grenada,,SA_BEER,Beer,,no restriction,,,,,,
SA_0000001539_ARCHIVED,"Restrictions on sales promotion from producers (parties, events)",https://www.who.int/data/gho/indicator-metadata-registry/imr-details/1411,PUBLISHED,Published,,2012,2012,,EUR,Europe,,IRL,Ireland,,SA_BEER,Beer,,partial restriction,,,,,,
SA_0000001539_ARCHIVED,"Restrictions on sales promotion from producers (parties, events)",https://www.who.int/data/gho/indicator-metadata-registry/imr-details/1411,PUBLISHED,Published,,2012,2012,,EUR,Europe,,IRL,Ireland,,SA_SPIRITS,Spirits,,partial restriction,,,,,,
SA_0000001539_ARCHIVED,"Restrictions on sales promotion from producers (parties, events)",https://www.who.int/data/gho/indicator-metadata-registry/imr-details/1411,PUBLISHED,Published,,2012,2012,,EUR,Europe,,ISR,Israel,,SA_WINE,Wine,,ban,,,,,,
SA_0000001539_ARCHIVED,"Restrictions on sales promotion from producers (parties, events)",https://www.who.int/data/gho/indicator-metadata-registry/imr-details/1411,PUBLISHED,Published,,2012,2012,,AFR,Africa,,MDG,Madagascar,,SA_SPIRITS,Spirits,,no restriction,,,,,,
SA_0000001539_ARCHIVED,"Restrictions on sales promotion from producers (parties, events)",https://www.who.int/data/gho/indicator-metadata-registry/imr-details/1411,PUBLISHED,Published,,2012,2012,,SEAR,South-East Asia,,MDV,Maldives,,SA_SPIRITS,Spirits,,ban,,,,,,
SA_0000001539_ARCHIVED,"Restrictions on sales promotion from producers (parties, events)",https://www.who.int/data/gho/indicator-metadata-registry/imr-details/1411,PUBLISHED,Published,,2012,2012,,WPR,Western Pacific,,MNG,Mongolia,,SA_BEER,Beer,,ban,,,,,,
SA_0000001539_ARCHIVED,"Restrictions on sales promotion from producers (parties, events)",https://www.who.int/data/gho/indicator-metadata-registry/imr-details/1411,PUBLISHED,Published,,2012,2012,,AFR,Africa,,MOZ,Mozambique,,SA_SPIRITS,Spirits,,no restriction,,,,,,
SA_0000001539_ARCHIVED,"Restrictions on sales promotion from producers (parties, events)",https://www.who.int/data/gho/indicator-metadata-registry/imr-details/1411,PUBLISHED,Published,,2012,2012,,AFR,Africa,,NER,Niger,,SA_WINE,Wine,,volunatry/self-regulated,,,,,,
SA_0000001539_ARCHIVED,"Restrictions on sales promotion from producers (parties, events)",https://www.who.int/data/gho/indicator-metadata-registry/imr-details/1411,PUBLISHED,Published,,2012,2012,,AMR,Americas,,PER,Peru,,SA_SPIRITS,Spirits,,volunatry/self-regulated,,,,,,
SA_0000001539_ARCHIVED,"Restrictions on sales promotion from producers (parties, events)",https://www.who.int/data/gho/indicator-metadata-registry/imr-details/1411,PUBLISHED,Published,,2012,2012,,EUR,Europe,,PRT,Portugal,,SA_BEER,Beer,,partial restriction,,,,,,
SA_0000001539_ARCHIVED,"Restrictions on sales promotion from producers (parties, events)",https://www.who.int/data/gho/indicator-metadata-registry/imr-details/1411,PUBLISHED,Published,,2012,2012,,EUR,Europe,,PRT,Portugal,,SA_SPIRITS,Spirits,,partial restriction,,,,,,
SA_0000001539_ARCHIVED,"Restrictions on sales promotion from producers (parties, events)",https://www.who.int/data/gho/indicator-metadata-registry/imr-details/1411,PUBLISHED,Published,,2012,2012,,AMR,Americas,,LCA,Saint Lucia,,SA_BEER,Beer,,no restriction,,,,,,
SA_0000001539_ARCHIVED,"Restrictions on sales promotion from producers (parties, events)",https://www.who.int/data/gho/indicator-metadata-registry/imr-details/1411,PUBLISHED,Published,,2012,2012,,EUR,Europe,,SMR,San Marino,,SA_BEER,Beer,,no restriction,,,,,,
SA_0000001539_ARCHIVED,"Restrictions on sales promotion from producers (parties, events)",https://www.who.int/data/gho/indicator-metadata-registry/imr-details/1411,PUBLISHED,Published,,2012,2012,,WPR,Western Pacific,,SGP,Singapore,,SA_SPIRITS,Spirits,,no restriction,,,,,,
SA_0000001539_ARCHIVED,"Restrictions on sales promotion from producers (parties, events)",https://www.who.int/data/gho/indicator-metadata-registry/imr-details/1411,PUBLISHED,Published,,2012,2012,,AFR,Africa,,SWZ,Eswatini,,SA_WINE,Wine,,no restriction,,,,,,
SA_0000001539_ARCHIVED,"Restrictions on sales promotion from producers (parties, events)",https://www.who.int/data/gho/indicator-metadata-registry/imr-details/1411,PUBLISHED,Published,,2012,2012,,EUR,Europe,,SWE,Sweden,,SA_BEER,Beer,,ban,,,,,,
SA_0000001539_ARCHIVED,"Restrictions on sales promotion from producers (parties, events)",https://www.who.int/data/gho/indicator-metadata-registry/imr-details/1411,PUBLISHED,Published,,2012,2012,,EUR,Europe,,SWE,Sweden,,SA_SPIRITS,Spirits,,ban,,,,,,
SA_0000001539_ARCHIVED,"Restrictions on sales promotion from producers (parties, events)",https://www.who.int/data/gho/indicator-metadata-registry/imr-details/1411,PUBLISHED,Published,,2012,2012,,EMR,Eastern Mediterranean,,SYR,Syrian Arab Republic,,SA_WINE,Wine,,no restriction,,,,,,
SA_0000001539_ARCHIVED,"Restrictions on sales promotion from producers (parties, events)",https://www.who.int/data/gho/indicator-metadata-registry/imr-details/1411,PUBLISHED,Published,,2012,2012,,EUR,Europe,,TJK,Tajikistan,,SA_BEER,Beer,,no restriction,,,,,,
SA_0000001539_ARCHIVED,"Restrictions on sales promotion from producers (parties, events)",https://www.who.int/data/gho/indicator-metadata-registry/imr-details/1411,PUBLISHED,Published,,2012,2012,,AMR,Americas,,TTO,Trinidad and Tobago,,SA_SPIRITS,Spirits,,no restriction,,,,,,
SA_0000001539_ARCHIVED,"Restrictions on sales promotion from producers (parties, events)",https://www.who.int/data/gho/indicator-metadata-registry/imr-details/1411,PUBLISHED,Published,,2012,2012,,EMR,Eastern Mediterranean,,TUN,Tunisia,,SA_WINE,Wine,,ban,,,,,,
SA_0000001539_ARCHIVED,"Restrictions on sales promotion from producers (parties, events)",https://www.who.int/data/gho/indicator-metadata-registry/imr-details/1411,PUBLISHED,Published,,2012,2012,,EUR,Europe,,TKM,Turkmenistan,,SA_SPIRITS,Spirits,,ban,,,,,,
SA_0000001539_ARCHIVED,"Restrictions on sales promotion from producers (parties, events)",https://www.who.int/data/gho/indicator-metadata-registry/imr-details/1411,PUBLISHED,Published,,2012,2012,,WPR,Western Pacific,,TUV,Tuvalu,,SA_WINE,Wine,,no restriction,,,,,,
SA_0000001539_ARCHIVED,"Restrictions on sales promotion from producers (parties, events)",https://www.who.int/data/gho/indicator-metadata-registry/imr-details/1411,PUBLISHED,Published,,2012,2012,,EUR,Europe,,UZB,Uzbekistan,,SA_BEER,Beer,,ban,,,,,,
SA_0000001539_ARCHIVED,"Restrictions on sales promotion from producers (parties, events)",https://www.who.int/data/gho/indicator-metadata-registry/imr-details/1411,PUBLISHED,Published,,2012,2012,,EUR,Europe,,UZB,Uzbekistan,,SA_SPIRITS,Spirits,,ban,,,,,,
SA_0000001539_ARCHIVED,"Restrictions on sales promotion from producers (parties, events)",https://www.who.int/data/gho/indicator-metadata-registry/imr-details/1411,PUBLISHED,Published,,2012,2012,,WPR,Western Pacific,,VNM,Viet Nam,,SA_BEER,Beer,,no restriction,,,,,,
SA_0000001539_ARCHIVED,"Restrictions on sales promotion from producers (parties, events)",https://www.who.int/data/gho/indicator-metadata-registry/imr-details/1411,PUBLISHED,Published,,2012,2012,,WPR,Western Pacific,,VNM,Viet Nam,,SA_SPIRITS,Spirits,,no restriction,,,,,,
SA_0000001539_ARCHIVED,"Restrictions on sales promotion from producers (parties, events)",https://www.who.int/data/gho/indicator-metadata-registry/imr-details/1411,PUBLISHED,Published,,2012,2012,,EMR,Eastern Mediterranean,,SOM,Somalia,,SA_SPIRITS,Spirits,,,,,,,,missing data
SA_0000001539_ARCHIVED,"Restrictions on sales promotion from producers (parties, events)",https://www.who.int/data/gho/indicator-metadata-registry/imr-details/1411,PUBLISHED,Published,,2012,2012,,AMR,Americas,,ARG,Argentina,,SA_BEER,Beer,,no restriction,,,,,,
SA_0000001539_ARCHIVED,"Restrictions on sales promotion from producers (parties, events)",https://www.who.int/data/gho/indicator-metadata-registry/imr-details/1411,PUBLISHED,Published,,2012,2012,,AMR,Americas,,ARG,Argentina,,SA_SPIRITS,Spirits,,no restriction,,,,,,
SA_0000001539_ARCHIVED,"Restrictions on sales promotion from producers (parties, events)",https://www.who.int/data/gho/indicator-metadata-registry/imr-details/1411,PUBLISHED,Published,,2012,2012,,EUR,Europe,,AUT,Austria,,SA_BEER,Beer,,no restriction,,,,,,
SA_0000001539_ARCHIVED,"Restrictions on sales promotion from producers (parties, events)",https://www.who.int/data/gho/indicator-metadata-registry/imr-details/1411,PUBLISHED,Published,,2012,2012,,EUR,Europe,,AUT,Austria,,SA_SPIRITS,Spirits,,no restriction,,,,,,
SA_0000001539_ARCHIVED,"Restrictions on sales promotion from producers (parties, events)",https://www.who.int/data/gho/indicator-metadata-registry/imr-details/1411,PUBLISHED,Published,,2012,2012,,AFR,Africa,,BEN,Benin,,SA_BEER,Beer,,no restriction,,,,,,
SA_0000001539_ARCHIVED,"Restrictions on sales promotion from producers (parties, events)",https://www.who.int/data/gho/indicator-metadata-registry/imr-details/1411,PUBLISHED,Published,,2012,2012,,AMR,Americas,,BOL,Bolivia (Plurinational State of),,SA_WINE,Wine,,no restriction,,,,,,
SA_0000001539_ARCHIVED,"Restrictions on sales promotion from producers (parties, events)",https://www.who.int/data/gho/indicator-metadata-registry/imr-details/1411,PUBLISHED,Published,,2012,2012,,EUR,Europe,,BIH,Bosnia and Herzegovina,,SA_BEER,Beer,,no restriction,,,,,,
SA_0000001539_ARCHIVED,"Restrictions on sales promotion from producers (parties, events)",https://www.who.int/data/gho/indicator-metadata-registry/imr-details/1411,PUBLISHED,Published,,2012,2012,,AMR,Americas,,SLV,El Salvador,,SA_WINE,Wine,,no restriction,,,,,,
SA_0000001539_ARCHIVED,"Restrictions on sales promotion from producers (parties, events)",https://www.who.int/data/gho/indicator-metadata-registry/imr-details/1411,PUBLISHED,Published,,2012,2012,,EUR,Europe,,DEU,Germany,,SA_BEER,Beer,,volunatry/self-regulated,,,,,,
SA_0000001539_ARCHIVED,"Restrictions on sales promotion from producers (parties, events)",https://www.who.int/data/gho/indicator-metadata-registry/imr-details/1411,PUBLISHED,Published,,2012,2012,,AMR,Americas,,GUY,Guyana,,SA_SPIRITS,Spirits,,no restriction,,,,,,
SA_0000001539_ARCHIVED,"Restrictions on sales promotion from producers (parties, events)",https://www.who.int/data/gho/indicator-metadata-registry/imr-details/1411,PUBLISHED,Published,,2012,2012,,EUR,Europe,,HUN,Hungary,,SA_SPIRITS,Spirits,,volunatry/self-regulated,,,,,,
SA_0000001539_ARCHIVED,"Restrictions on sales promotion from producers (parties, events)",https://www.who.int/data/gho/indicator-metadata-registry/imr-details/1411,PUBLISHED,Published,,2012,2012,,AMR,Americas,,JAM,Jamaica,,SA_SPIRITS,Spirits,,no restriction,,,,,,
SA_0000001539_ARCHIVED,"Restrictions on sales promotion from producers (parties, events)",https://www.who.int/data/gho/indicator-metadata-registry/imr-details/1411,PUBLISHED,Published,,2012,2012,,EUR,Europe,,KAZ,Kazakhstan,,SA_BEER,Beer,,no restriction,,,,,,
SA_0000001539_ARCHIVED,"Restrictions on sales promotion from producers (parties, events)",https://www.who.int/data/gho/indicator-metadata-registry/imr-details/1411,PUBLISHED,Published,,2012,2012,,AFR,Africa,,LBR,Liberia,,SA_BEER,Beer,,no restriction,,,,,,
SA_0000001539_ARCHIVED,"Restrictions on sales promotion from producers (parties, events)",https://www.who.int/data/gho/indicator-metadata-registry/imr-details/1411,PUBLISHED,Published,,2012,2012,,EUR,Europe,,LTU,Lithuania,,SA_WINE,Wine,,partial restriction,,,,,,
SA_0000001539_ARCHIVED,"Restrictions on sales promotion from producers (parties, events)",https://www.who.int/data/gho/indicator-metadata-registry/imr-details/1411,PUBLISHED,Published,,2012,2012,,EUR,Europe,,LUX,Luxembourg,,SA_BEER,Beer,,no restriction,,,,,,
SA_0000001539_ARCHIVED,"Restrictions on sales promotion from producers (parties, events)",https://www.who.int/data/gho/indicator-metadata-registry/imr-details/1411,PUBLISHED,Published,,2012,2012,,AMR,Americas,,MEX,Mexico,,SA_BEER,Beer,,partial restriction,,,,,,
SA_0000001539_ARCHIVED,"Restrictions on sales promotion from producers (parties, events)",https://www.who.int/data/gho/indicator-metadata-registry/imr-details/1411,PUBLISHED,Published,,2012,2012,,AFR,Africa,,NAM,Namibia,,SA_WINE,Wine,,no restriction,,,,,,
SA_0000001539_ARCHIVED,"Restrictions on sales promotion from producers (parties, events)",https://www.who.int/data/gho/indicator-metadata-registry/imr-details/1411,PUBLISHED,Published,,2012,2012,,WPR,Western Pacific,,KOR,Republic of Korea,,SA_BEER,Beer,,no restriction,,,,,,
SA_0000001539_ARCHIVED,"Restrictions on sales promotion from producers (parties, events)",https://www.who.int/data/gho/indicator-metadata-registry/imr-details/1411,PUBLISHED,Published,,2012,2012,,WPR,Western Pacific,,KOR,Republic of Korea,,SA_SPIRITS,Spirits,,no restriction,,,,,,
SA_0000001539_ARCHIVED,"Restrictions on sales promotion from producers (parties, events)",https://www.who.int/data/gho/indicator-metadata-registry/imr-details/1411,PUBLISHED,Published,,2012,2012,,EUR,Europe,,ROU,Romania,,SA_WINE,Wine,,no restriction,,,,,,
SA_0000001539_ARCHIVED,"Restrictions on sales promotion from producers (parties, events)",https://www.who.int/data/gho/indicator-metadata-registry/imr-details/1411,PUBLISHED,Published,,2012,2012,,EUR,Europe,,RUS,Russian Federation,,SA_BEER,Beer,,no restriction,,,,,,
SA_0000001539_ARCHIVED,"Restrictions on sales promotion from producers (parties, events)",https://www.who.int/data/gho/indicator-metadata-registry/imr-details/1411,PUBLISHED,Published,,2012,2012,,AFR,Africa,,STP,Sao Tome and Principe,,SA_SPIRITS,Spirits,,no restriction,,,,,,
SA_0000001539_ARCHIVED,"Restrictions on sales promotion from producers (parties, events)",https://www.who.int/data/gho/indicator-metadata-registry/imr-details/1411,PUBLISHED,Published,,2012,2012,,AFR,Africa,,SEN,Senegal,,SA_BEER,Beer,,ban,,,,,,
SA_0000001539_ARCHIVED,"Restrictions on sales promotion from producers (parties, events)",https://www.who.int/data/gho/indicator-metadata-registry/imr-details/1411,PUBLISHED,Published,,2012,2012,,EUR,Europe,,SRB,Serbia,,SA_SPIRITS,Spirits,,ban,,,,,,
SA_0000001539_ARCHIVED,"Restrictions on sales promotion from producers (parties, events)",https://www.who.int/data/gho/indicator-metadata-registry/imr-details/1411,PUBLISHED,Published,,2012,2012,,AFR,Africa,,SYC,Seychelles,,SA_WINE,Wine,,partial restriction,,,,,,
SA_0000001539_ARCHIVED,"Restrictions on sales promotion from producers (parties, events)",https://www.who.int/data/gho/indicator-metadata-registry/imr-details/1411,PUBLISHED,Published,,2012,2012,,AFR,Africa,,ZAF,South Africa,,SA_SPIRITS,Spirits,,no restriction,,,,,,
SA_0000001539_ARCHIVED,"Restrictions on sales promotion from producers (parties, events)",https://www.who.int/data/gho/indicator-metadata-registry/imr-details/1411,PUBLISHED,Published,,2012,2012,,EMR,Eastern Mediterranean,,SDN,Sudan,,SA_SPIRITS,Spirits,,ban,,,,,,
SA_0000001539_ARCHIVED,"Restrictions on sales promotion from producers (parties, events)",https://www.who.int/data/gho/indicator-metadata-registry/imr-details/1411,PUBLISHED,Published,,2012,2012,,EUR,Europe,,MKD,Republic of North Macedonia,,SA_WINE,Wine,,ban,,,,,,
SA_0000001539_ARCHIVED,"Restrictions on sales promotion from producers (parties, events)",https://www.who.int/data/gho/indicator-metadata-registry/imr-details/1411,PUBLISHED,Published,,2012,2012,,SEAR,South-East Asia,,TLS,Timor-Leste,,SA_BEER,Beer,,no restriction,,,,,,
SA_0000001539_ARCHIVED,"Restrictions on sales promotion from producers (parties, events)",https://www.who.int/data/gho/indicator-metadata-registry/imr-details/1411,PUBLISHED,Published,,2012,2012,,WPR,Western Pacific,,TON,Tonga,,SA_BEER,Beer,,no restriction,,,,,,
SA_0000001539_ARCHIVED,"Restrictions on sales promotion from producers (parties, events)",https://www.who.int/data/gho/indicator-metadata-registry/imr-details/1411,PUBLISHED,Published,,2012,2012,,EUR,Europe,,UKR,Ukraine,,SA_SPIRITS,Spirits,,partial restriction,,,,,,
SA_0000001539_ARCHIVED,"Restrictions on sales promotion from producers (parties, events)",https://www.who.int/data/gho/indicator-metadata-registry/imr-details/1411,PUBLISHED,Published,,2012,2012,,AFR,Africa,,TZA,United Republic of Tanzania,,SA_SPIRITS,Spirits,,no restriction,,,,,,
SA_0000001539_ARCHIVED,"Restrictions on sales promotion from producers (parties, events)",https://www.who.int/data/gho/indicator-metadata-registry/imr-details/1411,PUBLISHED,Published,,2012,2012,,AFR,Africa,,ZMB,Zambia,,SA_WINE,Wine,,no restriction,,,,,,
SA_0000001539_ARCHIVED,"Restrictions on sales promotion from producers (parties, events)",https://www.who.int/data/gho/indicator-metadata-registry/imr-details/1411,PUBLISHED,Published,,2012,2012,,WPR,Western Pacific,,MHL,Marshall Islands,,SA_SPIRITS,Spirits,,,,,,,,missing data
