GHO (CODE),GHO (DISPLAY),GHO (URL),PUBLISHSTATE (CODE),PUBLISHSTATE (DISPLAY),PUBLISHSTATE (URL),YEAR (CODE),YEAR (DISPLAY),YEAR (URL),REGION (CODE),REGION (DISPLAY),REGION (URL),Display Value,Numeric,Low,High,StdErr,StdDev,Comments
SA_0000001744,"Alcohol, regional prevalence of alcohol dependence (%)",https://www.who.int/data/gho/indicator-metadata-registry/imr-details/1389,PUBLISHED,Published,,2016,2016,,EMR,Eastern Mediterranean,,0.4,,,,,,
SA_0000001744,"Alcohol, regional prevalence of alcohol dependence (%)",https://www.who.int/data/gho/indicator-metadata-registry/imr-details/1389,PUBLISHED,Published,,2016,2016,,SEAR,South-East Asia,,2.9,,,,,,
SA_0000001744,"Alcohol, regional prevalence of alcohol dependence (%)",https://www.who.int/data/gho/indicator-metadata-registry/imr-details/1389,PUBLISHED,Published,,2016,2016,,GLOBAL,Global,,2.6,,,,,,
SA_0000001744,"Alcohol, regional prevalence of alcohol dependence (%)",https://www.who.int/data/gho/indicator-metadata-registry/imr-details/1389,PUBLISHED,Published,,2016,2016,,EUR,Europe,,3.7,,,,,,
SA_0000001744,"Alcohol, regional prevalence of alcohol dependence (%)",https://www.who.int/data/gho/indicator-metadata-registry/imr-details/1389,PUBLISHED,Published,,2016,2016,,WPR,Western Pacific,,2.3,,,,,,
SA_0000001744,"Alcohol, regional prevalence of alcohol dependence (%)",https://www.who.int/data/gho/indicator-metadata-registry/imr-details/1389,PUBLISHED,Published,,2016,2016,,AFR,Africa,,1.3,,,,,,
SA_0000001744,"Alcohol, regional prevalence of alcohol dependence (%)",https://www.who.int/data/gho/indicator-metadata-registry/imr-details/1389,PUBLISHED,Published,,2016,2016,,AMR,Americas,,4.1,,,,,,
