GHO (CODE),GHO (DISPLAY),GHO (URL),PUBLISHSTATE (CODE),PUBLISHSTATE (DISPLAY),PUBLISHSTATE (URL),YEAR (CODE),YEAR (DISPLAY),YEAR (URL),REGION (CODE),REGION (DISPLAY),REGION (URL),COUNTRY (CODE),COUNTRY (DISPLAY),COUNTRY (URL),SEX (CODE),SEX (DISPLAY),SEX (URL),Display Value,Numeric,Low,High,StdErr,StdDev,Comments
SA_0000001807,"Cancer, age-standardized death rates (15+), per 100,000 population",https://www.who.int/data/gho/indicator-metadata-registry/imr-details/1413,PUBLISHED,Published,,2016,2016,,AFR,Africa,,ZAF,South Africa,,FMLE,Female,,143.8,,,,,,
SA_0000001807,"Cancer, age-standardized death rates (15+), per 100,000 population",https://www.who.int/data/gho/indicator-metadata-registry/imr-details/1413,PUBLISHED,Published,,2016,2016,,AFR,Africa,,ZWE,Zimbabwe,,FMLE,Female,,146.8,,,,,,
SA_0000001807,"Cancer, age-standardized death rates (15+), per 100,000 population",https://www.who.int/data/gho/indicator-metadata-registry/imr-details/1413,PUBLISHED,Published,,2016,2016,,AFR,Africa,,AGO,Angola,,MLE,Male,,112.5,,,,,,
SA_0000001807,"Cancer, age-standardized death rates (15+), per 100,000 population",https://www.who.int/data/gho/indicator-metadata-registry/imr-details/1413,PUBLISHED,Published,,2016,2016,,AFR,Africa,,CAF,Central African Republic,,MLE,Male,,141.4,,,,,,
SA_0000001807,"Cancer, age-standardized death rates (15+), per 100,000 population",https://www.who.int/data/gho/indicator-metadata-registry/imr-details/1413,PUBLISHED,Published,,2016,2016,,AFR,Africa,,ERI,Eritrea,,MLE,Male,,109.3,,,,,,
SA_0000001807,"Cancer, age-standardized death rates (15+), per 100,000 population",https://www.who.int/data/gho/indicator-metadata-registry/imr-details/1413,PUBLISHED,Published,,2016,2016,,AFR,Africa,,MWI,Malawi,,MLE,Male,,238.7,,,,,,
SA_0000001807,"Cancer, age-standardized death rates (15+), per 100,000 population",https://www.who.int/data/gho/indicator-metadata-registry/imr-details/1413,PUBLISHED,Published,,2016,2016,,AFR,Africa,,NGA,Nigeria,,MLE,Male,,146.3,,,,,,
SA_0000001807,"Cancer, age-standardized death rates (15+), per 100,000 population",https://www.who.int/data/gho/indicator-metadata-registry/imr-details/1413,PUBLISHED,Published,,2016,2016,,AFR,Africa,,SSD,South Sudan,,MLE,Male,,190.1,,,,,,
SA_0000001807,"Cancer, age-standardized death rates (15+), per 100,000 population",https://www.who.int/data/gho/indicator-metadata-registry/imr-details/1413,PUBLISHED,Published,,2016,2016,,AFR,Africa,,CMR,Cameroon,,FMLE,Female,,116.7,,,,,,
SA_0000001807,"Cancer, age-standardized death rates (15+), per 100,000 population",https://www.who.int/data/gho/indicator-metadata-registry/imr-details/1413,PUBLISHED,Published,,2016,2016,,AFR,Africa,,GNQ,Equatorial Guinea,,FMLE,Female,,105.9,,,,,,
SA_0000001807,"Cancer, age-standardized death rates (15+), per 100,000 population",https://www.who.int/data/gho/indicator-metadata-registry/imr-details/1413,PUBLISHED,Published,,2016,2016,,AFR,Africa,,GNB,Guinea-Bissau,,FMLE,Female,,116.4,,,,,,
SA_0000001807,"Cancer, age-standardized death rates (15+), per 100,000 population",https://www.who.int/data/gho/indicator-metadata-registry/imr-details/1413,PUBLISHED,Published,,2016,2016,,AFR,Africa,,NER,Niger,,FMLE,Female,,77.5,,,,,,
SA_0000001807,"Cancer, age-standardized death rates (15+), per 100,000 population",https://www.who.int/data/gho/indicator-metadata-registry/imr-details/1413,PUBLISHED,Published,,2016,2016,,AFR,Africa,,ZMB,Zambia,,MLE,Male,,178.5,,,,,,
SA_0000001807,"Cancer, age-standardized death rates (15+), per 100,000 population",https://www.who.int/data/gho/indicator-metadata-registry/imr-details/1413,PUBLISHED,Published,,2016,2016,,AFR,Africa,,MOZ,Mozambique,,MLE,Male,,210.5,,,,,,
SA_0000001807,"Cancer, age-standardized death rates (15+), per 100,000 population",https://www.who.int/data/gho/indicator-metadata-registry/imr-details/1413,PUBLISHED,Published,,2016,2016,,AFR,Africa,,MRT,Mauritania,,MLE,Male,,99.5,,,,,,
SA_0000001807,"Cancer, age-standardized death rates (15+), per 100,000 population",https://www.who.int/data/gho/indicator-metadata-registry/imr-details/1413,PUBLISHED,Published,,2016,2016,,AFR,Africa,,COD,Democratic Republic of the Congo,,MLE,Male,,160.8,,,,,,
SA_0000001807,"Cancer, age-standardized death rates (15+), per 100,000 population",https://www.who.int/data/gho/indicator-metadata-registry/imr-details/1413,PUBLISHED,Published,,2016,2016,,AFR,Africa,,COG,Congo,,MLE,Male,,112.8,,,,,,
SA_0000001807,"Cancer, age-standardized death rates (15+), per 100,000 population",https://www.who.int/data/gho/indicator-metadata-registry/imr-details/1413,PUBLISHED,Published,,2016,2016,,AFR,Africa,,SEN,Senegal,,FMLE,Female,,98.8,,,,,,
SA_0000001807,"Cancer, age-standardized death rates (15+), per 100,000 population",https://www.who.int/data/gho/indicator-metadata-registry/imr-details/1413,PUBLISHED,Published,,2016,2016,,AFR,Africa,,DZA,Algeria,,FMLE,Female,,97.3,,,,,,
SA_0000001807,"Cancer, age-standardized death rates (15+), per 100,000 population",https://www.who.int/data/gho/indicator-metadata-registry/imr-details/1413,PUBLISHED,Published,,2016,2016,,AFR,Africa,,BEN,Benin,,FMLE,Female,,94.5,,,,,,
SA_0000001807,"Cancer, age-standardized death rates (15+), per 100,000 population",https://www.who.int/data/gho/indicator-metadata-registry/imr-details/1413,PUBLISHED,Published,,2016,2016,,AFR,Africa,,GAB,Gabon,,FMLE,Female,,75.1,,,,,,
SA_0000001807,"Cancer, age-standardized death rates (15+), per 100,000 population",https://www.who.int/data/gho/indicator-metadata-registry/imr-details/1413,PUBLISHED,Published,,2016,2016,,AFR,Africa,,GHA,Ghana,,FMLE,Female,,96.1,,,,,,
SA_0000001807,"Cancer, age-standardized death rates (15+), per 100,000 population",https://www.who.int/data/gho/indicator-metadata-registry/imr-details/1413,PUBLISHED,Published,,2016,2016,,AFR,Africa,,RWA,Rwanda,,FMLE,Female,,171.4,,,,,,
SA_0000001807,"Cancer, age-standardized death rates (15+), per 100,000 population",https://www.who.int/data/gho/indicator-metadata-registry/imr-details/1413,PUBLISHED,Published,,2016,2016,,AFR,Africa,,CAF,Central African Republic,,FMLE,Female,,127.2,,,,,,
SA_0000001807,"Cancer, age-standardized death rates (15+), per 100,000 population",https://www.who.int/data/gho/indicator-metadata-registry/imr-details/1413,PUBLISHED,Published,,2016,2016,,AFR,Africa,,TCD,Chad,,FMLE,Female,,115.4,,,,,,
SA_0000001807,"Cancer, age-standardized death rates (15+), per 100,000 population",https://www.who.int/data/gho/indicator-metadata-registry/imr-details/1413,PUBLISHED,Published,,2016,2016,,AFR,Africa,,CIV,Côte d'Ivoire,,FMLE,Female,,129.7,,,,,,
SA_0000001807,"Cancer, age-standardized death rates (15+), per 100,000 population",https://www.who.int/data/gho/indicator-metadata-registry/imr-details/1413,PUBLISHED,Published,,2016,2016,,AFR,Africa,,MWI,Malawi,,FMLE,Female,,179.1,,,,,,
SA_0000001807,"Cancer, age-standardized death rates (15+), per 100,000 population",https://www.who.int/data/gho/indicator-metadata-registry/imr-details/1413,PUBLISHED,Published,,2016,2016,,AFR,Africa,,MLI,Mali,,FMLE,Female,,144.5,,,,,,
SA_0000001807,"Cancer, age-standardized death rates (15+), per 100,000 population",https://www.who.int/data/gho/indicator-metadata-registry/imr-details/1413,PUBLISHED,Published,,2016,2016,,AFR,Africa,,TZA,United Republic of Tanzania,,FMLE,Female,,136.6,,,,,,
SA_0000001807,"Cancer, age-standardized death rates (15+), per 100,000 population",https://www.who.int/data/gho/indicator-metadata-registry/imr-details/1413,PUBLISHED,Published,,2016,2016,,AFR,Africa,,ZMB,Zambia,,FMLE,Female,,157.1,,,,,,
SA_0000001807,"Cancer, age-standardized death rates (15+), per 100,000 population",https://www.who.int/data/gho/indicator-metadata-registry/imr-details/1413,PUBLISHED,Published,,2016,2016,,AFR,Africa,,BEN,Benin,,MLE,Male,,94.2,,,,,,
SA_0000001807,"Cancer, age-standardized death rates (15+), per 100,000 population",https://www.who.int/data/gho/indicator-metadata-registry/imr-details/1413,PUBLISHED,Published,,2016,2016,,AFR,Africa,,BWA,Botswana,,MLE,Male,,138.5,,,,,,
SA_0000001807,"Cancer, age-standardized death rates (15+), per 100,000 population",https://www.who.int/data/gho/indicator-metadata-registry/imr-details/1413,PUBLISHED,Published,,2016,2016,,AFR,Africa,,GIN,Guinea,,MLE,Male,,143.8,,,,,,
SA_0000001807,"Cancer, age-standardized death rates (15+), per 100,000 population",https://www.who.int/data/gho/indicator-metadata-registry/imr-details/1413,PUBLISHED,Published,,2016,2016,,AFR,Africa,,GNB,Guinea-Bissau,,MLE,Male,,137.4,,,,,,
SA_0000001807,"Cancer, age-standardized death rates (15+), per 100,000 population",https://www.who.int/data/gho/indicator-metadata-registry/imr-details/1413,PUBLISHED,Published,,2016,2016,,AFR,Africa,,STP,Sao Tome and Principe,,MLE,Male,,185.1,,,,,,
SA_0000001807,"Cancer, age-standardized death rates (15+), per 100,000 population",https://www.who.int/data/gho/indicator-metadata-registry/imr-details/1413,PUBLISHED,Published,,2016,2016,,AFR,Africa,,SLE,Sierra Leone,,MLE,Male,,113.8,,,,,,
SA_0000001807,"Cancer, age-standardized death rates (15+), per 100,000 population",https://www.who.int/data/gho/indicator-metadata-registry/imr-details/1413,PUBLISHED,Published,,2016,2016,,AFR,Africa,,ZAF,South Africa,,MLE,Male,,223,,,,,,
SA_0000001807,"Cancer, age-standardized death rates (15+), per 100,000 population",https://www.who.int/data/gho/indicator-metadata-registry/imr-details/1413,PUBLISHED,Published,,2016,2016,,AFR,Africa,,DZA,Algeria,,MLE,Male,,100.7,,,,,,
SA_0000001807,"Cancer, age-standardized death rates (15+), per 100,000 population",https://www.who.int/data/gho/indicator-metadata-registry/imr-details/1413,PUBLISHED,Published,,2016,2016,,AFR,Africa,,CMR,Cameroon,,MLE,Male,,122.9,,,,,,
SA_0000001807,"Cancer, age-standardized death rates (15+), per 100,000 population",https://www.who.int/data/gho/indicator-metadata-registry/imr-details/1413,PUBLISHED,Published,,2016,2016,,AFR,Africa,,TCD,Chad,,MLE,Male,,117.5,,,,,,
SA_0000001807,"Cancer, age-standardized death rates (15+), per 100,000 population",https://www.who.int/data/gho/indicator-metadata-registry/imr-details/1413,PUBLISHED,Published,,2016,2016,,AFR,Africa,,NER,Niger,,MLE,Male,,78.7,,,,,,
SA_0000001807,"Cancer, age-standardized death rates (15+), per 100,000 population",https://www.who.int/data/gho/indicator-metadata-registry/imr-details/1413,PUBLISHED,Published,,2016,2016,,AFR,Africa,,RWA,Rwanda,,MLE,Male,,227.5,,,,,,
SA_0000001807,"Cancer, age-standardized death rates (15+), per 100,000 population",https://www.who.int/data/gho/indicator-metadata-registry/imr-details/1413,PUBLISHED,Published,,2016,2016,,AFR,Africa,,SWZ,Eswatini,,MLE,Male,,208.6,,,,,,
SA_0000001807,"Cancer, age-standardized death rates (15+), per 100,000 population",https://www.who.int/data/gho/indicator-metadata-registry/imr-details/1413,PUBLISHED,Published,,2016,2016,,AFR,Africa,,UGA,Uganda,,MLE,Male,,285.4,,,,,,
SA_0000001807,"Cancer, age-standardized death rates (15+), per 100,000 population",https://www.who.int/data/gho/indicator-metadata-registry/imr-details/1413,PUBLISHED,Published,,2016,2016,,AFR,Africa,,BFA,Burkina Faso,,FMLE,Female,,125.3,,,,,,
SA_0000001807,"Cancer, age-standardized death rates (15+), per 100,000 population",https://www.who.int/data/gho/indicator-metadata-registry/imr-details/1413,PUBLISHED,Published,,2016,2016,,AFR,Africa,,CPV,Cabo Verde,,FMLE,Female,,105.8,,,,,,
SA_0000001807,"Cancer, age-standardized death rates (15+), per 100,000 population",https://www.who.int/data/gho/indicator-metadata-registry/imr-details/1413,PUBLISHED,Published,,2016,2016,,AFR,Africa,,COD,Democratic Republic of the Congo,,FMLE,Female,,132.1,,,,,,
SA_0000001807,"Cancer, age-standardized death rates (15+), per 100,000 population",https://www.who.int/data/gho/indicator-metadata-registry/imr-details/1413,PUBLISHED,Published,,2016,2016,,AFR,Africa,,ERI,Eritrea,,FMLE,Female,,157.5,,,,,,
SA_0000001807,"Cancer, age-standardized death rates (15+), per 100,000 population",https://www.who.int/data/gho/indicator-metadata-registry/imr-details/1413,PUBLISHED,Published,,2016,2016,,AFR,Africa,,SLE,Sierra Leone,,FMLE,Female,,101.5,,,,,,
SA_0000001807,"Cancer, age-standardized death rates (15+), per 100,000 population",https://www.who.int/data/gho/indicator-metadata-registry/imr-details/1413,PUBLISHED,Published,,2016,2016,,AFR,Africa,,SSD,South Sudan,,FMLE,Female,,173.7,,,,,,
SA_0000001807,"Cancer, age-standardized death rates (15+), per 100,000 population",https://www.who.int/data/gho/indicator-metadata-registry/imr-details/1413,PUBLISHED,Published,,2016,2016,,AFR,Africa,,COM,Comoros,,FMLE,Female,,158.8,,,,,,
SA_0000001807,"Cancer, age-standardized death rates (15+), per 100,000 population",https://www.who.int/data/gho/indicator-metadata-registry/imr-details/1413,PUBLISHED,Published,,2016,2016,,AFR,Africa,,COG,Congo,,FMLE,Female,,83.1,,,,,,
SA_0000001807,"Cancer, age-standardized death rates (15+), per 100,000 population",https://www.who.int/data/gho/indicator-metadata-registry/imr-details/1413,PUBLISHED,Published,,2016,2016,,AFR,Africa,,MDG,Madagascar,,FMLE,Female,,144.5,,,,,,
SA_0000001807,"Cancer, age-standardized death rates (15+), per 100,000 population",https://www.who.int/data/gho/indicator-metadata-registry/imr-details/1413,PUBLISHED,Published,,2016,2016,,AFR,Africa,,MRT,Mauritania,,FMLE,Female,,95.4,,,,,,
SA_0000001807,"Cancer, age-standardized death rates (15+), per 100,000 population",https://www.who.int/data/gho/indicator-metadata-registry/imr-details/1413,PUBLISHED,Published,,2016,2016,,AFR,Africa,,TGO,Togo,,FMLE,Female,,136.1,,,,,,
SA_0000001807,"Cancer, age-standardized death rates (15+), per 100,000 population",https://www.who.int/data/gho/indicator-metadata-registry/imr-details/1413,PUBLISHED,Published,,2016,2016,,AFR,Africa,,UGA,Uganda,,FMLE,Female,,184.2,,,,,,
SA_0000001807,"Cancer, age-standardized death rates (15+), per 100,000 population",https://www.who.int/data/gho/indicator-metadata-registry/imr-details/1413,PUBLISHED,Published,,2016,2016,,AFR,Africa,,GHA,Ghana,,MLE,Male,,126.4,,,,,,
SA_0000001807,"Cancer, age-standardized death rates (15+), per 100,000 population",https://www.who.int/data/gho/indicator-metadata-registry/imr-details/1413,PUBLISHED,Published,,2016,2016,,AFR,Africa,,KEN,Kenya,,MLE,Male,,197.1,,,,,,
SA_0000001807,"Cancer, age-standardized death rates (15+), per 100,000 population",https://www.who.int/data/gho/indicator-metadata-registry/imr-details/1413,PUBLISHED,Published,,2016,2016,,AFR,Africa,,SEN,Senegal,,MLE,Male,,104,,,,,,
SA_0000001807,"Cancer, age-standardized death rates (15+), per 100,000 population",https://www.who.int/data/gho/indicator-metadata-registry/imr-details/1413,PUBLISHED,Published,,2016,2016,,AFR,Africa,,SYC,Seychelles,,MLE,Male,,249.5,,,,,,
SA_0000001807,"Cancer, age-standardized death rates (15+), per 100,000 population",https://www.who.int/data/gho/indicator-metadata-registry/imr-details/1413,PUBLISHED,Published,,2016,2016,,AFR,Africa,,BFA,Burkina Faso,,MLE,Male,,121.8,,,,,,
SA_0000001807,"Cancer, age-standardized death rates (15+), per 100,000 population",https://www.who.int/data/gho/indicator-metadata-registry/imr-details/1413,PUBLISHED,Published,,2016,2016,,AFR,Africa,,BDI,Burundi,,MLE,Male,,189.1,,,,,,
SA_0000001807,"Cancer, age-standardized death rates (15+), per 100,000 population",https://www.who.int/data/gho/indicator-metadata-registry/imr-details/1413,PUBLISHED,Published,,2016,2016,,AFR,Africa,,GNQ,Equatorial Guinea,,MLE,Male,,111.5,,,,,,
SA_0000001807,"Cancer, age-standardized death rates (15+), per 100,000 population",https://www.who.int/data/gho/indicator-metadata-registry/imr-details/1413,PUBLISHED,Published,,2016,2016,,AFR,Africa,,ETH,Ethiopia,,MLE,Male,,98,,,,,,
SA_0000001807,"Cancer, age-standardized death rates (15+), per 100,000 population",https://www.who.int/data/gho/indicator-metadata-registry/imr-details/1413,PUBLISHED,Published,,2016,2016,,AFR,Africa,,GMB,Gambia,,MLE,Male,,108.9,,,,,,
SA_0000001807,"Cancer, age-standardized death rates (15+), per 100,000 population",https://www.who.int/data/gho/indicator-metadata-registry/imr-details/1413,PUBLISHED,Published,,2016,2016,,AFR,Africa,,LSO,Lesotho,,MLE,Male,,169,,,,,,
SA_0000001807,"Cancer, age-standardized death rates (15+), per 100,000 population",https://www.who.int/data/gho/indicator-metadata-registry/imr-details/1413,PUBLISHED,Published,,2016,2016,,AFR,Africa,,MDG,Madagascar,,MLE,Male,,206.8,,,,,,
SA_0000001807,"Cancer, age-standardized death rates (15+), per 100,000 population",https://www.who.int/data/gho/indicator-metadata-registry/imr-details/1413,PUBLISHED,Published,,2016,2016,,AFR,Africa,,KEN,Kenya,,FMLE,Female,,170,,,,,,
SA_0000001807,"Cancer, age-standardized death rates (15+), per 100,000 population",https://www.who.int/data/gho/indicator-metadata-registry/imr-details/1413,PUBLISHED,Published,,2016,2016,,AFR,Africa,,LBR,Liberia,,FMLE,Female,,113.6,,,,,,
SA_0000001807,"Cancer, age-standardized death rates (15+), per 100,000 population",https://www.who.int/data/gho/indicator-metadata-registry/imr-details/1413,PUBLISHED,Published,,2016,2016,,AFR,Africa,,MUS,Mauritius,,FMLE,Female,,99.2,,,,,,
SA_0000001807,"Cancer, age-standardized death rates (15+), per 100,000 population",https://www.who.int/data/gho/indicator-metadata-registry/imr-details/1413,PUBLISHED,Published,,2016,2016,,AFR,Africa,,NAM,Namibia,,FMLE,Female,,78.9,,,,,,
SA_0000001807,"Cancer, age-standardized death rates (15+), per 100,000 population",https://www.who.int/data/gho/indicator-metadata-registry/imr-details/1413,PUBLISHED,Published,,2016,2016,,AFR,Africa,,NGA,Nigeria,,FMLE,Female,,135.8,,,,,,
SA_0000001807,"Cancer, age-standardized death rates (15+), per 100,000 population",https://www.who.int/data/gho/indicator-metadata-registry/imr-details/1413,PUBLISHED,Published,,2016,2016,,AFR,Africa,,CPV,Cabo Verde,,MLE,Male,,115.8,,,,,,
SA_0000001807,"Cancer, age-standardized death rates (15+), per 100,000 population",https://www.who.int/data/gho/indicator-metadata-registry/imr-details/1413,PUBLISHED,Published,,2016,2016,,AFR,Africa,,GAB,Gabon,,MLE,Male,,88.6,,,,,,
SA_0000001807,"Cancer, age-standardized death rates (15+), per 100,000 population",https://www.who.int/data/gho/indicator-metadata-registry/imr-details/1413,PUBLISHED,Published,,2016,2016,,AFR,Africa,,LBR,Liberia,,MLE,Male,,129.4,,,,,,
SA_0000001807,"Cancer, age-standardized death rates (15+), per 100,000 population",https://www.who.int/data/gho/indicator-metadata-registry/imr-details/1413,PUBLISHED,Published,,2016,2016,,AFR,Africa,,NAM,Namibia,,MLE,Male,,135.8,,,,,,
SA_0000001807,"Cancer, age-standardized death rates (15+), per 100,000 population",https://www.who.int/data/gho/indicator-metadata-registry/imr-details/1413,PUBLISHED,Published,,2016,2016,,AFR,Africa,,TGO,Togo,,MLE,Male,,129.3,,,,,,
SA_0000001807,"Cancer, age-standardized death rates (15+), per 100,000 population",https://www.who.int/data/gho/indicator-metadata-registry/imr-details/1413,PUBLISHED,Published,,2016,2016,,AFR,Africa,,BDI,Burundi,,FMLE,Female,,195.9,,,,,,
SA_0000001807,"Cancer, age-standardized death rates (15+), per 100,000 population",https://www.who.int/data/gho/indicator-metadata-registry/imr-details/1413,PUBLISHED,Published,,2016,2016,,AFR,Africa,,ETH,Ethiopia,,FMLE,Female,,150.7,,,,,,
SA_0000001807,"Cancer, age-standardized death rates (15+), per 100,000 population",https://www.who.int/data/gho/indicator-metadata-registry/imr-details/1413,PUBLISHED,Published,,2016,2016,,AFR,Africa,,LSO,Lesotho,,FMLE,Female,,99.2,,,,,,
SA_0000001807,"Cancer, age-standardized death rates (15+), per 100,000 population",https://www.who.int/data/gho/indicator-metadata-registry/imr-details/1413,PUBLISHED,Published,,2016,2016,,AFR,Africa,,MOZ,Mozambique,,FMLE,Female,,176.6,,,,,,
SA_0000001807,"Cancer, age-standardized death rates (15+), per 100,000 population",https://www.who.int/data/gho/indicator-metadata-registry/imr-details/1413,PUBLISHED,Published,,2016,2016,,AFR,Africa,,SWZ,Eswatini,,FMLE,Female,,119,,,,,,
SA_0000001807,"Cancer, age-standardized death rates (15+), per 100,000 population",https://www.who.int/data/gho/indicator-metadata-registry/imr-details/1413,PUBLISHED,Published,,2016,2016,,AFR,Africa,,AGO,Angola,,FMLE,Female,,90.9,,,,,,
SA_0000001807,"Cancer, age-standardized death rates (15+), per 100,000 population",https://www.who.int/data/gho/indicator-metadata-registry/imr-details/1413,PUBLISHED,Published,,2016,2016,,AFR,Africa,,BWA,Botswana,,FMLE,Female,,87.7,,,,,,
SA_0000001807,"Cancer, age-standardized death rates (15+), per 100,000 population",https://www.who.int/data/gho/indicator-metadata-registry/imr-details/1413,PUBLISHED,Published,,2016,2016,,AFR,Africa,,GMB,Gambia,,FMLE,Female,,89,,,,,,
SA_0000001807,"Cancer, age-standardized death rates (15+), per 100,000 population",https://www.who.int/data/gho/indicator-metadata-registry/imr-details/1413,PUBLISHED,Published,,2016,2016,,AFR,Africa,,GIN,Guinea,,FMLE,Female,,106.6,,,,,,
SA_0000001807,"Cancer, age-standardized death rates (15+), per 100,000 population",https://www.who.int/data/gho/indicator-metadata-registry/imr-details/1413,PUBLISHED,Published,,2016,2016,,AFR,Africa,,STP,Sao Tome and Principe,,FMLE,Female,,141.3,,,,,,
SA_0000001807,"Cancer, age-standardized death rates (15+), per 100,000 population",https://www.who.int/data/gho/indicator-metadata-registry/imr-details/1413,PUBLISHED,Published,,2016,2016,,AFR,Africa,,SYC,Seychelles,,FMLE,Female,,125.2,,,,,,
SA_0000001807,"Cancer, age-standardized death rates (15+), per 100,000 population",https://www.who.int/data/gho/indicator-metadata-registry/imr-details/1413,PUBLISHED,Published,,2016,2016,,AFR,Africa,,COM,Comoros,,MLE,Male,,153.3,,,,,,
SA_0000001807,"Cancer, age-standardized death rates (15+), per 100,000 population",https://www.who.int/data/gho/indicator-metadata-registry/imr-details/1413,PUBLISHED,Published,,2016,2016,,AFR,Africa,,CIV,Côte d'Ivoire,,MLE,Male,,146.7,,,,,,
SA_0000001807,"Cancer, age-standardized death rates (15+), per 100,000 population",https://www.who.int/data/gho/indicator-metadata-registry/imr-details/1413,PUBLISHED,Published,,2016,2016,,AFR,Africa,,MLI,Mali,,MLE,Male,,101.2,,,,,,
SA_0000001807,"Cancer, age-standardized death rates (15+), per 100,000 population",https://www.who.int/data/gho/indicator-metadata-registry/imr-details/1413,PUBLISHED,Published,,2016,2016,,AFR,Africa,,MUS,Mauritius,,MLE,Male,,110.8,,,,,,
SA_0000001807,"Cancer, age-standardized death rates (15+), per 100,000 population",https://www.who.int/data/gho/indicator-metadata-registry/imr-details/1413,PUBLISHED,Published,,2016,2016,,AFR,Africa,,TZA,United Republic of Tanzania,,MLE,Male,,155.8,,,,,,
SA_0000001807,"Cancer, age-standardized death rates (15+), per 100,000 population",https://www.who.int/data/gho/indicator-metadata-registry/imr-details/1413,PUBLISHED,Published,,2016,2016,,AFR,Africa,,ZWE,Zimbabwe,,MLE,Male,,182.7,,,,,,
SA_0000001807,"Cancer, age-standardized death rates (15+), per 100,000 population",https://www.who.int/data/gho/indicator-metadata-registry/imr-details/1413,PUBLISHED,Published,,2016,2016,,AMR,Americas,,GUY,Guyana,,MLE,Male,,127.1,,,,,,
SA_0000001807,"Cancer, age-standardized death rates (15+), per 100,000 population",https://www.who.int/data/gho/indicator-metadata-registry/imr-details/1413,PUBLISHED,Published,,2016,2016,,AMR,Americas,,VCT,Saint Vincent and the Grenadines,,MLE,Male,,256.5,,,,,,
SA_0000001807,"Cancer, age-standardized death rates (15+), per 100,000 population",https://www.who.int/data/gho/indicator-metadata-registry/imr-details/1413,PUBLISHED,Published,,2016,2016,,AMR,Americas,,CUB,Cuba,,MLE,Male,,208.3,,,,,,
SA_0000001807,"Cancer, age-standardized death rates (15+), per 100,000 population",https://www.who.int/data/gho/indicator-metadata-registry/imr-details/1413,PUBLISHED,Published,,2016,2016,,AMR,Americas,,CRI,Costa Rica,,FMLE,Female,,121.3,,,,,,
SA_0000001807,"Cancer, age-standardized death rates (15+), per 100,000 population",https://www.who.int/data/gho/indicator-metadata-registry/imr-details/1413,PUBLISHED,Published,,2016,2016,,AMR,Americas,,GTM,Guatemala,,FMLE,Female,,104.9,,,,,,
SA_0000001807,"Cancer, age-standardized death rates (15+), per 100,000 population",https://www.who.int/data/gho/indicator-metadata-registry/imr-details/1413,PUBLISHED,Published,,2016,2016,,AMR,Americas,,PAN,Panama,,FMLE,Female,,105.4,,,,,,
SA_0000001807,"Cancer, age-standardized death rates (15+), per 100,000 population",https://www.who.int/data/gho/indicator-metadata-registry/imr-details/1413,PUBLISHED,Published,,2016,2016,,AMR,Americas,,BLZ,Belize,,MLE,Male,,227.2,,,,,,
SA_0000001807,"Cancer, age-standardized death rates (15+), per 100,000 population",https://www.who.int/data/gho/indicator-metadata-registry/imr-details/1413,PUBLISHED,Published,,2016,2016,,AMR,Americas,,DOM,Dominican Republic,,MLE,Male,,170.9,,,,,,
SA_0000001807,"Cancer, age-standardized death rates (15+), per 100,000 population",https://www.who.int/data/gho/indicator-metadata-registry/imr-details/1413,PUBLISHED,Published,,2016,2016,,AMR,Americas,,SLV,El Salvador,,MLE,Male,,139.9,,,,,,
SA_0000001807,"Cancer, age-standardized death rates (15+), per 100,000 population",https://www.who.int/data/gho/indicator-metadata-registry/imr-details/1413,PUBLISHED,Published,,2016,2016,,AMR,Americas,,GTM,Guatemala,,MLE,Male,,104.6,,,,,,
SA_0000001807,"Cancer, age-standardized death rates (15+), per 100,000 population",https://www.who.int/data/gho/indicator-metadata-registry/imr-details/1413,PUBLISHED,Published,,2016,2016,,AMR,Americas,,SUR,Suriname,,MLE,Male,,205.1,,,,,,
SA_0000001807,"Cancer, age-standardized death rates (15+), per 100,000 population",https://www.who.int/data/gho/indicator-metadata-registry/imr-details/1413,PUBLISHED,Published,,2016,2016,,AMR,Americas,,USA,United States of America,,MLE,Male,,178.3,,,,,,
SA_0000001807,"Cancer, age-standardized death rates (15+), per 100,000 population",https://www.who.int/data/gho/indicator-metadata-registry/imr-details/1413,PUBLISHED,Published,,2016,2016,,AMR,Americas,,ATG,Antigua and Barbuda,,MLE,Male,,242.9,,,,,,
SA_0000001807,"Cancer, age-standardized death rates (15+), per 100,000 population",https://www.who.int/data/gho/indicator-metadata-registry/imr-details/1413,PUBLISHED,Published,,2016,2016,,AMR,Americas,,BLZ,Belize,,FMLE,Female,,145.1,,,,,,
SA_0000001807,"Cancer, age-standardized death rates (15+), per 100,000 population",https://www.who.int/data/gho/indicator-metadata-registry/imr-details/1413,PUBLISHED,Published,,2016,2016,,AMR,Americas,,BRA,Brazil,,FMLE,Female,,121.2,,,,,,
SA_0000001807,"Cancer, age-standardized death rates (15+), per 100,000 population",https://www.who.int/data/gho/indicator-metadata-registry/imr-details/1413,PUBLISHED,Published,,2016,2016,,AMR,Americas,,JAM,Jamaica,,FMLE,Female,,123.3,,,,,,
SA_0000001807,"Cancer, age-standardized death rates (15+), per 100,000 population",https://www.who.int/data/gho/indicator-metadata-registry/imr-details/1413,PUBLISHED,Published,,2016,2016,,AMR,Americas,,NIC,Nicaragua,,FMLE,Female,,109.5,,,,,,
SA_0000001807,"Cancer, age-standardized death rates (15+), per 100,000 population",https://www.who.int/data/gho/indicator-metadata-registry/imr-details/1413,PUBLISHED,Published,,2016,2016,,AMR,Americas,,NIC,Nicaragua,,MLE,Male,,133.1,,,,,,
SA_0000001807,"Cancer, age-standardized death rates (15+), per 100,000 population",https://www.who.int/data/gho/indicator-metadata-registry/imr-details/1413,PUBLISHED,Published,,2016,2016,,AMR,Americas,,PAN,Panama,,MLE,Male,,134.2,,,,,,
SA_0000001807,"Cancer, age-standardized death rates (15+), per 100,000 population",https://www.who.int/data/gho/indicator-metadata-registry/imr-details/1413,PUBLISHED,Published,,2016,2016,,AMR,Americas,,DMA,Dominica,,FMLE,Female,,No data,,,,,,
SA_0000001807,"Cancer, age-standardized death rates (15+), per 100,000 population",https://www.who.int/data/gho/indicator-metadata-registry/imr-details/1413,PUBLISHED,Published,,2016,2016,,AMR,Americas,,SLV,El Salvador,,FMLE,Female,,144.5,,,,,,
SA_0000001807,"Cancer, age-standardized death rates (15+), per 100,000 population",https://www.who.int/data/gho/indicator-metadata-registry/imr-details/1413,PUBLISHED,Published,,2016,2016,,AMR,Americas,,VCT,Saint Vincent and the Grenadines,,FMLE,Female,,160.7,,,,,,
SA_0000001807,"Cancer, age-standardized death rates (15+), per 100,000 population",https://www.who.int/data/gho/indicator-metadata-registry/imr-details/1413,PUBLISHED,Published,,2016,2016,,AMR,Americas,,SUR,Suriname,,FMLE,Female,,145.6,,,,,,
SA_0000001807,"Cancer, age-standardized death rates (15+), per 100,000 population",https://www.who.int/data/gho/indicator-metadata-registry/imr-details/1413,PUBLISHED,Published,,2016,2016,,AMR,Americas,,BOL,Bolivia (Plurinational State of),,MLE,Male,,107.3,,,,,,
SA_0000001807,"Cancer, age-standardized death rates (15+), per 100,000 population",https://www.who.int/data/gho/indicator-metadata-registry/imr-details/1413,PUBLISHED,Published,,2016,2016,,AMR,Americas,,BRA,Brazil,,MLE,Male,,178.1,,,,,,
SA_0000001807,"Cancer, age-standardized death rates (15+), per 100,000 population",https://www.who.int/data/gho/indicator-metadata-registry/imr-details/1413,PUBLISHED,Published,,2016,2016,,AMR,Americas,,HTI,Haiti,,MLE,Male,,150.2,,,,,,
SA_0000001807,"Cancer, age-standardized death rates (15+), per 100,000 population",https://www.who.int/data/gho/indicator-metadata-registry/imr-details/1413,PUBLISHED,Published,,2016,2016,,AMR,Americas,,JAM,Jamaica,,MLE,Male,,193.5,,,,,,
SA_0000001807,"Cancer, age-standardized death rates (15+), per 100,000 population",https://www.who.int/data/gho/indicator-metadata-registry/imr-details/1413,PUBLISHED,Published,,2016,2016,,AMR,Americas,,PER,Peru,,MLE,Male,,141.5,,,,,,
SA_0000001807,"Cancer, age-standardized death rates (15+), per 100,000 population",https://www.who.int/data/gho/indicator-metadata-registry/imr-details/1413,PUBLISHED,Published,,2016,2016,,AMR,Americas,,LCA,Saint Lucia,,MLE,Male,,188.2,,,,,,
SA_0000001807,"Cancer, age-standardized death rates (15+), per 100,000 population",https://www.who.int/data/gho/indicator-metadata-registry/imr-details/1413,PUBLISHED,Published,,2016,2016,,AMR,Americas,,ATG,Antigua and Barbuda,,FMLE,Female,,153.5,,,,,,
SA_0000001807,"Cancer, age-standardized death rates (15+), per 100,000 population",https://www.who.int/data/gho/indicator-metadata-registry/imr-details/1413,PUBLISHED,Published,,2016,2016,,AMR,Americas,,BHS,Bahamas,,FMLE,Female,,136.7,,,,,,
SA_0000001807,"Cancer, age-standardized death rates (15+), per 100,000 population",https://www.who.int/data/gho/indicator-metadata-registry/imr-details/1413,PUBLISHED,Published,,2016,2016,,AMR,Americas,,PRY,Paraguay,,FMLE,Female,,128.7,,,,,,
SA_0000001807,"Cancer, age-standardized death rates (15+), per 100,000 population",https://www.who.int/data/gho/indicator-metadata-registry/imr-details/1413,PUBLISHED,Published,,2016,2016,,AMR,Americas,,KNA,Saint Kitts and Nevis,,FMLE,Female,,No data,,,,,,
SA_0000001807,"Cancer, age-standardized death rates (15+), per 100,000 population",https://www.who.int/data/gho/indicator-metadata-registry/imr-details/1413,PUBLISHED,Published,,2016,2016,,AMR,Americas,,USA,United States of America,,FMLE,Female,,133.9,,,,,,
SA_0000001807,"Cancer, age-standardized death rates (15+), per 100,000 population",https://www.who.int/data/gho/indicator-metadata-registry/imr-details/1413,PUBLISHED,Published,,2016,2016,,AMR,Americas,,VEN,Venezuela (Bolivarian Republic of),,FMLE,Female,,127.5,,,,,,
SA_0000001807,"Cancer, age-standardized death rates (15+), per 100,000 population",https://www.who.int/data/gho/indicator-metadata-registry/imr-details/1413,PUBLISHED,Published,,2016,2016,,AMR,Americas,,MEX,Mexico,,MLE,Male,,101.6,,,,,,
SA_0000001807,"Cancer, age-standardized death rates (15+), per 100,000 population",https://www.who.int/data/gho/indicator-metadata-registry/imr-details/1413,PUBLISHED,Published,,2016,2016,,AMR,Americas,,PRY,Paraguay,,MLE,Male,,167,,,,,,
SA_0000001807,"Cancer, age-standardized death rates (15+), per 100,000 population",https://www.who.int/data/gho/indicator-metadata-registry/imr-details/1413,PUBLISHED,Published,,2016,2016,,AMR,Americas,,DOM,Dominican Republic,,FMLE,Female,,127.5,,,,,,
SA_0000001807,"Cancer, age-standardized death rates (15+), per 100,000 population",https://www.who.int/data/gho/indicator-metadata-registry/imr-details/1413,PUBLISHED,Published,,2016,2016,,AMR,Americas,,ECU,Ecuador,,FMLE,Female,,123.9,,,,,,
SA_0000001807,"Cancer, age-standardized death rates (15+), per 100,000 population",https://www.who.int/data/gho/indicator-metadata-registry/imr-details/1413,PUBLISHED,Published,,2016,2016,,AMR,Americas,,LCA,Saint Lucia,,FMLE,Female,,140.4,,,,,,
SA_0000001807,"Cancer, age-standardized death rates (15+), per 100,000 population",https://www.who.int/data/gho/indicator-metadata-registry/imr-details/1413,PUBLISHED,Published,,2016,2016,,AMR,Americas,,TTO,Trinidad and Tobago,,FMLE,Female,,133.5,,,,,,
SA_0000001807,"Cancer, age-standardized death rates (15+), per 100,000 population",https://www.who.int/data/gho/indicator-metadata-registry/imr-details/1413,PUBLISHED,Published,,2016,2016,,AMR,Americas,,CAN,Canada,,MLE,Male,,171,,,,,,
SA_0000001807,"Cancer, age-standardized death rates (15+), per 100,000 population",https://www.who.int/data/gho/indicator-metadata-registry/imr-details/1413,PUBLISHED,Published,,2016,2016,,AMR,Americas,,CHL,Chile,,MLE,Male,,194.3,,,,,,
SA_0000001807,"Cancer, age-standardized death rates (15+), per 100,000 population",https://www.who.int/data/gho/indicator-metadata-registry/imr-details/1413,PUBLISHED,Published,,2016,2016,,AMR,Americas,,BRB,Barbados,,MLE,Male,,252,,,,,,
SA_0000001807,"Cancer, age-standardized death rates (15+), per 100,000 population",https://www.who.int/data/gho/indicator-metadata-registry/imr-details/1413,PUBLISHED,Published,,2016,2016,,AMR,Americas,,CRI,Costa Rica,,MLE,Male,,164.7,,,,,,
SA_0000001807,"Cancer, age-standardized death rates (15+), per 100,000 population",https://www.who.int/data/gho/indicator-metadata-registry/imr-details/1413,PUBLISHED,Published,,2016,2016,,AMR,Americas,,DMA,Dominica,,MLE,Male,,No data,,,,,,
SA_0000001807,"Cancer, age-standardized death rates (15+), per 100,000 population",https://www.who.int/data/gho/indicator-metadata-registry/imr-details/1413,PUBLISHED,Published,,2016,2016,,AMR,Americas,,ARG,Argentina,,MLE,Male,,198.5,,,,,,
SA_0000001807,"Cancer, age-standardized death rates (15+), per 100,000 population",https://www.who.int/data/gho/indicator-metadata-registry/imr-details/1413,PUBLISHED,Published,,2016,2016,,AMR,Americas,,CAN,Canada,,FMLE,Female,,132.4,,,,,,
SA_0000001807,"Cancer, age-standardized death rates (15+), per 100,000 population",https://www.who.int/data/gho/indicator-metadata-registry/imr-details/1413,PUBLISHED,Published,,2016,2016,,AMR,Americas,,CUB,Cuba,,FMLE,Female,,138.2,,,,,,
SA_0000001807,"Cancer, age-standardized death rates (15+), per 100,000 population",https://www.who.int/data/gho/indicator-metadata-registry/imr-details/1413,PUBLISHED,Published,,2016,2016,,AMR,Americas,,GRD,Grenada,,FMLE,Female,,169.1,,,,,,
SA_0000001807,"Cancer, age-standardized death rates (15+), per 100,000 population",https://www.who.int/data/gho/indicator-metadata-registry/imr-details/1413,PUBLISHED,Published,,2016,2016,,AMR,Americas,,GUY,Guyana,,FMLE,Female,,137.5,,,,,,
SA_0000001807,"Cancer, age-standardized death rates (15+), per 100,000 population",https://www.who.int/data/gho/indicator-metadata-registry/imr-details/1413,PUBLISHED,Published,,2016,2016,,AMR,Americas,,COL,Colombia,,FMLE,Female,,147.4,,,,,,
SA_0000001807,"Cancer, age-standardized death rates (15+), per 100,000 population",https://www.who.int/data/gho/indicator-metadata-registry/imr-details/1413,PUBLISHED,Published,,2016,2016,,AMR,Americas,,BHS,Bahamas,,MLE,Male,,216.4,,,,,,
SA_0000001807,"Cancer, age-standardized death rates (15+), per 100,000 population",https://www.who.int/data/gho/indicator-metadata-registry/imr-details/1413,PUBLISHED,Published,,2016,2016,,AMR,Americas,,COL,Colombia,,MLE,Male,,180,,,,,,
SA_0000001807,"Cancer, age-standardized death rates (15+), per 100,000 population",https://www.who.int/data/gho/indicator-metadata-registry/imr-details/1413,PUBLISHED,Published,,2016,2016,,AMR,Americas,,HND,Honduras,,MLE,Male,,132.1,,,,,,
SA_0000001807,"Cancer, age-standardized death rates (15+), per 100,000 population",https://www.who.int/data/gho/indicator-metadata-registry/imr-details/1413,PUBLISHED,Published,,2016,2016,,AMR,Americas,,KNA,Saint Kitts and Nevis,,MLE,Male,,No data,,,,,,
SA_0000001807,"Cancer, age-standardized death rates (15+), per 100,000 population",https://www.who.int/data/gho/indicator-metadata-registry/imr-details/1413,PUBLISHED,Published,,2016,2016,,AMR,Americas,,VEN,Venezuela (Bolivarian Republic of),,MLE,Male,,165.3,,,,,,
SA_0000001807,"Cancer, age-standardized death rates (15+), per 100,000 population",https://www.who.int/data/gho/indicator-metadata-registry/imr-details/1413,PUBLISHED,Published,,2016,2016,,AMR,Americas,,ARG,Argentina,,FMLE,Female,,136.7,,,,,,
SA_0000001807,"Cancer, age-standardized death rates (15+), per 100,000 population",https://www.who.int/data/gho/indicator-metadata-registry/imr-details/1413,PUBLISHED,Published,,2016,2016,,AMR,Americas,,CHL,Chile,,FMLE,Female,,136.5,,,,,,
SA_0000001807,"Cancer, age-standardized death rates (15+), per 100,000 population",https://www.who.int/data/gho/indicator-metadata-registry/imr-details/1413,PUBLISHED,Published,,2016,2016,,AMR,Americas,,HTI,Haiti,,FMLE,Female,,124.8,,,,,,
SA_0000001807,"Cancer, age-standardized death rates (15+), per 100,000 population",https://www.who.int/data/gho/indicator-metadata-registry/imr-details/1413,PUBLISHED,Published,,2016,2016,,AMR,Americas,,PER,Peru,,FMLE,Female,,130.8,,,,,,
SA_0000001807,"Cancer, age-standardized death rates (15+), per 100,000 population",https://www.who.int/data/gho/indicator-metadata-registry/imr-details/1413,PUBLISHED,Published,,2016,2016,,AMR,Americas,,URY,Uruguay,,FMLE,Female,,162.5,,,,,,
SA_0000001807,"Cancer, age-standardized death rates (15+), per 100,000 population",https://www.who.int/data/gho/indicator-metadata-registry/imr-details/1413,PUBLISHED,Published,,2016,2016,,AMR,Americas,,ECU,Ecuador,,MLE,Male,,129.4,,,,,,
SA_0000001807,"Cancer, age-standardized death rates (15+), per 100,000 population",https://www.who.int/data/gho/indicator-metadata-registry/imr-details/1413,PUBLISHED,Published,,2016,2016,,AMR,Americas,,GRD,Grenada,,MLE,Male,,261.9,,,,,,
SA_0000001807,"Cancer, age-standardized death rates (15+), per 100,000 population",https://www.who.int/data/gho/indicator-metadata-registry/imr-details/1413,PUBLISHED,Published,,2016,2016,,AMR,Americas,,TTO,Trinidad and Tobago,,MLE,Male,,197.4,,,,,,
SA_0000001807,"Cancer, age-standardized death rates (15+), per 100,000 population",https://www.who.int/data/gho/indicator-metadata-registry/imr-details/1413,PUBLISHED,Published,,2016,2016,,AMR,Americas,,URY,Uruguay,,MLE,Male,,277.5,,,,,,
SA_0000001807,"Cancer, age-standardized death rates (15+), per 100,000 population",https://www.who.int/data/gho/indicator-metadata-registry/imr-details/1413,PUBLISHED,Published,,2016,2016,,AMR,Americas,,BRB,Barbados,,FMLE,Female,,165.6,,,,,,
SA_0000001807,"Cancer, age-standardized death rates (15+), per 100,000 population",https://www.who.int/data/gho/indicator-metadata-registry/imr-details/1413,PUBLISHED,Published,,2016,2016,,AMR,Americas,,BOL,Bolivia (Plurinational State of),,FMLE,Female,,130.9,,,,,,
SA_0000001807,"Cancer, age-standardized death rates (15+), per 100,000 population",https://www.who.int/data/gho/indicator-metadata-registry/imr-details/1413,PUBLISHED,Published,,2016,2016,,AMR,Americas,,HND,Honduras,,FMLE,Female,,126.3,,,,,,
SA_0000001807,"Cancer, age-standardized death rates (15+), per 100,000 population",https://www.who.int/data/gho/indicator-metadata-registry/imr-details/1413,PUBLISHED,Published,,2016,2016,,AMR,Americas,,MEX,Mexico,,FMLE,Female,,92.3,,,,,,
SA_0000001807,"Cancer, age-standardized death rates (15+), per 100,000 population",https://www.who.int/data/gho/indicator-metadata-registry/imr-details/1413,PUBLISHED,Published,,2016,2016,,EMR,Eastern Mediterranean,,BHR,Bahrain,,MLE,Male,,100.9,,,,,,
SA_0000001807,"Cancer, age-standardized death rates (15+), per 100,000 population",https://www.who.int/data/gho/indicator-metadata-registry/imr-details/1413,PUBLISHED,Published,,2016,2016,,EMR,Eastern Mediterranean,,LBN,Lebanon,,MLE,Male,,150,,,,,,
SA_0000001807,"Cancer, age-standardized death rates (15+), per 100,000 population",https://www.who.int/data/gho/indicator-metadata-registry/imr-details/1413,PUBLISHED,Published,,2016,2016,,EMR,Eastern Mediterranean,,ARE,United Arab Emirates,,MLE,Male,,72.3,,,,,,
SA_0000001807,"Cancer, age-standardized death rates (15+), per 100,000 population",https://www.who.int/data/gho/indicator-metadata-registry/imr-details/1413,PUBLISHED,Published,,2016,2016,,EMR,Eastern Mediterranean,,AFG,Afghanistan,,FMLE,Female,,142,,,,,,
SA_0000001807,"Cancer, age-standardized death rates (15+), per 100,000 population",https://www.who.int/data/gho/indicator-metadata-registry/imr-details/1413,PUBLISHED,Published,,2016,2016,,EMR,Eastern Mediterranean,,KWT,Kuwait,,FMLE,Female,,153.9,,,,,,
SA_0000001807,"Cancer, age-standardized death rates (15+), per 100,000 population",https://www.who.int/data/gho/indicator-metadata-registry/imr-details/1413,PUBLISHED,Published,,2016,2016,,EMR,Eastern Mediterranean,,SAU,Saudi Arabia,,FMLE,Female,,73.7,,,,,,
SA_0000001807,"Cancer, age-standardized death rates (15+), per 100,000 population",https://www.who.int/data/gho/indicator-metadata-registry/imr-details/1413,PUBLISHED,Published,,2016,2016,,EMR,Eastern Mediterranean,,SAU,Saudi Arabia,,MLE,Male,,82.7,,,,,,
SA_0000001807,"Cancer, age-standardized death rates (15+), per 100,000 population",https://www.who.int/data/gho/indicator-metadata-registry/imr-details/1413,PUBLISHED,Published,,2016,2016,,EMR,Eastern Mediterranean,,PAK,Pakistan,,MLE,Male,,113.2,,,,,,
SA_0000001807,"Cancer, age-standardized death rates (15+), per 100,000 population",https://www.who.int/data/gho/indicator-metadata-registry/imr-details/1413,PUBLISHED,Published,,2016,2016,,EMR,Eastern Mediterranean,,EGY,Egypt,,FMLE,Female,,130.2,,,,,,
SA_0000001807,"Cancer, age-standardized death rates (15+), per 100,000 population",https://www.who.int/data/gho/indicator-metadata-registry/imr-details/1413,PUBLISHED,Published,,2016,2016,,EMR,Eastern Mediterranean,,IRQ,Iraq,,FMLE,Female,,138.6,,,,,,
SA_0000001807,"Cancer, age-standardized death rates (15+), per 100,000 population",https://www.who.int/data/gho/indicator-metadata-registry/imr-details/1413,PUBLISHED,Published,,2016,2016,,EMR,Eastern Mediterranean,,TUN,Tunisia,,FMLE,Female,,66.5,,,,,,
SA_0000001807,"Cancer, age-standardized death rates (15+), per 100,000 population",https://www.who.int/data/gho/indicator-metadata-registry/imr-details/1413,PUBLISHED,Published,,2016,2016,,EMR,Eastern Mediterranean,,YEM,Yemen,,FMLE,Female,,90.9,,,,,,
SA_0000001807,"Cancer, age-standardized death rates (15+), per 100,000 population",https://www.who.int/data/gho/indicator-metadata-registry/imr-details/1413,PUBLISHED,Published,,2016,2016,,EMR,Eastern Mediterranean,,EGY,Egypt,,MLE,Male,,189,,,,,,
SA_0000001807,"Cancer, age-standardized death rates (15+), per 100,000 population",https://www.who.int/data/gho/indicator-metadata-registry/imr-details/1413,PUBLISHED,Published,,2016,2016,,EMR,Eastern Mediterranean,,JOR,Jordan,,MLE,Male,,137.5,,,,,,
SA_0000001807,"Cancer, age-standardized death rates (15+), per 100,000 population",https://www.who.int/data/gho/indicator-metadata-registry/imr-details/1413,PUBLISHED,Published,,2016,2016,,EMR,Eastern Mediterranean,,KWT,Kuwait,,MLE,Male,,159.8,,,,,,
SA_0000001807,"Cancer, age-standardized death rates (15+), per 100,000 population",https://www.who.int/data/gho/indicator-metadata-registry/imr-details/1413,PUBLISHED,Published,,2016,2016,,EMR,Eastern Mediterranean,,PAK,Pakistan,,FMLE,Female,,123.9,,,,,,
SA_0000001807,"Cancer, age-standardized death rates (15+), per 100,000 population",https://www.who.int/data/gho/indicator-metadata-registry/imr-details/1413,PUBLISHED,Published,,2016,2016,,EMR,Eastern Mediterranean,,QAT,Qatar,,FMLE,Female,,105.7,,,,,,
SA_0000001807,"Cancer, age-standardized death rates (15+), per 100,000 population",https://www.who.int/data/gho/indicator-metadata-registry/imr-details/1413,PUBLISHED,Published,,2016,2016,,EMR,Eastern Mediterranean,,YEM,Yemen,,MLE,Male,,107.9,,,,,,
SA_0000001807,"Cancer, age-standardized death rates (15+), per 100,000 population",https://www.who.int/data/gho/indicator-metadata-registry/imr-details/1413,PUBLISHED,Published,,2016,2016,,EMR,Eastern Mediterranean,,SDN,Sudan,,MLE,Male,,131,,,,,,
SA_0000001807,"Cancer, age-standardized death rates (15+), per 100,000 population",https://www.who.int/data/gho/indicator-metadata-registry/imr-details/1413,PUBLISHED,Published,,2016,2016,,EMR,Eastern Mediterranean,,TUN,Tunisia,,MLE,Male,,129.8,,,,,,
SA_0000001807,"Cancer, age-standardized death rates (15+), per 100,000 population",https://www.who.int/data/gho/indicator-metadata-registry/imr-details/1413,PUBLISHED,Published,,2016,2016,,EMR,Eastern Mediterranean,,BHR,Bahrain,,FMLE,Female,,89.9,,,,,,
SA_0000001807,"Cancer, age-standardized death rates (15+), per 100,000 population",https://www.who.int/data/gho/indicator-metadata-registry/imr-details/1413,PUBLISHED,Published,,2016,2016,,EMR,Eastern Mediterranean,,IRN,Iran (Islamic Republic of),,MLE,Male,,153.2,,,,,,
SA_0000001807,"Cancer, age-standardized death rates (15+), per 100,000 population",https://www.who.int/data/gho/indicator-metadata-registry/imr-details/1413,PUBLISHED,Published,,2016,2016,,EMR,Eastern Mediterranean,,IRQ,Iraq,,MLE,Male,,180.3,,,,,,
SA_0000001807,"Cancer, age-standardized death rates (15+), per 100,000 population",https://www.who.int/data/gho/indicator-metadata-registry/imr-details/1413,PUBLISHED,Published,,2016,2016,,EMR,Eastern Mediterranean,,MAR,Morocco,,FMLE,Female,,91.1,,,,,,
SA_0000001807,"Cancer, age-standardized death rates (15+), per 100,000 population",https://www.who.int/data/gho/indicator-metadata-registry/imr-details/1413,PUBLISHED,Published,,2016,2016,,EMR,Eastern Mediterranean,,OMN,Oman,,FMLE,Female,,73.6,,,,,,
SA_0000001807,"Cancer, age-standardized death rates (15+), per 100,000 population",https://www.who.int/data/gho/indicator-metadata-registry/imr-details/1413,PUBLISHED,Published,,2016,2016,,EMR,Eastern Mediterranean,,AFG,Afghanistan,,MLE,Male,,170.6,,,,,,
SA_0000001807,"Cancer, age-standardized death rates (15+), per 100,000 population",https://www.who.int/data/gho/indicator-metadata-registry/imr-details/1413,PUBLISHED,Published,,2016,2016,,EMR,Eastern Mediterranean,,DJI,Djibouti,,MLE,Male,,110.6,,,,,,
SA_0000001807,"Cancer, age-standardized death rates (15+), per 100,000 population",https://www.who.int/data/gho/indicator-metadata-registry/imr-details/1413,PUBLISHED,Published,,2016,2016,,EMR,Eastern Mediterranean,,LBY,Libya,,MLE,Male,,174.9,,,,,,
SA_0000001807,"Cancer, age-standardized death rates (15+), per 100,000 population",https://www.who.int/data/gho/indicator-metadata-registry/imr-details/1413,PUBLISHED,Published,,2016,2016,,EMR,Eastern Mediterranean,,OMN,Oman,,MLE,Male,,110.2,,,,,,
SA_0000001807,"Cancer, age-standardized death rates (15+), per 100,000 population",https://www.who.int/data/gho/indicator-metadata-registry/imr-details/1413,PUBLISHED,Published,,2016,2016,,EMR,Eastern Mediterranean,,JOR,Jordan,,FMLE,Female,,95,,,,,,
SA_0000001807,"Cancer, age-standardized death rates (15+), per 100,000 population",https://www.who.int/data/gho/indicator-metadata-registry/imr-details/1413,PUBLISHED,Published,,2016,2016,,EMR,Eastern Mediterranean,,LBN,Lebanon,,FMLE,Female,,126.7,,,,,,
SA_0000001807,"Cancer, age-standardized death rates (15+), per 100,000 population",https://www.who.int/data/gho/indicator-metadata-registry/imr-details/1413,PUBLISHED,Published,,2016,2016,,EMR,Eastern Mediterranean,,SOM,Somalia,,FMLE,Female,,143.8,,,,,,
SA_0000001807,"Cancer, age-standardized death rates (15+), per 100,000 population",https://www.who.int/data/gho/indicator-metadata-registry/imr-details/1413,PUBLISHED,Published,,2016,2016,,EMR,Eastern Mediterranean,,SYR,Syrian Arab Republic,,FMLE,Female,,150.6,,,,,,
SA_0000001807,"Cancer, age-standardized death rates (15+), per 100,000 population",https://www.who.int/data/gho/indicator-metadata-registry/imr-details/1413,PUBLISHED,Published,,2016,2016,,EMR,Eastern Mediterranean,,MAR,Morocco,,MLE,Male,,135.2,,,,,,
SA_0000001807,"Cancer, age-standardized death rates (15+), per 100,000 population",https://www.who.int/data/gho/indicator-metadata-registry/imr-details/1413,PUBLISHED,Published,,2016,2016,,EMR,Eastern Mediterranean,,SYR,Syrian Arab Republic,,MLE,Male,,201.4,,,,,,
SA_0000001807,"Cancer, age-standardized death rates (15+), per 100,000 population",https://www.who.int/data/gho/indicator-metadata-registry/imr-details/1413,PUBLISHED,Published,,2016,2016,,EMR,Eastern Mediterranean,,LBY,Libya,,FMLE,Female,,107.5,,,,,,
SA_0000001807,"Cancer, age-standardized death rates (15+), per 100,000 population",https://www.who.int/data/gho/indicator-metadata-registry/imr-details/1413,PUBLISHED,Published,,2016,2016,,EMR,Eastern Mediterranean,,SDN,Sudan,,FMLE,Female,,101.2,,,,,,
SA_0000001807,"Cancer, age-standardized death rates (15+), per 100,000 population",https://www.who.int/data/gho/indicator-metadata-registry/imr-details/1413,PUBLISHED,Published,,2016,2016,,EMR,Eastern Mediterranean,,DJI,Djibouti,,FMLE,Female,,128.9,,,,,,
SA_0000001807,"Cancer, age-standardized death rates (15+), per 100,000 population",https://www.who.int/data/gho/indicator-metadata-registry/imr-details/1413,PUBLISHED,Published,,2016,2016,,EMR,Eastern Mediterranean,,IRN,Iran (Islamic Republic of),,FMLE,Female,,111.9,,,,,,
SA_0000001807,"Cancer, age-standardized death rates (15+), per 100,000 population",https://www.who.int/data/gho/indicator-metadata-registry/imr-details/1413,PUBLISHED,Published,,2016,2016,,EMR,Eastern Mediterranean,,ARE,United Arab Emirates,,FMLE,Female,,81.5,,,,,,
SA_0000001807,"Cancer, age-standardized death rates (15+), per 100,000 population",https://www.who.int/data/gho/indicator-metadata-registry/imr-details/1413,PUBLISHED,Published,,2016,2016,,EMR,Eastern Mediterranean,,SOM,Somalia,,MLE,Male,,116.3,,,,,,
SA_0000001807,"Cancer, age-standardized death rates (15+), per 100,000 population",https://www.who.int/data/gho/indicator-metadata-registry/imr-details/1413,PUBLISHED,Published,,2016,2016,,EMR,Eastern Mediterranean,,QAT,Qatar,,MLE,Male,,116.2,,,,,,
SA_0000001807,"Cancer, age-standardized death rates (15+), per 100,000 population",https://www.who.int/data/gho/indicator-metadata-registry/imr-details/1413,PUBLISHED,Published,,2016,2016,,EUR,Europe,,ITA,Italy,,MLE,Male,,191.7,,,,,,
SA_0000001807,"Cancer, age-standardized death rates (15+), per 100,000 population",https://www.who.int/data/gho/indicator-metadata-registry/imr-details/1413,PUBLISHED,Published,,2016,2016,,EUR,Europe,,BLR,Belarus,,MLE,Male,,245.3,,,,,,
SA_0000001807,"Cancer, age-standardized death rates (15+), per 100,000 population",https://www.who.int/data/gho/indicator-metadata-registry/imr-details/1413,PUBLISHED,Published,,2016,2016,,EUR,Europe,,DNK,Denmark,,MLE,Male,,212.4,,,,,,
SA_0000001807,"Cancer, age-standardized death rates (15+), per 100,000 population",https://www.who.int/data/gho/indicator-metadata-registry/imr-details/1413,PUBLISHED,Published,,2016,2016,,EUR,Europe,,AZE,Azerbaijan,,FMLE,Female,,108.4,,,,,,
SA_0000001807,"Cancer, age-standardized death rates (15+), per 100,000 population",https://www.who.int/data/gho/indicator-metadata-registry/imr-details/1413,PUBLISHED,Published,,2016,2016,,EUR,Europe,,CZE,Czechia,,FMLE,Female,,138.7,,,,,,
SA_0000001807,"Cancer, age-standardized death rates (15+), per 100,000 population",https://www.who.int/data/gho/indicator-metadata-registry/imr-details/1413,PUBLISHED,Published,,2016,2016,,EUR,Europe,,GRC,Greece,,FMLE,Female,,115.8,,,,,,
SA_0000001807,"Cancer, age-standardized death rates (15+), per 100,000 population",https://www.who.int/data/gho/indicator-metadata-registry/imr-details/1413,PUBLISHED,Published,,2016,2016,,EUR,Europe,,MLT,Malta,,FMLE,Female,,120.8,,,,,,
SA_0000001807,"Cancer, age-standardized death rates (15+), per 100,000 population",https://www.who.int/data/gho/indicator-metadata-registry/imr-details/1413,PUBLISHED,Published,,2016,2016,,EUR,Europe,,MDA,Republic of Moldova,,FMLE,Female,,126.3,,,,,,
SA_0000001807,"Cancer, age-standardized death rates (15+), per 100,000 population",https://www.who.int/data/gho/indicator-metadata-registry/imr-details/1413,PUBLISHED,Published,,2016,2016,,EUR,Europe,,ESP,Spain,,FMLE,Female,,100.1,,,,,,
SA_0000001807,"Cancer, age-standardized death rates (15+), per 100,000 population",https://www.who.int/data/gho/indicator-metadata-registry/imr-details/1413,PUBLISHED,Published,,2016,2016,,EUR,Europe,,MKD,Republic of North Macedonia,,FMLE,Female,,129.2,,,,,,
SA_0000001807,"Cancer, age-standardized death rates (15+), per 100,000 population",https://www.who.int/data/gho/indicator-metadata-registry/imr-details/1413,PUBLISHED,Published,,2016,2016,,EUR,Europe,,MCO,Monaco,,MLE,Male,,No data,,,,,,
SA_0000001807,"Cancer, age-standardized death rates (15+), per 100,000 population",https://www.who.int/data/gho/indicator-metadata-registry/imr-details/1413,PUBLISHED,Published,,2016,2016,,EUR,Europe,,ROU,Romania,,MLE,Male,,269.1,,,,,,
SA_0000001807,"Cancer, age-standardized death rates (15+), per 100,000 population",https://www.who.int/data/gho/indicator-metadata-registry/imr-details/1413,PUBLISHED,Published,,2016,2016,,EUR,Europe,,TUR,Turkey,,MLE,Male,,254.4,,,,,,
SA_0000001807,"Cancer, age-standardized death rates (15+), per 100,000 population",https://www.who.int/data/gho/indicator-metadata-registry/imr-details/1413,PUBLISHED,Published,,2016,2016,,EUR,Europe,,CYP,Cyprus,,MLE,Male,,192.2,,,,,,
SA_0000001807,"Cancer, age-standardized death rates (15+), per 100,000 population",https://www.who.int/data/gho/indicator-metadata-registry/imr-details/1413,PUBLISHED,Published,,2016,2016,,EUR,Europe,,BGR,Bulgaria,,MLE,Male,,244.9,,,,,,
SA_0000001807,"Cancer, age-standardized death rates (15+), per 100,000 population",https://www.who.int/data/gho/indicator-metadata-registry/imr-details/1413,PUBLISHED,Published,,2016,2016,,EUR,Europe,,AND,Andorra,,FMLE,Female,,No data,,,,,,
SA_0000001807,"Cancer, age-standardized death rates (15+), per 100,000 population",https://www.who.int/data/gho/indicator-metadata-registry/imr-details/1413,PUBLISHED,Published,,2016,2016,,EUR,Europe,,FIN,Finland,,FMLE,Female,,111.5,,,,,,
SA_0000001807,"Cancer, age-standardized death rates (15+), per 100,000 population",https://www.who.int/data/gho/indicator-metadata-registry/imr-details/1413,PUBLISHED,Published,,2016,2016,,EUR,Europe,,GEO,Georgia,,FMLE,Female,,120.4,,,,,,
SA_0000001807,"Cancer, age-standardized death rates (15+), per 100,000 population",https://www.who.int/data/gho/indicator-metadata-registry/imr-details/1413,PUBLISHED,Published,,2016,2016,,EUR,Europe,,MNE,Montenegro,,FMLE,Female,,152.8,,,,,,
SA_0000001807,"Cancer, age-standardized death rates (15+), per 100,000 population",https://www.who.int/data/gho/indicator-metadata-registry/imr-details/1413,PUBLISHED,Published,,2016,2016,,EUR,Europe,,NOR,Norway,,FMLE,Female,,131.6,,,,,,
SA_0000001807,"Cancer, age-standardized death rates (15+), per 100,000 population",https://www.who.int/data/gho/indicator-metadata-registry/imr-details/1413,PUBLISHED,Published,,2016,2016,,EUR,Europe,,KGZ,Kyrgyzstan,,MLE,Male,,158.6,,,,,,
SA_0000001807,"Cancer, age-standardized death rates (15+), per 100,000 population",https://www.who.int/data/gho/indicator-metadata-registry/imr-details/1413,PUBLISHED,Published,,2016,2016,,EUR,Europe,,LTU,Lithuania,,MLE,Male,,282.9,,,,,,
SA_0000001807,"Cancer, age-standardized death rates (15+), per 100,000 population",https://www.who.int/data/gho/indicator-metadata-registry/imr-details/1413,PUBLISHED,Published,,2016,2016,,EUR,Europe,,SVN,Slovenia,,MLE,Male,,253.4,,,,,,
SA_0000001807,"Cancer, age-standardized death rates (15+), per 100,000 population",https://www.who.int/data/gho/indicator-metadata-registry/imr-details/1413,PUBLISHED,Published,,2016,2016,,EUR,Europe,,SWE,Sweden,,MLE,Male,,160.8,,,,,,
SA_0000001807,"Cancer, age-standardized death rates (15+), per 100,000 population",https://www.who.int/data/gho/indicator-metadata-registry/imr-details/1413,PUBLISHED,Published,,2016,2016,,EUR,Europe,,TUR,Turkey,,FMLE,Female,,112.7,,,,,,
SA_0000001807,"Cancer, age-standardized death rates (15+), per 100,000 population",https://www.who.int/data/gho/indicator-metadata-registry/imr-details/1413,PUBLISHED,Published,,2016,2016,,EUR,Europe,,UKR,Ukraine,,FMLE,Female,,126.2,,,,,,
SA_0000001807,"Cancer, age-standardized death rates (15+), per 100,000 population",https://www.who.int/data/gho/indicator-metadata-registry/imr-details/1413,PUBLISHED,Published,,2016,2016,,EUR,Europe,,PRT,Portugal,,MLE,Male,,227.3,,,,,,
SA_0000001807,"Cancer, age-standardized death rates (15+), per 100,000 population",https://www.who.int/data/gho/indicator-metadata-registry/imr-details/1413,PUBLISHED,Published,,2016,2016,,EUR,Europe,,BEL,Belgium,,FMLE,Female,,129.5,,,,,,
SA_0000001807,"Cancer, age-standardized death rates (15+), per 100,000 population",https://www.who.int/data/gho/indicator-metadata-registry/imr-details/1413,PUBLISHED,Published,,2016,2016,,EUR,Europe,,HRV,Croatia,,FMLE,Female,,151.8,,,,,,
SA_0000001807,"Cancer, age-standardized death rates (15+), per 100,000 population",https://www.who.int/data/gho/indicator-metadata-registry/imr-details/1413,PUBLISHED,Published,,2016,2016,,EUR,Europe,,ITA,Italy,,FMLE,Female,,120.5,,,,,,
SA_0000001807,"Cancer, age-standardized death rates (15+), per 100,000 population",https://www.who.int/data/gho/indicator-metadata-registry/imr-details/1413,PUBLISHED,Published,,2016,2016,,EUR,Europe,,KAZ,Kazakhstan,,FMLE,Female,,162.3,,,,,,
SA_0000001807,"Cancer, age-standardized death rates (15+), per 100,000 population",https://www.who.int/data/gho/indicator-metadata-registry/imr-details/1413,PUBLISHED,Published,,2016,2016,,EUR,Europe,,SVK,Slovakia,,FMLE,Female,,155.8,,,,,,
SA_0000001807,"Cancer, age-standardized death rates (15+), per 100,000 population",https://www.who.int/data/gho/indicator-metadata-registry/imr-details/1413,PUBLISHED,Published,,2016,2016,,EUR,Europe,,SVN,Slovenia,,FMLE,Female,,145,,,,,,
SA_0000001807,"Cancer, age-standardized death rates (15+), per 100,000 population",https://www.who.int/data/gho/indicator-metadata-registry/imr-details/1413,PUBLISHED,Published,,2016,2016,,EUR,Europe,,MDA,Republic of Moldova,,MLE,Male,,244.7,,,,,,
SA_0000001807,"Cancer, age-standardized death rates (15+), per 100,000 population",https://www.who.int/data/gho/indicator-metadata-registry/imr-details/1413,PUBLISHED,Published,,2016,2016,,EUR,Europe,,TKM,Turkmenistan,,MLE,Male,,172.2,,,,,,
SA_0000001807,"Cancer, age-standardized death rates (15+), per 100,000 population",https://www.who.int/data/gho/indicator-metadata-registry/imr-details/1413,PUBLISHED,Published,,2016,2016,,EUR,Europe,,UKR,Ukraine,,MLE,Male,,247.2,,,,,,
SA_0000001807,"Cancer, age-standardized death rates (15+), per 100,000 population",https://www.who.int/data/gho/indicator-metadata-registry/imr-details/1413,PUBLISHED,Published,,2016,2016,,EUR,Europe,,ALB,Albania,,MLE,Male,,186.4,,,,,,
SA_0000001807,"Cancer, age-standardized death rates (15+), per 100,000 population",https://www.who.int/data/gho/indicator-metadata-registry/imr-details/1413,PUBLISHED,Published,,2016,2016,,EUR,Europe,,DEU,Germany,,MLE,Male,,198.9,,,,,,
SA_0000001807,"Cancer, age-standardized death rates (15+), per 100,000 population",https://www.who.int/data/gho/indicator-metadata-registry/imr-details/1413,PUBLISHED,Published,,2016,2016,,EUR,Europe,,GRC,Greece,,MLE,Male,,221.3,,,,,,
SA_0000001807,"Cancer, age-standardized death rates (15+), per 100,000 population",https://www.who.int/data/gho/indicator-metadata-registry/imr-details/1413,PUBLISHED,Published,,2016,2016,,EUR,Europe,,AZE,Azerbaijan,,MLE,Male,,192.5,,,,,,
SA_0000001807,"Cancer, age-standardized death rates (15+), per 100,000 population",https://www.who.int/data/gho/indicator-metadata-registry/imr-details/1413,PUBLISHED,Published,,2016,2016,,EUR,Europe,,BEL,Belgium,,MLE,Male,,204.3,,,,,,
SA_0000001807,"Cancer, age-standardized death rates (15+), per 100,000 population",https://www.who.int/data/gho/indicator-metadata-registry/imr-details/1413,PUBLISHED,Published,,2016,2016,,EUR,Europe,,MLT,Malta,,MLE,Male,,181.6,,,,,,
SA_0000001807,"Cancer, age-standardized death rates (15+), per 100,000 population",https://www.who.int/data/gho/indicator-metadata-registry/imr-details/1413,PUBLISHED,Published,,2016,2016,,EUR,Europe,,MNE,Montenegro,,MLE,Male,,255.1,,,,,,
SA_0000001807,"Cancer, age-standardized death rates (15+), per 100,000 population",https://www.who.int/data/gho/indicator-metadata-registry/imr-details/1413,PUBLISHED,Published,,2016,2016,,EUR,Europe,,RUS,Russian Federation,,MLE,Male,,298.4,,,,,,
SA_0000001807,"Cancer, age-standardized death rates (15+), per 100,000 population",https://www.who.int/data/gho/indicator-metadata-registry/imr-details/1413,PUBLISHED,Published,,2016,2016,,EUR,Europe,,SRB,Serbia,,MLE,Male,,261.6,,,,,,
SA_0000001807,"Cancer, age-standardized death rates (15+), per 100,000 population",https://www.who.int/data/gho/indicator-metadata-registry/imr-details/1413,PUBLISHED,Published,,2016,2016,,EUR,Europe,,AUT,Austria,,FMLE,Female,,123.6,,,,,,
SA_0000001807,"Cancer, age-standardized death rates (15+), per 100,000 population",https://www.who.int/data/gho/indicator-metadata-registry/imr-details/1413,PUBLISHED,Published,,2016,2016,,EUR,Europe,,BLR,Belarus,,FMLE,Female,,110.4,,,,,,
SA_0000001807,"Cancer, age-standardized death rates (15+), per 100,000 population",https://www.who.int/data/gho/indicator-metadata-registry/imr-details/1413,PUBLISHED,Published,,2016,2016,,EUR,Europe,,CYP,Cyprus,,FMLE,Female,,107.8,,,,,,
SA_0000001807,"Cancer, age-standardized death rates (15+), per 100,000 population",https://www.who.int/data/gho/indicator-metadata-registry/imr-details/1413,PUBLISHED,Published,,2016,2016,,EUR,Europe,,DNK,Denmark,,FMLE,Female,,162.4,,,,,,
SA_0000001807,"Cancer, age-standardized death rates (15+), per 100,000 population",https://www.who.int/data/gho/indicator-metadata-registry/imr-details/1413,PUBLISHED,Published,,2016,2016,,EUR,Europe,,PRT,Portugal,,FMLE,Female,,108.8,,,,,,
SA_0000001807,"Cancer, age-standardized death rates (15+), per 100,000 population",https://www.who.int/data/gho/indicator-metadata-registry/imr-details/1413,PUBLISHED,Published,,2016,2016,,EUR,Europe,,ROU,Romania,,FMLE,Female,,140.2,,,,,,
SA_0000001807,"Cancer, age-standardized death rates (15+), per 100,000 population",https://www.who.int/data/gho/indicator-metadata-registry/imr-details/1413,PUBLISHED,Published,,2016,2016,,EUR,Europe,,SWE,Sweden,,FMLE,Female,,128.3,,,,,,
SA_0000001807,"Cancer, age-standardized death rates (15+), per 100,000 population",https://www.who.int/data/gho/indicator-metadata-registry/imr-details/1413,PUBLISHED,Published,,2016,2016,,EUR,Europe,,TJK,Tajikistan,,FMLE,Female,,99.1,,,,,,
SA_0000001807,"Cancer, age-standardized death rates (15+), per 100,000 population",https://www.who.int/data/gho/indicator-metadata-registry/imr-details/1413,PUBLISHED,Published,,2016,2016,,EUR,Europe,,NOR,Norway,,MLE,Male,,178.6,,,,,,
SA_0000001807,"Cancer, age-standardized death rates (15+), per 100,000 population",https://www.who.int/data/gho/indicator-metadata-registry/imr-details/1413,PUBLISHED,Published,,2016,2016,,EUR,Europe,,BIH,Bosnia and Herzegovina,,FMLE,Female,,115.3,,,,,,
SA_0000001807,"Cancer, age-standardized death rates (15+), per 100,000 population",https://www.who.int/data/gho/indicator-metadata-registry/imr-details/1413,PUBLISHED,Published,,2016,2016,,EUR,Europe,,BGR,Bulgaria,,FMLE,Female,,135,,,,,,
SA_0000001807,"Cancer, age-standardized death rates (15+), per 100,000 population",https://www.who.int/data/gho/indicator-metadata-registry/imr-details/1413,PUBLISHED,Published,,2016,2016,,EUR,Europe,,ISR,Israel,,FMLE,Female,,127.9,,,,,,
SA_0000001807,"Cancer, age-standardized death rates (15+), per 100,000 population",https://www.who.int/data/gho/indicator-metadata-registry/imr-details/1413,PUBLISHED,Published,,2016,2016,,EUR,Europe,,KGZ,Kyrgyzstan,,FMLE,Female,,105.6,,,,,,
SA_0000001807,"Cancer, age-standardized death rates (15+), per 100,000 population",https://www.who.int/data/gho/indicator-metadata-registry/imr-details/1413,PUBLISHED,Published,,2016,2016,,EUR,Europe,,LVA,Latvia,,FMLE,Female,,142.8,,,,,,
SA_0000001807,"Cancer, age-standardized death rates (15+), per 100,000 population",https://www.who.int/data/gho/indicator-metadata-registry/imr-details/1413,PUBLISHED,Published,,2016,2016,,EUR,Europe,,SMR,San Marino,,FMLE,Female,,No data,,,,,,
SA_0000001807,"Cancer, age-standardized death rates (15+), per 100,000 population",https://www.who.int/data/gho/indicator-metadata-registry/imr-details/1413,PUBLISHED,Published,,2016,2016,,EUR,Europe,,SRB,Serbia,,FMLE,Female,,155.2,,,,,,
SA_0000001807,"Cancer, age-standardized death rates (15+), per 100,000 population",https://www.who.int/data/gho/indicator-metadata-registry/imr-details/1413,PUBLISHED,Published,,2016,2016,,EUR,Europe,,POL,Poland,,MLE,Male,,278.8,,,,,,
SA_0000001807,"Cancer, age-standardized death rates (15+), per 100,000 population",https://www.who.int/data/gho/indicator-metadata-registry/imr-details/1413,PUBLISHED,Published,,2016,2016,,EUR,Europe,,GBR,United Kingdom of Great Britain and Northern Ireland,,MLE,Male,,189.7,,,,,,
SA_0000001807,"Cancer, age-standardized death rates (15+), per 100,000 population",https://www.who.int/data/gho/indicator-metadata-registry/imr-details/1413,PUBLISHED,Published,,2016,2016,,EUR,Europe,,UZB,Uzbekistan,,MLE,Male,,86,,,,,,
SA_0000001807,"Cancer, age-standardized death rates (15+), per 100,000 population",https://www.who.int/data/gho/indicator-metadata-registry/imr-details/1413,PUBLISHED,Published,,2016,2016,,EUR,Europe,,AND,Andorra,,MLE,Male,,No data,,,,,,
SA_0000001807,"Cancer, age-standardized death rates (15+), per 100,000 population",https://www.who.int/data/gho/indicator-metadata-registry/imr-details/1413,PUBLISHED,Published,,2016,2016,,EUR,Europe,,ARM,Armenia,,MLE,Male,,354.5,,,,,,
SA_0000001807,"Cancer, age-standardized death rates (15+), per 100,000 population",https://www.who.int/data/gho/indicator-metadata-registry/imr-details/1413,PUBLISHED,Published,,2016,2016,,EUR,Europe,,GEO,Georgia,,MLE,Male,,199.9,,,,,,
SA_0000001807,"Cancer, age-standardized death rates (15+), per 100,000 population",https://www.who.int/data/gho/indicator-metadata-registry/imr-details/1413,PUBLISHED,Published,,2016,2016,,EUR,Europe,,HUN,Hungary,,MLE,Male,,322.9,,,,,,
SA_0000001807,"Cancer, age-standardized death rates (15+), per 100,000 population",https://www.who.int/data/gho/indicator-metadata-registry/imr-details/1413,PUBLISHED,Published,,2016,2016,,EUR,Europe,,FRA,France,,MLE,Male,,219.3,,,,,,
SA_0000001807,"Cancer, age-standardized death rates (15+), per 100,000 population",https://www.who.int/data/gho/indicator-metadata-registry/imr-details/1413,PUBLISHED,Published,,2016,2016,,EUR,Europe,,MCO,Monaco,,FMLE,Female,,No data,,,,,,
SA_0000001807,"Cancer, age-standardized death rates (15+), per 100,000 population",https://www.who.int/data/gho/indicator-metadata-registry/imr-details/1413,PUBLISHED,Published,,2016,2016,,EUR,Europe,,ISL,Iceland,,MLE,Male,,167.5,,,,,,
SA_0000001807,"Cancer, age-standardized death rates (15+), per 100,000 population",https://www.who.int/data/gho/indicator-metadata-registry/imr-details/1413,PUBLISHED,Published,,2016,2016,,EUR,Europe,,ISR,Israel,,MLE,Male,,174.3,,,,,,
SA_0000001807,"Cancer, age-standardized death rates (15+), per 100,000 population",https://www.who.int/data/gho/indicator-metadata-registry/imr-details/1413,PUBLISHED,Published,,2016,2016,,EUR,Europe,,EST,Estonia,,MLE,Male,,285.6,,,,,,
SA_0000001807,"Cancer, age-standardized death rates (15+), per 100,000 population",https://www.who.int/data/gho/indicator-metadata-registry/imr-details/1413,PUBLISHED,Published,,2016,2016,,EUR,Europe,,HUN,Hungary,,FMLE,Female,,178.9,,,,,,
SA_0000001807,"Cancer, age-standardized death rates (15+), per 100,000 population",https://www.who.int/data/gho/indicator-metadata-registry/imr-details/1413,PUBLISHED,Published,,2016,2016,,EUR,Europe,,IRL,Ireland,,FMLE,Female,,149,,,,,,
SA_0000001807,"Cancer, age-standardized death rates (15+), per 100,000 population",https://www.who.int/data/gho/indicator-metadata-registry/imr-details/1413,PUBLISHED,Published,,2016,2016,,EUR,Europe,,LUX,Luxembourg,,FMLE,Female,,125.4,,,,,,
SA_0000001807,"Cancer, age-standardized death rates (15+), per 100,000 population",https://www.who.int/data/gho/indicator-metadata-registry/imr-details/1413,PUBLISHED,Published,,2016,2016,,EUR,Europe,,CHE,Switzerland,,MLE,Male,,170,,,,,,
SA_0000001807,"Cancer, age-standardized death rates (15+), per 100,000 population",https://www.who.int/data/gho/indicator-metadata-registry/imr-details/1413,PUBLISHED,Published,,2016,2016,,EUR,Europe,,MKD,Republic of North Macedonia,,MLE,Male,,226.3,,,,,,
SA_0000001807,"Cancer, age-standardized death rates (15+), per 100,000 population",https://www.who.int/data/gho/indicator-metadata-registry/imr-details/1413,PUBLISHED,Published,,2016,2016,,EUR,Europe,,AUT,Austria,,MLE,Male,,184.2,,,,,,
SA_0000001807,"Cancer, age-standardized death rates (15+), per 100,000 population",https://www.who.int/data/gho/indicator-metadata-registry/imr-details/1413,PUBLISHED,Published,,2016,2016,,EUR,Europe,,BIH,Bosnia and Herzegovina,,MLE,Male,,207.5,,,,,,
SA_0000001807,"Cancer, age-standardized death rates (15+), per 100,000 population",https://www.who.int/data/gho/indicator-metadata-registry/imr-details/1413,PUBLISHED,Published,,2016,2016,,EUR,Europe,,FIN,Finland,,MLE,Male,,162.1,,,,,,
SA_0000001807,"Cancer, age-standardized death rates (15+), per 100,000 population",https://www.who.int/data/gho/indicator-metadata-registry/imr-details/1413,PUBLISHED,Published,,2016,2016,,EUR,Europe,,IRL,Ireland,,MLE,Male,,187.3,,,,,,
SA_0000001807,"Cancer, age-standardized death rates (15+), per 100,000 population",https://www.who.int/data/gho/indicator-metadata-registry/imr-details/1413,PUBLISHED,Published,,2016,2016,,EUR,Europe,,LUX,Luxembourg,,MLE,Male,,188.9,,,,,,
SA_0000001807,"Cancer, age-standardized death rates (15+), per 100,000 population",https://www.who.int/data/gho/indicator-metadata-registry/imr-details/1413,PUBLISHED,Published,,2016,2016,,EUR,Europe,,NLD,Netherlands,,MLE,Male,,216.8,,,,,,
SA_0000001807,"Cancer, age-standardized death rates (15+), per 100,000 population",https://www.who.int/data/gho/indicator-metadata-registry/imr-details/1413,PUBLISHED,Published,,2016,2016,,EUR,Europe,,SMR,San Marino,,MLE,Male,,No data,,,,,,
SA_0000001807,"Cancer, age-standardized death rates (15+), per 100,000 population",https://www.who.int/data/gho/indicator-metadata-registry/imr-details/1413,PUBLISHED,Published,,2016,2016,,EUR,Europe,,TJK,Tajikistan,,MLE,Male,,126.6,,,,,,
SA_0000001807,"Cancer, age-standardized death rates (15+), per 100,000 population",https://www.who.int/data/gho/indicator-metadata-registry/imr-details/1413,PUBLISHED,Published,,2016,2016,,EUR,Europe,,ARM,Armenia,,FMLE,Female,,200.1,,,,,,
SA_0000001807,"Cancer, age-standardized death rates (15+), per 100,000 population",https://www.who.int/data/gho/indicator-metadata-registry/imr-details/1413,PUBLISHED,Published,,2016,2016,,EUR,Europe,,EST,Estonia,,FMLE,Female,,137.8,,,,,,
SA_0000001807,"Cancer, age-standardized death rates (15+), per 100,000 population",https://www.who.int/data/gho/indicator-metadata-registry/imr-details/1413,PUBLISHED,Published,,2016,2016,,EUR,Europe,,ISL,Iceland,,FMLE,Female,,149.1,,,,,,
SA_0000001807,"Cancer, age-standardized death rates (15+), per 100,000 population",https://www.who.int/data/gho/indicator-metadata-registry/imr-details/1413,PUBLISHED,Published,,2016,2016,,EUR,Europe,,LTU,Lithuania,,FMLE,Female,,134.2,,,,,,
SA_0000001807,"Cancer, age-standardized death rates (15+), per 100,000 population",https://www.who.int/data/gho/indicator-metadata-registry/imr-details/1413,PUBLISHED,Published,,2016,2016,,EUR,Europe,,RUS,Russian Federation,,FMLE,Female,,153.1,,,,,,
SA_0000001807,"Cancer, age-standardized death rates (15+), per 100,000 population",https://www.who.int/data/gho/indicator-metadata-registry/imr-details/1413,PUBLISHED,Published,,2016,2016,,EUR,Europe,,CHE,Switzerland,,FMLE,Female,,112.7,,,,,,
SA_0000001807,"Cancer, age-standardized death rates (15+), per 100,000 population",https://www.who.int/data/gho/indicator-metadata-registry/imr-details/1413,PUBLISHED,Published,,2016,2016,,EUR,Europe,,UZB,Uzbekistan,,FMLE,Female,,74.2,,,,,,
SA_0000001807,"Cancer, age-standardized death rates (15+), per 100,000 population",https://www.who.int/data/gho/indicator-metadata-registry/imr-details/1413,PUBLISHED,Published,,2016,2016,,EUR,Europe,,LVA,Latvia,,MLE,Male,,292.2,,,,,,
SA_0000001807,"Cancer, age-standardized death rates (15+), per 100,000 population",https://www.who.int/data/gho/indicator-metadata-registry/imr-details/1413,PUBLISHED,Published,,2016,2016,,EUR,Europe,,ALB,Albania,,FMLE,Female,,138.2,,,,,,
SA_0000001807,"Cancer, age-standardized death rates (15+), per 100,000 population",https://www.who.int/data/gho/indicator-metadata-registry/imr-details/1413,PUBLISHED,Published,,2016,2016,,EUR,Europe,,FRA,France,,FMLE,Female,,126.1,,,,,,
SA_0000001807,"Cancer, age-standardized death rates (15+), per 100,000 population",https://www.who.int/data/gho/indicator-metadata-registry/imr-details/1413,PUBLISHED,Published,,2016,2016,,EUR,Europe,,DEU,Germany,,FMLE,Female,,131,,,,,,
SA_0000001807,"Cancer, age-standardized death rates (15+), per 100,000 population",https://www.who.int/data/gho/indicator-metadata-registry/imr-details/1413,PUBLISHED,Published,,2016,2016,,EUR,Europe,,NLD,Netherlands,,FMLE,Female,,157.3,,,,,,
SA_0000001807,"Cancer, age-standardized death rates (15+), per 100,000 population",https://www.who.int/data/gho/indicator-metadata-registry/imr-details/1413,PUBLISHED,Published,,2016,2016,,EUR,Europe,,POL,Poland,,FMLE,Female,,156.4,,,,,,
SA_0000001807,"Cancer, age-standardized death rates (15+), per 100,000 population",https://www.who.int/data/gho/indicator-metadata-registry/imr-details/1413,PUBLISHED,Published,,2016,2016,,EUR,Europe,,TKM,Turkmenistan,,FMLE,Female,,116.5,,,,,,
SA_0000001807,"Cancer, age-standardized death rates (15+), per 100,000 population",https://www.who.int/data/gho/indicator-metadata-registry/imr-details/1413,PUBLISHED,Published,,2016,2016,,EUR,Europe,,GBR,United Kingdom of Great Britain and Northern Ireland,,FMLE,Female,,143.1,,,,,,
SA_0000001807,"Cancer, age-standardized death rates (15+), per 100,000 population",https://www.who.int/data/gho/indicator-metadata-registry/imr-details/1413,PUBLISHED,Published,,2016,2016,,EUR,Europe,,SVK,Slovakia,,MLE,Male,,305.9,,,,,,
SA_0000001807,"Cancer, age-standardized death rates (15+), per 100,000 population",https://www.who.int/data/gho/indicator-metadata-registry/imr-details/1413,PUBLISHED,Published,,2016,2016,,EUR,Europe,,ESP,Spain,,MLE,Male,,200.7,,,,,,
SA_0000001807,"Cancer, age-standardized death rates (15+), per 100,000 population",https://www.who.int/data/gho/indicator-metadata-registry/imr-details/1413,PUBLISHED,Published,,2016,2016,,EUR,Europe,,HRV,Croatia,,MLE,Male,,297.2,,,,,,
SA_0000001807,"Cancer, age-standardized death rates (15+), per 100,000 population",https://www.who.int/data/gho/indicator-metadata-registry/imr-details/1413,PUBLISHED,Published,,2016,2016,,EUR,Europe,,CZE,Czechia,,MLE,Male,,229.4,,,,,,
SA_0000001807,"Cancer, age-standardized death rates (15+), per 100,000 population",https://www.who.int/data/gho/indicator-metadata-registry/imr-details/1413,PUBLISHED,Published,,2016,2016,,EUR,Europe,,KAZ,Kazakhstan,,MLE,Male,,277.9,,,,,,
SA_0000001807,"Cancer, age-standardized death rates (15+), per 100,000 population",https://www.who.int/data/gho/indicator-metadata-registry/imr-details/1413,PUBLISHED,Published,,2016,2016,,SEAR,South-East Asia,,THA,Thailand,,MLE,Male,,176.2,,,,,,
SA_0000001807,"Cancer, age-standardized death rates (15+), per 100,000 population",https://www.who.int/data/gho/indicator-metadata-registry/imr-details/1413,PUBLISHED,Published,,2016,2016,,SEAR,South-East Asia,,BTN,Bhutan,,FMLE,Female,,105.9,,,,,,
SA_0000001807,"Cancer, age-standardized death rates (15+), per 100,000 population",https://www.who.int/data/gho/indicator-metadata-registry/imr-details/1413,PUBLISHED,Published,,2016,2016,,SEAR,South-East Asia,,LKA,Sri Lanka,,FMLE,Female,,99.1,,,,,,
SA_0000001807,"Cancer, age-standardized death rates (15+), per 100,000 population",https://www.who.int/data/gho/indicator-metadata-registry/imr-details/1413,PUBLISHED,Published,,2016,2016,,SEAR,South-East Asia,,PRK,Democratic People's Republic of Korea,,MLE,Male,,245.2,,,,,,
SA_0000001807,"Cancer, age-standardized death rates (15+), per 100,000 population",https://www.who.int/data/gho/indicator-metadata-registry/imr-details/1413,PUBLISHED,Published,,2016,2016,,SEAR,South-East Asia,,MMR,Myanmar,,MLE,Male,,212,,,,,,
SA_0000001807,"Cancer, age-standardized death rates (15+), per 100,000 population",https://www.who.int/data/gho/indicator-metadata-registry/imr-details/1413,PUBLISHED,Published,,2016,2016,,SEAR,South-East Asia,,LKA,Sri Lanka,,MLE,Male,,135.4,,,,,,
SA_0000001807,"Cancer, age-standardized death rates (15+), per 100,000 population",https://www.who.int/data/gho/indicator-metadata-registry/imr-details/1413,PUBLISHED,Published,,2016,2016,,SEAR,South-East Asia,,BGD,Bangladesh,,MLE,Male,,127.7,,,,,,
SA_0000001807,"Cancer, age-standardized death rates (15+), per 100,000 population",https://www.who.int/data/gho/indicator-metadata-registry/imr-details/1413,PUBLISHED,Published,,2016,2016,,SEAR,South-East Asia,,IND,India,,FMLE,Female,,95.3,,,,,,
SA_0000001807,"Cancer, age-standardized death rates (15+), per 100,000 population",https://www.who.int/data/gho/indicator-metadata-registry/imr-details/1413,PUBLISHED,Published,,2016,2016,,SEAR,South-East Asia,,MMR,Myanmar,,FMLE,Female,,138.6,,,,,,
SA_0000001807,"Cancer, age-standardized death rates (15+), per 100,000 population",https://www.who.int/data/gho/indicator-metadata-registry/imr-details/1413,PUBLISHED,Published,,2016,2016,,SEAR,South-East Asia,,TLS,Timor-Leste,,MLE,Male,,215.1,,,,,,
SA_0000001807,"Cancer, age-standardized death rates (15+), per 100,000 population",https://www.who.int/data/gho/indicator-metadata-registry/imr-details/1413,PUBLISHED,Published,,2016,2016,,SEAR,South-East Asia,,IDN,Indonesia,,FMLE,Female,,126.4,,,,,,
SA_0000001807,"Cancer, age-standardized death rates (15+), per 100,000 population",https://www.who.int/data/gho/indicator-metadata-registry/imr-details/1413,PUBLISHED,Published,,2016,2016,,SEAR,South-East Asia,,MDV,Maldives,,FMLE,Female,,96.2,,,,,,
SA_0000001807,"Cancer, age-standardized death rates (15+), per 100,000 population",https://www.who.int/data/gho/indicator-metadata-registry/imr-details/1413,PUBLISHED,Published,,2016,2016,,SEAR,South-East Asia,,BGD,Bangladesh,,FMLE,Female,,97.6,,,,,,
SA_0000001807,"Cancer, age-standardized death rates (15+), per 100,000 population",https://www.who.int/data/gho/indicator-metadata-registry/imr-details/1413,PUBLISHED,Published,,2016,2016,,SEAR,South-East Asia,,PRK,Democratic People's Republic of Korea,,FMLE,Female,,159.1,,,,,,
SA_0000001807,"Cancer, age-standardized death rates (15+), per 100,000 population",https://www.who.int/data/gho/indicator-metadata-registry/imr-details/1413,PUBLISHED,Published,,2016,2016,,SEAR,South-East Asia,,NPL,Nepal,,FMLE,Female,,105,,,,,,
SA_0000001807,"Cancer, age-standardized death rates (15+), per 100,000 population",https://www.who.int/data/gho/indicator-metadata-registry/imr-details/1413,PUBLISHED,Published,,2016,2016,,SEAR,South-East Asia,,THA,Thailand,,FMLE,Female,,106.6,,,,,,
SA_0000001807,"Cancer, age-standardized death rates (15+), per 100,000 population",https://www.who.int/data/gho/indicator-metadata-registry/imr-details/1413,PUBLISHED,Published,,2016,2016,,SEAR,South-East Asia,,BTN,Bhutan,,MLE,Male,,118.1,,,,,,
SA_0000001807,"Cancer, age-standardized death rates (15+), per 100,000 population",https://www.who.int/data/gho/indicator-metadata-registry/imr-details/1413,PUBLISHED,Published,,2016,2016,,SEAR,South-East Asia,,IND,India,,MLE,Male,,107.2,,,,,,
SA_0000001807,"Cancer, age-standardized death rates (15+), per 100,000 population",https://www.who.int/data/gho/indicator-metadata-registry/imr-details/1413,PUBLISHED,Published,,2016,2016,,SEAR,South-East Asia,,IDN,Indonesia,,MLE,Male,,181,,,,,,
SA_0000001807,"Cancer, age-standardized death rates (15+), per 100,000 population",https://www.who.int/data/gho/indicator-metadata-registry/imr-details/1413,PUBLISHED,Published,,2016,2016,,SEAR,South-East Asia,,TLS,Timor-Leste,,FMLE,Female,,163.5,,,,,,
SA_0000001807,"Cancer, age-standardized death rates (15+), per 100,000 population",https://www.who.int/data/gho/indicator-metadata-registry/imr-details/1413,PUBLISHED,Published,,2016,2016,,SEAR,South-East Asia,,NPL,Nepal,,MLE,Male,,107.6,,,,,,
SA_0000001807,"Cancer, age-standardized death rates (15+), per 100,000 population",https://www.who.int/data/gho/indicator-metadata-registry/imr-details/1413,PUBLISHED,Published,,2016,2016,,SEAR,South-East Asia,,MDV,Maldives,,MLE,Male,,133,,,,,,
SA_0000001807,"Cancer, age-standardized death rates (15+), per 100,000 population",https://www.who.int/data/gho/indicator-metadata-registry/imr-details/1413,PUBLISHED,Published,,2016,2016,,WPR,Western Pacific,,MYS,Malaysia,,MLE,Male,,139.2,,,,,,
SA_0000001807,"Cancer, age-standardized death rates (15+), per 100,000 population",https://www.who.int/data/gho/indicator-metadata-registry/imr-details/1413,PUBLISHED,Published,,2016,2016,,WPR,Western Pacific,,PLW,Palau,,MLE,Male,,No data,,,,,,
SA_0000001807,"Cancer, age-standardized death rates (15+), per 100,000 population",https://www.who.int/data/gho/indicator-metadata-registry/imr-details/1413,PUBLISHED,Published,,2016,2016,,WPR,Western Pacific,,TON,Tonga,,MLE,Male,,257.3,,,,,,
SA_0000001807,"Cancer, age-standardized death rates (15+), per 100,000 population",https://www.who.int/data/gho/indicator-metadata-registry/imr-details/1413,PUBLISHED,Published,,2016,2016,,WPR,Western Pacific,,COK,Cook Islands,,FMLE,Female,,No data,,,,,,
SA_0000001807,"Cancer, age-standardized death rates (15+), per 100,000 population",https://www.who.int/data/gho/indicator-metadata-registry/imr-details/1413,PUBLISHED,Published,,2016,2016,,WPR,Western Pacific,,LAO,Lao People's Democratic Republic,,FMLE,Female,,141.3,,,,,,
SA_0000001807,"Cancer, age-standardized death rates (15+), per 100,000 population",https://www.who.int/data/gho/indicator-metadata-registry/imr-details/1413,PUBLISHED,Published,,2016,2016,,WPR,Western Pacific,,NIU,Niue,,FMLE,Female,,No data,,,,,,
SA_0000001807,"Cancer, age-standardized death rates (15+), per 100,000 population",https://www.who.int/data/gho/indicator-metadata-registry/imr-details/1413,PUBLISHED,Published,,2016,2016,,WPR,Western Pacific,,SLB,Solomon Islands,,FMLE,Female,,158.8,,,,,,
SA_0000001807,"Cancer, age-standardized death rates (15+), per 100,000 population",https://www.who.int/data/gho/indicator-metadata-registry/imr-details/1413,PUBLISHED,Published,,2016,2016,,WPR,Western Pacific,,MHL,Marshall Islands,,MLE,Male,,No data,,,,,,
SA_0000001807,"Cancer, age-standardized death rates (15+), per 100,000 population",https://www.who.int/data/gho/indicator-metadata-registry/imr-details/1413,PUBLISHED,Published,,2016,2016,,WPR,Western Pacific,,MNG,Mongolia,,MLE,Male,,370.8,,,,,,
SA_0000001807,"Cancer, age-standardized death rates (15+), per 100,000 population",https://www.who.int/data/gho/indicator-metadata-registry/imr-details/1413,PUBLISHED,Published,,2016,2016,,WPR,Western Pacific,,NZL,New Zealand,,MLE,Male,,173.8,,,,,,
SA_0000001807,"Cancer, age-standardized death rates (15+), per 100,000 population",https://www.who.int/data/gho/indicator-metadata-registry/imr-details/1413,PUBLISHED,Published,,2016,2016,,WPR,Western Pacific,,BRN,Brunei Darussalam,,FMLE,Female,,167.7,,,,,,
SA_0000001807,"Cancer, age-standardized death rates (15+), per 100,000 population",https://www.who.int/data/gho/indicator-metadata-registry/imr-details/1413,PUBLISHED,Published,,2016,2016,,WPR,Western Pacific,,CHN,China,,FMLE,Female,,118.8,,,,,,
SA_0000001807,"Cancer, age-standardized death rates (15+), per 100,000 population",https://www.who.int/data/gho/indicator-metadata-registry/imr-details/1413,PUBLISHED,Published,,2016,2016,,WPR,Western Pacific,,PHL,Philippines,,FMLE,Female,,116.4,,,,,,
SA_0000001807,"Cancer, age-standardized death rates (15+), per 100,000 population",https://www.who.int/data/gho/indicator-metadata-registry/imr-details/1413,PUBLISHED,Published,,2016,2016,,WPR,Western Pacific,,WSM,Samoa,,FMLE,Female,,120.1,,,,,,
SA_0000001807,"Cancer, age-standardized death rates (15+), per 100,000 population",https://www.who.int/data/gho/indicator-metadata-registry/imr-details/1413,PUBLISHED,Published,,2016,2016,,WPR,Western Pacific,,CHN,China,,MLE,Male,,247.6,,,,,,
SA_0000001807,"Cancer, age-standardized death rates (15+), per 100,000 population",https://www.who.int/data/gho/indicator-metadata-registry/imr-details/1413,PUBLISHED,Published,,2016,2016,,WPR,Western Pacific,,COK,Cook Islands,,MLE,Male,,No data,,,,,,
SA_0000001807,"Cancer, age-standardized death rates (15+), per 100,000 population",https://www.who.int/data/gho/indicator-metadata-registry/imr-details/1413,PUBLISHED,Published,,2016,2016,,WPR,Western Pacific,,SGP,Singapore,,MLE,Male,,164.5,,,,,,
SA_0000001807,"Cancer, age-standardized death rates (15+), per 100,000 population",https://www.who.int/data/gho/indicator-metadata-registry/imr-details/1413,PUBLISHED,Published,,2016,2016,,WPR,Western Pacific,,SLB,Solomon Islands,,MLE,Male,,140.8,,,,,,
SA_0000001807,"Cancer, age-standardized death rates (15+), per 100,000 population",https://www.who.int/data/gho/indicator-metadata-registry/imr-details/1413,PUBLISHED,Published,,2016,2016,,WPR,Western Pacific,,MYS,Malaysia,,FMLE,Female,,119.8,,,,,,
SA_0000001807,"Cancer, age-standardized death rates (15+), per 100,000 population",https://www.who.int/data/gho/indicator-metadata-registry/imr-details/1413,PUBLISHED,Published,,2016,2016,,WPR,Western Pacific,,MHL,Marshall Islands,,FMLE,Female,,No data,,,,,,
SA_0000001807,"Cancer, age-standardized death rates (15+), per 100,000 population",https://www.who.int/data/gho/indicator-metadata-registry/imr-details/1413,PUBLISHED,Published,,2016,2016,,WPR,Western Pacific,,BRN,Brunei Darussalam,,MLE,Male,,220.1,,,,,,
SA_0000001807,"Cancer, age-standardized death rates (15+), per 100,000 population",https://www.who.int/data/gho/indicator-metadata-registry/imr-details/1413,PUBLISHED,Published,,2016,2016,,WPR,Western Pacific,,JPN,Japan,,MLE,Male,,187.2,,,,,,
SA_0000001807,"Cancer, age-standardized death rates (15+), per 100,000 population",https://www.who.int/data/gho/indicator-metadata-registry/imr-details/1413,PUBLISHED,Published,,2016,2016,,WPR,Western Pacific,,LAO,Lao People's Democratic Republic,,MLE,Male,,243.3,,,,,,
SA_0000001807,"Cancer, age-standardized death rates (15+), per 100,000 population",https://www.who.int/data/gho/indicator-metadata-registry/imr-details/1413,PUBLISHED,Published,,2016,2016,,WPR,Western Pacific,,FJI,Fiji,,FMLE,Female,,113.2,,,,,,
SA_0000001807,"Cancer, age-standardized death rates (15+), per 100,000 population",https://www.who.int/data/gho/indicator-metadata-registry/imr-details/1413,PUBLISHED,Published,,2016,2016,,WPR,Western Pacific,,KIR,Kiribati,,FMLE,Female,,135.8,,,,,,
SA_0000001807,"Cancer, age-standardized death rates (15+), per 100,000 population",https://www.who.int/data/gho/indicator-metadata-registry/imr-details/1413,PUBLISHED,Published,,2016,2016,,WPR,Western Pacific,,NZL,New Zealand,,FMLE,Female,,135.6,,,,,,
SA_0000001807,"Cancer, age-standardized death rates (15+), per 100,000 population",https://www.who.int/data/gho/indicator-metadata-registry/imr-details/1413,PUBLISHED,Published,,2016,2016,,WPR,Western Pacific,,PLW,Palau,,FMLE,Female,,No data,,,,,,
SA_0000001807,"Cancer, age-standardized death rates (15+), per 100,000 population",https://www.who.int/data/gho/indicator-metadata-registry/imr-details/1413,PUBLISHED,Published,,2016,2016,,WPR,Western Pacific,,KHM,Cambodia,,MLE,Male,,211.3,,,,,,
SA_0000001807,"Cancer, age-standardized death rates (15+), per 100,000 population",https://www.who.int/data/gho/indicator-metadata-registry/imr-details/1413,PUBLISHED,Published,,2016,2016,,WPR,Western Pacific,,FJI,Fiji,,MLE,Male,,109.7,,,,,,
SA_0000001807,"Cancer, age-standardized death rates (15+), per 100,000 population",https://www.who.int/data/gho/indicator-metadata-registry/imr-details/1413,PUBLISHED,Published,,2016,2016,,WPR,Western Pacific,,KOR,Republic of Korea,,MLE,Male,,204,,,,,,
SA_0000001807,"Cancer, age-standardized death rates (15+), per 100,000 population",https://www.who.int/data/gho/indicator-metadata-registry/imr-details/1413,PUBLISHED,Published,,2016,2016,,WPR,Western Pacific,,WSM,Samoa,,MLE,Male,,148.1,,,,,,
SA_0000001807,"Cancer, age-standardized death rates (15+), per 100,000 population",https://www.who.int/data/gho/indicator-metadata-registry/imr-details/1413,PUBLISHED,Published,,2016,2016,,WPR,Western Pacific,,FSM,Micronesia (Federated States of),,FMLE,Female,,139.1,,,,,,
SA_0000001807,"Cancer, age-standardized death rates (15+), per 100,000 population",https://www.who.int/data/gho/indicator-metadata-registry/imr-details/1413,PUBLISHED,Published,,2016,2016,,WPR,Western Pacific,,MNG,Mongolia,,FMLE,Female,,216.8,,,,,,
SA_0000001807,"Cancer, age-standardized death rates (15+), per 100,000 population",https://www.who.int/data/gho/indicator-metadata-registry/imr-details/1413,PUBLISHED,Published,,2016,2016,,WPR,Western Pacific,,VUT,Vanuatu,,FMLE,Female,,141.5,,,,,,
SA_0000001807,"Cancer, age-standardized death rates (15+), per 100,000 population",https://www.who.int/data/gho/indicator-metadata-registry/imr-details/1413,PUBLISHED,Published,,2016,2016,,WPR,Western Pacific,,VNM,Viet Nam,,FMLE,Female,,112.9,,,,,,
SA_0000001807,"Cancer, age-standardized death rates (15+), per 100,000 population",https://www.who.int/data/gho/indicator-metadata-registry/imr-details/1413,PUBLISHED,Published,,2016,2016,,WPR,Western Pacific,,SGP,Singapore,,FMLE,Female,,110.7,,,,,,
SA_0000001807,"Cancer, age-standardized death rates (15+), per 100,000 population",https://www.who.int/data/gho/indicator-metadata-registry/imr-details/1413,PUBLISHED,Published,,2016,2016,,WPR,Western Pacific,,TON,Tonga,,FMLE,Female,,163.8,,,,,,
SA_0000001807,"Cancer, age-standardized death rates (15+), per 100,000 population",https://www.who.int/data/gho/indicator-metadata-registry/imr-details/1413,PUBLISHED,Published,,2016,2016,,WPR,Western Pacific,,NIU,Niue,,MLE,Male,,No data,,,,,,
SA_0000001807,"Cancer, age-standardized death rates (15+), per 100,000 population",https://www.who.int/data/gho/indicator-metadata-registry/imr-details/1413,PUBLISHED,Published,,2016,2016,,WPR,Western Pacific,,PNG,Papua New Guinea,,MLE,Male,,199.9,,,,,,
SA_0000001807,"Cancer, age-standardized death rates (15+), per 100,000 population",https://www.who.int/data/gho/indicator-metadata-registry/imr-details/1413,PUBLISHED,Published,,2016,2016,,WPR,Western Pacific,,TUV,Tuvalu,,MLE,Male,,No data,,,,,,
SA_0000001807,"Cancer, age-standardized death rates (15+), per 100,000 population",https://www.who.int/data/gho/indicator-metadata-registry/imr-details/1413,PUBLISHED,Published,,2016,2016,,WPR,Western Pacific,,VNM,Viet Nam,,MLE,Male,,191.5,,,,,,
SA_0000001807,"Cancer, age-standardized death rates (15+), per 100,000 population",https://www.who.int/data/gho/indicator-metadata-registry/imr-details/1413,PUBLISHED,Published,,2016,2016,,WPR,Western Pacific,,AUS,Australia,,MLE,Male,,170.2,,,,,,
SA_0000001807,"Cancer, age-standardized death rates (15+), per 100,000 population",https://www.who.int/data/gho/indicator-metadata-registry/imr-details/1413,PUBLISHED,Published,,2016,2016,,WPR,Western Pacific,,KIR,Kiribati,,MLE,Male,,156.8,,,,,,
SA_0000001807,"Cancer, age-standardized death rates (15+), per 100,000 population",https://www.who.int/data/gho/indicator-metadata-registry/imr-details/1413,PUBLISHED,Published,,2016,2016,,WPR,Western Pacific,,PHL,Philippines,,MLE,Male,,136,,,,,,
SA_0000001807,"Cancer, age-standardized death rates (15+), per 100,000 population",https://www.who.int/data/gho/indicator-metadata-registry/imr-details/1413,PUBLISHED,Published,,2016,2016,,WPR,Western Pacific,,VUT,Vanuatu,,MLE,Male,,170.1,,,,,,
SA_0000001807,"Cancer, age-standardized death rates (15+), per 100,000 population",https://www.who.int/data/gho/indicator-metadata-registry/imr-details/1413,PUBLISHED,Published,,2016,2016,,WPR,Western Pacific,,JPN,Japan,,FMLE,Female,,101.6,,,,,,
SA_0000001807,"Cancer, age-standardized death rates (15+), per 100,000 population",https://www.who.int/data/gho/indicator-metadata-registry/imr-details/1413,PUBLISHED,Published,,2016,2016,,WPR,Western Pacific,,NRU,Nauru,,FMLE,Female,,No data,,,,,,
SA_0000001807,"Cancer, age-standardized death rates (15+), per 100,000 population",https://www.who.int/data/gho/indicator-metadata-registry/imr-details/1413,PUBLISHED,Published,,2016,2016,,WPR,Western Pacific,,TUV,Tuvalu,,FMLE,Female,,No data,,,,,,
SA_0000001807,"Cancer, age-standardized death rates (15+), per 100,000 population",https://www.who.int/data/gho/indicator-metadata-registry/imr-details/1413,PUBLISHED,Published,,2016,2016,,WPR,Western Pacific,,FSM,Micronesia (Federated States of),,MLE,Male,,174.2,,,,,,
SA_0000001807,"Cancer, age-standardized death rates (15+), per 100,000 population",https://www.who.int/data/gho/indicator-metadata-registry/imr-details/1413,PUBLISHED,Published,,2016,2016,,WPR,Western Pacific,,NRU,Nauru,,MLE,Male,,No data,,,,,,
SA_0000001807,"Cancer, age-standardized death rates (15+), per 100,000 population",https://www.who.int/data/gho/indicator-metadata-registry/imr-details/1413,PUBLISHED,Published,,2016,2016,,WPR,Western Pacific,,AUS,Australia,,FMLE,Female,,118.9,,,,,,
SA_0000001807,"Cancer, age-standardized death rates (15+), per 100,000 population",https://www.who.int/data/gho/indicator-metadata-registry/imr-details/1413,PUBLISHED,Published,,2016,2016,,WPR,Western Pacific,,KHM,Cambodia,,FMLE,Female,,145.1,,,,,,
SA_0000001807,"Cancer, age-standardized death rates (15+), per 100,000 population",https://www.who.int/data/gho/indicator-metadata-registry/imr-details/1413,PUBLISHED,Published,,2016,2016,,WPR,Western Pacific,,PNG,Papua New Guinea,,FMLE,Female,,186.5,,,,,,
SA_0000001807,"Cancer, age-standardized death rates (15+), per 100,000 population",https://www.who.int/data/gho/indicator-metadata-registry/imr-details/1413,PUBLISHED,Published,,2016,2016,,WPR,Western Pacific,,KOR,Republic of Korea,,FMLE,Female,,91.2,,,,,,
