GHO (CODE),GHO (DISPLAY),GHO (URL),DATASOURCE (CODE),DATASOURCE (DISPLAY),DATASOURCE (URL),PUBLISHSTATE (CODE),PUBLISHSTATE (DISPLAY),PUBLISHSTATE (URL),YEAR (CODE),YEAR (DISPLAY),YEAR (URL),REGION (CODE),REGION (DISPLAY),REGION (URL),COUNTRY (CODE),COUNTRY (DISPLAY),COUNTRY (URL),SEX (CODE),SEX (DISPLAY),SEX (URL),Display Value,Numeric,Low,High,StdErr,StdDev,Comments
SA_0000001786,"13-15-years old any alcoholic beverage consumed in past 30 days, (%)",https://www.who.int/data/gho/indicator-metadata-registry/imr-details/4556,SA_0000001786_BRB,Data source,,PUBLISHED,Published,,2011,2011,,AMR,Americas,,BRB,Barbados,,MLE,Male,,48.0,,,,,,
SA_0000001786,"13-15-years old any alcoholic beverage consumed in past 30 days, (%)",https://www.who.int/data/gho/indicator-metadata-registry/imr-details/4556,SA_0000001786_BLZ,Data source,,PUBLISHED,Published,,2011,2011,,AMR,Americas,,BLZ,Belize,,BTSX,Both sexes,,27.9,,,,,,
SA_0000001786,"13-15-years old any alcoholic beverage consumed in past 30 days, (%)",https://www.who.int/data/gho/indicator-metadata-registry/imr-details/4556,SA_0000001786_COK,Data source,,PUBLISHED,Published,,2011,2011,,WPR,Western Pacific,,COK,Cook Islands,,MLE,Male,,29.4,,,,,,
SA_0000001786,"13-15-years old any alcoholic beverage consumed in past 30 days, (%)",https://www.who.int/data/gho/indicator-metadata-registry/imr-details/4556,SA_0000001786_CRI,Data source,,PUBLISHED,Published,,2009,2009,,AMR,Americas,,CRI,Costa Rica,,BTSX,Both sexes,,23.6,,,,,,
SA_0000001786,"13-15-years old any alcoholic beverage consumed in past 30 days, (%)",https://www.who.int/data/gho/indicator-metadata-registry/imr-details/4556,SA_0000001786_DMA,Data source,,PUBLISHED,Published,,2009,2009,,AMR,Americas,,DMA,Dominica,,FMLE,Female,,54.0,,,,,,
SA_0000001786,"13-15-years old any alcoholic beverage consumed in past 30 days, (%)",https://www.who.int/data/gho/indicator-metadata-registry/imr-details/4556,SA_0000001786_SLV,Data source,,PUBLISHED,Published,,2013,2013,,AMR,Americas,,SLV,El Salvador,,MLE,Male,,19.1,,,,,,
SA_0000001786,"13-15-years old any alcoholic beverage consumed in past 30 days, (%)",https://www.who.int/data/gho/indicator-metadata-registry/imr-details/4556,SA_0000001786_HND,Data source,,PUBLISHED,Published,,2012,2012,,AMR,Americas,,HND,Honduras,,BTSX,Both sexes,,15.8,,,,,,
SA_0000001786,"13-15-years old any alcoholic beverage consumed in past 30 days, (%)",https://www.who.int/data/gho/indicator-metadata-registry/imr-details/4556,SA_0000001786_HND,Data source,,PUBLISHED,Published,,2012,2012,,AMR,Americas,,HND,Honduras,,FMLE,Female,,18.5,,,,,,
SA_0000001786,"13-15-years old any alcoholic beverage consumed in past 30 days, (%)",https://www.who.int/data/gho/indicator-metadata-registry/imr-details/4556,SA_0000001786_KEN,Data source,,PUBLISHED,Published,,2003,2003,,AFR,Africa,,KEN,Kenya,,BTSX,Both sexes,,14.6,,,,,,
SA_0000001786,"13-15-years old any alcoholic beverage consumed in past 30 days, (%)",https://www.who.int/data/gho/indicator-metadata-registry/imr-details/4556,SA_0000001786_KEN,Data source,,PUBLISHED,Published,,2003,2003,,AFR,Africa,,KEN,Kenya,,FMLE,Female,,12.3,,,,,,
SA_0000001786,"13-15-years old any alcoholic beverage consumed in past 30 days, (%)",https://www.who.int/data/gho/indicator-metadata-registry/imr-details/4556,SA_0000001786_MUS,Data source,,PUBLISHED,Published,,2011,2011,,AFR,Africa,,MUS,Mauritius,,MLE,Male,,28.1,,,,,,
SA_0000001786,"13-15-years old any alcoholic beverage consumed in past 30 days, (%)",https://www.who.int/data/gho/indicator-metadata-registry/imr-details/4556,SA_0000001786_MAR,Data source,,PUBLISHED,Published,,2006,2006,,EMR,Eastern Mediterranean,,MAR,Morocco,,BTSX,Both sexes,,3.7,,,,,,
SA_0000001786,"13-15-years old any alcoholic beverage consumed in past 30 days, (%)",https://www.who.int/data/gho/indicator-metadata-registry/imr-details/4556,SA_0000001786_PHL,Data source,,PUBLISHED,Published,,2011,2011,,WPR,Western Pacific,,PHL,Philippines,,FMLE,Female,,15.4,,,,,,
SA_0000001786,"13-15-years old any alcoholic beverage consumed in past 30 days, (%)",https://www.who.int/data/gho/indicator-metadata-registry/imr-details/4556,SA_0000001786_LCA,Data source,,PUBLISHED,Published,,2007,2007,,AMR,Americas,,LCA,Saint Lucia,,MLE,Male,,59.2,,,,,,
SA_0000001786,"13-15-years old any alcoholic beverage consumed in past 30 days, (%)",https://www.who.int/data/gho/indicator-metadata-registry/imr-details/4556,SA_0000001786_WSM,Data source,,PUBLISHED,Published,,2011,2011,,WPR,Western Pacific,,WSM,Samoa,,BTSX,Both sexes,,34.2,,,,,,
SA_0000001786,"13-15-years old any alcoholic beverage consumed in past 30 days, (%)",https://www.who.int/data/gho/indicator-metadata-registry/imr-details/4556,SA_0000001786_WSM,Data source,,PUBLISHED,Published,,2011,2011,,WPR,Western Pacific,,WSM,Samoa,,FMLE,Female,,25.4,,,,,,
SA_0000001786,"13-15-years old any alcoholic beverage consumed in past 30 days, (%)",https://www.who.int/data/gho/indicator-metadata-registry/imr-details/4556,SA_0000001786_MKD,Data source,,PUBLISHED,Published,,2007,2007,,EUR,Europe,,MKD,Republic of North Macedonia,,MLE,Male,,40.8,,,,,,
SA_0000001786,"13-15-years old any alcoholic beverage consumed in past 30 days, (%)",https://www.who.int/data/gho/indicator-metadata-registry/imr-details/4556,SA_0000001786_THA,Data source,,PUBLISHED,Published,,2008,2008,,SEAR,South-East Asia,,THA,Thailand,,BTSX,Both sexes,,15.6,,,,,,
SA_0000001786,"13-15-years old any alcoholic beverage consumed in past 30 days, (%)",https://www.who.int/data/gho/indicator-metadata-registry/imr-details/4556,SA_0000001786_TTO,Data source,,PUBLISHED,Published,,2011,2011,,AMR,Americas,,TTO,Trinidad and Tobago,,BTSX,Both sexes,,36.4,,,,,,
SA_0000001786,"13-15-years old any alcoholic beverage consumed in past 30 days, (%)",https://www.who.int/data/gho/indicator-metadata-registry/imr-details/4556,SA_0000001786_GHA,Data source,,PUBLISHED,Published,,2007,2007,,AFR,Africa,,GHA,Ghana,,MLE,Male,,26.4,,,,,,
SA_0000001786,"13-15-years old any alcoholic beverage consumed in past 30 days, (%)",https://www.who.int/data/gho/indicator-metadata-registry/imr-details/4556,SA_0000001786_LBN,Data source,,PUBLISHED,Published,,2005,2005,,EMR,Eastern Mediterranean,,LBN,Lebanon,,BTSX,Both sexes,,19.5,,,,,,
SA_0000001786,"13-15-years old any alcoholic beverage consumed in past 30 days, (%)",https://www.who.int/data/gho/indicator-metadata-registry/imr-details/4556,SA_0000001786_LBN,Data source,,PUBLISHED,Published,,2005,2005,,EMR,Eastern Mediterranean,,LBN,Lebanon,,FMLE,Female,,12.2,,,,,,
SA_0000001786,"13-15-years old any alcoholic beverage consumed in past 30 days, (%)",https://www.who.int/data/gho/indicator-metadata-registry/imr-details/4556,SA_0000001786_BGD,Data source,,PUBLISHED,Published,,2014,2014,,SEAR,South-East Asia,,BGD,Bangladesh,,MLE,Male,,2.1,,,,,,
SA_0000001786,"13-15-years old any alcoholic beverage consumed in past 30 days, (%)",https://www.who.int/data/gho/indicator-metadata-registry/imr-details/4556,SA_0000001786_BEN,Data source,,PUBLISHED,Published,,2016,2016,,AFR,Africa,,BEN,Benin,,BTSX,Both sexes,,39.3,,,,,,
SA_0000001786,"13-15-years old any alcoholic beverage consumed in past 30 days, (%)",https://www.who.int/data/gho/indicator-metadata-registry/imr-details/4556,SA_0000001786_CHL,Data source,,PUBLISHED,Published,,2013,2013,,AMR,Americas,,CHL,Chile,,MLE,Male,,24.7,,,,,,
SA_0000001786,"13-15-years old any alcoholic beverage consumed in past 30 days, (%)",https://www.who.int/data/gho/indicator-metadata-registry/imr-details/4556,SA_0000001786_COK,Data source,,PUBLISHED,Published,,2010,2010,,WPR,Western Pacific,,COK,Cook Islands,,BTSX,Both sexes,,29.1,,,,,,
SA_0000001786,"13-15-years old any alcoholic beverage consumed in past 30 days, (%)",https://www.who.int/data/gho/indicator-metadata-registry/imr-details/4556,SA_0000001786_IDN,Data source,,PUBLISHED,Published,,2015,2015,,SEAR,South-East Asia,,IDN,Indonesia,,FMLE,Female,,1.4,,,,,,
SA_0000001786,"13-15-years old any alcoholic beverage consumed in past 30 days, (%)",https://www.who.int/data/gho/indicator-metadata-registry/imr-details/4556,SA_0000001786_JAM,Data source,,PUBLISHED,Published,,2017,2017,,AMR,Americas,,JAM,Jamaica,,MLE,Male,,54.8,,,,,,
SA_0000001786,"13-15-years old any alcoholic beverage consumed in past 30 days, (%)",https://www.who.int/data/gho/indicator-metadata-registry/imr-details/4556,SA_0000001786_LBN,Data source,,PUBLISHED,Published,,2017,2017,,EMR,Eastern Mediterranean,,LBN,Lebanon,,FMLE,Female,,14.7,,,,,,
SA_0000001786,"13-15-years old any alcoholic beverage consumed in past 30 days, (%)",https://www.who.int/data/gho/indicator-metadata-registry/imr-details/4556,SA_0000001786_LBR,Data source,,PUBLISHED,Published,,2017,2017,,AFR,Africa,,LBR,Liberia,,MLE,Male,,16.4,,,,,,
SA_0000001786,"13-15-years old any alcoholic beverage consumed in past 30 days, (%)",https://www.who.int/data/gho/indicator-metadata-registry/imr-details/4556,SA_0000001786_SYC,Data source,,PUBLISHED,Published,,2015,2015,,AFR,Africa,,SYC,Seychelles,,BTSX,Both sexes,,47.9,,,,,,
SA_0000001786,"13-15-years old any alcoholic beverage consumed in past 30 days, (%)",https://www.who.int/data/gho/indicator-metadata-registry/imr-details/4556,SA_0000001786_SYC,Data source,,PUBLISHED,Published,,2015,2015,,AFR,Africa,,SYC,Seychelles,,FMLE,Female,,49.3,,,,,,
SA_0000001786,"13-15-years old any alcoholic beverage consumed in past 30 days, (%)",https://www.who.int/data/gho/indicator-metadata-registry/imr-details/4556,SA_0000001786_LKA,Data source,,PUBLISHED,Published,,2016,2016,,SEAR,South-East Asia,,LKA,Sri Lanka,,MLE,Male,,3.2,,,,,,
SA_0000001786,"13-15-years old any alcoholic beverage consumed in past 30 days, (%)",https://www.who.int/data/gho/indicator-metadata-registry/imr-details/4556,SA_0000001786_SUR,Data source,,PUBLISHED,Published,,2016,2016,,AMR,Americas,,SUR,Suriname,,BTSX,Both sexes,,36.1,,,,,,
SA_0000001786,"13-15-years old any alcoholic beverage consumed in past 30 days, (%)",https://www.who.int/data/gho/indicator-metadata-registry/imr-details/4556,SA_0000001786_TZA,Data source,,PUBLISHED,Published,,2014,2014,,AFR,Africa,,TZA,United Republic of Tanzania,,FMLE,Female,,3.5,,,,,,
SA_0000001786,"13-15-years old any alcoholic beverage consumed in past 30 days, (%)",https://www.who.int/data/gho/indicator-metadata-registry/imr-details/4556,SA_0000001786_VUT,Data source,,PUBLISHED,Published,,2016,2016,,WPR,Western Pacific,,VUT,Vanuatu,,MLE,Male,,15.4,,,,,,
SA_0000001786,"13-15-years old any alcoholic beverage consumed in past 30 days, (%)",https://www.who.int/data/gho/indicator-metadata-registry/imr-details/4556,SA_0000001786_ATG,Data source,,PUBLISHED,Published,,2009,2009,,AMR,Americas,,ATG,Antigua and Barbuda,,MLE,Male,,43.8,,,,,,
SA_0000001786,"13-15-years old any alcoholic beverage consumed in past 30 days, (%)",https://www.who.int/data/gho/indicator-metadata-registry/imr-details/4556,SA_0000001786_BLZ,Data source,,PUBLISHED,Published,,2011,2011,,AMR,Americas,,BLZ,Belize,,FMLE,Female,,26.6,,,,,,
SA_0000001786,"13-15-years old any alcoholic beverage consumed in past 30 days, (%)",https://www.who.int/data/gho/indicator-metadata-registry/imr-details/4556,SA_0000001786_BEN,Data source,,PUBLISHED,Published,,2009,2009,,AFR,Africa,,BEN,Benin,,MLE,Male,,18.2,,,,,,
SA_0000001786,"13-15-years old any alcoholic beverage consumed in past 30 days, (%)",https://www.who.int/data/gho/indicator-metadata-registry/imr-details/4556,SA_0000001786_BOL,Data source,,PUBLISHED,Published,,2012,2012,,AMR,Americas,,BOL,Bolivia (Plurinational State of),,BTSX,Both sexes,,15.1,,,,,,
SA_0000001786,"13-15-years old any alcoholic beverage consumed in past 30 days, (%)",https://www.who.int/data/gho/indicator-metadata-registry/imr-details/4556,SA_0000001786_KHM,Data source,,PUBLISHED,Published,,2013,2013,,WPR,Western Pacific,,KHM,Cambodia,,MLE,Male,,7.7,,,,,,
SA_0000001786,"13-15-years old any alcoholic beverage consumed in past 30 days, (%)",https://www.who.int/data/gho/indicator-metadata-registry/imr-details/4556,SA_0000001786_FJI,Data source,,PUBLISHED,Published,,2010,2010,,WPR,Western Pacific,,FJI,Fiji,,BTSX,Both sexes,,16.4,,,,,,
SA_0000001786,"13-15-years old any alcoholic beverage consumed in past 30 days, (%)",https://www.who.int/data/gho/indicator-metadata-registry/imr-details/4556,SA_0000001786_FJI,Data source,,PUBLISHED,Published,,2010,2010,,WPR,Western Pacific,,FJI,Fiji,,FMLE,Female,,11.1,,,,,,
SA_0000001786,"13-15-years old any alcoholic beverage consumed in past 30 days, (%)",https://www.who.int/data/gho/indicator-metadata-registry/imr-details/4556,SA_0000001786_GUY,Data source,,PUBLISHED,Published,,2010,2010,,AMR,Americas,,GUY,Guyana,,MLE,Male,,44.1,,,,,,
SA_0000001786,"13-15-years old any alcoholic beverage consumed in past 30 days, (%)",https://www.who.int/data/gho/indicator-metadata-registry/imr-details/4556,SA_0000001786_KIR,Data source,,PUBLISHED,Published,,2011,2011,,WPR,Western Pacific,,KIR,Kiribati,,MLE,Male,,43.7,,,,,,
SA_0000001786,"13-15-years old any alcoholic beverage consumed in past 30 days, (%)",https://www.who.int/data/gho/indicator-metadata-registry/imr-details/4556,SA_0000001786_MAR,Data source,,PUBLISHED,Published,,2006,2006,,EMR,Eastern Mediterranean,,MAR,Morocco,,FMLE,Female,,1.6,,,,,,
SA_0000001786,"13-15-years old any alcoholic beverage consumed in past 30 days, (%)",https://www.who.int/data/gho/indicator-metadata-registry/imr-details/4556,SA_0000001786_MMR,Data source,,PUBLISHED,Published,,2007,2007,,SEAR,South-East Asia,,MMR,Myanmar,,MLE,Male,,1.1,,,,,,
SA_0000001786,"13-15-years old any alcoholic beverage consumed in past 30 days, (%)",https://www.who.int/data/gho/indicator-metadata-registry/imr-details/4556,SA_0000001786_PER,Data source,,PUBLISHED,Published,,2010,2010,,AMR,Americas,,PER,Peru,,FMLE,Female,,26.0,,,,,,
SA_0000001786,"13-15-years old any alcoholic beverage consumed in past 30 days, (%)",https://www.who.int/data/gho/indicator-metadata-registry/imr-details/4556,SA_0000001786_PHL,Data source,,PUBLISHED,Published,,2011,2011,,WPR,Western Pacific,,PHL,Philippines,,BTSX,Both sexes,,18.7,,,,,,
SA_0000001786,"13-15-years old any alcoholic beverage consumed in past 30 days, (%)",https://www.who.int/data/gho/indicator-metadata-registry/imr-details/4556,SA_0000001786_SEN,Data source,,PUBLISHED,Published,,2005,2005,,AFR,Africa,,SEN,Senegal,,MLE,Male,,4.0,,,,,,
SA_0000001786,"13-15-years old any alcoholic beverage consumed in past 30 days, (%)",https://www.who.int/data/gho/indicator-metadata-registry/imr-details/4556,SA_0000001786_SYC,Data source,,PUBLISHED,Published,,2007,2007,,AFR,Africa,,SYC,Seychelles,,BTSX,Both sexes,,61.6,,,,,,
SA_0000001786,"13-15-years old any alcoholic beverage consumed in past 30 days, (%)",https://www.who.int/data/gho/indicator-metadata-registry/imr-details/4556,SA_0000001786_TJK,Data source,,PUBLISHED,Published,,2006,2006,,EUR,Europe,,TJK,Tajikistan,,BTSX,Both sexes,,0.8,,,,,,
SA_0000001786,"13-15-years old any alcoholic beverage consumed in past 30 days, (%)",https://www.who.int/data/gho/indicator-metadata-registry/imr-details/4556,SA_0000001786_TJK,Data source,,PUBLISHED,Published,,2006,2006,,EUR,Europe,,TJK,Tajikistan,,FMLE,Female,,0.4,,,,,,
SA_0000001786,"13-15-years old any alcoholic beverage consumed in past 30 days, (%)",https://www.who.int/data/gho/indicator-metadata-registry/imr-details/4556,SA_0000001786_TTO,Data source,,PUBLISHED,Published,,2011,2011,,AMR,Americas,,TTO,Trinidad and Tobago,,FMLE,Female,,34.7,,,,,,
SA_0000001786,"13-15-years old any alcoholic beverage consumed in past 30 days, (%)",https://www.who.int/data/gho/indicator-metadata-registry/imr-details/4556,SA_0000001786_UGA,Data source,,PUBLISHED,Published,,2003,2003,,AFR,Africa,,UGA,Uganda,,MLE,Male,,14.1,,,,,,
SA_0000001786,"13-15-years old any alcoholic beverage consumed in past 30 days, (%)",https://www.who.int/data/gho/indicator-metadata-registry/imr-details/4556,SA_0000001786_ZMB,Data source,,PUBLISHED,Published,,2004,2004,,AFR,Africa,,ZMB,Zambia,,MLE,Male,,38.7,,,,,,
SA_0000001786,"13-15-years old any alcoholic beverage consumed in past 30 days, (%)",https://www.who.int/data/gho/indicator-metadata-registry/imr-details/4556,SA_0000001786_ARG,Data source,,PUBLISHED,Published,,2007,2007,,AMR,Americas,,ARG,Argentina,,BTSX,Both sexes,,51.8,,,,,,
SA_0000001786,"13-15-years old any alcoholic beverage consumed in past 30 days, (%)",https://www.who.int/data/gho/indicator-metadata-registry/imr-details/4556,SA_0000001786_MUS,Data source,,PUBLISHED,Published,,2007,2007,,AFR,Africa,,MUS,Mauritius,,MLE,Male,,19.3,,,,,,
SA_0000001786,"13-15-years old any alcoholic beverage consumed in past 30 days, (%)",https://www.who.int/data/gho/indicator-metadata-registry/imr-details/4556,SA_0000001786_MNG,Data source,,PUBLISHED,Published,,2010,2010,,WPR,Western Pacific,,MNG,Mongolia,,BTSX,Both sexes,,5.6,,,,,,
SA_0000001786,"13-15-years old any alcoholic beverage consumed in past 30 days, (%)",https://www.who.int/data/gho/indicator-metadata-registry/imr-details/4556,SA_0000001786_BHS,Data source,,PUBLISHED,Published,,2013,2013,,AMR,Americas,,BHS,Bahamas,,BTSX,Both sexes,,28.6,,,,,,
SA_0000001786,"13-15-years old any alcoholic beverage consumed in past 30 days, (%)",https://www.who.int/data/gho/indicator-metadata-registry/imr-details/4556,SA_0000001786_BHS,Data source,,PUBLISHED,Published,,2013,2013,,AMR,Americas,,BHS,Bahamas,,FMLE,Female,,27.2,,,,,,
SA_0000001786,"13-15-years old any alcoholic beverage consumed in past 30 days, (%)",https://www.who.int/data/gho/indicator-metadata-registry/imr-details/4556,SA_0000001786_COK,Data source,,PUBLISHED,Published,,2010,2010,,WPR,Western Pacific,,COK,Cook Islands,,FMLE,Female,,28.7,,,,,,
SA_0000001786,"13-15-years old any alcoholic beverage consumed in past 30 days, (%)",https://www.who.int/data/gho/indicator-metadata-registry/imr-details/4556,SA_0000001786_COK,Data source,,PUBLISHED,Published,,2015,2015,,WPR,Western Pacific,,COK,Cook Islands,,MLE,Male,,29.3,,,,,,
SA_0000001786,"13-15-years old any alcoholic beverage consumed in past 30 days, (%)",https://www.who.int/data/gho/indicator-metadata-registry/imr-details/4556,SA_0000001786_GTM,Data source,,PUBLISHED,Published,,2015,2015,,AMR,Americas,,GTM,Guatemala,,MLE,Male,,18.3,,,,,,
SA_0000001786,"13-15-years old any alcoholic beverage consumed in past 30 days, (%)",https://www.who.int/data/gho/indicator-metadata-registry/imr-details/4556,SA_0000001786_IDN,Data source,,PUBLISHED,Published,,2015,2015,,SEAR,South-East Asia,,IDN,Indonesia,,BTSX,Both sexes,,3.7,,,,,,
SA_0000001786,"13-15-years old any alcoholic beverage consumed in past 30 days, (%)",https://www.who.int/data/gho/indicator-metadata-registry/imr-details/4556,SA_0000001786_MUS,Data source,,PUBLISHED,Published,,2017,2017,,AFR,Africa,,MUS,Mauritius,,BTSX,Both sexes,,21.0,,,,,,
SA_0000001786,"13-15-years old any alcoholic beverage consumed in past 30 days, (%)",https://www.who.int/data/gho/indicator-metadata-registry/imr-details/4556,SA_0000001786_MUS,Data source,,PUBLISHED,Published,,2017,2017,,AFR,Africa,,MUS,Mauritius,,FMLE,Female,,21.2,,,,,,
SA_0000001786,"13-15-years old any alcoholic beverage consumed in past 30 days, (%)",https://www.who.int/data/gho/indicator-metadata-registry/imr-details/4556,SA_0000001786_PRY,Data source,,PUBLISHED,Published,,2017,2017,,AMR,Americas,,PRY,Paraguay,,FMLE,Female,,30.5,,,,,,
SA_0000001786,"13-15-years old any alcoholic beverage consumed in past 30 days, (%)",https://www.who.int/data/gho/indicator-metadata-registry/imr-details/4556,SA_0000001786_PHL,Data source,,PUBLISHED,Published,,2015,2015,,WPR,Western Pacific,,PHL,Philippines,,MLE,Male,,20.0,,,,,,
SA_0000001786,"13-15-years old any alcoholic beverage consumed in past 30 days, (%)",https://www.who.int/data/gho/indicator-metadata-registry/imr-details/4556,SA_0000001786_SUR,Data source,,PUBLISHED,Published,,2016,2016,,AMR,Americas,,SUR,Suriname,,FMLE,Female,,35.5,,,,,,
SA_0000001786,"13-15-years old any alcoholic beverage consumed in past 30 days, (%)",https://www.who.int/data/gho/indicator-metadata-registry/imr-details/4556,SA_0000001786_THA,Data source,,PUBLISHED,Published,,2015,2015,,SEAR,South-East Asia,,THA,Thailand,,MLE,Male,,20.7,,,,,,
SA_0000001786,"13-15-years old any alcoholic beverage consumed in past 30 days, (%)",https://www.who.int/data/gho/indicator-metadata-registry/imr-details/4556,SA_0000001786_TLS,Data source,,PUBLISHED,Published,,2015,2015,,SEAR,South-East Asia,,TLS,Timor-Leste,,BTSX,Both sexes,,12.0,,,,,,
SA_0000001786,"13-15-years old any alcoholic beverage consumed in past 30 days, (%)",https://www.who.int/data/gho/indicator-metadata-registry/imr-details/4556,SA_0000001786_TUV,Data source,,PUBLISHED,Published,,2013,2013,,WPR,Western Pacific,,TUV,Tuvalu,,MLE,Male,,22.2,,,,,,
SA_0000001786,"13-15-years old any alcoholic beverage consumed in past 30 days, (%)",https://www.who.int/data/gho/indicator-metadata-registry/imr-details/4556,SA_0000001786_TZA,Data source,,PUBLISHED,Published,,2014,2014,,AFR,Africa,,TZA,United Republic of Tanzania,,BTSX,Both sexes,,3.8,,,,,,
SA_0000001786,"13-15-years old any alcoholic beverage consumed in past 30 days, (%)",https://www.who.int/data/gho/indicator-metadata-registry/imr-details/4556,SA_0000001786_ATG,Data source,,PUBLISHED,Published,,2009,2009,,AMR,Americas,,ATG,Antigua and Barbuda,,BTSX,Both sexes,,45.1,,,,,,
SA_0000001786,"13-15-years old any alcoholic beverage consumed in past 30 days, (%)",https://www.who.int/data/gho/indicator-metadata-registry/imr-details/4556,SA_0000001786_BEN,Data source,,PUBLISHED,Published,,2009,2009,,AFR,Africa,,BEN,Benin,,BTSX,Both sexes,,16.4,,,,,,
SA_0000001786,"13-15-years old any alcoholic beverage consumed in past 30 days, (%)",https://www.who.int/data/gho/indicator-metadata-registry/imr-details/4556,SA_0000001786_BEN,Data source,,PUBLISHED,Published,,2009,2009,,AFR,Africa,,BEN,Benin,,FMLE,Female,,12.5,,,,,,
SA_0000001786,"13-15-years old any alcoholic beverage consumed in past 30 days, (%)",https://www.who.int/data/gho/indicator-metadata-registry/imr-details/4556,SA_0000001786_KHM,Data source,,PUBLISHED,Published,,2013,2013,,WPR,Western Pacific,,KHM,Cambodia,,FMLE,Female,,3.3,,,,,,
SA_0000001786,"13-15-years old any alcoholic beverage consumed in past 30 days, (%)",https://www.who.int/data/gho/indicator-metadata-registry/imr-details/4556,SA_0000001786_FJI,Data source,,PUBLISHED,Published,,2010,2010,,WPR,Western Pacific,,FJI,Fiji,,MLE,Male,,22.1,,,,,,
SA_0000001786,"13-15-years old any alcoholic beverage consumed in past 30 days, (%)",https://www.who.int/data/gho/indicator-metadata-registry/imr-details/4556,SA_0000001786_GUY,Data source,,PUBLISHED,Published,,2010,2010,,AMR,Americas,,GUY,Guyana,,BTSX,Both sexes,,39.2,,,,,,
SA_0000001786,"13-15-years old any alcoholic beverage consumed in past 30 days, (%)",https://www.who.int/data/gho/indicator-metadata-registry/imr-details/4556,SA_0000001786_GUY,Data source,,PUBLISHED,Published,,2010,2010,,AMR,Americas,,GUY,Guyana,,FMLE,Female,,34.3,,,,,,
SA_0000001786,"13-15-years old any alcoholic beverage consumed in past 30 days, (%)",https://www.who.int/data/gho/indicator-metadata-registry/imr-details/4556,SA_0000001786_KIR,Data source,,PUBLISHED,Published,,2011,2011,,WPR,Western Pacific,,KIR,Kiribati,,BTSX,Both sexes,,30.3,,,,,,
SA_0000001786,"13-15-years old any alcoholic beverage consumed in past 30 days, (%)",https://www.who.int/data/gho/indicator-metadata-registry/imr-details/4556,SA_0000001786_KIR,Data source,,PUBLISHED,Published,,2011,2011,,WPR,Western Pacific,,KIR,Kiribati,,FMLE,Female,,19.3,,,,,,
SA_0000001786,"13-15-years old any alcoholic beverage consumed in past 30 days, (%)",https://www.who.int/data/gho/indicator-metadata-registry/imr-details/4556,SA_0000001786_MDV,Data source,,PUBLISHED,Published,,2009,2009,,SEAR,South-East Asia,,MDV,Maldives,,FMLE,Female,,2.6,,,,,,
SA_0000001786,"13-15-years old any alcoholic beverage consumed in past 30 days, (%)",https://www.who.int/data/gho/indicator-metadata-registry/imr-details/4556,SA_0000001786_MAR,Data source,,PUBLISHED,Published,,2006,2006,,EMR,Eastern Mediterranean,,MAR,Morocco,,MLE,Male,,5.5,,,,,,
SA_0000001786,"13-15-years old any alcoholic beverage consumed in past 30 days, (%)",https://www.who.int/data/gho/indicator-metadata-registry/imr-details/4556,SA_0000001786_MMR,Data source,,PUBLISHED,Published,,2007,2007,,SEAR,South-East Asia,,MMR,Myanmar,,BTSX,Both sexes,,0.8,,,,,,
SA_0000001786,"13-15-years old any alcoholic beverage consumed in past 30 days, (%)",https://www.who.int/data/gho/indicator-metadata-registry/imr-details/4556,SA_0000001786_SEN,Data source,,PUBLISHED,Published,,2005,2005,,AFR,Africa,,SEN,Senegal,,FMLE,Female,,2.0,,,,,,
SA_0000001786,"13-15-years old any alcoholic beverage consumed in past 30 days, (%)",https://www.who.int/data/gho/indicator-metadata-registry/imr-details/4556,SA_0000001786_SYC,Data source,,PUBLISHED,Published,,2007,2007,,AFR,Africa,,SYC,Seychelles,,MLE,Male,,62.1,,,,,,
SA_0000001786,"13-15-years old any alcoholic beverage consumed in past 30 days, (%)",https://www.who.int/data/gho/indicator-metadata-registry/imr-details/4556,SA_0000001786_TJK,Data source,,PUBLISHED,Published,,2006,2006,,EUR,Europe,,TJK,Tajikistan,,MLE,Male,,1.1,,,,,,
SA_0000001786,"13-15-years old any alcoholic beverage consumed in past 30 days, (%)",https://www.who.int/data/gho/indicator-metadata-registry/imr-details/4556,SA_0000001786_MKD,Data source,,PUBLISHED,Published,,2007,2007,,EUR,Europe,,MKD,Republic of North Macedonia,,BTSX,Both sexes,,35.7,,,,,,
SA_0000001786,"13-15-years old any alcoholic beverage consumed in past 30 days, (%)",https://www.who.int/data/gho/indicator-metadata-registry/imr-details/4556,SA_0000001786_UGA,Data source,,PUBLISHED,Published,,2003,2003,,AFR,Africa,,UGA,Uganda,,BTSX,Both sexes,,12.8,,,,,,
SA_0000001786,"13-15-years old any alcoholic beverage consumed in past 30 days, (%)",https://www.who.int/data/gho/indicator-metadata-registry/imr-details/4556,SA_0000001786_UGA,Data source,,PUBLISHED,Published,,2003,2003,,AFR,Africa,,UGA,Uganda,,FMLE,Female,,11.6,,,,,,
SA_0000001786,"13-15-years old any alcoholic beverage consumed in past 30 days, (%)",https://www.who.int/data/gho/indicator-metadata-registry/imr-details/4556,SA_0000001786_ZMB,Data source,,PUBLISHED,Published,,2004,2004,,AFR,Africa,,ZMB,Zambia,,BTSX,Both sexes,,42.3,,,,,,
SA_0000001786,"13-15-years old any alcoholic beverage consumed in past 30 days, (%)",https://www.who.int/data/gho/indicator-metadata-registry/imr-details/4556,SA_0000001786_ZMB,Data source,,PUBLISHED,Published,,2004,2004,,AFR,Africa,,ZMB,Zambia,,FMLE,Female,,45.1,,,,,,
SA_0000001786,"13-15-years old any alcoholic beverage consumed in past 30 days, (%)",https://www.who.int/data/gho/indicator-metadata-registry/imr-details/4556,SA_0000001786_MUS,Data source,,PUBLISHED,Published,,2007,2007,,AFR,Africa,,MUS,Mauritius,,FMLE,Female,,16.8,,,,,,
SA_0000001786,"13-15-years old any alcoholic beverage consumed in past 30 days, (%)",https://www.who.int/data/gho/indicator-metadata-registry/imr-details/4556,SA_0000001786_MNG,Data source,,PUBLISHED,Published,,2010,2010,,WPR,Western Pacific,,MNG,Mongolia,,MLE,Male,,6.6,,,,,,
SA_0000001786,"13-15-years old any alcoholic beverage consumed in past 30 days, (%)",https://www.who.int/data/gho/indicator-metadata-registry/imr-details/4556,SA_0000001786_BHS,Data source,,PUBLISHED,Published,,2013,2013,,AMR,Americas,,BHS,Bahamas,,MLE,Male,,29.7,,,,,,
SA_0000001786,"13-15-years old any alcoholic beverage consumed in past 30 days, (%)",https://www.who.int/data/gho/indicator-metadata-registry/imr-details/4556,SA_0000001786_BGD,Data source,,PUBLISHED,Published,,2014,2014,,SEAR,South-East Asia,,BGD,Bangladesh,,BTSX,Both sexes,,1.4,,,,,,
SA_0000001786,"13-15-years old any alcoholic beverage consumed in past 30 days, (%)",https://www.who.int/data/gho/indicator-metadata-registry/imr-details/4556,SA_0000001786_COK,Data source,,PUBLISHED,Published,,2015,2015,,WPR,Western Pacific,,COK,Cook Islands,,BTSX,Both sexes,,25.9,,,,,,
SA_0000001786,"13-15-years old any alcoholic beverage consumed in past 30 days, (%)",https://www.who.int/data/gho/indicator-metadata-registry/imr-details/4556,SA_0000001786_COK,Data source,,PUBLISHED,Published,,2015,2015,,WPR,Western Pacific,,COK,Cook Islands,,FMLE,Female,,23.0,,,,,,
SA_0000001786,"13-15-years old any alcoholic beverage consumed in past 30 days, (%)",https://www.who.int/data/gho/indicator-metadata-registry/imr-details/4556,SA_0000001786_GTM,Data source,,PUBLISHED,Published,,2015,2015,,AMR,Americas,,GTM,Guatemala,,BTSX,Both sexes,,16.8,,,,,,
SA_0000001786,"13-15-years old any alcoholic beverage consumed in past 30 days, (%)",https://www.who.int/data/gho/indicator-metadata-registry/imr-details/4556,SA_0000001786_GTM,Data source,,PUBLISHED,Published,,2015,2015,,AMR,Americas,,GTM,Guatemala,,FMLE,Female,,15.1,,,,,,
SA_0000001786,"13-15-years old any alcoholic beverage consumed in past 30 days, (%)",https://www.who.int/data/gho/indicator-metadata-registry/imr-details/4556,SA_0000001786_LBR,Data source,,PUBLISHED,Published,,2017,2017,,AFR,Africa,,LBR,Liberia,,FMLE,Female,,11.7,,,,,,
SA_0000001786,"13-15-years old any alcoholic beverage consumed in past 30 days, (%)",https://www.who.int/data/gho/indicator-metadata-registry/imr-details/4556,SA_0000001786_MUS,Data source,,PUBLISHED,Published,,2017,2017,,AFR,Africa,,MUS,Mauritius,,MLE,Male,,20.2,,,,,,
SA_0000001786,"13-15-years old any alcoholic beverage consumed in past 30 days, (%)",https://www.who.int/data/gho/indicator-metadata-registry/imr-details/4556,SA_0000001786_PRY,Data source,,PUBLISHED,Published,,2017,2017,,AMR,Americas,,PRY,Paraguay,,MLE,Male,,26.2,,,,,,
SA_0000001786,"13-15-years old any alcoholic beverage consumed in past 30 days, (%)",https://www.who.int/data/gho/indicator-metadata-registry/imr-details/4556,SA_0000001786_PHL,Data source,,PUBLISHED,Published,,2015,2015,,WPR,Western Pacific,,PHL,Philippines,,BTSX,Both sexes,,18.2,,,,,,
SA_0000001786,"13-15-years old any alcoholic beverage consumed in past 30 days, (%)",https://www.who.int/data/gho/indicator-metadata-registry/imr-details/4556,SA_0000001786_THA,Data source,,PUBLISHED,Published,,2015,2015,,SEAR,South-East Asia,,THA,Thailand,,BTSX,Both sexes,,19.2,,,,,,
SA_0000001786,"13-15-years old any alcoholic beverage consumed in past 30 days, (%)",https://www.who.int/data/gho/indicator-metadata-registry/imr-details/4556,SA_0000001786_THA,Data source,,PUBLISHED,Published,,2015,2015,,SEAR,South-East Asia,,THA,Thailand,,FMLE,Female,,17.4,,,,,,
SA_0000001786,"13-15-years old any alcoholic beverage consumed in past 30 days, (%)",https://www.who.int/data/gho/indicator-metadata-registry/imr-details/4556,SA_0000001786_TUV,Data source,,PUBLISHED,Published,,2013,2013,,WPR,Western Pacific,,TUV,Tuvalu,,FMLE,Female,,5.1,,,,,,
SA_0000001786,"13-15-years old any alcoholic beverage consumed in past 30 days, (%)",https://www.who.int/data/gho/indicator-metadata-registry/imr-details/4556,SA_0000001786_TZA,Data source,,PUBLISHED,Published,,2014,2014,,AFR,Africa,,TZA,United Republic of Tanzania,,MLE,Male,,3.7,,,,,,
SA_0000001786,"13-15-years old any alcoholic beverage consumed in past 30 days, (%)",https://www.who.int/data/gho/indicator-metadata-registry/imr-details/4556,SA_0000001786_BRB,Data source,,PUBLISHED,Published,,2011,2011,,AMR,Americas,,BRB,Barbados,,FMLE,Female,,45.8,,,,,,
SA_0000001786,"13-15-years old any alcoholic beverage consumed in past 30 days, (%)",https://www.who.int/data/gho/indicator-metadata-registry/imr-details/4556,SA_0000001786_BWA,Data source,,PUBLISHED,Published,,2005,2005,,AFR,Africa,,BWA,Botswana,,MLE,Male,,22.8,,,,,,
SA_0000001786,"13-15-years old any alcoholic beverage consumed in past 30 days, (%)",https://www.who.int/data/gho/indicator-metadata-registry/imr-details/4556,SA_0000001786_BRN,Data source,,PUBLISHED,Published,,2014,2014,,WPR,Western Pacific,,BRN,Brunei Darussalam,,FMLE,Female,,3.2,,,,,,
SA_0000001786,"13-15-years old any alcoholic beverage consumed in past 30 days, (%)",https://www.who.int/data/gho/indicator-metadata-registry/imr-details/4556,SA_0000001786_COK,Data source,,PUBLISHED,Published,,2011,2011,,WPR,Western Pacific,,COK,Cook Islands,,BTSX,Both sexes,,29.1,,,,,,
SA_0000001786,"13-15-years old any alcoholic beverage consumed in past 30 days, (%)",https://www.who.int/data/gho/indicator-metadata-registry/imr-details/4556,SA_0000001786_SLV,Data source,,PUBLISHED,Published,,2013,2013,,AMR,Americas,,SLV,El Salvador,,FMLE,Female,,16.4,,,,,,
SA_0000001786,"13-15-years old any alcoholic beverage consumed in past 30 days, (%)",https://www.who.int/data/gho/indicator-metadata-registry/imr-details/4556,SA_0000001786_GHA,Data source,,PUBLISHED,Published,,2012,2012,,AFR,Africa,,GHA,Ghana,,BTSX,Both sexes,,15.4,,,,,,
SA_0000001786,"13-15-years old any alcoholic beverage consumed in past 30 days, (%)",https://www.who.int/data/gho/indicator-metadata-registry/imr-details/4556,SA_0000001786_GTM,Data source,,PUBLISHED,Published,,2009,2009,,AMR,Americas,,GTM,Guatemala,,MLE,Male,,18.1,,,,,,
SA_0000001786,"13-15-years old any alcoholic beverage consumed in past 30 days, (%)",https://www.who.int/data/gho/indicator-metadata-registry/imr-details/4556,SA_0000001786_IDN,Data source,,PUBLISHED,Published,,2007,2007,,SEAR,South-East Asia,,IDN,Indonesia,,BTSX,Both sexes,,2.6,,,,,,
SA_0000001786,"13-15-years old any alcoholic beverage consumed in past 30 days, (%)",https://www.who.int/data/gho/indicator-metadata-registry/imr-details/4556,SA_0000001786_KEN,Data source,,PUBLISHED,Published,,2003,2003,,AFR,Africa,,KEN,Kenya,,MLE,Male,,16.8,,,,,,
SA_0000001786,"13-15-years old any alcoholic beverage consumed in past 30 days, (%)",https://www.who.int/data/gho/indicator-metadata-registry/imr-details/4556,SA_0000001786_MDV,Data source,,PUBLISHED,Published,,2009,2009,,SEAR,South-East Asia,,MDV,Maldives,,MLE,Male,,7.3,,,,,,
SA_0000001786,"13-15-years old any alcoholic beverage consumed in past 30 days, (%)",https://www.who.int/data/gho/indicator-metadata-registry/imr-details/4556,SA_0000001786_MUS,Data source,,PUBLISHED,Published,,2011,2011,,AFR,Africa,,MUS,Mauritius,,FMLE,Female,,22.2,,,,,,
SA_0000001786,"13-15-years old any alcoholic beverage consumed in past 30 days, (%)",https://www.who.int/data/gho/indicator-metadata-registry/imr-details/4556,SA_0000001786_NAM,Data source,,PUBLISHED,Published,,2004,2004,,AFR,Africa,,NAM,Namibia,,FMLE,Female,,30.9,,,,,,
SA_0000001786,"13-15-years old any alcoholic beverage consumed in past 30 days, (%)",https://www.who.int/data/gho/indicator-metadata-registry/imr-details/4556,SA_0000001786_PER,Data source,,PUBLISHED,Published,,2010,2010,,AMR,Americas,,PER,Peru,,BTSX,Both sexes,,27.1,,,,,,
SA_0000001786,"13-15-years old any alcoholic beverage consumed in past 30 days, (%)",https://www.who.int/data/gho/indicator-metadata-registry/imr-details/4556,SA_0000001786_PHL,Data source,,PUBLISHED,Published,,2011,2011,,WPR,Western Pacific,,PHL,Philippines,,MLE,Male,,22.5,,,,,,
SA_0000001786,"13-15-years old any alcoholic beverage consumed in past 30 days, (%)",https://www.who.int/data/gho/indicator-metadata-registry/imr-details/4556,SA_0000001786_SEN,Data source,,PUBLISHED,Published,,2005,2005,,AFR,Africa,,SEN,Senegal,,BTSX,Both sexes,,3.2,,,,,,
SA_0000001786,"13-15-years old any alcoholic beverage consumed in past 30 days, (%)",https://www.who.int/data/gho/indicator-metadata-registry/imr-details/4556,SA_0000001786_SLB,Data source,,PUBLISHED,Published,,2011,2011,,WPR,Western Pacific,,SLB,Solomon Islands,,MLE,Male,,21.2,,,,,,
SA_0000001786,"13-15-years old any alcoholic beverage consumed in past 30 days, (%)",https://www.who.int/data/gho/indicator-metadata-registry/imr-details/4556,SA_0000001786_SWZ,Data source,,PUBLISHED,Published,,2003,2003,,AFR,Africa,,SWZ,Eswatini,,FMLE,Female,,14.3,,,,,,
SA_0000001786,"13-15-years old any alcoholic beverage consumed in past 30 days, (%)",https://www.who.int/data/gho/indicator-metadata-registry/imr-details/4556,SA_0000001786_THA,Data source,,PUBLISHED,Published,,2008,2008,,SEAR,South-East Asia,,THA,Thailand,,MLE,Male,,22.0,,,,,,
SA_0000001786,"13-15-years old any alcoholic beverage consumed in past 30 days, (%)",https://www.who.int/data/gho/indicator-metadata-registry/imr-details/4556,SA_0000001786_VNM,Data source,,PUBLISHED,Published,,2013,2013,,WPR,Western Pacific,,VNM,Viet Nam,,FMLE,Female,,10.2,,,,,,
SA_0000001786,"13-15-years old any alcoholic beverage consumed in past 30 days, (%)",https://www.who.int/data/gho/indicator-metadata-registry/imr-details/4556,SA_0000001786_GHA,Data source,,PUBLISHED,Published,,2007,2007,,AFR,Africa,,GHA,Ghana,,BTSX,Both sexes,,28.1,,,,,,
SA_0000001786,"13-15-years old any alcoholic beverage consumed in past 30 days, (%)",https://www.who.int/data/gho/indicator-metadata-registry/imr-details/4556,SA_0000001786_LBN,Data source,,PUBLISHED,Published,,2005,2005,,EMR,Eastern Mediterranean,,LBN,Lebanon,,MLE,Male,,27.8,,,,,,
SA_0000001786,"13-15-years old any alcoholic beverage consumed in past 30 days, (%)",https://www.who.int/data/gho/indicator-metadata-registry/imr-details/4556,SA_0000001786_MNG,Data source,,PUBLISHED,Published,,2010,2010,,WPR,Western Pacific,,MNG,Mongolia,,FMLE,Female,,4.5,,,,,,
SA_0000001786,"13-15-years old any alcoholic beverage consumed in past 30 days, (%)",https://www.who.int/data/gho/indicator-metadata-registry/imr-details/4556,SA_0000001786_BEN,Data source,,PUBLISHED,Published,,2016,2016,,AFR,Africa,,BEN,Benin,,MLE,Male,,38.0,,,,,,
SA_0000001786,"13-15-years old any alcoholic beverage consumed in past 30 days, (%)",https://www.who.int/data/gho/indicator-metadata-registry/imr-details/4556,SA_0000001786_CHL,Data source,,PUBLISHED,Published,,2013,2013,,AMR,Americas,,CHL,Chile,,FMLE,Female,,28.2,,,,,,
SA_0000001786,"13-15-years old any alcoholic beverage consumed in past 30 days, (%)",https://www.who.int/data/gho/indicator-metadata-registry/imr-details/4556,SA_0000001786_JAM,Data source,,PUBLISHED,Published,,2017,2017,,AMR,Americas,,JAM,Jamaica,,BTSX,Both sexes,,45.1,,,,,,
SA_0000001786,"13-15-years old any alcoholic beverage consumed in past 30 days, (%)",https://www.who.int/data/gho/indicator-metadata-registry/imr-details/4556,SA_0000001786_LBN,Data source,,PUBLISHED,Published,,2017,2017,,EMR,Eastern Mediterranean,,LBN,Lebanon,,MLE,Male,,20.6,,,,,,
SA_0000001786,"13-15-years old any alcoholic beverage consumed in past 30 days, (%)",https://www.who.int/data/gho/indicator-metadata-registry/imr-details/4556,SA_0000001786_MMR,Data source,,PUBLISHED,Published,,2016,2016,,SEAR,South-East Asia,,MMR,Myanmar,,BTSX,Both sexes,,3.9,,,,,,
SA_0000001786,"13-15-years old any alcoholic beverage consumed in past 30 days, (%)",https://www.who.int/data/gho/indicator-metadata-registry/imr-details/4556,SA_0000001786_NPL,Data source,,PUBLISHED,Published,,2015,2015,,SEAR,South-East Asia,,NPL,Nepal,,MLE,Male,,5.5,,,,,,
SA_0000001786,"13-15-years old any alcoholic beverage consumed in past 30 days, (%)",https://www.who.int/data/gho/indicator-metadata-registry/imr-details/4556,SA_0000001786_PHL,Data source,,PUBLISHED,Published,,2015,2015,,WPR,Western Pacific,,PHL,Philippines,,FMLE,Female,,16.6,,,,,,
SA_0000001786,"13-15-years old any alcoholic beverage consumed in past 30 days, (%)",https://www.who.int/data/gho/indicator-metadata-registry/imr-details/4556,SA_0000001786_SUR,Data source,,PUBLISHED,Published,,2016,2016,,AMR,Americas,,SUR,Suriname,,MLE,Male,,36.6,,,,,,
SA_0000001786,"13-15-years old any alcoholic beverage consumed in past 30 days, (%)",https://www.who.int/data/gho/indicator-metadata-registry/imr-details/4556,SA_0000001786_TLS,Data source,,PUBLISHED,Published,,2015,2015,,SEAR,South-East Asia,,TLS,Timor-Leste,,FMLE,Female,,8.3,,,,,,
SA_0000001786,"13-15-years old any alcoholic beverage consumed in past 30 days, (%)",https://www.who.int/data/gho/indicator-metadata-registry/imr-details/4556,SA_0000001786_TTO,Data source,,PUBLISHED,Published,,2017,2017,,AMR,Americas,,TTO,Trinidad and Tobago,,BTSX,Both sexes,,29.8,,,,,,
SA_0000001786,"13-15-years old any alcoholic beverage consumed in past 30 days, (%)",https://www.who.int/data/gho/indicator-metadata-registry/imr-details/4556,SA_0000001786_VUT,Data source,,PUBLISHED,Published,,2016,2016,,WPR,Western Pacific,,VUT,Vanuatu,,FMLE,Female,,9.7,,,,,,
SA_0000001786,"13-15-years old any alcoholic beverage consumed in past 30 days, (%)",https://www.who.int/data/gho/indicator-metadata-registry/imr-details/4556,SA_0000001786_BRB,Data source,,PUBLISHED,Published,,2011,2011,,AMR,Americas,,BRB,Barbados,,BTSX,Both sexes,,46.9,,,,,,
SA_0000001786,"13-15-years old any alcoholic beverage consumed in past 30 days, (%)",https://www.who.int/data/gho/indicator-metadata-registry/imr-details/4556,SA_0000001786_BWA,Data source,,PUBLISHED,Published,,2005,2005,,AFR,Africa,,BWA,Botswana,,FMLE,Female,,18.7,,,,,,
SA_0000001786,"13-15-years old any alcoholic beverage consumed in past 30 days, (%)",https://www.who.int/data/gho/indicator-metadata-registry/imr-details/4556,SA_0000001786_CRI,Data source,,PUBLISHED,Published,,2009,2009,,AMR,Americas,,CRI,Costa Rica,,FMLE,Female,,23.6,,,,,,
SA_0000001786,"13-15-years old any alcoholic beverage consumed in past 30 days, (%)",https://www.who.int/data/gho/indicator-metadata-registry/imr-details/4556,SA_0000001786_DMA,Data source,,PUBLISHED,Published,,2009,2009,,AMR,Americas,,DMA,Dominica,,BTSX,Both sexes,,54.5,,,,,,
SA_0000001786,"13-15-years old any alcoholic beverage consumed in past 30 days, (%)",https://www.who.int/data/gho/indicator-metadata-registry/imr-details/4556,SA_0000001786_GHA,Data source,,PUBLISHED,Published,,2012,2012,,AFR,Africa,,GHA,Ghana,,FMLE,Female,,12.7,,,,,,
SA_0000001786,"13-15-years old any alcoholic beverage consumed in past 30 days, (%)",https://www.who.int/data/gho/indicator-metadata-registry/imr-details/4556,SA_0000001786_GRD,Data source,,PUBLISHED,Published,,2008,2008,,AMR,Americas,,GRD,Grenada,,FMLE,Female,,43.0,,,,,,
SA_0000001786,"13-15-years old any alcoholic beverage consumed in past 30 days, (%)",https://www.who.int/data/gho/indicator-metadata-registry/imr-details/4556,SA_0000001786_IDN,Data source,,PUBLISHED,Published,,2007,2007,,SEAR,South-East Asia,,IDN,Indonesia,,MLE,Male,,4.3,,,,,,
SA_0000001786,"13-15-years old any alcoholic beverage consumed in past 30 days, (%)",https://www.who.int/data/gho/indicator-metadata-registry/imr-details/4556,SA_0000001786_IDN,Data source,,PUBLISHED,Published,,2007,2007,,SEAR,South-East Asia,,IDN,Indonesia,,FMLE,Female,,0.8,,,,,,
SA_0000001786,"13-15-years old any alcoholic beverage consumed in past 30 days, (%)",https://www.who.int/data/gho/indicator-metadata-registry/imr-details/4556,SA_0000001786_MWI,Data source,,PUBLISHED,Published,,2009,2009,,AFR,Africa,,MWI,Malawi,,MLE,Male,,5.3,,,,,,
SA_0000001786,"13-15-years old any alcoholic beverage consumed in past 30 days, (%)",https://www.who.int/data/gho/indicator-metadata-registry/imr-details/4556,SA_0000001786_MWI,Data source,,PUBLISHED,Published,,2009,2009,,AFR,Africa,,MWI,Malawi,,FMLE,Female,,2.5,,,,,,
SA_0000001786,"13-15-years old any alcoholic beverage consumed in past 30 days, (%)",https://www.who.int/data/gho/indicator-metadata-registry/imr-details/4556,SA_0000001786_MNG,Data source,,PUBLISHED,Published,,2013,2013,,WPR,Western Pacific,,MNG,Mongolia,,MLE,Male,,4.9,,,,,,
SA_0000001786,"13-15-years old any alcoholic beverage consumed in past 30 days, (%)",https://www.who.int/data/gho/indicator-metadata-registry/imr-details/4556,SA_0000001786_MNG,Data source,,PUBLISHED,Published,,2013,2013,,WPR,Western Pacific,,MNG,Mongolia,,FMLE,Female,,3.9,,,,,,
SA_0000001786,"13-15-years old any alcoholic beverage consumed in past 30 days, (%)",https://www.who.int/data/gho/indicator-metadata-registry/imr-details/4556,SA_0000001786_NRU,Data source,,PUBLISHED,Published,,2011,2011,,WPR,Western Pacific,,NRU,Nauru,,BTSX,Both sexes,,21.9,,,,,,
SA_0000001786,"13-15-years old any alcoholic beverage consumed in past 30 days, (%)",https://www.who.int/data/gho/indicator-metadata-registry/imr-details/4556,SA_0000001786_NRU,Data source,,PUBLISHED,Published,,2011,2011,,WPR,Western Pacific,,NRU,Nauru,,MLE,Male,,27.1,,,,,,
SA_0000001786,"13-15-years old any alcoholic beverage consumed in past 30 days, (%)",https://www.who.int/data/gho/indicator-metadata-registry/imr-details/4556,SA_0000001786_VCT,Data source,,PUBLISHED,Published,,2007,2007,,AMR,Americas,,VCT,Saint Vincent and the Grenadines,,BTSX,Both sexes,,53.2,,,,,,
SA_0000001786,"13-15-years old any alcoholic beverage consumed in past 30 days, (%)",https://www.who.int/data/gho/indicator-metadata-registry/imr-details/4556,SA_0000001786_VCT,Data source,,PUBLISHED,Published,,2007,2007,,AMR,Americas,,VCT,Saint Vincent and the Grenadines,,MLE,Male,,52.6,,,,,,
SA_0000001786,"13-15-years old any alcoholic beverage consumed in past 30 days, (%)",https://www.who.int/data/gho/indicator-metadata-registry/imr-details/4556,SA_0000001786_SWZ,Data source,,PUBLISHED,Published,,2003,2003,,AFR,Africa,,SWZ,Eswatini,,BTSX,Both sexes,,16.0,,,,,,
SA_0000001786,"13-15-years old any alcoholic beverage consumed in past 30 days, (%)",https://www.who.int/data/gho/indicator-metadata-registry/imr-details/4556,SA_0000001786_SWZ,Data source,,PUBLISHED,Published,,2003,2003,,AFR,Africa,,SWZ,Eswatini,,MLE,Male,,19.6,,,,,,
SA_0000001786,"13-15-years old any alcoholic beverage consumed in past 30 days, (%)",https://www.who.int/data/gho/indicator-metadata-registry/imr-details/4556,SA_0000001786_THA,Data source,,PUBLISHED,Published,,2008,2008,,SEAR,South-East Asia,,THA,Thailand,,FMLE,Female,,10.0,,,,,,
SA_0000001786,"13-15-years old any alcoholic beverage consumed in past 30 days, (%)",https://www.who.int/data/gho/indicator-metadata-registry/imr-details/4556,SA_0000001786_TON,Data source,,PUBLISHED,Published,,2010,2010,,WPR,Western Pacific,,TON,Tonga,,BTSX,Both sexes,,16.4,,,,,,
SA_0000001786,"13-15-years old any alcoholic beverage consumed in past 30 days, (%)",https://www.who.int/data/gho/indicator-metadata-registry/imr-details/4556,SA_0000001786_URY,Data source,,PUBLISHED,Published,,2012,2012,,AMR,Americas,,URY,Uruguay,,FMLE,Female,,43.4,,,,,,
SA_0000001786,"13-15-years old any alcoholic beverage consumed in past 30 days, (%)",https://www.who.int/data/gho/indicator-metadata-registry/imr-details/4556,SA_0000001786_VUT,Data source,,PUBLISHED,Published,,2011,2011,,WPR,Western Pacific,,VUT,Vanuatu,,BTSX,Both sexes,,8.3,,,,,,
SA_0000001786,"13-15-years old any alcoholic beverage consumed in past 30 days, (%)",https://www.who.int/data/gho/indicator-metadata-registry/imr-details/4556,SA_0000001786_GHA,Data source,,PUBLISHED,Published,,2007,2007,,AFR,Africa,,GHA,Ghana,,FMLE,Female,,29.3,,,,,,
SA_0000001786,"13-15-years old any alcoholic beverage consumed in past 30 days, (%)",https://www.who.int/data/gho/indicator-metadata-registry/imr-details/4556,SA_0000001786_GUY,Data source,,PUBLISHED,Published,,2004,2004,,AMR,Americas,,GUY,Guyana,,FMLE,Female,,25.9,,,,,,
SA_0000001786,"13-15-years old any alcoholic beverage consumed in past 30 days, (%)",https://www.who.int/data/gho/indicator-metadata-registry/imr-details/4556,SA_0000001786_TTO,Data source,,PUBLISHED,Published,,2007,2007,,AMR,Americas,,TTO,Trinidad and Tobago,,MLE,Male,,39.6,,,,,,
SA_0000001786,"13-15-years old any alcoholic beverage consumed in past 30 days, (%)",https://www.who.int/data/gho/indicator-metadata-registry/imr-details/4556,SA_0000001786_TTO,Data source,,PUBLISHED,Published,,2007,2007,,AMR,Americas,,TTO,Trinidad and Tobago,,FMLE,Female,,42.0,,,,,,
SA_0000001786,"13-15-years old any alcoholic beverage consumed in past 30 days, (%)",https://www.who.int/data/gho/indicator-metadata-registry/imr-details/4556,SA_0000001786_BEN,Data source,,PUBLISHED,Published,,2016,2016,,AFR,Africa,,BEN,Benin,,FMLE,Female,,42.4,,,,,,
SA_0000001786,"13-15-years old any alcoholic beverage consumed in past 30 days, (%)",https://www.who.int/data/gho/indicator-metadata-registry/imr-details/4556,SA_0000001786_BTN,Data source,,PUBLISHED,Published,,2016,2016,,SEAR,South-East Asia,,BTN,Bhutan,,BTSX,Both sexes,,18.2,,,,,,
SA_0000001786,"13-15-years old any alcoholic beverage consumed in past 30 days, (%)",https://www.who.int/data/gho/indicator-metadata-registry/imr-details/4556,SA_0000001786_DOM,Data source,,PUBLISHED,Published,,2016,2016,,AMR,Americas,,DOM,Dominican Republic,,FMLE,Female,,40.4,,,,,,
SA_0000001786,"13-15-years old any alcoholic beverage consumed in past 30 days, (%)",https://www.who.int/data/gho/indicator-metadata-registry/imr-details/4556,SA_0000001786_FJI,Data source,,PUBLISHED,Published,,2016,2016,,WPR,Western Pacific,,FJI,Fiji,,BTSX,Both sexes,,12.9,,,,,,
SA_0000001786,"13-15-years old any alcoholic beverage consumed in past 30 days, (%)",https://www.who.int/data/gho/indicator-metadata-registry/imr-details/4556,SA_0000001786_LAO,Data source,,PUBLISHED,Published,,2015,2015,,WPR,Western Pacific,,LAO,Lao People's Democratic Republic,,FMLE,Female,,20.8,,,,,,
SA_0000001786,"13-15-years old any alcoholic beverage consumed in past 30 days, (%)",https://www.who.int/data/gho/indicator-metadata-registry/imr-details/4556,SA_0000001786_LBN,Data source,,PUBLISHED,Published,,2017,2017,,EMR,Eastern Mediterranean,,LBN,Lebanon,,BTSX,Both sexes,,17.5,,,,,,
SA_0000001786,"13-15-years old any alcoholic beverage consumed in past 30 days, (%)",https://www.who.int/data/gho/indicator-metadata-registry/imr-details/4556,SA_0000001786_MMR,Data source,,PUBLISHED,Published,,2016,2016,,SEAR,South-East Asia,,MMR,Myanmar,,MLE,Male,,6.6,,,,,,
SA_0000001786,"13-15-years old any alcoholic beverage consumed in past 30 days, (%)",https://www.who.int/data/gho/indicator-metadata-registry/imr-details/4556,SA_0000001786_MMR,Data source,,PUBLISHED,Published,,2016,2016,,SEAR,South-East Asia,,MMR,Myanmar,,FMLE,Female,,1.3,,,,,,
SA_0000001786,"13-15-years old any alcoholic beverage consumed in past 30 days, (%)",https://www.who.int/data/gho/indicator-metadata-registry/imr-details/4556,SA_0000001786_SLE,Data source,,PUBLISHED,Published,,2017,2017,,AFR,Africa,,SLE,Sierra Leone,,MLE,Male,,11.5,,,,,,
SA_0000001786,"13-15-years old any alcoholic beverage consumed in past 30 days, (%)",https://www.who.int/data/gho/indicator-metadata-registry/imr-details/4556,SA_0000001786_SLE,Data source,,PUBLISHED,Published,,2017,2017,,AFR,Africa,,SLE,Sierra Leone,,FMLE,Female,,8.2,,,,,,
SA_0000001786,"13-15-years old any alcoholic beverage consumed in past 30 days, (%)",https://www.who.int/data/gho/indicator-metadata-registry/imr-details/4556,SA_0000001786_TON,Data source,,PUBLISHED,Published,,2017,2017,,WPR,Western Pacific,,TON,Tonga,,MLE,Male,,15.1,,,,,,
SA_0000001786,"13-15-years old any alcoholic beverage consumed in past 30 days, (%)",https://www.who.int/data/gho/indicator-metadata-registry/imr-details/4556,SA_0000001786_TON,Data source,,PUBLISHED,Published,,2017,2017,,WPR,Western Pacific,,TON,Tonga,,FMLE,Female,,5.6,,,,,,
SA_0000001786,"13-15-years old any alcoholic beverage consumed in past 30 days, (%)",https://www.who.int/data/gho/indicator-metadata-registry/imr-details/4556,SA_0000001786_ARG,Data source,,PUBLISHED,Published,,2012,2012,,AMR,Americas,,ARG,Argentina,,MLE,Male,,49.3,,,,,,
SA_0000001786,"13-15-years old any alcoholic beverage consumed in past 30 days, (%)",https://www.who.int/data/gho/indicator-metadata-registry/imr-details/4556,SA_0000001786_ARG,Data source,,PUBLISHED,Published,,2012,2012,,AMR,Americas,,ARG,Argentina,,FMLE,Female,,50.7,,,,,,
SA_0000001786,"13-15-years old any alcoholic beverage consumed in past 30 days, (%)",https://www.who.int/data/gho/indicator-metadata-registry/imr-details/4556,SA_0000001786_CRI,Data source,,PUBLISHED,Published,,2009,2009,,AMR,Americas,,CRI,Costa Rica,,MLE,Male,,23.4,,,,,,
SA_0000001786,"13-15-years old any alcoholic beverage consumed in past 30 days, (%)",https://www.who.int/data/gho/indicator-metadata-registry/imr-details/4556,SA_0000001786_DMA,Data source,,PUBLISHED,Published,,2009,2009,,AMR,Americas,,DMA,Dominica,,MLE,Male,,54.9,,,,,,
SA_0000001786,"13-15-years old any alcoholic beverage consumed in past 30 days, (%)",https://www.who.int/data/gho/indicator-metadata-registry/imr-details/4556,SA_0000001786_GRD,Data source,,PUBLISHED,Published,,2008,2008,,AMR,Americas,,GRD,Grenada,,BTSX,Both sexes,,45.6,,,,,,
SA_0000001786,"13-15-years old any alcoholic beverage consumed in past 30 days, (%)",https://www.who.int/data/gho/indicator-metadata-registry/imr-details/4556,SA_0000001786_GRD,Data source,,PUBLISHED,Published,,2008,2008,,AMR,Americas,,GRD,Grenada,,MLE,Male,,49.1,,,,,,
SA_0000001786,"13-15-years old any alcoholic beverage consumed in past 30 days, (%)",https://www.who.int/data/gho/indicator-metadata-registry/imr-details/4556,SA_0000001786_JAM,Data source,,PUBLISHED,Published,,2010,2010,,AMR,Americas,,JAM,Jamaica,,BTSX,Both sexes,,52.5,,,,,,
SA_0000001786,"13-15-years old any alcoholic beverage consumed in past 30 days, (%)",https://www.who.int/data/gho/indicator-metadata-registry/imr-details/4556,SA_0000001786_JAM,Data source,,PUBLISHED,Published,,2010,2010,,AMR,Americas,,JAM,Jamaica,,MLE,Male,,57.8,,,,,,
SA_0000001786,"13-15-years old any alcoholic beverage consumed in past 30 days, (%)",https://www.who.int/data/gho/indicator-metadata-registry/imr-details/4556,SA_0000001786_MWI,Data source,,PUBLISHED,Published,,2009,2009,,AFR,Africa,,MWI,Malawi,,BTSX,Both sexes,,3.9,,,,,,
SA_0000001786,"13-15-years old any alcoholic beverage consumed in past 30 days, (%)",https://www.who.int/data/gho/indicator-metadata-registry/imr-details/4556,SA_0000001786_MYS,Data source,,PUBLISHED,Published,,2012,2012,,WPR,Western Pacific,,MYS,Malaysia,,BTSX,Both sexes,,7.5,,,,,,
SA_0000001786,"13-15-years old any alcoholic beverage consumed in past 30 days, (%)",https://www.who.int/data/gho/indicator-metadata-registry/imr-details/4556,SA_0000001786_MNG,Data source,,PUBLISHED,Published,,2013,2013,,WPR,Western Pacific,,MNG,Mongolia,,BTSX,Both sexes,,4.5,,,,,,
SA_0000001786,"13-15-years old any alcoholic beverage consumed in past 30 days, (%)",https://www.who.int/data/gho/indicator-metadata-registry/imr-details/4556,SA_0000001786_NRU,Data source,,PUBLISHED,Published,,2011,2011,,WPR,Western Pacific,,NRU,Nauru,,FMLE,Female,,17.6,,,,,,
SA_0000001786,"13-15-years old any alcoholic beverage consumed in past 30 days, (%)",https://www.who.int/data/gho/indicator-metadata-registry/imr-details/4556,SA_0000001786_NIU,Data source,,PUBLISHED,Published,,2010,2010,,WPR,Western Pacific,,NIU,Niue,,BTSX,Both sexes,,23.0,,,,,,
SA_0000001786,"13-15-years old any alcoholic beverage consumed in past 30 days, (%)",https://www.who.int/data/gho/indicator-metadata-registry/imr-details/4556,SA_0000001786_LCA,Data source,,PUBLISHED,Published,,2007,2007,,AMR,Americas,,LCA,Saint Lucia,,FMLE,Female,,52.2,,,,,,
SA_0000001786,"13-15-years old any alcoholic beverage consumed in past 30 days, (%)",https://www.who.int/data/gho/indicator-metadata-registry/imr-details/4556,SA_0000001786_VCT,Data source,,PUBLISHED,Published,,2007,2007,,AMR,Americas,,VCT,Saint Vincent and the Grenadines,,FMLE,Female,,53.5,,,,,,
SA_0000001786,"13-15-years old any alcoholic beverage consumed in past 30 days, (%)",https://www.who.int/data/gho/indicator-metadata-registry/imr-details/4556,SA_0000001786_SUR,Data source,,PUBLISHED,Published,,2009,2009,,AMR,Americas,,SUR,Suriname,,MLE,Male,,35.6,,,,,,
SA_0000001786,"13-15-years old any alcoholic beverage consumed in past 30 days, (%)",https://www.who.int/data/gho/indicator-metadata-registry/imr-details/4556,SA_0000001786_SUR,Data source,,PUBLISHED,Published,,2009,2009,,AMR,Americas,,SUR,Suriname,,FMLE,Female,,30.0,,,,,,
SA_0000001786,"13-15-years old any alcoholic beverage consumed in past 30 days, (%)",https://www.who.int/data/gho/indicator-metadata-registry/imr-details/4556,SA_0000001786_TON,Data source,,PUBLISHED,Published,,2010,2010,,WPR,Western Pacific,,TON,Tonga,,MLE,Male,,14.9,,,,,,
SA_0000001786,"13-15-years old any alcoholic beverage consumed in past 30 days, (%)",https://www.who.int/data/gho/indicator-metadata-registry/imr-details/4556,SA_0000001786_TON,Data source,,PUBLISHED,Published,,2010,2010,,WPR,Western Pacific,,TON,Tonga,,FMLE,Female,,17.9,,,,,,
SA_0000001786,"13-15-years old any alcoholic beverage consumed in past 30 days, (%)",https://www.who.int/data/gho/indicator-metadata-registry/imr-details/4556,SA_0000001786_URY,Data source,,PUBLISHED,Published,,2012,2012,,AMR,Americas,,URY,Uruguay,,MLE,Male,,47.2,,,,,,
SA_0000001786,"13-15-years old any alcoholic beverage consumed in past 30 days, (%)",https://www.who.int/data/gho/indicator-metadata-registry/imr-details/4556,SA_0000001786_VUT,Data source,,PUBLISHED,Published,,2011,2011,,WPR,Western Pacific,,VUT,Vanuatu,,MLE,Male,,10.3,,,,,,
SA_0000001786,"13-15-years old any alcoholic beverage consumed in past 30 days, (%)",https://www.who.int/data/gho/indicator-metadata-registry/imr-details/4556,SA_0000001786_GUY,Data source,,PUBLISHED,Published,,2004,2004,,AMR,Americas,,GUY,Guyana,,BTSX,Both sexes,,35.5,,,,,,
SA_0000001786,"13-15-years old any alcoholic beverage consumed in past 30 days, (%)",https://www.who.int/data/gho/indicator-metadata-registry/imr-details/4556,SA_0000001786_GUY,Data source,,PUBLISHED,Published,,2004,2004,,AMR,Americas,,GUY,Guyana,,MLE,Male,,46.9,,,,,,
SA_0000001786,"13-15-years old any alcoholic beverage consumed in past 30 days, (%)",https://www.who.int/data/gho/indicator-metadata-registry/imr-details/4556,SA_0000001786_TTO,Data source,,PUBLISHED,Published,,2007,2007,,AMR,Americas,,TTO,Trinidad and Tobago,,BTSX,Both sexes,,41.0,,,,,,
SA_0000001786,"13-15-years old any alcoholic beverage consumed in past 30 days, (%)",https://www.who.int/data/gho/indicator-metadata-registry/imr-details/4556,SA_0000001786_URY,Data source,,PUBLISHED,Published,,2006,2006,,AMR,Americas,,URY,Uruguay,,BTSX,Both sexes,,59.6,,,,,,
SA_0000001786,"13-15-years old any alcoholic beverage consumed in past 30 days, (%)",https://www.who.int/data/gho/indicator-metadata-registry/imr-details/4556,SA_0000001786_URY,Data source,,PUBLISHED,Published,,2006,2006,,AMR,Americas,,URY,Uruguay,,MLE,Male,,62.0,,,,,,
SA_0000001786,"13-15-years old any alcoholic beverage consumed in past 30 days, (%)",https://www.who.int/data/gho/indicator-metadata-registry/imr-details/4556,SA_0000001786_BTN,Data source,,PUBLISHED,Published,,2016,2016,,SEAR,South-East Asia,,BTN,Bhutan,,MLE,Male,,26.0,,,,,,
SA_0000001786,"13-15-years old any alcoholic beverage consumed in past 30 days, (%)",https://www.who.int/data/gho/indicator-metadata-registry/imr-details/4556,SA_0000001786_BTN,Data source,,PUBLISHED,Published,,2016,2016,,SEAR,South-East Asia,,BTN,Bhutan,,FMLE,Female,,11.7,,,,,,
SA_0000001786,"13-15-years old any alcoholic beverage consumed in past 30 days, (%)",https://www.who.int/data/gho/indicator-metadata-registry/imr-details/4556,SA_0000001786_DOM,Data source,,PUBLISHED,Published,,2016,2016,,AMR,Americas,,DOM,Dominican Republic,,MLE,Male,,35.8,,,,,,
SA_0000001786,"13-15-years old any alcoholic beverage consumed in past 30 days, (%)",https://www.who.int/data/gho/indicator-metadata-registry/imr-details/4556,SA_0000001786_FJI,Data source,,PUBLISHED,Published,,2016,2016,,WPR,Western Pacific,,FJI,Fiji,,MLE,Male,,15.5,,,,,,
SA_0000001786,"13-15-years old any alcoholic beverage consumed in past 30 days, (%)",https://www.who.int/data/gho/indicator-metadata-registry/imr-details/4556,SA_0000001786_LAO,Data source,,PUBLISHED,Published,,2015,2015,,WPR,Western Pacific,,LAO,Lao People's Democratic Republic,,BTSX,Both sexes,,19.8,,,,,,
SA_0000001786,"13-15-years old any alcoholic beverage consumed in past 30 days, (%)",https://www.who.int/data/gho/indicator-metadata-registry/imr-details/4556,SA_0000001786_LAO,Data source,,PUBLISHED,Published,,2015,2015,,WPR,Western Pacific,,LAO,Lao People's Democratic Republic,,MLE,Male,,18.9,,,,,,
SA_0000001786,"13-15-years old any alcoholic beverage consumed in past 30 days, (%)",https://www.who.int/data/gho/indicator-metadata-registry/imr-details/4556,SA_0000001786_NAM,Data source,,PUBLISHED,Published,,2013,2013,,AFR,Africa,,NAM,Namibia,,BTSX,Both sexes,,23.5,,,,,,
SA_0000001786,"13-15-years old any alcoholic beverage consumed in past 30 days, (%)",https://www.who.int/data/gho/indicator-metadata-registry/imr-details/4556,SA_0000001786_NAM,Data source,,PUBLISHED,Published,,2013,2013,,AFR,Africa,,NAM,Namibia,,MLE,Male,,26.4,,,,,,
SA_0000001786,"13-15-years old any alcoholic beverage consumed in past 30 days, (%)",https://www.who.int/data/gho/indicator-metadata-registry/imr-details/4556,SA_0000001786_SLE,Data source,,PUBLISHED,Published,,2017,2017,,AFR,Africa,,SLE,Sierra Leone,,BTSX,Both sexes,,10.1,,,,,,
SA_0000001786,"13-15-years old any alcoholic beverage consumed in past 30 days, (%)",https://www.who.int/data/gho/indicator-metadata-registry/imr-details/4556,SA_0000001786_LKA,Data source,,PUBLISHED,Published,,2016,2016,,SEAR,South-East Asia,,LKA,Sri Lanka,,BTSX,Both sexes,,2.0,,,,,,
SA_0000001786,"13-15-years old any alcoholic beverage consumed in past 30 days, (%)",https://www.who.int/data/gho/indicator-metadata-registry/imr-details/4556,SA_0000001786_TON,Data source,,PUBLISHED,Published,,2017,2017,,WPR,Western Pacific,,TON,Tonga,,BTSX,Both sexes,,10.4,,,,,,
SA_0000001786,"13-15-years old any alcoholic beverage consumed in past 30 days, (%)",https://www.who.int/data/gho/indicator-metadata-registry/imr-details/4556,SA_0000001786_ARG,Data source,,PUBLISHED,Published,,2012,2012,,AMR,Americas,,ARG,Argentina,,BTSX,Both sexes,,50.0,,,,,,
SA_0000001786,"13-15-years old any alcoholic beverage consumed in past 30 days, (%)",https://www.who.int/data/gho/indicator-metadata-registry/imr-details/4556,SA_0000001786_DOM,Data source,,PUBLISHED,Published,,2016,2016,,AMR,Americas,,DOM,Dominican Republic,,BTSX,Both sexes,,38.0,,,,,,
SA_0000001786,"13-15-years old any alcoholic beverage consumed in past 30 days, (%)",https://www.who.int/data/gho/indicator-metadata-registry/imr-details/4556,SA_0000001786_PHL,Data source,,PUBLISHED,Published,,2007,2007,,WPR,Western Pacific,,PHL,Philippines,,FMLE,Female,,12.9,,,,,,
SA_0000001786,"13-15-years old any alcoholic beverage consumed in past 30 days, (%)",https://www.who.int/data/gho/indicator-metadata-registry/imr-details/4556,SA_0000001786_MOZ,Data source,,PUBLISHED,Published,,2017,2017,,AFR,Africa,,MOZ,Mozambique,,BTSX,Both sexes,,9.6,,,,,,
SA_0000001786,"13-15-years old any alcoholic beverage consumed in past 30 days, (%)",https://www.who.int/data/gho/indicator-metadata-registry/imr-details/4556,SA_0000001786_MOZ,Data source,,PUBLISHED,Published,,2017,2017,,AFR,Africa,,MOZ,Mozambique,,FMLE,Female,,9.9,,,,,,
SA_0000001786,"13-15-years old any alcoholic beverage consumed in past 30 days, (%)",https://www.who.int/data/gho/indicator-metadata-registry/imr-details/4556,SA_0000001786_PHL,Data source,,PUBLISHED,Published,,2007,2007,,WPR,Western Pacific,,PHL,Philippines,,BTSX,Both sexes,,15.8,,,,,,
SA_0000001786,"13-15-years old any alcoholic beverage consumed in past 30 days, (%)",https://www.who.int/data/gho/indicator-metadata-registry/imr-details/4556,SA_0000001786_VNM,Data source,,PUBLISHED,Published,,2013,2013,,WPR,Western Pacific,,VNM,Viet Nam,,MLE,Male,,21.7,,,,,,
SA_0000001786,"13-15-years old any alcoholic beverage consumed in past 30 days, (%)",https://www.who.int/data/gho/indicator-metadata-registry/imr-details/4556,SA_0000001786_TLS,Data source,,PUBLISHED,Published,,2015,2015,,SEAR,South-East Asia,,TLS,Timor-Leste,,MLE,Male,,14.1,,,,,,
SA_0000001786,"13-15-years old any alcoholic beverage consumed in past 30 days, (%)",https://www.who.int/data/gho/indicator-metadata-registry/imr-details/4556,SA_0000001786_VUT,Data source,,PUBLISHED,Published,,2011,2011,,WPR,Western Pacific,,VUT,Vanuatu,,FMLE,Female,,5.8,,,,,,
SA_0000001786,"13-15-years old any alcoholic beverage consumed in past 30 days, (%)",https://www.who.int/data/gho/indicator-metadata-registry/imr-details/4556,SA_0000001786_URY,Data source,,PUBLISHED,Published,,2012,2012,,AMR,Americas,,URY,Uruguay,,BTSX,Both sexes,,45.2,,,,,,
SA_0000001786,"13-15-years old any alcoholic beverage consumed in past 30 days, (%)",https://www.who.int/data/gho/indicator-metadata-registry/imr-details/4556,SA_0000001786_NAM,Data source,,PUBLISHED,Published,,2004,2004,,AFR,Africa,,NAM,Namibia,,MLE,Male,,35.0,,,,,,
SA_0000001786,"13-15-years old any alcoholic beverage consumed in past 30 days, (%)",https://www.who.int/data/gho/indicator-metadata-registry/imr-details/4556,SA_0000001786_MMR,Data source,,PUBLISHED,Published,,2007,2007,,SEAR,South-East Asia,,MMR,Myanmar,,FMLE,Female,,0.5,,,,,,
SA_0000001786,"13-15-years old any alcoholic beverage consumed in past 30 days, (%)",https://www.who.int/data/gho/indicator-metadata-registry/imr-details/4556,SA_0000001786_MDV,Data source,,PUBLISHED,Published,,2009,2009,,SEAR,South-East Asia,,MDV,Maldives,,BTSX,Both sexes,,4.9,,,,,,
SA_0000001786,"13-15-years old any alcoholic beverage consumed in past 30 days, (%)",https://www.who.int/data/gho/indicator-metadata-registry/imr-details/4556,SA_0000001786_MYS,Data source,,PUBLISHED,Published,,2012,2012,,WPR,Western Pacific,,MYS,Malaysia,,MLE,Male,,9.3,,,,,,
SA_0000001786,"13-15-years old any alcoholic beverage consumed in past 30 days, (%)",https://www.who.int/data/gho/indicator-metadata-registry/imr-details/4556,SA_0000001786_LBN,Data source,,PUBLISHED,Published,,2011,2011,,EMR,Eastern Mediterranean,,LBN,Lebanon,,FMLE,Female,,21.6,,,,,,
SA_0000001786,"13-15-years old any alcoholic beverage consumed in past 30 days, (%)",https://www.who.int/data/gho/indicator-metadata-registry/imr-details/4556,SA_0000001786_LBN,Data source,,PUBLISHED,Published,,2011,2011,,EMR,Eastern Mediterranean,,LBN,Lebanon,,BTSX,Both sexes,,28.5,,,,,,
SA_0000001786,"13-15-years old any alcoholic beverage consumed in past 30 days, (%)",https://www.who.int/data/gho/indicator-metadata-registry/imr-details/4556,SA_0000001786_GTM,Data source,,PUBLISHED,Published,,2009,2009,,AMR,Americas,,GTM,Guatemala,,FMLE,Female,,14.2,,,,,,
SA_0000001786,"13-15-years old any alcoholic beverage consumed in past 30 days, (%)",https://www.who.int/data/gho/indicator-metadata-registry/imr-details/4556,SA_0000001786_GTM,Data source,,PUBLISHED,Published,,2009,2009,,AMR,Americas,,GTM,Guatemala,,BTSX,Both sexes,,16.2,,,,,,
SA_0000001786,"13-15-years old any alcoholic beverage consumed in past 30 days, (%)",https://www.who.int/data/gho/indicator-metadata-registry/imr-details/4556,SA_0000001786_GHA,Data source,,PUBLISHED,Published,,2012,2012,,AFR,Africa,,GHA,Ghana,,MLE,Male,,18.3,,,,,,
SA_0000001786,"13-15-years old any alcoholic beverage consumed in past 30 days, (%)",https://www.who.int/data/gho/indicator-metadata-registry/imr-details/4556,SA_0000001786_KHM,Data source,,PUBLISHED,Published,,2013,2013,,WPR,Western Pacific,,KHM,Cambodia,,BTSX,Both sexes,,5.4,,,,,,
SA_0000001786,"13-15-years old any alcoholic beverage consumed in past 30 days, (%)",https://www.who.int/data/gho/indicator-metadata-registry/imr-details/4556,SA_0000001786_BRN,Data source,,PUBLISHED,Published,,2014,2014,,WPR,Western Pacific,,BRN,Brunei Darussalam,,MLE,Male,,4.4,,,,,,
SA_0000001786,"13-15-years old any alcoholic beverage consumed in past 30 days, (%)",https://www.who.int/data/gho/indicator-metadata-registry/imr-details/4556,SA_0000001786_BWA,Data source,,PUBLISHED,Published,,2005,2005,,AFR,Africa,,BWA,Botswana,,BTSX,Both sexes,,20.6,,,,,,
SA_0000001786,"13-15-years old any alcoholic beverage consumed in past 30 days, (%)",https://www.who.int/data/gho/indicator-metadata-registry/imr-details/4556,SA_0000001786_BOL,Data source,,PUBLISHED,Published,,2012,2012,,AMR,Americas,,BOL,Bolivia (Plurinational State of),,MLE,Male,,16.3,,,,,,
SA_0000001786,"13-15-years old any alcoholic beverage consumed in past 30 days, (%)",https://www.who.int/data/gho/indicator-metadata-registry/imr-details/4556,SA_0000001786_FJI,Data source,,PUBLISHED,Published,,2016,2016,,WPR,Western Pacific,,FJI,Fiji,,FMLE,Female,,9.3,,,,,,
SA_0000001786,"13-15-years old any alcoholic beverage consumed in past 30 days, (%)",https://www.who.int/data/gho/indicator-metadata-registry/imr-details/4556,SA_0000001786_NPL,Data source,,PUBLISHED,Published,,2015,2015,,SEAR,South-East Asia,,NPL,Nepal,,BTSX,Both sexes,,4.6,,,,,,
SA_0000001786,"13-15-years old any alcoholic beverage consumed in past 30 days, (%)",https://www.who.int/data/gho/indicator-metadata-registry/imr-details/4556,SA_0000001786_NPL,Data source,,PUBLISHED,Published,,2015,2015,,SEAR,South-East Asia,,NPL,Nepal,,FMLE,Female,,3.7,,,,,,
SA_0000001786,"13-15-years old any alcoholic beverage consumed in past 30 days, (%)",https://www.who.int/data/gho/indicator-metadata-registry/imr-details/4556,SA_0000001786_TTO,Data source,,PUBLISHED,Published,,2017,2017,,AMR,Americas,,TTO,Trinidad and Tobago,,MLE,Male,,27.6,,,,,,
SA_0000001786,"13-15-years old any alcoholic beverage consumed in past 30 days, (%)",https://www.who.int/data/gho/indicator-metadata-registry/imr-details/4556,SA_0000001786_TUV,Data source,,PUBLISHED,Published,,2013,2013,,WPR,Western Pacific,,TUV,Tuvalu,,BTSX,Both sexes,,13.1,,,,,,
SA_0000001786,"13-15-years old any alcoholic beverage consumed in past 30 days, (%)",https://www.who.int/data/gho/indicator-metadata-registry/imr-details/4556,SA_0000001786_SYR,Data source,,PUBLISHED,Published,,2010,2010,,EMR,Eastern Mediterranean,,SYR,Syrian Arab Republic,,FMLE,Female,,3.1,,,,,,
SA_0000001786,"13-15-years old any alcoholic beverage consumed in past 30 days, (%)",https://www.who.int/data/gho/indicator-metadata-registry/imr-details/4556,SA_0000001786_SYR,Data source,,PUBLISHED,Published,,2010,2010,,EMR,Eastern Mediterranean,,SYR,Syrian Arab Republic,,BTSX,Both sexes,,7.4,,,,,,
SA_0000001786,"13-15-years old any alcoholic beverage consumed in past 30 days, (%)",https://www.who.int/data/gho/indicator-metadata-registry/imr-details/4556,SA_0000001786_SLB,Data source,,PUBLISHED,Published,,2011,2011,,WPR,Western Pacific,,SLB,Solomon Islands,,FMLE,Female,,13.4,,,,,,
SA_0000001786,"13-15-years old any alcoholic beverage consumed in past 30 days, (%)",https://www.who.int/data/gho/indicator-metadata-registry/imr-details/4556,SA_0000001786_SLB,Data source,,PUBLISHED,Published,,2011,2011,,WPR,Western Pacific,,SLB,Solomon Islands,,BTSX,Both sexes,,18.0,,,,,,
SA_0000001786,"13-15-years old any alcoholic beverage consumed in past 30 days, (%)",https://www.who.int/data/gho/indicator-metadata-registry/imr-details/4556,SA_0000001786_PER,Data source,,PUBLISHED,Published,,2010,2010,,AMR,Americas,,PER,Peru,,MLE,Male,,28.4,,,,,,
SA_0000001786,"13-15-years old any alcoholic beverage consumed in past 30 days, (%)",https://www.who.int/data/gho/indicator-metadata-registry/imr-details/4556,SA_0000001786_ATG,Data source,,PUBLISHED,Published,,2009,2009,,AMR,Americas,,ATG,Antigua and Barbuda,,FMLE,Female,,45.7,,,,,,
SA_0000001786,"13-15-years old any alcoholic beverage consumed in past 30 days, (%)",https://www.who.int/data/gho/indicator-metadata-registry/imr-details/4556,SA_0000001786_BLZ,Data source,,PUBLISHED,Published,,2011,2011,,AMR,Americas,,BLZ,Belize,,MLE,Male,,29.4,,,,,,
SA_0000001786,"13-15-years old any alcoholic beverage consumed in past 30 days, (%)",https://www.who.int/data/gho/indicator-metadata-registry/imr-details/4556,SA_0000001786_BOL,Data source,,PUBLISHED,Published,,2012,2012,,AMR,Americas,,BOL,Bolivia (Plurinational State of),,FMLE,Female,,13.8,,,,,,
SA_0000001786,"13-15-years old any alcoholic beverage consumed in past 30 days, (%)",https://www.who.int/data/gho/indicator-metadata-registry/imr-details/4556,SA_0000001786_BRN,Data source,,PUBLISHED,Published,,2014,2014,,WPR,Western Pacific,,BRN,Brunei Darussalam,,BTSX,Both sexes,,3.8,,,,,,
SA_0000001786,"13-15-years old any alcoholic beverage consumed in past 30 days, (%)",https://www.who.int/data/gho/indicator-metadata-registry/imr-details/4556,SA_0000001786_COK,Data source,,PUBLISHED,Published,,2011,2011,,WPR,Western Pacific,,COK,Cook Islands,,FMLE,Female,,28.7,,,,,,
SA_0000001786,"13-15-years old any alcoholic beverage consumed in past 30 days, (%)",https://www.who.int/data/gho/indicator-metadata-registry/imr-details/4556,SA_0000001786_SLV,Data source,,PUBLISHED,Published,,2013,2013,,AMR,Americas,,SLV,El Salvador,,BTSX,Both sexes,,18.1,,,,,,
SA_0000001786,"13-15-years old any alcoholic beverage consumed in past 30 days, (%)",https://www.who.int/data/gho/indicator-metadata-registry/imr-details/4556,SA_0000001786_HND,Data source,,PUBLISHED,Published,,2012,2012,,AMR,Americas,,HND,Honduras,,MLE,Male,,12.5,,,,,,
SA_0000001786,"13-15-years old any alcoholic beverage consumed in past 30 days, (%)",https://www.who.int/data/gho/indicator-metadata-registry/imr-details/4556,SA_0000001786_JAM,Data source,,PUBLISHED,Published,,2010,2010,,AMR,Americas,,JAM,Jamaica,,FMLE,Female,,47.1,,,,,,
SA_0000001786,"13-15-years old any alcoholic beverage consumed in past 30 days, (%)",https://www.who.int/data/gho/indicator-metadata-registry/imr-details/4556,SA_0000001786_LBN,Data source,,PUBLISHED,Published,,2011,2011,,EMR,Eastern Mediterranean,,LBN,Lebanon,,MLE,Male,,36.5,,,,,,
SA_0000001786,"13-15-years old any alcoholic beverage consumed in past 30 days, (%)",https://www.who.int/data/gho/indicator-metadata-registry/imr-details/4556,SA_0000001786_MYS,Data source,,PUBLISHED,Published,,2012,2012,,WPR,Western Pacific,,MYS,Malaysia,,FMLE,Female,,5.7,,,,,,
SA_0000001786,"13-15-years old any alcoholic beverage consumed in past 30 days, (%)",https://www.who.int/data/gho/indicator-metadata-registry/imr-details/4556,SA_0000001786_MUS,Data source,,PUBLISHED,Published,,2011,2011,,AFR,Africa,,MUS,Mauritius,,BTSX,Both sexes,,25.2,,,,,,
SA_0000001786,"13-15-years old any alcoholic beverage consumed in past 30 days, (%)",https://www.who.int/data/gho/indicator-metadata-registry/imr-details/4556,SA_0000001786_NAM,Data source,,PUBLISHED,Published,,2004,2004,,AFR,Africa,,NAM,Namibia,,BTSX,Both sexes,,32.8,,,,,,
SA_0000001786,"13-15-years old any alcoholic beverage consumed in past 30 days, (%)",https://www.who.int/data/gho/indicator-metadata-registry/imr-details/4556,SA_0000001786_NIU,Data source,,PUBLISHED,Published,,2010,2010,,WPR,Western Pacific,,NIU,Niue,,MLE,Male,,35.5,,,,,,
SA_0000001786,"13-15-years old any alcoholic beverage consumed in past 30 days, (%)",https://www.who.int/data/gho/indicator-metadata-registry/imr-details/4556,SA_0000001786_LCA,Data source,,PUBLISHED,Published,,2007,2007,,AMR,Americas,,LCA,Saint Lucia,,BTSX,Both sexes,,55.4,,,,,,
SA_0000001786,"13-15-years old any alcoholic beverage consumed in past 30 days, (%)",https://www.who.int/data/gho/indicator-metadata-registry/imr-details/4556,SA_0000001786_WSM,Data source,,PUBLISHED,Published,,2011,2011,,WPR,Western Pacific,,WSM,Samoa,,MLE,Male,,43.4,,,,,,
SA_0000001786,"13-15-years old any alcoholic beverage consumed in past 30 days, (%)",https://www.who.int/data/gho/indicator-metadata-registry/imr-details/4556,SA_0000001786_SYC,Data source,,PUBLISHED,Published,,2007,2007,,AFR,Africa,,SYC,Seychelles,,FMLE,Female,,61.2,,,,,,
SA_0000001786,"13-15-years old any alcoholic beverage consumed in past 30 days, (%)",https://www.who.int/data/gho/indicator-metadata-registry/imr-details/4556,SA_0000001786_SUR,Data source,,PUBLISHED,Published,,2009,2009,,AMR,Americas,,SUR,Suriname,,BTSX,Both sexes,,32.6,,,,,,
SA_0000001786,"13-15-years old any alcoholic beverage consumed in past 30 days, (%)",https://www.who.int/data/gho/indicator-metadata-registry/imr-details/4556,SA_0000001786_SYR,Data source,,PUBLISHED,Published,,2010,2010,,EMR,Eastern Mediterranean,,SYR,Syrian Arab Republic,,MLE,Male,,11.5,,,,,,
SA_0000001786,"13-15-years old any alcoholic beverage consumed in past 30 days, (%)",https://www.who.int/data/gho/indicator-metadata-registry/imr-details/4556,SA_0000001786_MKD,Data source,,PUBLISHED,Published,,2007,2007,,EUR,Europe,,MKD,Republic of North Macedonia,,FMLE,Female,,30.6,,,,,,
SA_0000001786,"13-15-years old any alcoholic beverage consumed in past 30 days, (%)",https://www.who.int/data/gho/indicator-metadata-registry/imr-details/4556,SA_0000001786_TTO,Data source,,PUBLISHED,Published,,2011,2011,,AMR,Americas,,TTO,Trinidad and Tobago,,MLE,Male,,38.0,,,,,,
SA_0000001786,"13-15-years old any alcoholic beverage consumed in past 30 days, (%)",https://www.who.int/data/gho/indicator-metadata-registry/imr-details/4556,SA_0000001786_VNM,Data source,,PUBLISHED,Published,,2013,2013,,WPR,Western Pacific,,VNM,Viet Nam,,BTSX,Both sexes,,15.5,,,,,,
SA_0000001786,"13-15-years old any alcoholic beverage consumed in past 30 days, (%)",https://www.who.int/data/gho/indicator-metadata-registry/imr-details/4556,SA_0000001786_ARG,Data source,,PUBLISHED,Published,,2007,2007,,AMR,Americas,,ARG,Argentina,,MLE,Male,,55.4,,,,,,
SA_0000001786,"13-15-years old any alcoholic beverage consumed in past 30 days, (%)",https://www.who.int/data/gho/indicator-metadata-registry/imr-details/4556,SA_0000001786_MUS,Data source,,PUBLISHED,Published,,2007,2007,,AFR,Africa,,MUS,Mauritius,,BTSX,Both sexes,,17.9,,,,,,
SA_0000001786,"13-15-years old any alcoholic beverage consumed in past 30 days, (%)",https://www.who.int/data/gho/indicator-metadata-registry/imr-details/4556,SA_0000001786_PHL,Data source,,PUBLISHED,Published,,2007,2007,,WPR,Western Pacific,,PHL,Philippines,,MLE,Male,,19.6,,,,,,
SA_0000001786,"13-15-years old any alcoholic beverage consumed in past 30 days, (%)",https://www.who.int/data/gho/indicator-metadata-registry/imr-details/4556,SA_0000001786_URY,Data source,,PUBLISHED,Published,,2006,2006,,AMR,Americas,,URY,Uruguay,,FMLE,Female,,57.7,,,,,,
SA_0000001786,"13-15-years old any alcoholic beverage consumed in past 30 days, (%)",https://www.who.int/data/gho/indicator-metadata-registry/imr-details/4556,SA_0000001786_ARG,Data source,,PUBLISHED,Published,,2007,2007,,AMR,Americas,,ARG,Argentina,,FMLE,Female,,49.0,,,,,,
SA_0000001786,"13-15-years old any alcoholic beverage consumed in past 30 days, (%)",https://www.who.int/data/gho/indicator-metadata-registry/imr-details/4556,SA_0000001786_BGD,Data source,,PUBLISHED,Published,,2014,2014,,SEAR,South-East Asia,,BGD,Bangladesh,,FMLE,Female,,0.1,,,,,,
SA_0000001786,"13-15-years old any alcoholic beverage consumed in past 30 days, (%)",https://www.who.int/data/gho/indicator-metadata-registry/imr-details/4556,SA_0000001786_CHL,Data source,,PUBLISHED,Published,,2013,2013,,AMR,Americas,,CHL,Chile,,BTSX,Both sexes,,26.7,,,,,,
SA_0000001786,"13-15-years old any alcoholic beverage consumed in past 30 days, (%)",https://www.who.int/data/gho/indicator-metadata-registry/imr-details/4556,SA_0000001786_COK,Data source,,PUBLISHED,Published,,2010,2010,,WPR,Western Pacific,,COK,Cook Islands,,MLE,Male,,29.4,,,,,,
SA_0000001786,"13-15-years old any alcoholic beverage consumed in past 30 days, (%)",https://www.who.int/data/gho/indicator-metadata-registry/imr-details/4556,SA_0000001786_IDN,Data source,,PUBLISHED,Published,,2015,2015,,SEAR,South-East Asia,,IDN,Indonesia,,MLE,Male,,6.1,,,,,,
SA_0000001786,"13-15-years old any alcoholic beverage consumed in past 30 days, (%)",https://www.who.int/data/gho/indicator-metadata-registry/imr-details/4556,SA_0000001786_JAM,Data source,,PUBLISHED,Published,,2017,2017,,AMR,Americas,,JAM,Jamaica,,FMLE,Female,,36.1,,,,,,
SA_0000001786,"13-15-years old any alcoholic beverage consumed in past 30 days, (%)",https://www.who.int/data/gho/indicator-metadata-registry/imr-details/4556,SA_0000001786_LBR,Data source,,PUBLISHED,Published,,2017,2017,,AFR,Africa,,LBR,Liberia,,BTSX,Both sexes,,14.5,,,,,,
SA_0000001786,"13-15-years old any alcoholic beverage consumed in past 30 days, (%)",https://www.who.int/data/gho/indicator-metadata-registry/imr-details/4556,SA_0000001786_MOZ,Data source,,PUBLISHED,Published,,2017,2017,,AFR,Africa,,MOZ,Mozambique,,MLE,Male,,9.9,,,,,,
SA_0000001786,"13-15-years old any alcoholic beverage consumed in past 30 days, (%)",https://www.who.int/data/gho/indicator-metadata-registry/imr-details/4556,SA_0000001786_NAM,Data source,,PUBLISHED,Published,,2013,2013,,AFR,Africa,,NAM,Namibia,,FMLE,Female,,21.4,,,,,,
SA_0000001786,"13-15-years old any alcoholic beverage consumed in past 30 days, (%)",https://www.who.int/data/gho/indicator-metadata-registry/imr-details/4556,SA_0000001786_PRY,Data source,,PUBLISHED,Published,,2017,2017,,AMR,Americas,,PRY,Paraguay,,BTSX,Both sexes,,28.5,,,,,,
SA_0000001786,"13-15-years old any alcoholic beverage consumed in past 30 days, (%)",https://www.who.int/data/gho/indicator-metadata-registry/imr-details/4556,SA_0000001786_SYC,Data source,,PUBLISHED,Published,,2015,2015,,AFR,Africa,,SYC,Seychelles,,MLE,Male,,46.4,,,,,,
SA_0000001786,"13-15-years old any alcoholic beverage consumed in past 30 days, (%)",https://www.who.int/data/gho/indicator-metadata-registry/imr-details/4556,SA_0000001786_LKA,Data source,,PUBLISHED,Published,,2016,2016,,SEAR,South-East Asia,,LKA,Sri Lanka,,FMLE,Female,,0.8,,,,,,
SA_0000001786,"13-15-years old any alcoholic beverage consumed in past 30 days, (%)",https://www.who.int/data/gho/indicator-metadata-registry/imr-details/4556,SA_0000001786_TTO,Data source,,PUBLISHED,Published,,2017,2017,,AMR,Americas,,TTO,Trinidad and Tobago,,FMLE,Female,,31.8,,,,,,
SA_0000001786,"13-15-years old any alcoholic beverage consumed in past 30 days, (%)",https://www.who.int/data/gho/indicator-metadata-registry/imr-details/4556,SA_0000001786_VUT,Data source,,PUBLISHED,Published,,2016,2016,,WPR,Western Pacific,,VUT,Vanuatu,,BTSX,Both sexes,,12.4,,,,,,
