GHO (CODE),GHO (DISPLAY),GHO (URL),PUBLISHSTATE (CODE),PUBLISHSTATE (DISPLAY),PUBLISHSTATE (URL),YEAR (CODE),YEAR (DISPLAY),YEAR (URL),REGION (CODE),REGION (DISPLAY),REGION (URL),COUNTRY (CODE),COUNTRY (DISPLAY),COUNTRY (URL),Display Value,Numeric,Low,High,StdErr,StdDev,Comments
SDGSHP,Skilled health professionals density (per 10 000 population),https://www.who.int/data/gho/indicator-metadata-registry/imr-details/4667,PUBLISHED,Published,,2014,2014,,EMR,Eastern Mediterranean,,AFG,Afghanistan,,6.6,6.645,,,,,
SDGSHP,Skilled health professionals density (per 10 000 population),https://www.who.int/data/gho/indicator-metadata-registry/imr-details/4667,PUBLISHED,Published,,2013,2013,,WPR,Western Pacific,,AUS,Australia,,157.2,157.177,,,,,
SDGSHP,Skilled health professionals density (per 10 000 population),https://www.who.int/data/gho/indicator-metadata-registry/imr-details/4667,PUBLISHED,Published,,2015,2015,,EUR,Europe,,AUT,Austria,,133.2,133.153,,,,,
SDGSHP,Skilled health professionals density (per 10 000 population),https://www.who.int/data/gho/indicator-metadata-registry/imr-details/4667,PUBLISHED,Published,,2008,2008,,AMR,Americas,,BHS,Bahamas,,67.1,67.071,,,,,
SDGSHP,Skilled health professionals density (per 10 000 population),https://www.who.int/data/gho/indicator-metadata-registry/imr-details/4667,PUBLISHED,Published,,2014,2014,,EMR,Eastern Mediterranean,,BHR,Bahrain,,33.8,33.842,,,,,
SDGSHP,Skilled health professionals density (per 10 000 population),https://www.who.int/data/gho/indicator-metadata-registry/imr-details/4667,PUBLISHED,Published,,2012,2012,,SEAR,South-East Asia,,BGD,Bangladesh,,6.0,6.018,,,,,
SDGSHP,Skilled health professionals density (per 10 000 population),https://www.who.int/data/gho/indicator-metadata-registry/imr-details/4667,PUBLISHED,Published,,2014,2014,,EUR,Europe,,BEL,Belgium,,127.8,127.827,,,,,
SDGSHP,Skilled health professionals density (per 10 000 population),https://www.who.int/data/gho/indicator-metadata-registry/imr-details/4667,PUBLISHED,Published,,2013,2013,,AFR,Africa,,BEN,Benin,,7.5,7.501,,,,,
SDGSHP,Skilled health professionals density (per 10 000 population),https://www.who.int/data/gho/indicator-metadata-registry/imr-details/4667,PUBLISHED,Published,,2014,2014,,SEAR,South-East Asia,,BTN,Bhutan,,13.4,13.385,,,,,
SDGSHP,Skilled health professionals density (per 10 000 population),https://www.who.int/data/gho/indicator-metadata-registry/imr-details/4667,PUBLISHED,Published,,2012,2012,,WPR,Western Pacific,,BRN,Brunei Darussalam,,96.6,96.643,,,,,
SDGSHP,Skilled health professionals density (per 10 000 population),https://www.who.int/data/gho/indicator-metadata-registry/imr-details/4667,PUBLISHED,Published,,2013,2013,,WPR,Western Pacific,,KHM,Cambodia,,11.2,11.247,,,,,
SDGSHP,Skilled health professionals density (per 10 000 population),https://www.who.int/data/gho/indicator-metadata-registry/imr-details/4667,PUBLISHED,Published,,2012,2012,,AMR,Americas,,CAN,Canada,,119.5,119.52,,,,,
SDGSHP,Skilled health professionals density (per 10 000 population),https://www.who.int/data/gho/indicator-metadata-registry/imr-details/4667,PUBLISHED,Published,,2011,2011,,AFR,Africa,,CPV,Cabo Verde,,8.7,8.724,,,,,
SDGSHP,Skilled health professionals density (per 10 000 population),https://www.who.int/data/gho/indicator-metadata-registry/imr-details/4667,PUBLISHED,Published,,2011,2011,,WPR,Western Pacific,,CHN,China,,31.5,31.452,,,,,
SDGSHP,Skilled health professionals density (per 10 000 population),https://www.who.int/data/gho/indicator-metadata-registry/imr-details/4667,PUBLISHED,Published,,2010,2010,,AMR,Americas,,COL,Colombia,,22.2,22.235,,,,,
SDGSHP,Skilled health professionals density (per 10 000 population),https://www.who.int/data/gho/indicator-metadata-registry/imr-details/4667,PUBLISHED,Published,,2011,2011,,SEAR,South-East Asia,,PRK,Democratic People's Republic of Korea,,68.7,68.677,,,,,
SDGSHP,Skilled health professionals density (per 10 000 population),https://www.who.int/data/gho/indicator-metadata-registry/imr-details/4667,PUBLISHED,Published,,2013,2013,,EUR,Europe,,DNK,Denmark,,204.6,204.584,,,,,
SDGSHP,Skilled health professionals density (per 10 000 population),https://www.who.int/data/gho/indicator-metadata-registry/imr-details/4667,PUBLISHED,Published,,2014,2014,,EUR,Europe,,EST,Estonia,,92.9,92.866,,,,,
SDGSHP,Skilled health professionals density (per 10 000 population),https://www.who.int/data/gho/indicator-metadata-registry/imr-details/4667,PUBLISHED,Published,,2009,2009,,WPR,Western Pacific,,FJI,Fiji,,27.3,27.34,,,,,
SDGSHP,Skilled health professionals density (per 10 000 population),https://www.who.int/data/gho/indicator-metadata-registry/imr-details/4667,PUBLISHED,Published,,2013,2013,,EUR,Europe,,FIN,Finland,,174.5,174.467,,,,,
SDGSHP,Skilled health professionals density (per 10 000 population),https://www.who.int/data/gho/indicator-metadata-registry/imr-details/4667,PUBLISHED,Published,,2015,2015,,EUR,Europe,,FRA,France,,138.3,138.315,,,,,
SDGSHP,Skilled health professionals density (per 10 000 population),https://www.who.int/data/gho/indicator-metadata-registry/imr-details/4667,PUBLISHED,Published,,2008,2008,,AFR,Africa,,GMB,Gambia,,10.0,9.995,,,,,
SDGSHP,Skilled health professionals density (per 10 000 population),https://www.who.int/data/gho/indicator-metadata-registry/imr-details/4667,PUBLISHED,Published,,2014,2014,,EUR,Europe,,DEU,Germany,,176.0,176.04,,,,,
SDGSHP,Skilled health professionals density (per 10 000 population),https://www.who.int/data/gho/indicator-metadata-registry/imr-details/4667,PUBLISHED,Published,,2014,2014,,EUR,Europe,,HUN,Hungary,,98.8,98.839,,,,,
SDGSHP,Skilled health professionals density (per 10 000 population),https://www.who.int/data/gho/indicator-metadata-registry/imr-details/4667,PUBLISHED,Published,,2014,2014,,SEAR,South-East Asia,,IND,India,,27.5,27.491,,,,,
SDGSHP,Skilled health professionals density (per 10 000 population),https://www.who.int/data/gho/indicator-metadata-registry/imr-details/4667,PUBLISHED,Published,,2015,2015,,EUR,Europe,,IRL,Ireland,,150.9,150.924,,,,,
SDGSHP,Skilled health professionals density (per 10 000 population),https://www.who.int/data/gho/indicator-metadata-registry/imr-details/4667,PUBLISHED,Published,,2014,2014,,EUR,Europe,,ISR,Israel,,88.8,88.827,,,,,
SDGSHP,Skilled health professionals density (per 10 000 population),https://www.who.int/data/gho/indicator-metadata-registry/imr-details/4667,PUBLISHED,Published,,2014,2014,,EUR,Europe,,ITA,Italy,,104.2,104.206,,,,,
SDGSHP,Skilled health professionals density (per 10 000 population),https://www.who.int/data/gho/indicator-metadata-registry/imr-details/4667,PUBLISHED,Published,,2008,2008,,AMR,Americas,,JAM,Jamaica,,14.8,14.842,,,,,
SDGSHP,Skilled health professionals density (per 10 000 population),https://www.who.int/data/gho/indicator-metadata-registry/imr-details/4667,PUBLISHED,Published,,2012,2012,,WPR,Western Pacific,,JPN,Japan,,130.9,130.941,,,,,
SDGSHP,Skilled health professionals density (per 10 000 population),https://www.who.int/data/gho/indicator-metadata-registry/imr-details/4667,PUBLISHED,Published,,2014,2014,,EMR,Eastern Mediterranean,,JOR,Jordan,,55.1,55.07,,,,,
SDGSHP,Skilled health professionals density (per 10 000 population),https://www.who.int/data/gho/indicator-metadata-registry/imr-details/4667,PUBLISHED,Published,,2013,2013,,AFR,Africa,,KEN,Kenya,,10.7,10.663,,,,,
SDGSHP,Skilled health professionals density (per 10 000 population),https://www.who.int/data/gho/indicator-metadata-registry/imr-details/4667,PUBLISHED,Published,,2014,2014,,EMR,Eastern Mediterranean,,KWT,Kuwait,,66.8,66.779,,,,,
SDGSHP,Skilled health professionals density (per 10 000 population),https://www.who.int/data/gho/indicator-metadata-registry/imr-details/4667,PUBLISHED,Published,,2012,2012,,WPR,Western Pacific,,LAO,Lao People's Democratic Republic,,10.4,10.414,,,,,
SDGSHP,Skilled health professionals density (per 10 000 population),https://www.who.int/data/gho/indicator-metadata-registry/imr-details/4667,PUBLISHED,Published,,2014,2014,,EUR,Europe,,LVA,Latvia,,82.5,82.549,,,,,
SDGSHP,Skilled health professionals density (per 10 000 population),https://www.who.int/data/gho/indicator-metadata-registry/imr-details/4667,PUBLISHED,Published,,2008,2008,,AFR,Africa,,LBR,Liberia,,2.8,2.802,,,,,
SDGSHP,Skilled health professionals density (per 10 000 population),https://www.who.int/data/gho/indicator-metadata-registry/imr-details/4667,PUBLISHED,Published,,2014,2014,,EUR,Europe,,LTU,Lithuania,,122.8,122.816,,,,,
SDGSHP,Skilled health professionals density (per 10 000 population),https://www.who.int/data/gho/indicator-metadata-registry/imr-details/4667,PUBLISHED,Published,,2015,2015,,EUR,Europe,,LUX,Luxembourg,,152.5,152.457,,,,,
SDGSHP,Skilled health professionals density (per 10 000 population),https://www.who.int/data/gho/indicator-metadata-registry/imr-details/4667,PUBLISHED,Published,,2011,2011,,WPR,Western Pacific,,MYS,Malaysia,,46.8,46.779,,,,,
SDGSHP,Skilled health professionals density (per 10 000 population),https://www.who.int/data/gho/indicator-metadata-registry/imr-details/4667,PUBLISHED,Published,,2010,2010,,SEAR,South-East Asia,,MDV,Maldives,,72.0,71.954,,,,,
SDGSHP,Skilled health professionals density (per 10 000 population),https://www.who.int/data/gho/indicator-metadata-registry/imr-details/4667,PUBLISHED,Published,,2013,2013,,AMR,Americas,,MEX,Mexico,,45.8,45.799,,,,,
SDGSHP,Skilled health professionals density (per 10 000 population),https://www.who.int/data/gho/indicator-metadata-registry/imr-details/4667,PUBLISHED,Published,,2011,2011,,WPR,Western Pacific,,MNG,Mongolia,,65.6,65.551,,,,,
SDGSHP,Skilled health professionals density (per 10 000 population),https://www.who.int/data/gho/indicator-metadata-registry/imr-details/4667,PUBLISHED,Published,,2010,2010,,WPR,Western Pacific,,NRU,Nauru,,78.8,78.806,,,,,
SDGSHP,Skilled health professionals density (per 10 000 population),https://www.who.int/data/gho/indicator-metadata-registry/imr-details/4667,PUBLISHED,Published,,2014,2014,,EUR,Europe,,NLD,Netherlands,,116.9,116.93,,,,,
SDGSHP,Skilled health professionals density (per 10 000 population),https://www.who.int/data/gho/indicator-metadata-registry/imr-details/4667,PUBLISHED,Published,,2014,2014,,WPR,Western Pacific,,NZL,New Zealand,,135.7,135.701,,,,,
SDGSHP,Skilled health professionals density (per 10 000 population),https://www.who.int/data/gho/indicator-metadata-registry/imr-details/4667,PUBLISHED,Published,,2014,2014,,EUR,Europe,,NOR,Norway,,218.3,218.263,,,,,
SDGSHP,Skilled health professionals density (per 10 000 population),https://www.who.int/data/gho/indicator-metadata-registry/imr-details/4667,PUBLISHED,Published,,2014,2014,,EMR,Eastern Mediterranean,,OMN,Oman,,48.9,48.859,,,,,
SDGSHP,Skilled health professionals density (per 10 000 population),https://www.who.int/data/gho/indicator-metadata-registry/imr-details/4667,PUBLISHED,Published,,2014,2014,,EMR,Eastern Mediterranean,,PAK,Pakistan,,14.1,14.105,,,,,
SDGSHP,Skilled health professionals density (per 10 000 population),https://www.who.int/data/gho/indicator-metadata-registry/imr-details/4667,PUBLISHED,Published,,2010,2010,,WPR,Western Pacific,,PLW,Palau,,72.8,72.792,,,,,
SDGSHP,Skilled health professionals density (per 10 000 population),https://www.who.int/data/gho/indicator-metadata-registry/imr-details/4667,PUBLISHED,Published,,2014,2014,,EUR,Europe,,POL,Poland,,80.1,80.077,,,,,
SDGSHP,Skilled health professionals density (per 10 000 population),https://www.who.int/data/gho/indicator-metadata-registry/imr-details/4667,PUBLISHED,Published,,2014,2014,,WPR,Western Pacific,,KOR,Republic of Korea,,79.0,79.001,,,,,
SDGSHP,Skilled health professionals density (per 10 000 population),https://www.who.int/data/gho/indicator-metadata-registry/imr-details/4667,PUBLISHED,Published,,2014,2014,,EUR,Europe,,MDA,Republic of Moldova,,78.5,78.498,,,,,
SDGSHP,Skilled health professionals density (per 10 000 population),https://www.who.int/data/gho/indicator-metadata-registry/imr-details/4667,PUBLISHED,Published,,2014,2014,,EUR,Europe,,RUS,Russian Federation,,78.8,78.788,,,,,
SDGSHP,Skilled health professionals density (per 10 000 population),https://www.who.int/data/gho/indicator-metadata-registry/imr-details/4667,PUBLISHED,Published,,2010,2010,,AFR,Africa,,RWA,Rwanda,,7.3,7.328,,,,,
SDGSHP,Skilled health professionals density (per 10 000 population),https://www.who.int/data/gho/indicator-metadata-registry/imr-details/4667,PUBLISHED,Published,,2008,2008,,WPR,Western Pacific,,WSM,Samoa,,23.6,23.604,,,,,
SDGSHP,Skilled health professionals density (per 10 000 population),https://www.who.int/data/gho/indicator-metadata-registry/imr-details/4667,PUBLISHED,Published,,2008,2008,,AFR,Africa,,SEN,Senegal,,4.9,4.902,,,,,
SDGSHP,Skilled health professionals density (per 10 000 population),https://www.who.int/data/gho/indicator-metadata-registry/imr-details/4667,PUBLISHED,Published,,2013,2013,,WPR,Western Pacific,,SGP,Singapore,,75.6,75.619,,,,,
SDGSHP,Skilled health professionals density (per 10 000 population),https://www.who.int/data/gho/indicator-metadata-registry/imr-details/4667,PUBLISHED,Published,,2013,2013,,EUR,Europe,,SVK,Slovakia,,94.6,94.629,,,,,
SDGSHP,Skilled health professionals density (per 10 000 population),https://www.who.int/data/gho/indicator-metadata-registry/imr-details/4667,PUBLISHED,Published,,2014,2014,,EUR,Europe,,SVN,Slovenia,,113.8,113.752,,,,,
SDGSHP,Skilled health professionals density (per 10 000 population),https://www.who.int/data/gho/indicator-metadata-registry/imr-details/4667,PUBLISHED,Published,,2011,2011,,WPR,Western Pacific,,SLB,Solomon Islands,,22.1,22.115,,,,,
SDGSHP,Skilled health professionals density (per 10 000 population),https://www.who.int/data/gho/indicator-metadata-registry/imr-details/4667,PUBLISHED,Published,,2015,2015,,AFR,Africa,,ZAF,South Africa,,58.8,58.798,,,,,
SDGSHP,Skilled health professionals density (per 10 000 population),https://www.who.int/data/gho/indicator-metadata-registry/imr-details/4667,PUBLISHED,Published,,2014,2014,,EUR,Europe,,ESP,Spain,,91.8,91.771,,,,,
SDGSHP,Skilled health professionals density (per 10 000 population),https://www.who.int/data/gho/indicator-metadata-registry/imr-details/4667,PUBLISHED,Published,,2010,2010,,SEAR,South-East Asia,,LKA,Sri Lanka,,24.8,24.768,,,,,
SDGSHP,Skilled health professionals density (per 10 000 population),https://www.who.int/data/gho/indicator-metadata-registry/imr-details/4667,PUBLISHED,Published,,2014,2014,,EMR,Eastern Mediterranean,,SDN,Sudan,,42.2,42.151,,,,,
SDGSHP,Skilled health professionals density (per 10 000 population),https://www.who.int/data/gho/indicator-metadata-registry/imr-details/4667,PUBLISHED,Published,,2013,2013,,EUR,Europe,,SWE,Sweden,,160.0,159.983,,,,,
SDGSHP,Skilled health professionals density (per 10 000 population),https://www.who.int/data/gho/indicator-metadata-registry/imr-details/4667,PUBLISHED,Published,,2014,2014,,EUR,Europe,,CHE,Switzerland,,219.3,219.277,,,,,
SDGSHP,Skilled health professionals density (per 10 000 population),https://www.who.int/data/gho/indicator-metadata-registry/imr-details/4667,PUBLISHED,Published,,2010,2010,,SEAR,South-East Asia,,THA,Thailand,,24.7,24.734,,,,,
SDGSHP,Skilled health professionals density (per 10 000 population),https://www.who.int/data/gho/indicator-metadata-registry/imr-details/4667,PUBLISHED,Published,,2013,2013,,EUR,Europe,,MKD,Republic of North Macedonia,,70.1,70.117,,,,,
SDGSHP,Skilled health professionals density (per 10 000 population),https://www.who.int/data/gho/indicator-metadata-registry/imr-details/4667,PUBLISHED,Published,,2007,2007,,AMR,Americas,,TTO,Trinidad and Tobago,,47.5,47.508,,,,,
SDGSHP,Skilled health professionals density (per 10 000 population),https://www.who.int/data/gho/indicator-metadata-registry/imr-details/4667,PUBLISHED,Published,,2014,2014,,EMR,Eastern Mediterranean,,TUN,Tunisia,,48.4,48.371,,,,,
SDGSHP,Skilled health professionals density (per 10 000 population),https://www.who.int/data/gho/indicator-metadata-registry/imr-details/4667,PUBLISHED,Published,,2005,2005,,AFR,Africa,,UGA,Uganda,,14.6,14.616,,,,,
SDGSHP,Skilled health professionals density (per 10 000 population),https://www.who.int/data/gho/indicator-metadata-registry/imr-details/4667,PUBLISHED,Published,,2015,2015,,EUR,Europe,,GBR,United Kingdom of Great Britain and Northern Ireland,,112.4,112.419,,,,,
SDGSHP,Skilled health professionals density (per 10 000 population),https://www.who.int/data/gho/indicator-metadata-registry/imr-details/4667,PUBLISHED,Published,,2012,2012,,AFR,Africa,,TZA,United Republic of Tanzania,,4.6,4.58,,,,,
SDGSHP,Skilled health professionals density (per 10 000 population),https://www.who.int/data/gho/indicator-metadata-registry/imr-details/4667,PUBLISHED,Published,,2013,2013,,AMR,Americas,,USA,United States of America,,117.8,117.831,,,,,
SDGSHP,Skilled health professionals density (per 10 000 population),https://www.who.int/data/gho/indicator-metadata-registry/imr-details/4667,PUBLISHED,Published,,2013,2013,,WPR,Western Pacific,,VNM,Viet Nam,,24.1,24.064,,,,,
SDGSHP,Skilled health professionals density (per 10 000 population),https://www.who.int/data/gho/indicator-metadata-registry/imr-details/4667,PUBLISHED,Published,,2012,2012,,AFR,Africa,,ZMB,Zambia,,8.3,8.339,,,,,
SDGSHP,Skilled health professionals density (per 10 000 population),https://www.who.int/data/gho/indicator-metadata-registry/imr-details/4667,PUBLISHED,Published,,2011,2011,,AFR,Africa,,ZWE,Zimbabwe,,12.7,12.68,,,,,
SDGSHP,Skilled health professionals density (per 10 000 population),https://www.who.int/data/gho/indicator-metadata-registry/imr-details/4667,PUBLISHED,Published,,2009,2009,,AFR,Africa,,,,,14.1,14.07,,,,,
SDGSHP,Skilled health professionals density (per 10 000 population),https://www.who.int/data/gho/indicator-metadata-registry/imr-details/4667,PUBLISHED,Published,,2010,2010,,AMR,Americas,,,,,84.6,84.58,,,,,
SDGSHP,Skilled health professionals density (per 10 000 population),https://www.who.int/data/gho/indicator-metadata-registry/imr-details/4667,PUBLISHED,Published,,2012,2012,,SEAR,South-East Asia,,,,,24.6,24.59,,,,,
SDGSHP,Skilled health professionals density (per 10 000 population),https://www.who.int/data/gho/indicator-metadata-registry/imr-details/4667,PUBLISHED,Published,,2011,2011,,WPR,Western Pacific,,,,,42.0,41.97,,,,,
SDGSHP,Skilled health professionals density (per 10 000 population),https://www.who.int/data/gho/indicator-metadata-registry/imr-details/4667,PUBLISHED,Published,,2013,2013,,GLOBAL,Global,,,,,45.6,45.55,,,,,
SDGSHP,Skilled health professionals density (per 10 000 population),https://www.who.int/data/gho/indicator-metadata-registry/imr-details/4667,PUBLISHED,Published,,2007,2007,,AFR,Africa,,DZA,Algeria,,31.16,31.16,,,,,
SDGSHP,Skilled health professionals density (per 10 000 population),https://www.who.int/data/gho/indicator-metadata-registry/imr-details/4667,PUBLISHED,Published,,2009,2009,,AFR,Africa,,AGO,Angola,,15.86,15.86,,,,,
SDGSHP,Skilled health professionals density (per 10 000 population),https://www.who.int/data/gho/indicator-metadata-registry/imr-details/4667,PUBLISHED,Published,,2016,2016,,AFR,Africa,,BEN,Benin,,7.51,7.51,,,,,
SDGSHP,Skilled health professionals density (per 10 000 population),https://www.who.int/data/gho/indicator-metadata-registry/imr-details/4667,PUBLISHED,Published,,2012,2012,,AFR,Africa,,BWA,Botswana,,31.11,31.11,,,,,
SDGSHP,Skilled health professionals density (per 10 000 population),https://www.who.int/data/gho/indicator-metadata-registry/imr-details/4667,PUBLISHED,Published,,2012,2012,,AFR,Africa,,BFA,Burkina Faso,,6.78,6.78,,,,,
SDGSHP,Skilled health professionals density (per 10 000 population),https://www.who.int/data/gho/indicator-metadata-registry/imr-details/4667,PUBLISHED,Published,,2010,2010,,AFR,Africa,,CMR,Cameroon,,6.03,6.03,,,,,
SDGSHP,Skilled health professionals density (per 10 000 population),https://www.who.int/data/gho/indicator-metadata-registry/imr-details/4667,PUBLISHED,Published,,2015,2015,,AFR,Africa,,CPV,Cabo Verde,,20.44,20.44,,,,,
SDGSHP,Skilled health professionals density (per 10 000 population),https://www.who.int/data/gho/indicator-metadata-registry/imr-details/4667,PUBLISHED,Published,,2009,2009,,AFR,Africa,,CAF,Central African Republic,,2.99,2.99,,,,,
SDGSHP,Skilled health professionals density (per 10 000 population),https://www.who.int/data/gho/indicator-metadata-registry/imr-details/4667,PUBLISHED,Published,,2013,2013,,AFR,Africa,,TCD,Chad,,3.52,3.52,,,,,
SDGSHP,Skilled health professionals density (per 10 000 population),https://www.who.int/data/gho/indicator-metadata-registry/imr-details/4667,PUBLISHED,Published,,2007,2007,,AFR,Africa,,COG,Congo,,10.48,10.48,,,,,
SDGSHP,Skilled health professionals density (per 10 000 population),https://www.who.int/data/gho/indicator-metadata-registry/imr-details/4667,PUBLISHED,Published,,2008,2008,,AFR,Africa,,CIV,Côte d'Ivoire,,6.22,6.22,,,,,
SDGSHP,Skilled health professionals density (per 10 000 population),https://www.who.int/data/gho/indicator-metadata-registry/imr-details/4667,PUBLISHED,Published,,2009,2009,,AFR,Africa,,COD,Democratic Republic of the Congo,,10.53,10.53,,,,,
SDGSHP,Skilled health professionals density (per 10 000 population),https://www.who.int/data/gho/indicator-metadata-registry/imr-details/4667,PUBLISHED,Published,,2009,2009,,AFR,Africa,,ETH,Ethiopia,,2.77,2.77,,,,,
SDGSHP,Skilled health professionals density (per 10 000 population),https://www.who.int/data/gho/indicator-metadata-registry/imr-details/4667,PUBLISHED,Published,,2016,2016,,AFR,Africa,,GAB,Gabon,,33.03,33.03,,,,,
SDGSHP,Skilled health professionals density (per 10 000 population),https://www.who.int/data/gho/indicator-metadata-registry/imr-details/4667,PUBLISHED,Published,,2015,2015,,AFR,Africa,,GMB,Gambia,,17.25,17.25,,,,,
SDGSHP,Skilled health professionals density (per 10 000 population),https://www.who.int/data/gho/indicator-metadata-registry/imr-details/4667,PUBLISHED,Published,,2010,2010,,AFR,Africa,,GHA,Ghana,,10.21,10.21,,,,,
SDGSHP,Skilled health professionals density (per 10 000 population),https://www.who.int/data/gho/indicator-metadata-registry/imr-details/4667,PUBLISHED,Published,,2016,2016,,AFR,Africa,,GIN,Guinea,,4.43,4.43,,,,,
SDGSHP,Skilled health professionals density (per 10 000 population),https://www.who.int/data/gho/indicator-metadata-registry/imr-details/4667,PUBLISHED,Published,,2009,2009,,AFR,Africa,,GNB,Guinea-Bissau,,7.30,7.3,,,,,
SDGSHP,Skilled health professionals density (per 10 000 population),https://www.who.int/data/gho/indicator-metadata-registry/imr-details/4667,PUBLISHED,Published,,2014,2014,,AFR,Africa,,KEN,Kenya,,17.86,17.86,,,,,
SDGSHP,Skilled health professionals density (per 10 000 population),https://www.who.int/data/gho/indicator-metadata-registry/imr-details/4667,PUBLISHED,Published,,2010,2010,,AFR,Africa,,LBR,Liberia,,4.79,4.79,,,,,
SDGSHP,Skilled health professionals density (per 10 000 population),https://www.who.int/data/gho/indicator-metadata-registry/imr-details/4667,PUBLISHED,Published,,2012,2012,,AFR,Africa,,MDG,Madagascar,,3.61,3.61,,,,,
SDGSHP,Skilled health professionals density (per 10 000 population),https://www.who.int/data/gho/indicator-metadata-registry/imr-details/4667,PUBLISHED,Published,,2009,2009,,AFR,Africa,,MWI,Malawi,,3.54,3.54,,,,,
SDGSHP,Skilled health professionals density (per 10 000 population),https://www.who.int/data/gho/indicator-metadata-registry/imr-details/4667,PUBLISHED,Published,,2010,2010,,AFR,Africa,,MLI,Mali,,5.28,5.28,,,,,
SDGSHP,Skilled health professionals density (per 10 000 population),https://www.who.int/data/gho/indicator-metadata-registry/imr-details/4667,PUBLISHED,Published,,2009,2009,,AFR,Africa,,MRT,Mauritania,,7.85,7.85,,,,,
SDGSHP,Skilled health professionals density (per 10 000 population),https://www.who.int/data/gho/indicator-metadata-registry/imr-details/4667,PUBLISHED,Published,,2015,2015,,AFR,Africa,,MUS,Mauritius,,53.49,53.49,,,,,
SDGSHP,Skilled health professionals density (per 10 000 population),https://www.who.int/data/gho/indicator-metadata-registry/imr-details/4667,PUBLISHED,Published,,2013,2013,,AFR,Africa,,MOZ,Mozambique,,4.56,4.56,,,,,
SDGSHP,Skilled health professionals density (per 10 000 population),https://www.who.int/data/gho/indicator-metadata-registry/imr-details/4667,PUBLISHED,Published,,2007,2007,,AFR,Africa,,NAM,Namibia,,31.32,31.32,,,,,
SDGSHP,Skilled health professionals density (per 10 000 population),https://www.who.int/data/gho/indicator-metadata-registry/imr-details/4667,PUBLISHED,Published,,2008,2008,,AFR,Africa,,NER,Niger,,1.59,1.59,,,,,
SDGSHP,Skilled health professionals density (per 10 000 population),https://www.who.int/data/gho/indicator-metadata-registry/imr-details/4667,PUBLISHED,Published,,2009,2009,,AFR,Africa,,NGA,Nigeria,,18.25,18.25,,,,,
SDGSHP,Skilled health professionals density (per 10 000 population),https://www.who.int/data/gho/indicator-metadata-registry/imr-details/4667,PUBLISHED,Published,,2015,2015,,AFR,Africa,,RWA,Rwanda,,8.96,8.96,,,,,
SDGSHP,Skilled health professionals density (per 10 000 population),https://www.who.int/data/gho/indicator-metadata-registry/imr-details/4667,PUBLISHED,Published,,2016,2016,,AFR,Africa,,SEN,Senegal,,3.78,3.78,,,,,
SDGSHP,Skilled health professionals density (per 10 000 population),https://www.who.int/data/gho/indicator-metadata-registry/imr-details/4667,PUBLISHED,Published,,2012,2012,,AFR,Africa,,SYC,Seychelles,,54.17,54.17,,,,,
SDGSHP,Skilled health professionals density (per 10 000 population),https://www.who.int/data/gho/indicator-metadata-registry/imr-details/4667,PUBLISHED,Published,,2010,2010,,AFR,Africa,,SLE,Sierra Leone,,3.42,3.42,,,,,
SDGSHP,Skilled health professionals density (per 10 000 population),https://www.who.int/data/gho/indicator-metadata-registry/imr-details/4667,PUBLISHED,Published,,2016,2016,,AFR,Africa,,ZAF,South Africa,,60.46,60.46,,,,,
SDGSHP,Skilled health professionals density (per 10 000 population),https://www.who.int/data/gho/indicator-metadata-registry/imr-details/4667,PUBLISHED,Published,,2009,2009,,AFR,Africa,,SWZ,Eswatini,,15.33,15.33,,,,,
SDGSHP,Skilled health professionals density (per 10 000 population),https://www.who.int/data/gho/indicator-metadata-registry/imr-details/4667,PUBLISHED,Published,,2008,2008,,AFR,Africa,,TGO,Togo,,3.58,3.58,,,,,
SDGSHP,Skilled health professionals density (per 10 000 population),https://www.who.int/data/gho/indicator-metadata-registry/imr-details/4667,PUBLISHED,Published,,2015,2015,,AFR,Africa,,UGA,Uganda,,7.42,7.42,,,,,
SDGSHP,Skilled health professionals density (per 10 000 population),https://www.who.int/data/gho/indicator-metadata-registry/imr-details/4667,PUBLISHED,Published,,2014,2014,,AFR,Africa,,TZA,United Republic of Tanzania,,4.38,4.38,,,,,
SDGSHP,Skilled health professionals density (per 10 000 population),https://www.who.int/data/gho/indicator-metadata-registry/imr-details/4667,PUBLISHED,Published,,2016,2016,,AFR,Africa,,ZMB,Zambia,,9.76,9.76,,,,,
SDGSHP,Skilled health professionals density (per 10 000 population),https://www.who.int/data/gho/indicator-metadata-registry/imr-details/4667,PUBLISHED,Published,,2014,2014,,AFR,Africa,,ZWE,Zimbabwe,,12.44,12.44,,,,,
SDGSHP,Skilled health professionals density (per 10 000 population),https://www.who.int/data/gho/indicator-metadata-registry/imr-details/4667,PUBLISHED,Published,,2013,2013,,AMR,Americas,,ARG,Argentina,,81.19,81.19,,,,,
SDGSHP,Skilled health professionals density (per 10 000 population),https://www.who.int/data/gho/indicator-metadata-registry/imr-details/4667,PUBLISHED,Published,,2011,2011,,AMR,Americas,,BHS,Bahamas,,62.39,62.39,,,,,
SDGSHP,Skilled health professionals density (per 10 000 population),https://www.who.int/data/gho/indicator-metadata-registry/imr-details/4667,PUBLISHED,Published,,2005,2005,,AMR,Americas,,BRB,Barbados,,65.69,65.69,,,,,
SDGSHP,Skilled health professionals density (per 10 000 population),https://www.who.int/data/gho/indicator-metadata-registry/imr-details/4667,PUBLISHED,Published,,2009,2009,,AMR,Americas,,BLZ,Belize,,25.83,25.83,,,,,
SDGSHP,Skilled health professionals density (per 10 000 population),https://www.who.int/data/gho/indicator-metadata-registry/imr-details/4667,PUBLISHED,Published,,2011,2011,,AMR,Americas,,BOL,Bolivia (Plurinational State of),,14.79,14.79,,,,,
SDGSHP,Skilled health professionals density (per 10 000 population),https://www.who.int/data/gho/indicator-metadata-registry/imr-details/4667,PUBLISHED,Published,,2013,2013,,AMR,Americas,,BRA,Brazil,,92.96,92.96,,,,,
SDGSHP,Skilled health professionals density (per 10 000 population),https://www.who.int/data/gho/indicator-metadata-registry/imr-details/4667,PUBLISHED,Published,,2015,2015,,AMR,Americas,,CAN,Canada,,123.82,123.82,,,,,
SDGSHP,Skilled health professionals density (per 10 000 population),https://www.who.int/data/gho/indicator-metadata-registry/imr-details/4667,PUBLISHED,Published,,2009,2009,,AMR,Americas,,CHL,Chile,,11.78,11.78,,,,,
SDGSHP,Skilled health professionals density (per 10 000 population),https://www.who.int/data/gho/indicator-metadata-registry/imr-details/4667,PUBLISHED,Published,,2014,2014,,AMR,Americas,,COL,Colombia,,29.01,29.01,,,,,
SDGSHP,Skilled health professionals density (per 10 000 population),https://www.who.int/data/gho/indicator-metadata-registry/imr-details/4667,PUBLISHED,Published,,2013,2013,,AMR,Americas,,CRI,Costa Rica,,19.45,19.45,,,,,
SDGSHP,Skilled health professionals density (per 10 000 population),https://www.who.int/data/gho/indicator-metadata-registry/imr-details/4667,PUBLISHED,Published,,2014,2014,,AMR,Americas,,CUB,Cuba,,154.96,154.96,,,,,
SDGSHP,Skilled health professionals density (per 10 000 population),https://www.who.int/data/gho/indicator-metadata-registry/imr-details/4667,PUBLISHED,Published,,2011,2011,,AMR,Americas,,DOM,Dominican Republic,,28.28,28.28,,,,,
SDGSHP,Skilled health professionals density (per 10 000 population),https://www.who.int/data/gho/indicator-metadata-registry/imr-details/4667,PUBLISHED,Published,,2011,2011,,AMR,Americas,,ECU,Ecuador,,37.50,37.5,,,,,
SDGSHP,Skilled health professionals density (per 10 000 population),https://www.who.int/data/gho/indicator-metadata-registry/imr-details/4667,PUBLISHED,Published,,2008,2008,,AMR,Americas,,SLV,El Salvador,,24.10,24.1,,,,,
SDGSHP,Skilled health professionals density (per 10 000 population),https://www.who.int/data/gho/indicator-metadata-registry/imr-details/4667,PUBLISHED,Published,,2006,2006,,AMR,Americas,,GRD,Grenada,,45.23,45.23,,,,,
SDGSHP,Skilled health professionals density (per 10 000 population),https://www.who.int/data/gho/indicator-metadata-registry/imr-details/4667,PUBLISHED,Published,,2009,2009,,AMR,Americas,,GTM,Guatemala,,17.61,17.61,,,,,
SDGSHP,Skilled health professionals density (per 10 000 population),https://www.who.int/data/gho/indicator-metadata-registry/imr-details/4667,PUBLISHED,Published,,2010,2010,,AMR,Americas,,GUY,Guyana,,7.43,7.43,,,,,
SDGSHP,Skilled health professionals density (per 10 000 population),https://www.who.int/data/gho/indicator-metadata-registry/imr-details/4667,PUBLISHED,Published,,2005,2005,,AMR,Americas,,HND,Honduras,,15.23,15.23,,,,,
SDGSHP,Skilled health professionals density (per 10 000 population),https://www.who.int/data/gho/indicator-metadata-registry/imr-details/4667,PUBLISHED,Published,,2016,2016,,AMR,Americas,,JAM,Jamaica,,21.37,21.37,,,,,
SDGSHP,Skilled health professionals density (per 10 000 population),https://www.who.int/data/gho/indicator-metadata-registry/imr-details/4667,PUBLISHED,Published,,2015,2015,,AMR,Americas,,MEX,Mexico,,48.76,48.76,,,,,
SDGSHP,Skilled health professionals density (per 10 000 population),https://www.who.int/data/gho/indicator-metadata-registry/imr-details/4667,PUBLISHED,Published,,2014,2014,,AMR,Americas,,NIC,Nicaragua,,22.98,22.98,,,,,
SDGSHP,Skilled health professionals density (per 10 000 population),https://www.who.int/data/gho/indicator-metadata-registry/imr-details/4667,PUBLISHED,Published,,2013,2013,,AMR,Americas,,PAN,Panama,,38.49,38.49,,,,,
SDGSHP,Skilled health professionals density (per 10 000 population),https://www.who.int/data/gho/indicator-metadata-registry/imr-details/4667,PUBLISHED,Published,,2012,2012,,AMR,Americas,,PRY,Paraguay,,23.34,23.34,,,,,
SDGSHP,Skilled health professionals density (per 10 000 population),https://www.who.int/data/gho/indicator-metadata-registry/imr-details/4667,PUBLISHED,Published,,2012,2012,,AMR,Americas,,PER,Peru,,26.09,26.09,,,,,
SDGSHP,Skilled health professionals density (per 10 000 population),https://www.who.int/data/gho/indicator-metadata-registry/imr-details/4667,PUBLISHED,Published,,2009,2009,,AMR,Americas,,LCA,Saint Lucia,,19.64,19.64,,,,,
SDGSHP,Skilled health professionals density (per 10 000 population),https://www.who.int/data/gho/indicator-metadata-registry/imr-details/4667,PUBLISHED,Published,,2011,2011,,AMR,Americas,,TTO,Trinidad and Tobago,,51.02,51.02,,,,,
SDGSHP,Skilled health professionals density (per 10 000 population),https://www.who.int/data/gho/indicator-metadata-registry/imr-details/4667,PUBLISHED,Published,,2014,2014,,AMR,Americas,,USA,United States of America,,117.30,117.3,,,,,
SDGSHP,Skilled health professionals density (per 10 000 population),https://www.who.int/data/gho/indicator-metadata-registry/imr-details/4667,PUBLISHED,Published,,2008,2008,,AMR,Americas,,URY,Uruguay,,97.86,97.86,,,,,
SDGSHP,Skilled health professionals density (per 10 000 population),https://www.who.int/data/gho/indicator-metadata-registry/imr-details/4667,PUBLISHED,Published,,2016,2016,,EMR,Eastern Mediterranean,,AFG,Afghanistan,,6.37,6.37,,,,,
SDGSHP,Skilled health professionals density (per 10 000 population),https://www.who.int/data/gho/indicator-metadata-registry/imr-details/4667,PUBLISHED,Published,,2015,2015,,EMR,Eastern Mediterranean,,BHR,Bahrain,,34.07,34.07,,,,,
SDGSHP,Skilled health professionals density (per 10 000 population),https://www.who.int/data/gho/indicator-metadata-registry/imr-details/4667,PUBLISHED,Published,,2014,2014,,EMR,Eastern Mediterranean,,DJI,Djibouti,,7.86,7.86,,,,,
SDGSHP,Skilled health professionals density (per 10 000 population),https://www.who.int/data/gho/indicator-metadata-registry/imr-details/4667,PUBLISHED,Published,,2014,2014,,EMR,Eastern Mediterranean,,EGY,Egypt,,22.48,22.48,,,,,
SDGSHP,Skilled health professionals density (per 10 000 population),https://www.who.int/data/gho/indicator-metadata-registry/imr-details/4667,PUBLISHED,Published,,2014,2014,,EMR,Eastern Mediterranean,,IRN,Iran (Islamic Republic of),,30.42,30.42,,,,,
SDGSHP,Skilled health professionals density (per 10 000 population),https://www.who.int/data/gho/indicator-metadata-registry/imr-details/4667,PUBLISHED,Published,,2014,2014,,EMR,Eastern Mediterranean,,IRQ,Iraq,,26.64,26.64,,,,,
SDGSHP,Skilled health professionals density (per 10 000 population),https://www.who.int/data/gho/indicator-metadata-registry/imr-details/4667,PUBLISHED,Published,,2015,2015,,EMR,Eastern Mediterranean,,JOR,Jordan,,65.40,65.4,,,,,
SDGSHP,Skilled health professionals density (per 10 000 population),https://www.who.int/data/gho/indicator-metadata-registry/imr-details/4667,PUBLISHED,Published,,2015,2015,,EMR,Eastern Mediterranean,,KWT,Kuwait,,96.55,96.55,,,,,
SDGSHP,Skilled health professionals density (per 10 000 population),https://www.who.int/data/gho/indicator-metadata-registry/imr-details/4667,PUBLISHED,Published,,2014,2014,,EMR,Eastern Mediterranean,,LBN,Lebanon,,49.42,49.42,,,,,
SDGSHP,Skilled health professionals density (per 10 000 population),https://www.who.int/data/gho/indicator-metadata-registry/imr-details/4667,PUBLISHED,Published,,2014,2014,,EMR,Eastern Mediterranean,,LBY,Libya,,89.97,89.97,,,,,
SDGSHP,Skilled health professionals density (per 10 000 population),https://www.who.int/data/gho/indicator-metadata-registry/imr-details/4667,PUBLISHED,Published,,2014,2014,,EMR,Eastern Mediterranean,,MAR,Morocco,,14.90,14.9,,,,,
SDGSHP,Skilled health professionals density (per 10 000 population),https://www.who.int/data/gho/indicator-metadata-registry/imr-details/4667,PUBLISHED,Published,,2016,2016,,EMR,Eastern Mediterranean,,OMN,Oman,,60.68,60.68,,,,,
SDGSHP,Skilled health professionals density (per 10 000 population),https://www.who.int/data/gho/indicator-metadata-registry/imr-details/4667,PUBLISHED,Published,,2015,2015,,EMR,Eastern Mediterranean,,PAK,Pakistan,,14.79,14.79,,,,,
SDGSHP,Skilled health professionals density (per 10 000 population),https://www.who.int/data/gho/indicator-metadata-registry/imr-details/4667,PUBLISHED,Published,,2014,2014,,EMR,Eastern Mediterranean,,QAT,Qatar,,76.65,76.65,,,,,
SDGSHP,Skilled health professionals density (per 10 000 population),https://www.who.int/data/gho/indicator-metadata-registry/imr-details/4667,PUBLISHED,Published,,2014,2014,,EMR,Eastern Mediterranean,,SAU,Saudi Arabia,,77.74,77.74,,,,,
SDGSHP,Skilled health professionals density (per 10 000 population),https://www.who.int/data/gho/indicator-metadata-registry/imr-details/4667,PUBLISHED,Published,,2014,2014,,EMR,Eastern Mediterranean,,SOM,Somalia,,1.08,1.08,,,,,
SDGSHP,Skilled health professionals density (per 10 000 population),https://www.who.int/data/gho/indicator-metadata-registry/imr-details/4667,PUBLISHED,Published,,2008,2008,,EMR,Eastern Mediterranean,,SDN,Sudan,,16.35,16.35,,,,,
SDGSHP,Skilled health professionals density (per 10 000 population),https://www.who.int/data/gho/indicator-metadata-registry/imr-details/4667,PUBLISHED,Published,,2014,2014,,EMR,Eastern Mediterranean,,SYR,Syrian Arab Republic,,38.48,38.48,,,,,
SDGSHP,Skilled health professionals density (per 10 000 population),https://www.who.int/data/gho/indicator-metadata-registry/imr-details/4667,PUBLISHED,Published,,2015,2015,,EMR,Eastern Mediterranean,,TUN,Tunisia,,39.59,39.59,,,,,
SDGSHP,Skilled health professionals density (per 10 000 population),https://www.who.int/data/gho/indicator-metadata-registry/imr-details/4667,PUBLISHED,Published,,2014,2014,,EMR,Eastern Mediterranean,,ARE,United Arab Emirates,,46.19,46.19,,,,,
SDGSHP,Skilled health professionals density (per 10 000 population),https://www.who.int/data/gho/indicator-metadata-registry/imr-details/4667,PUBLISHED,Published,,2014,2014,,EMR,Eastern Mediterranean,,YEM,Yemen,,10.68,10.68,,,,,
SDGSHP,Skilled health professionals density (per 10 000 population),https://www.who.int/data/gho/indicator-metadata-registry/imr-details/4667,PUBLISHED,Published,,2013,2013,,EUR,Europe,,ALB,Albania,,No data,,,,,,
SDGSHP,Skilled health professionals density (per 10 000 population),https://www.who.int/data/gho/indicator-metadata-registry/imr-details/4667,PUBLISHED,Published,,2015,2015,,EUR,Europe,,AND,Andorra,,81.31,81.31,,,,,
SDGSHP,Skilled health professionals density (per 10 000 population),https://www.who.int/data/gho/indicator-metadata-registry/imr-details/4667,PUBLISHED,Published,,2014,2014,,EUR,Europe,,ARM,Armenia,,82.25,82.25,,,,,
SDGSHP,Skilled health professionals density (per 10 000 population),https://www.who.int/data/gho/indicator-metadata-registry/imr-details/4667,PUBLISHED,Published,,2016,2016,,EUR,Europe,,AUT,Austria,,135.09,135.09,,,,,
SDGSHP,Skilled health professionals density (per 10 000 population),https://www.who.int/data/gho/indicator-metadata-registry/imr-details/4667,PUBLISHED,Published,,2014,2014,,EUR,Europe,,AZE,Azerbaijan,,102.73,102.73,,,,,
SDGSHP,Skilled health professionals density (per 10 000 population),https://www.who.int/data/gho/indicator-metadata-registry/imr-details/4667,PUBLISHED,Published,,2014,2014,,EUR,Europe,,BLR,Belarus,,154.90,154.9,,,,,
SDGSHP,Skilled health professionals density (per 10 000 population),https://www.who.int/data/gho/indicator-metadata-registry/imr-details/4667,PUBLISHED,Published,,2015,2015,,EUR,Europe,,BEL,Belgium,,141.70,141.7,,,,,
SDGSHP,Skilled health professionals density (per 10 000 population),https://www.who.int/data/gho/indicator-metadata-registry/imr-details/4667,PUBLISHED,Published,,2013,2013,,EUR,Europe,,BIH,Bosnia and Herzegovina,,77.61,77.61,,,,,
SDGSHP,Skilled health professionals density (per 10 000 population),https://www.who.int/data/gho/indicator-metadata-registry/imr-details/4667,PUBLISHED,Published,,2014,2014,,EUR,Europe,,BGR,Bulgaria,,93.18,93.18,,,,,
SDGSHP,Skilled health professionals density (per 10 000 population),https://www.who.int/data/gho/indicator-metadata-registry/imr-details/4667,PUBLISHED,Published,,2014,2014,,EUR,Europe,,HRV,Croatia,,96.38,96.38,,,,,
SDGSHP,Skilled health professionals density (per 10 000 population),https://www.who.int/data/gho/indicator-metadata-registry/imr-details/4667,PUBLISHED,Published,,2014,2014,,EUR,Europe,,CYP,Cyprus,,66.14,66.14,,,,,
SDGSHP,Skilled health professionals density (per 10 000 population),https://www.who.int/data/gho/indicator-metadata-registry/imr-details/4667,PUBLISHED,Published,,2013,2013,,EUR,Europe,,CZE,Czechia,,120.93,120.93,,,,,
SDGSHP,Skilled health professionals density (per 10 000 population),https://www.who.int/data/gho/indicator-metadata-registry/imr-details/4667,PUBLISHED,Published,,2014,2014,,EUR,Europe,,DNK,Denmark,,206.69,206.69,,,,,
SDGSHP,Skilled health professionals density (per 10 000 population),https://www.who.int/data/gho/indicator-metadata-registry/imr-details/4667,PUBLISHED,Published,,2015,2015,,EUR,Europe,,EST,Estonia,,97.97,97.97,,,,,
SDGSHP,Skilled health professionals density (per 10 000 population),https://www.who.int/data/gho/indicator-metadata-registry/imr-details/4667,PUBLISHED,Published,,2014,2014,,EUR,Europe,,FIN,Finland,,182.27,182.27,,,,,
SDGSHP,Skilled health professionals density (per 10 000 population),https://www.who.int/data/gho/indicator-metadata-registry/imr-details/4667,PUBLISHED,Published,,2016,2016,,EUR,Europe,,FRA,France,,137.98,137.98,,,,,
SDGSHP,Skilled health professionals density (per 10 000 population),https://www.who.int/data/gho/indicator-metadata-registry/imr-details/4667,PUBLISHED,Published,,2014,2014,,EUR,Europe,,GEO,Georgia,,87.47,87.47,,,,,
SDGSHP,Skilled health professionals density (per 10 000 population),https://www.who.int/data/gho/indicator-metadata-registry/imr-details/4667,PUBLISHED,Published,,2015,2015,,EUR,Europe,,DEU,Germany,,179.84,179.84,,,,,
SDGSHP,Skilled health professionals density (per 10 000 population),https://www.who.int/data/gho/indicator-metadata-registry/imr-details/4667,PUBLISHED,Published,,2014,2014,,EUR,Europe,,GRC,Greece,,96.47,96.47,,,,,
SDGSHP,Skilled health professionals density (per 10 000 population),https://www.who.int/data/gho/indicator-metadata-registry/imr-details/4667,PUBLISHED,Published,,2015,2015,,EUR,Europe,,HUN,Hungary,,97.26,97.26,,,,,
SDGSHP,Skilled health professionals density (per 10 000 population),https://www.who.int/data/gho/indicator-metadata-registry/imr-details/4667,PUBLISHED,Published,,2015,2015,,EUR,Europe,,ISL,Iceland,,190.76,190.76,,,,,
SDGSHP,Skilled health professionals density (per 10 000 population),https://www.who.int/data/gho/indicator-metadata-registry/imr-details/4667,PUBLISHED,Published,,2016,2016,,EUR,Europe,,IRL,Ireland,,151.98,151.98,,,,,
SDGSHP,Skilled health professionals density (per 10 000 population),https://www.who.int/data/gho/indicator-metadata-registry/imr-details/4667,PUBLISHED,Published,,2015,2015,,EUR,Europe,,ISR,Israel,,86.47,86.47,,,,,
SDGSHP,Skilled health professionals density (per 10 000 population),https://www.who.int/data/gho/indicator-metadata-registry/imr-details/4667,PUBLISHED,Published,,2016,2016,,EUR,Europe,,ITA,Italy,,97.39,97.39,,,,,
SDGSHP,Skilled health professionals density (per 10 000 population),https://www.who.int/data/gho/indicator-metadata-registry/imr-details/4667,PUBLISHED,Published,,2014,2014,,EUR,Europe,,KAZ,Kazakhstan,,116.83,116.83,,,,,
SDGSHP,Skilled health professionals density (per 10 000 population),https://www.who.int/data/gho/indicator-metadata-registry/imr-details/4667,PUBLISHED,Published,,2014,2014,,EUR,Europe,,KGZ,Kyrgyzstan,,81.08,81.08,,,,,
SDGSHP,Skilled health professionals density (per 10 000 population),https://www.who.int/data/gho/indicator-metadata-registry/imr-details/4667,PUBLISHED,Published,,2015,2015,,EUR,Europe,,LVA,Latvia,,81.12,81.12,,,,,
SDGSHP,Skilled health professionals density (per 10 000 population),https://www.who.int/data/gho/indicator-metadata-registry/imr-details/4667,PUBLISHED,Published,,2015,2015,,EUR,Europe,,LTU,Lithuania,,124.29,124.29,,,,,
SDGSHP,Skilled health professionals density (per 10 000 population),https://www.who.int/data/gho/indicator-metadata-registry/imr-details/4667,PUBLISHED,Published,,2016,2016,,EUR,Europe,,LUX,Luxembourg,,150.51,150.51,,,,,
SDGSHP,Skilled health professionals density (per 10 000 population),https://www.who.int/data/gho/indicator-metadata-registry/imr-details/4667,PUBLISHED,Published,,2015,2015,,EUR,Europe,,MLT,Malta,,130.48,130.48,,,,,
SDGSHP,Skilled health professionals density (per 10 000 population),https://www.who.int/data/gho/indicator-metadata-registry/imr-details/4667,PUBLISHED,Published,,2014,2014,,EUR,Europe,,MCO,Monaco,,271.64,271.64,,,,,
SDGSHP,Skilled health professionals density (per 10 000 population),https://www.who.int/data/gho/indicator-metadata-registry/imr-details/4667,PUBLISHED,Published,,2015,2015,,EUR,Europe,,MNE,Montenegro,,80.83,80.83,,,,,
SDGSHP,Skilled health professionals density (per 10 000 population),https://www.who.int/data/gho/indicator-metadata-registry/imr-details/4667,PUBLISHED,Published,,2015,2015,,EUR,Europe,,NLD,Netherlands,,139.84,139.84,,,,,
SDGSHP,Skilled health professionals density (per 10 000 population),https://www.who.int/data/gho/indicator-metadata-registry/imr-details/4667,PUBLISHED,Published,,2015,2015,,EUR,Europe,,NOR,Norway,,222.09,222.09,,,,,
SDGSHP,Skilled health professionals density (per 10 000 population),https://www.who.int/data/gho/indicator-metadata-registry/imr-details/4667,PUBLISHED,Published,,2015,2015,,EUR,Europe,,POL,Poland,,79.84,79.84,,,,,
SDGSHP,Skilled health professionals density (per 10 000 population),https://www.who.int/data/gho/indicator-metadata-registry/imr-details/4667,PUBLISHED,Published,,2014,2014,,EUR,Europe,,PRT,Portugal,,108.03,108.03,,,,,
SDGSHP,Skilled health professionals density (per 10 000 population),https://www.who.int/data/gho/indicator-metadata-registry/imr-details/4667,PUBLISHED,Published,,2015,2015,,EUR,Europe,,MDA,Republic of Moldova,,77.06,77.06,,,,,
SDGSHP,Skilled health professionals density (per 10 000 population),https://www.who.int/data/gho/indicator-metadata-registry/imr-details/4667,PUBLISHED,Published,,2013,2013,,EUR,Europe,,ROU,Romania,,90.84,90.84,,,,,
SDGSHP,Skilled health professionals density (per 10 000 population),https://www.who.int/data/gho/indicator-metadata-registry/imr-details/4667,PUBLISHED,Published,,2015,2015,,EUR,Europe,,RUS,Russian Federation,,126.58,126.58,,,,,
SDGSHP,Skilled health professionals density (per 10 000 population),https://www.who.int/data/gho/indicator-metadata-registry/imr-details/4667,PUBLISHED,Published,,2014,2014,,EUR,Europe,,SMR,San Marino,,154.46,154.46,,,,,
SDGSHP,Skilled health professionals density (per 10 000 population),https://www.who.int/data/gho/indicator-metadata-registry/imr-details/4667,PUBLISHED,Published,,2014,2014,,EUR,Europe,,SRB,Serbia,,71.60,71.6,,,,,
SDGSHP,Skilled health professionals density (per 10 000 population),https://www.who.int/data/gho/indicator-metadata-registry/imr-details/4667,PUBLISHED,Published,,2015,2015,,EUR,Europe,,SVK,Slovakia,,94.69,94.69,,,,,
SDGSHP,Skilled health professionals density (per 10 000 population),https://www.who.int/data/gho/indicator-metadata-registry/imr-details/4667,PUBLISHED,Published,,2015,2015,,EUR,Europe,,SVN,Slovenia,,116.60,116.6,,,,,
SDGSHP,Skilled health professionals density (per 10 000 population),https://www.who.int/data/gho/indicator-metadata-registry/imr-details/4667,PUBLISHED,Published,,2015,2015,,EUR,Europe,,ESP,Spain,,91.96,91.96,,,,,
SDGSHP,Skilled health professionals density (per 10 000 population),https://www.who.int/data/gho/indicator-metadata-registry/imr-details/4667,PUBLISHED,Published,,2014,2014,,EUR,Europe,,SWE,Sweden,,160.64,160.64,,,,,
SDGSHP,Skilled health professionals density (per 10 000 population),https://www.who.int/data/gho/indicator-metadata-registry/imr-details/4667,PUBLISHED,Published,,2016,2016,,EUR,Europe,,CHE,Switzerland,,223.02,223.02,,,,,
SDGSHP,Skilled health professionals density (per 10 000 population),https://www.who.int/data/gho/indicator-metadata-registry/imr-details/4667,PUBLISHED,Published,,2014,2014,,EUR,Europe,,TJK,Tajikistan,,69.89,69.89,,,,,
SDGSHP,Skilled health professionals density (per 10 000 population),https://www.who.int/data/gho/indicator-metadata-registry/imr-details/4667,PUBLISHED,Published,,2015,2015,,EUR,Europe,,MKD,Republic of North Macedonia,,66.68,66.68,,,,,
SDGSHP,Skilled health professionals density (per 10 000 population),https://www.who.int/data/gho/indicator-metadata-registry/imr-details/4667,PUBLISHED,Published,,2014,2014,,EUR,Europe,,TUR,Turkey,,44.05,44.05,,,,,
SDGSHP,Skilled health professionals density (per 10 000 population),https://www.who.int/data/gho/indicator-metadata-registry/imr-details/4667,PUBLISHED,Published,,2014,2014,,EUR,Europe,,TKM,Turkmenistan,,70.61,70.61,,,,,
SDGSHP,Skilled health professionals density (per 10 000 population),https://www.who.int/data/gho/indicator-metadata-registry/imr-details/4667,PUBLISHED,Published,,2014,2014,,EUR,Europe,,UKR,Ukraine,,100.38,100.38,,,,,
SDGSHP,Skilled health professionals density (per 10 000 population),https://www.who.int/data/gho/indicator-metadata-registry/imr-details/4667,PUBLISHED,Published,,2016,2016,,EUR,Europe,,GBR,United Kingdom of Great Britain and Northern Ireland,,112.46,112.46,,,,,
SDGSHP,Skilled health professionals density (per 10 000 population),https://www.who.int/data/gho/indicator-metadata-registry/imr-details/4667,PUBLISHED,Published,,2014,2014,,EUR,Europe,,UZB,Uzbekistan,,149.47,149.47,,,,,
SDGSHP,Skilled health professionals density (per 10 000 population),https://www.who.int/data/gho/indicator-metadata-registry/imr-details/4667,PUBLISHED,Published,,2015,2015,,SEAR,South-East Asia,,BGD,Bangladesh,,7.38,7.38,,,,,
SDGSHP,Skilled health professionals density (per 10 000 population),https://www.who.int/data/gho/indicator-metadata-registry/imr-details/4667,PUBLISHED,Published,,2016,2016,,SEAR,South-East Asia,,BTN,Bhutan,,18.93,18.93,,,,,
SDGSHP,Skilled health professionals density (per 10 000 population),https://www.who.int/data/gho/indicator-metadata-registry/imr-details/4667,PUBLISHED,Published,,2014,2014,,SEAR,South-East Asia,,PRK,Democratic People's Republic of Korea,,75.34,75.34,,,,,
SDGSHP,Skilled health professionals density (per 10 000 population),https://www.who.int/data/gho/indicator-metadata-registry/imr-details/4667,PUBLISHED,Published,,2016,2016,,SEAR,South-East Asia,,IND,India,,28.52,28.52,,,,,
SDGSHP,Skilled health professionals density (per 10 000 population),https://www.who.int/data/gho/indicator-metadata-registry/imr-details/4667,PUBLISHED,Published,,2012,2012,,SEAR,South-East Asia,,IDN,Indonesia,,15.54,15.54,,,,,
SDGSHP,Skilled health professionals density (per 10 000 population),https://www.who.int/data/gho/indicator-metadata-registry/imr-details/4667,PUBLISHED,Published,,2015,2015,,SEAR,South-East Asia,,MDV,Maldives,,118.33,118.33,,,,,
SDGSHP,Skilled health professionals density (per 10 000 population),https://www.who.int/data/gho/indicator-metadata-registry/imr-details/4667,PUBLISHED,Published,,2012,2012,,SEAR,South-East Asia,,MMR,Myanmar,,14.98,14.98,,,,,
SDGSHP,Skilled health professionals density (per 10 000 population),https://www.who.int/data/gho/indicator-metadata-registry/imr-details/4667,PUBLISHED,Published,,2014,2014,,SEAR,South-East Asia,,NPL,Nepal,,26.39,26.39,,,,,
SDGSHP,Skilled health professionals density (per 10 000 population),https://www.who.int/data/gho/indicator-metadata-registry/imr-details/4667,PUBLISHED,Published,,2015,2015,,SEAR,South-East Asia,,LKA,Sri Lanka,,36.75,36.75,,,,,
SDGSHP,Skilled health professionals density (per 10 000 population),https://www.who.int/data/gho/indicator-metadata-registry/imr-details/4667,PUBLISHED,Published,,2015,2015,,SEAR,South-East Asia,,THA,Thailand,,27.64,27.64,,,,,
SDGSHP,Skilled health professionals density (per 10 000 population),https://www.who.int/data/gho/indicator-metadata-registry/imr-details/4667,PUBLISHED,Published,,2011,2011,,SEAR,South-East Asia,,TLS,Timor-Leste,,15.12,15.12,,,,,
SDGSHP,Skilled health professionals density (per 10 000 population),https://www.who.int/data/gho/indicator-metadata-registry/imr-details/4667,PUBLISHED,Published,,2015,2015,,WPR,Western Pacific,,AUS,Australia,,162.40,162.4,,,,,
SDGSHP,Skilled health professionals density (per 10 000 population),https://www.who.int/data/gho/indicator-metadata-registry/imr-details/4667,PUBLISHED,Published,,2015,2015,,WPR,Western Pacific,,BRN,Brunei Darussalam,,82.59,82.59,,,,,
SDGSHP,Skilled health professionals density (per 10 000 population),https://www.who.int/data/gho/indicator-metadata-registry/imr-details/4667,PUBLISHED,Published,,2014,2014,,WPR,Western Pacific,,KHM,Cambodia,,10.94,10.94,,,,,
SDGSHP,Skilled health professionals density (per 10 000 population),https://www.who.int/data/gho/indicator-metadata-registry/imr-details/4667,PUBLISHED,Published,,2015,2015,,WPR,Western Pacific,,CHN,China,,59.67,59.67,,,,,
SDGSHP,Skilled health professionals density (per 10 000 population),https://www.who.int/data/gho/indicator-metadata-registry/imr-details/4667,PUBLISHED,Published,,2009,2009,,WPR,Western Pacific,,COK,Cook Islands,,69.47,69.47,,,,,
SDGSHP,Skilled health professionals density (per 10 000 population),https://www.who.int/data/gho/indicator-metadata-registry/imr-details/4667,PUBLISHED,Published,,2015,2015,,WPR,Western Pacific,,FJI,Fiji,,37.75,37.75,,,,,
SDGSHP,Skilled health professionals density (per 10 000 population),https://www.who.int/data/gho/indicator-metadata-registry/imr-details/4667,PUBLISHED,Published,,2014,2014,,WPR,Western Pacific,,JPN,Japan,,136.08,136.08,,,,,
SDGSHP,Skilled health professionals density (per 10 000 population),https://www.who.int/data/gho/indicator-metadata-registry/imr-details/4667,PUBLISHED,Published,,2013,2013,,WPR,Western Pacific,,KIR,Kiribati,,48.18,48.18,,,,,
SDGSHP,Skilled health professionals density (per 10 000 population),https://www.who.int/data/gho/indicator-metadata-registry/imr-details/4667,PUBLISHED,Published,,2014,2014,,WPR,Western Pacific,,LAO,Lao People's Democratic Republic,,14.50,14.5,,,,,
SDGSHP,Skilled health professionals density (per 10 000 population),https://www.who.int/data/gho/indicator-metadata-registry/imr-details/4667,PUBLISHED,Published,,2015,2015,,WPR,Western Pacific,,MYS,Malaysia,,56.57,56.57,,,,,
SDGSHP,Skilled health professionals density (per 10 000 population),https://www.who.int/data/gho/indicator-metadata-registry/imr-details/4667,PUBLISHED,Published,,2012,2012,,WPR,Western Pacific,,MHL,Marshall Islands,,40.07,40.07,,,,,
SDGSHP,Skilled health professionals density (per 10 000 population),https://www.who.int/data/gho/indicator-metadata-registry/imr-details/4667,PUBLISHED,Published,,2009,2009,,WPR,Western Pacific,,FSM,Micronesia (Federated States of),,38.00,38.0,,,,,
SDGSHP,Skilled health professionals density (per 10 000 population),https://www.who.int/data/gho/indicator-metadata-registry/imr-details/4667,PUBLISHED,Published,,2015,2015,,WPR,Western Pacific,,MNG,Mongolia,,72.62,72.62,,,,,
SDGSHP,Skilled health professionals density (per 10 000 population),https://www.who.int/data/gho/indicator-metadata-registry/imr-details/4667,PUBLISHED,Published,,2011,2011,,WPR,Western Pacific,,NRU,Nauru,,83.64,83.64,,,,,
SDGSHP,Skilled health professionals density (per 10 000 population),https://www.who.int/data/gho/indicator-metadata-registry/imr-details/4667,PUBLISHED,Published,,2015,2015,,WPR,Western Pacific,,NZL,New Zealand,,143.00,143.0,,,,,
SDGSHP,Skilled health professionals density (per 10 000 population),https://www.who.int/data/gho/indicator-metadata-registry/imr-details/4667,PUBLISHED,Published,,2008,2008,,WPR,Western Pacific,,NIU,Niue,,116.29,116.29,,,,,
SDGSHP,Skilled health professionals density (per 10 000 population),https://www.who.int/data/gho/indicator-metadata-registry/imr-details/4667,PUBLISHED,Published,,2014,2014,,WPR,Western Pacific,,PLW,Palau,,64.46,64.46,,,,,
SDGSHP,Skilled health professionals density (per 10 000 population),https://www.who.int/data/gho/indicator-metadata-registry/imr-details/4667,PUBLISHED,Published,,2010,2010,,WPR,Western Pacific,,PNG,Papua New Guinea,,5.87,5.87,,,,,
SDGSHP,Skilled health professionals density (per 10 000 population),https://www.who.int/data/gho/indicator-metadata-registry/imr-details/4667,PUBLISHED,Published,,2016,2016,,WPR,Western Pacific,,KOR,Republic of Korea,,92.24,92.24,,,,,
SDGSHP,Skilled health professionals density (per 10 000 population),https://www.who.int/data/gho/indicator-metadata-registry/imr-details/4667,PUBLISHED,Published,,2010,2010,,WPR,Western Pacific,,WSM,Samoa,,18.81,18.81,,,,,
SDGSHP,Skilled health professionals density (per 10 000 population),https://www.who.int/data/gho/indicator-metadata-registry/imr-details/4667,PUBLISHED,Published,,2016,2016,,WPR,Western Pacific,,SGP,Singapore,,93.97,93.97,,,,,
SDGSHP,Skilled health professionals density (per 10 000 population),https://www.who.int/data/gho/indicator-metadata-registry/imr-details/4667,PUBLISHED,Published,,2013,2013,,WPR,Western Pacific,,SLB,Solomon Islands,,19.71,19.71,,,,,
SDGSHP,Skilled health professionals density (per 10 000 population),https://www.who.int/data/gho/indicator-metadata-registry/imr-details/4667,PUBLISHED,Published,,2010,2010,,WPR,Western Pacific,,TON,Tonga,,44.83,44.83,,,,,
SDGSHP,Skilled health professionals density (per 10 000 population),https://www.who.int/data/gho/indicator-metadata-registry/imr-details/4667,PUBLISHED,Published,,2009,2009,,WPR,Western Pacific,,TUV,Tuvalu,,77.50,77.5,,,,,
SDGSHP,Skilled health professionals density (per 10 000 population),https://www.who.int/data/gho/indicator-metadata-registry/imr-details/4667,PUBLISHED,Published,,2012,2012,,WPR,Western Pacific,,VUT,Vanuatu,,24.04,24.04,,,,,
SDGSHP,Skilled health professionals density (per 10 000 population),https://www.who.int/data/gho/indicator-metadata-registry/imr-details/4667,PUBLISHED,Published,,2016,2016,,WPR,Western Pacific,,VNM,Viet Nam,,22.55,22.55,,,,,
SDGSHP,Skilled health professionals density (per 10 000 population),https://www.who.int/data/gho/indicator-metadata-registry/imr-details/4667,PUBLISHED,Published,,2014,2014,,AFR,Africa,,,,,12.79,12.79,,,,,
SDGSHP,Skilled health professionals density (per 10 000 population),https://www.who.int/data/gho/indicator-metadata-registry/imr-details/4667,PUBLISHED,Published,,2014,2014,,AMR,Americas,,,,,82.59,82.59,,,,,
SDGSHP,Skilled health professionals density (per 10 000 population),https://www.who.int/data/gho/indicator-metadata-registry/imr-details/4667,PUBLISHED,Published,,2014,2014,,EMR,Eastern Mediterranean,,,,,25.19,25.19,,,,,
SDGSHP,Skilled health professionals density (per 10 000 population),https://www.who.int/data/gho/indicator-metadata-registry/imr-details/4667,PUBLISHED,Published,,2014,2014,,EUR,Europe,,,,,115.34,115.34,,,,,
SDGSHP,Skilled health professionals density (per 10 000 population),https://www.who.int/data/gho/indicator-metadata-registry/imr-details/4667,PUBLISHED,Published,,2014,2014,,SEAR,South-East Asia,,,,,25.71,25.71,,,,,
SDGSHP,Skilled health professionals density (per 10 000 population),https://www.who.int/data/gho/indicator-metadata-registry/imr-details/4667,PUBLISHED,Published,,2014,2014,,WPR,Western Pacific,,,,,65.34,65.34,,,,,
SDGSHP,Skilled health professionals density (per 10 000 population),https://www.who.int/data/gho/indicator-metadata-registry/imr-details/4667,PUBLISHED,Published,,2014,2014,,GLOBAL,Global,,,,,52.82,52.82,,,,,
