GHO (CODE),GHO (DISPLAY),GHO (URL),PUBLISHSTATE (CODE),PUBLISHSTATE (DISPLAY),PUBLISHSTATE (URL),YEAR (CODE),YEAR (DISPLAY),YEAR (URL),UNSDGREGION (CODE),UNSDGREGION (DISPLAY),UNSDGREGION (URL),Display Value,Numeric,Low,High,StdErr,StdDev,Comments
SG_REG_CENSUS,Proportion of countries that have conducted at least one population and housing census in the last 10 years (%),https://www.who.int/data/gho/indicator-metadata-registry/imr-details/4743,PUBLISHED,Published,,2015,2015,,UNSDG_WORLD,World,,90,90.0,,,,,UNSD DSSB: Number of censuses conducted 2006-2015
SG_REG_CENSUS,Proportion of countries that have conducted at least one population and housing census in the last 10 years (%),https://www.who.int/data/gho/indicator-metadata-registry/imr-details/4743,PUBLISHED,Published,,2015,2015,,UNSDG_CCA,Caucasus and Central Asia,,88,88.0,,,,,UNSD DSSB: Number of censuses conducted 2006-2015
SG_REG_CENSUS,Proportion of countries that have conducted at least one population and housing census in the last 10 years (%),https://www.who.int/data/gho/indicator-metadata-registry/imr-details/4743,PUBLISHED,Published,,2015,2015,,UNSDG_DEVELOPED,Developed regions,,96,96.0,,,,,UNSD DSSB: Number of censuses conducted 2006-2015
SG_REG_CENSUS,Proportion of countries that have conducted at least one population and housing census in the last 10 years (%),https://www.who.int/data/gho/indicator-metadata-registry/imr-details/4743,PUBLISHED,Published,,2015,2015,,UNSDG_DEVELOPING,Developing regions,,88,88.0,,,,,UNSD DSSB: Number of censuses conducted 2006-2015
SG_REG_CENSUS,Proportion of countries that have conducted at least one population and housing census in the last 10 years (%),https://www.who.int/data/gho/indicator-metadata-registry/imr-details/4743,PUBLISHED,Published,,2015,2015,,UNSDG_EASTERNASIA,Eastern Asia,,100,100.0,,,,,UNSD DSSB: Number of censuses conducted 2006-2015
SG_REG_CENSUS,Proportion of countries that have conducted at least one population and housing census in the last 10 years (%),https://www.who.int/data/gho/indicator-metadata-registry/imr-details/4743,PUBLISHED,Published,,2015,2015,,UNSDG_LLDC,Landlocked developing countries (LLDCs),,84,84.0,,,,,UNSD DSSB: Number of censuses conducted 2006-2015
SG_REG_CENSUS,Proportion of countries that have conducted at least one population and housing census in the last 10 years (%),https://www.who.int/data/gho/indicator-metadata-registry/imr-details/4743,PUBLISHED,Published,,2015,2015,,UNSDG_LAC,Latin America and the Caribbean,,91,91.0,,,,,UNSD DSSB: Number of censuses conducted 2006-2015
SG_REG_CENSUS,Proportion of countries that have conducted at least one population and housing census in the last 10 years (%),https://www.who.int/data/gho/indicator-metadata-registry/imr-details/4743,PUBLISHED,Published,,2015,2015,,UNSDG_LDC,Least developed countries,,79,79.0,,,,,UNSD DSSB: Number of censuses conducted 2006-2015
SG_REG_CENSUS,Proportion of countries that have conducted at least one population and housing census in the last 10 years (%),https://www.who.int/data/gho/indicator-metadata-registry/imr-details/4743,PUBLISHED,Published,,2015,2015,,UNSDG_NORTHAFR,Northern Africa,,83,83.0,,,,,UNSD DSSB: Number of censuses conducted 2006-2015
SG_REG_CENSUS,Proportion of countries that have conducted at least one population and housing census in the last 10 years (%),https://www.who.int/data/gho/indicator-metadata-registry/imr-details/4743,PUBLISHED,Published,,2015,2015,,UNSDG_OCEANIA,Oceania,,100,100.0,,,,,UNSD DSSB: Number of censuses conducted 2006-2015
SG_REG_CENSUS,Proportion of countries that have conducted at least one population and housing census in the last 10 years (%),https://www.who.int/data/gho/indicator-metadata-registry/imr-details/4743,PUBLISHED,Published,,2015,2015,,UNSDG_SIDS,Small Island developing States (SIDS),,96,96.0,,,,,UNSD DSSB: Number of censuses conducted 2006-2015
SG_REG_CENSUS,Proportion of countries that have conducted at least one population and housing census in the last 10 years (%),https://www.who.int/data/gho/indicator-metadata-registry/imr-details/4743,PUBLISHED,Published,,2015,2015,,UNSDG_SOUTHEASTERNASIA,South-eastern Asia,,100,100.0,,,,,UNSD DSSB: Number of censuses conducted 2006-2015
SG_REG_CENSUS,Proportion of countries that have conducted at least one population and housing census in the last 10 years (%),https://www.who.int/data/gho/indicator-metadata-registry/imr-details/4743,PUBLISHED,Published,,2015,2015,,UNSDG_SOUTHASIA,Southern Asia,,67,67.0,,,,,UNSD DSSB: Number of censuses conducted 2006-2015
SG_REG_CENSUS,Proportion of countries that have conducted at least one population and housing census in the last 10 years (%),https://www.who.int/data/gho/indicator-metadata-registry/imr-details/4743,PUBLISHED,Published,,2015,2015,,UNSDG_SUBSAHARANAFRICA,Sub-Saharan Africa,,86,86.0,,,,,UNSD DSSB: Number of censuses conducted 2006-2015
SG_REG_CENSUS,Proportion of countries that have conducted at least one population and housing census in the last 10 years (%),https://www.who.int/data/gho/indicator-metadata-registry/imr-details/4743,PUBLISHED,Published,,2015,2015,,UNSDG_WESTERNASIA,Western Asia,,69,69.0,,,,,UNSD DSSB: Number of censuses conducted 2006-2015
