GHO (CODE),GHO (DISPLAY),GHO (URL),PUBLISHSTATE (CODE),PUBLISHSTATE (DISPLAY),PUBLISHSTATE (URL),YEAR (CODE),YEAR (DISPLAY),YEAR (URL),REGION (CODE),REGION (DISPLAY),REGION (URL),Display Value,Numeric,Low,High,StdErr,StdDev,Comments
SHS_5,Second-hand smoke attributable DALYs ('000),https://www.who.int/data/gho/indicator-metadata-registry/imr-details/2266,PUBLISHED,Published,,2004,2004,,WHO_LMI_AFR,Low-and-middle-income countries of the African Region,1_Afr_LM,1717,1716.8,,,,,
SHS_5,Second-hand smoke attributable DALYs ('000),https://www.who.int/data/gho/indicator-metadata-registry/imr-details/2266,PUBLISHED,Published,,2004,2004,,WHO_LMI_AMR,Low-and-middle-income countries of the Americas,2_Amr_LM,525,525.28,,,,,
SHS_5,Second-hand smoke attributable DALYs ('000),https://www.who.int/data/gho/indicator-metadata-registry/imr-details/2266,PUBLISHED,Published,,2004,2004,,WHO_LMI_EMR,Low-and-middle-income countries of the Eastern Mediterranean Region,5_Emr_LM,1584,1583.9,,,,,
SHS_5,Second-hand smoke attributable DALYs ('000),https://www.who.int/data/gho/indicator-metadata-registry/imr-details/2266,PUBLISHED,Published,,2004,2004,,WHO_LMI_EUR,Low-and-middle-income countries of the European Region,4_Eur_LM,1106,1106.32,,,,,
SHS_5,Second-hand smoke attributable DALYs ('000),https://www.who.int/data/gho/indicator-metadata-registry/imr-details/2266,PUBLISHED,Published,,2004,2004,,WHO_LMI_SEAR,Low-and-middle-income countries of the South-East Asia Region,3_Sear_LM,3616,3615.53,,,,,
SHS_5,Second-hand smoke attributable DALYs ('000),https://www.who.int/data/gho/indicator-metadata-registry/imr-details/2266,PUBLISHED,Published,,2004,2004,,WHO_LMI_WPR,Low-and-middle-income countries of the Western Pacific Region,6_Wpr_LM,1795,1794.92,,,,,
SHS_5,Second-hand smoke attributable DALYs ('000),https://www.who.int/data/gho/indicator-metadata-registry/imr-details/2266,PUBLISHED,Published,,2004,2004,,WHO_LMI_HIC,High income countries,7_MS_HIC,570,570.0,,,,,
SHS_5,Second-hand smoke attributable DALYs ('000),https://www.who.int/data/gho/indicator-metadata-registry/imr-details/2266,PUBLISHED,Published,,2004,2004,,WHO_LMI_WORLD,Global,0_World,10913,10912.74,,,,,
