GHO (CODE),GHO (DISPLAY),GHO (URL),PUBLISHSTATE (CODE),PUBLISHSTATE (DISPLAY),PUBLISHSTATE (URL),YEAR (CODE),YEAR (DISPLAY),YEAR (URL),REGION (CODE),REGION (DISPLAY),REGION (URL),COUNTRY (CODE),COUNTRY (DISPLAY),COUNTRY (URL),SUNBED_TRAINING (CODE),SUNBED_TRAINING (DISPLAY),SUNBED_TRAINING (URL),Display Value,Numeric,Low,High,StdErr,StdDev,Comments
SUNBEDREG_TRAINING,Training requirements,https://www.who.int/data/gho/indicator-metadata-registry/imr-details/4630,PUBLISHED,Published,,2017,2017,,EUR,Europe,,AUT,Austria,,STAFFCERTIFICATION,Staff certification,,No,,,,,,
SUNBEDREG_TRAINING,Training requirements,https://www.who.int/data/gho/indicator-metadata-registry/imr-details/4630,PUBLISHED,Published,,2017,2017,,EUR,Europe,,AUT,Austria,,STAFFTRAINING,Staff training,,No,,,,,,
SUNBEDREG_TRAINING,Training requirements,https://www.who.int/data/gho/indicator-metadata-registry/imr-details/4630,PUBLISHED,Published,,2017,2017,,EUR,Europe,,BEL,Belgium,,STAFFCERTIFICATION,Staff certification,,Yes,,,,,,
SUNBEDREG_TRAINING,Training requirements,https://www.who.int/data/gho/indicator-metadata-registry/imr-details/4630,PUBLISHED,Published,,2017,2017,,EUR,Europe,,BEL,Belgium,,STAFFTRAINING,Staff training,,Yes,,,,,,0.3 W/m^2
SUNBEDREG_TRAINING,Training requirements,https://www.who.int/data/gho/indicator-metadata-registry/imr-details/4630,PUBLISHED,Published,,2017,2017,,AMR,Americas,,BRA,Brazil,,STAFFCERTIFICATION,Staff certification,,,,,,,,not applicable because sunbeds are banned
SUNBEDREG_TRAINING,Training requirements,https://www.who.int/data/gho/indicator-metadata-registry/imr-details/4630,PUBLISHED,Published,,2017,2017,,AMR,Americas,,BRA,Brazil,,STAFFTRAINING,Staff training,,,,,,,,not applicable because sunbeds are banned
SUNBEDREG_TRAINING,Training requirements,https://www.who.int/data/gho/indicator-metadata-registry/imr-details/4630,PUBLISHED,Published,,2017,2017,,AMR,Americas,,CAN,Canada,,STAFFCERTIFICATION,Staff certification,,No,,,,,,
SUNBEDREG_TRAINING,Training requirements,https://www.who.int/data/gho/indicator-metadata-registry/imr-details/4630,PUBLISHED,Published,,2017,2017,,AMR,Americas,,CAN,Canada,,STAFFTRAINING,Staff training,,No,,,,,,
SUNBEDREG_TRAINING,Training requirements,https://www.who.int/data/gho/indicator-metadata-registry/imr-details/4630,PUBLISHED,Published,,2017,2017,,EUR,Europe,,CHE,Switzerland,,STAFFCERTIFICATION,Staff certification,,No,,,,,,
SUNBEDREG_TRAINING,Training requirements,https://www.who.int/data/gho/indicator-metadata-registry/imr-details/4630,PUBLISHED,Published,,2017,2017,,EUR,Europe,,CHE,Switzerland,,STAFFTRAINING,Staff training,,No,,,,,,0.3 W/m^2
SUNBEDREG_TRAINING,Training requirements,https://www.who.int/data/gho/indicator-metadata-registry/imr-details/4630,PUBLISHED,Published,,2017,2017,,AMR,Americas,,CHL,Chile,,STAFFCERTIFICATION,Staff certification,,Yes,,,,,,
SUNBEDREG_TRAINING,Training requirements,https://www.who.int/data/gho/indicator-metadata-registry/imr-details/4630,PUBLISHED,Published,,2017,2017,,AMR,Americas,,CHL,Chile,,STAFFTRAINING,Staff training,,Yes,,,,,,0.3 W/m^2
SUNBEDREG_TRAINING,Training requirements,https://www.who.int/data/gho/indicator-metadata-registry/imr-details/4630,PUBLISHED,Published,,2017,2017,,AMR,Americas,,COL,Colombia,,STAFFCERTIFICATION,Staff certification,,Yes,,,,,,
SUNBEDREG_TRAINING,Training requirements,https://www.who.int/data/gho/indicator-metadata-registry/imr-details/4630,PUBLISHED,Published,,2017,2017,,AMR,Americas,,COL,Colombia,,STAFFTRAINING,Staff training,,Yes,,,,,,
SUNBEDREG_TRAINING,Training requirements,https://www.who.int/data/gho/indicator-metadata-registry/imr-details/4630,PUBLISHED,Published,,2017,2017,,EUR,Europe,,DEU,Germany,,STAFFCERTIFICATION,Staff certification,,Yes,,,,,,
SUNBEDREG_TRAINING,Training requirements,https://www.who.int/data/gho/indicator-metadata-registry/imr-details/4630,PUBLISHED,Published,,2017,2017,,EUR,Europe,,DEU,Germany,,STAFFTRAINING,Staff training,,Yes,,,,,,0.3 W/m^2
SUNBEDREG_TRAINING,Training requirements,https://www.who.int/data/gho/indicator-metadata-registry/imr-details/4630,PUBLISHED,Published,,2017,2017,,EUR,Europe,,DNK,Denmark,,STAFFCERTIFICATION,Staff certification,,No,,,,,,
SUNBEDREG_TRAINING,Training requirements,https://www.who.int/data/gho/indicator-metadata-registry/imr-details/4630,PUBLISHED,Published,,2017,2017,,EUR,Europe,,DNK,Denmark,,STAFFTRAINING,Staff training,,Yes ,,,,,,0.3 W/m^2
SUNBEDREG_TRAINING,Training requirements,https://www.who.int/data/gho/indicator-metadata-registry/imr-details/4630,PUBLISHED,Published,,2017,2017,,EUR,Europe,,ESP,Spain,,STAFFCERTIFICATION,Staff certification,,Yes,,,,,,
SUNBEDREG_TRAINING,Training requirements,https://www.who.int/data/gho/indicator-metadata-registry/imr-details/4630,PUBLISHED,Published,,2017,2017,,EUR,Europe,,ESP,Spain,,STAFFTRAINING,Staff training,,Yes,,,,,,
SUNBEDREG_TRAINING,Training requirements,https://www.who.int/data/gho/indicator-metadata-registry/imr-details/4630,PUBLISHED,Published,,2017,2017,,EUR,Europe,,FIN,Finland,,STAFFCERTIFICATION,Staff certification,,No,,,,,,
SUNBEDREG_TRAINING,Training requirements,https://www.who.int/data/gho/indicator-metadata-registry/imr-details/4630,PUBLISHED,Published,,2017,2017,,EUR,Europe,,FIN,Finland,,STAFFTRAINING,Staff training,,No,,,,,,"Erythemal effective UV irradiances: 0,3 W/m2 (total), 0,15 W/m2 (wavelength range 250-320 nm), 0,15 W/m2 (wavelength range 320-400 nm). The limits are same as in the European standard EN 60335-2-27 for UV type 3.  "
SUNBEDREG_TRAINING,Training requirements,https://www.who.int/data/gho/indicator-metadata-registry/imr-details/4630,PUBLISHED,Published,,2017,2017,,EUR,Europe,,FRA,France,,STAFFCERTIFICATION,Staff certification,,No,,,,,,
SUNBEDREG_TRAINING,Training requirements,https://www.who.int/data/gho/indicator-metadata-registry/imr-details/4630,PUBLISHED,Published,,2017,2017,,EUR,Europe,,FRA,France,,STAFFTRAINING,Staff training,,Yes,,,,,,- For UV1 devices : 0.15W/m^2 UVA and 0.0005W/m^2 UVB   - For UV3 devices : 0.15W/m^2 (UVA and UVB)
SUNBEDREG_TRAINING,Training requirements,https://www.who.int/data/gho/indicator-metadata-registry/imr-details/4630,PUBLISHED,Published,,2017,2017,,EUR,Europe,,IRL,Ireland,,STAFFCERTIFICATION,Staff certification,,Yes,,,,,,
SUNBEDREG_TRAINING,Training requirements,https://www.who.int/data/gho/indicator-metadata-registry/imr-details/4630,PUBLISHED,Published,,2017,2017,,EUR,Europe,,IRL,Ireland,,STAFFTRAINING,Staff training,,Yes,,,,,,"This is set out under the Low Voltage Directive by the Department of Jobs, Enterprise and Innovation"
SUNBEDREG_TRAINING,Training requirements,https://www.who.int/data/gho/indicator-metadata-registry/imr-details/4630,PUBLISHED,Published,,2017,2017,,EUR,Europe,,ISL,Iceland,,STAFFCERTIFICATION,Staff certification,,No,,,,,,
SUNBEDREG_TRAINING,Training requirements,https://www.who.int/data/gho/indicator-metadata-registry/imr-details/4630,PUBLISHED,Published,,2017,2017,,EUR,Europe,,ISL,Iceland,,STAFFTRAINING,Staff training,,No,,,,,,
SUNBEDREG_TRAINING,Training requirements,https://www.who.int/data/gho/indicator-metadata-registry/imr-details/4630,PUBLISHED,Published,,2017,2017,,EUR,Europe,,ISR,Israel,,STAFFCERTIFICATION,Staff certification,,No,,,,,,
SUNBEDREG_TRAINING,Training requirements,https://www.who.int/data/gho/indicator-metadata-registry/imr-details/4630,PUBLISHED,Published,,2017,2017,,EUR,Europe,,ISR,Israel,,STAFFTRAINING,Staff training,,No,,,,,,
SUNBEDREG_TRAINING,Training requirements,https://www.who.int/data/gho/indicator-metadata-registry/imr-details/4630,PUBLISHED,Published,,2017,2017,,EUR,Europe,,ITA,Italy,,STAFFCERTIFICATION,Staff certification,,Yes,,,,,,
SUNBEDREG_TRAINING,Training requirements,https://www.who.int/data/gho/indicator-metadata-registry/imr-details/4630,PUBLISHED,Published,,2017,2017,,EUR,Europe,,ITA,Italy,,STAFFTRAINING,Staff training,,Yes,,,,,,0.3 W/m^2
SUNBEDREG_TRAINING,Training requirements,https://www.who.int/data/gho/indicator-metadata-registry/imr-details/4630,PUBLISHED,Published,,2017,2017,,EUR,Europe,,LVA,Latvia,,STAFFCERTIFICATION,Staff certification,,Yes,,,,,,
SUNBEDREG_TRAINING,Training requirements,https://www.who.int/data/gho/indicator-metadata-registry/imr-details/4630,PUBLISHED,Published,,2017,2017,,EUR,Europe,,LVA,Latvia,,STAFFTRAINING,Staff training,,Yes,,,,,,0.3 W/m^2
SUNBEDREG_TRAINING,Training requirements,https://www.who.int/data/gho/indicator-metadata-registry/imr-details/4630,PUBLISHED,Published,,2017,2017,,EUR,Europe,,NLD,Netherlands,,STAFFCERTIFICATION,Staff certification,,No,,,,,,
SUNBEDREG_TRAINING,Training requirements,https://www.who.int/data/gho/indicator-metadata-registry/imr-details/4630,PUBLISHED,Published,,2017,2017,,EUR,Europe,,NLD,Netherlands,,STAFFTRAINING,Staff training,,No,,,,,,0.3 W/m^2
SUNBEDREG_TRAINING,Training requirements,https://www.who.int/data/gho/indicator-metadata-registry/imr-details/4630,PUBLISHED,Published,,2017,2017,,EUR,Europe,,NOR,Norway,,STAFFCERTIFICATION,Staff certification,,No,,,,,,
SUNBEDREG_TRAINING,Training requirements,https://www.who.int/data/gho/indicator-metadata-registry/imr-details/4630,PUBLISHED,Published,,2017,2017,,EUR,Europe,,NOR,Norway,,STAFFTRAINING,Staff training,,No,,,,,,"For cosmetic purposes: UV type 3 according to the European Standard EN 60335-2-27, i.e. limits of effective irradiance (eryhtemal) are: UVB = 0,15 W/m2 and  UVA =0,15 W/m2."
SUNBEDREG_TRAINING,Training requirements,https://www.who.int/data/gho/indicator-metadata-registry/imr-details/4630,PUBLISHED,Published,,2017,2017,,EUR,Europe,,SVK,Slovakia,,STAFFCERTIFICATION,Staff certification,,Yes,,,,,,
SUNBEDREG_TRAINING,Training requirements,https://www.who.int/data/gho/indicator-metadata-registry/imr-details/4630,PUBLISHED,Published,,2017,2017,,EUR,Europe,,SVK,Slovakia,,STAFFTRAINING,Staff training,,Yes,,,,,,"Requirement to perform measurements of UV radiants (lamps) even when the lamp is replaced to check for compliance of stated UV limit, requirement for following tanning times stated for different skin types "
SUNBEDREG_TRAINING,Training requirements,https://www.who.int/data/gho/indicator-metadata-registry/imr-details/4630,PUBLISHED,Published,,2017,2017,,EUR,Europe,,SVN,Slovenia,,STAFFCERTIFICATION,Staff certification,,Yes,,,,,,
SUNBEDREG_TRAINING,Training requirements,https://www.who.int/data/gho/indicator-metadata-registry/imr-details/4630,PUBLISHED,Published,,2017,2017,,EUR,Europe,,SVN,Slovenia,,STAFFTRAINING,Staff training,,Yes,,,,,,0.3 W/m^2
SUNBEDREG_TRAINING,Training requirements,https://www.who.int/data/gho/indicator-metadata-registry/imr-details/4630,PUBLISHED,Published,,2017,2017,,EUR,Europe,,SWE,Sweden,,STAFFCERTIFICATION,Staff certification,,No,,,,,,
SUNBEDREG_TRAINING,Training requirements,https://www.who.int/data/gho/indicator-metadata-registry/imr-details/4630,PUBLISHED,Published,,2017,2017,,EUR,Europe,,SWE,Sweden,,STAFFTRAINING,Staff training,,No,,,,,,"For the sunbeds that are available for the public (UV-type 3) the limits are:  Effective irradiance (weighted according to the erythema action spectrum)   For 250 nm < ? ? 320 nm:   < 0,15W/m^2  For 320 nm < ? ? 400 nm:   < 0,15W/m^2"
SUNBEDREG_TRAINING,Training requirements,https://www.who.int/data/gho/indicator-metadata-registry/imr-details/4630,PUBLISHED,Published,,2017,2017,,AMR,Americas,,USA,United States of America,,STAFFCERTIFICATION,Staff certification,,No,,,,,,
SUNBEDREG_TRAINING,Training requirements,https://www.who.int/data/gho/indicator-metadata-registry/imr-details/4630,PUBLISHED,Published,,2017,2017,,AMR,Americas,,USA,United States of America,,STAFFTRAINING,Staff training,,No,,,,,,
SUNBEDREG_TRAINING,Training requirements,https://www.who.int/data/gho/indicator-metadata-registry/imr-details/4630,PUBLISHED,Published,,2017,2017,,AFR,Africa,,ZAF,South Africa,,STAFFCERTIFICATION,Staff certification,,No,,,,,,
SUNBEDREG_TRAINING,Training requirements,https://www.who.int/data/gho/indicator-metadata-registry/imr-details/4630,PUBLISHED,Published,,2017,2017,,AFR,Africa,,ZAF,South Africa,,STAFFTRAINING,Staff training,,No,,,,,,
SUNBEDREG_TRAINING,Training requirements,https://www.who.int/data/gho/indicator-metadata-registry/imr-details/4630,PUBLISHED,Published,,2017,2017,,WPR,Western Pacific,,NZL,New Zealand,,STAFFCERTIFICATION,Staff certification,,No,,,,,,
SUNBEDREG_TRAINING,Training requirements,https://www.who.int/data/gho/indicator-metadata-registry/imr-details/4630,PUBLISHED,Published,,2017,2017,,WPR,Western Pacific,,NZL,New Zealand,,STAFFTRAINING,Staff training,,No,,,,,,
