GHO (CODE),GHO (DISPLAY),GHO (URL),PUBLISHSTATE (CODE),PUBLISHSTATE (DISPLAY),PUBLISHSTATE (URL),YEAR (CODE),YEAR (DISPLAY),YEAR (URL),REGION (CODE),REGION (DISPLAY),REGION (URL),COUNTRY (CODE),COUNTRY (DISPLAY),COUNTRY (URL),Display Value,Numeric,Low,High,StdErr,StdDev,Comments
TOBACCO_0000000369,Bupropion - legally sold,https://www.who.int/data/gho/indicator-metadata-registry/imr-details/1259,PUBLISHED,Published,,2010,2010,,EMR,Eastern Mediterranean,,AFG,Afghanistan,,No,,,,,,
TOBACCO_0000000369,Bupropion - legally sold,https://www.who.int/data/gho/indicator-metadata-registry/imr-details/1259,PUBLISHED,Published,,2010,2010,,EUR,Europe,,ALB,Albania,,No,,,,,,
TOBACCO_0000000369,Bupropion - legally sold,https://www.who.int/data/gho/indicator-metadata-registry/imr-details/1259,PUBLISHED,Published,,2010,2010,,AFR,Africa,,DZA,Algeria,,No,,,,,,
TOBACCO_0000000369,Bupropion - legally sold,https://www.who.int/data/gho/indicator-metadata-registry/imr-details/1259,PUBLISHED,Published,,2010,2010,,EUR,Europe,,AND,Andorra,,Yes,,,,,,
TOBACCO_0000000369,Bupropion - legally sold,https://www.who.int/data/gho/indicator-metadata-registry/imr-details/1259,PUBLISHED,Published,,2010,2010,,AFR,Africa,,AGO,Angola,,No,,,,,,
TOBACCO_0000000369,Bupropion - legally sold,https://www.who.int/data/gho/indicator-metadata-registry/imr-details/1259,PUBLISHED,Published,,2010,2010,,AMR,Americas,,ATG,Antigua and Barbuda,,Yes,,,,,,
TOBACCO_0000000369,Bupropion - legally sold,https://www.who.int/data/gho/indicator-metadata-registry/imr-details/1259,PUBLISHED,Published,,2010,2010,,AMR,Americas,,ARG,Argentina,,Yes,,,,,,
TOBACCO_0000000369,Bupropion - legally sold,https://www.who.int/data/gho/indicator-metadata-registry/imr-details/1259,PUBLISHED,Published,,2010,2010,,EUR,Europe,,ARM,Armenia,,No,,,,,,
TOBACCO_0000000369,Bupropion - legally sold,https://www.who.int/data/gho/indicator-metadata-registry/imr-details/1259,PUBLISHED,Published,,2010,2010,,WPR,Western Pacific,,AUS,Australia,,Yes,,,,,,
TOBACCO_0000000369,Bupropion - legally sold,https://www.who.int/data/gho/indicator-metadata-registry/imr-details/1259,PUBLISHED,Published,,2010,2010,,EUR,Europe,,AUT,Austria,,Yes,,,,,,
TOBACCO_0000000369,Bupropion - legally sold,https://www.who.int/data/gho/indicator-metadata-registry/imr-details/1259,PUBLISHED,Published,,2010,2010,,EUR,Europe,,AZE,Azerbaijan,,No,,,,,,
TOBACCO_0000000369,Bupropion - legally sold,https://www.who.int/data/gho/indicator-metadata-registry/imr-details/1259,PUBLISHED,Published,,2010,2010,,AMR,Americas,,BHS,Bahamas,,Yes,,,,,,
TOBACCO_0000000369,Bupropion - legally sold,https://www.who.int/data/gho/indicator-metadata-registry/imr-details/1259,PUBLISHED,Published,,2010,2010,,EMR,Eastern Mediterranean,,BHR,Bahrain,,Yes,,,,,,
TOBACCO_0000000369,Bupropion - legally sold,https://www.who.int/data/gho/indicator-metadata-registry/imr-details/1259,PUBLISHED,Published,,2010,2010,,SEAR,South-East Asia,,BGD,Bangladesh,,No,,,,,,
TOBACCO_0000000369,Bupropion - legally sold,https://www.who.int/data/gho/indicator-metadata-registry/imr-details/1259,PUBLISHED,Published,,2010,2010,,AMR,Americas,,BRB,Barbados,,No,,,,,,
TOBACCO_0000000369,Bupropion - legally sold,https://www.who.int/data/gho/indicator-metadata-registry/imr-details/1259,PUBLISHED,Published,,2010,2010,,EUR,Europe,,BLR,Belarus,,No,,,,,,
TOBACCO_0000000369,Bupropion - legally sold,https://www.who.int/data/gho/indicator-metadata-registry/imr-details/1259,PUBLISHED,Published,,2010,2010,,EUR,Europe,,BEL,Belgium,,Yes,,,,,,
TOBACCO_0000000369,Bupropion - legally sold,https://www.who.int/data/gho/indicator-metadata-registry/imr-details/1259,PUBLISHED,Published,,2010,2010,,AMR,Americas,,BLZ,Belize,,No,,,,,,
TOBACCO_0000000369,Bupropion - legally sold,https://www.who.int/data/gho/indicator-metadata-registry/imr-details/1259,PUBLISHED,Published,,2010,2010,,AFR,Africa,,BEN,Benin,,No,,,,,,
TOBACCO_0000000369,Bupropion - legally sold,https://www.who.int/data/gho/indicator-metadata-registry/imr-details/1259,PUBLISHED,Published,,2010,2010,,SEAR,South-East Asia,,BTN,Bhutan,,No,,,,,,
TOBACCO_0000000369,Bupropion - legally sold,https://www.who.int/data/gho/indicator-metadata-registry/imr-details/1259,PUBLISHED,Published,,2010,2010,,AMR,Americas,,BOL,Bolivia (Plurinational State of),,Yes,,,,,,
TOBACCO_0000000369,Bupropion - legally sold,https://www.who.int/data/gho/indicator-metadata-registry/imr-details/1259,PUBLISHED,Published,,2010,2010,,EUR,Europe,,BIH,Bosnia and Herzegovina,,Yes,,,,,,
TOBACCO_0000000369,Bupropion - legally sold,https://www.who.int/data/gho/indicator-metadata-registry/imr-details/1259,PUBLISHED,Published,,2010,2010,,AFR,Africa,,BWA,Botswana,,Yes,,,,,,
TOBACCO_0000000369,Bupropion - legally sold,https://www.who.int/data/gho/indicator-metadata-registry/imr-details/1259,PUBLISHED,Published,,2010,2010,,AMR,Americas,,BRA,Brazil,,Yes,,,,,,
TOBACCO_0000000369,Bupropion - legally sold,https://www.who.int/data/gho/indicator-metadata-registry/imr-details/1259,PUBLISHED,Published,,2010,2010,,WPR,Western Pacific,,BRN,Brunei Darussalam,,No,,,,,,
TOBACCO_0000000369,Bupropion - legally sold,https://www.who.int/data/gho/indicator-metadata-registry/imr-details/1259,PUBLISHED,Published,,2010,2010,,EUR,Europe,,BGR,Bulgaria,,No,,,,,,
TOBACCO_0000000369,Bupropion - legally sold,https://www.who.int/data/gho/indicator-metadata-registry/imr-details/1259,PUBLISHED,Published,,2010,2010,,AFR,Africa,,BFA,Burkina Faso,,No,,,,,,
TOBACCO_0000000369,Bupropion - legally sold,https://www.who.int/data/gho/indicator-metadata-registry/imr-details/1259,PUBLISHED,Published,,2010,2010,,AFR,Africa,,BDI,Burundi,,No,,,,,,
TOBACCO_0000000369,Bupropion - legally sold,https://www.who.int/data/gho/indicator-metadata-registry/imr-details/1259,PUBLISHED,Published,,2010,2010,,WPR,Western Pacific,,KHM,Cambodia,,Yes,,,,,,
TOBACCO_0000000369,Bupropion - legally sold,https://www.who.int/data/gho/indicator-metadata-registry/imr-details/1259,PUBLISHED,Published,,2010,2010,,AFR,Africa,,CMR,Cameroon,,Yes,,,,,,
TOBACCO_0000000369,Bupropion - legally sold,https://www.who.int/data/gho/indicator-metadata-registry/imr-details/1259,PUBLISHED,Published,,2010,2010,,AMR,Americas,,CAN,Canada,,Yes,,,,,,
TOBACCO_0000000369,Bupropion - legally sold,https://www.who.int/data/gho/indicator-metadata-registry/imr-details/1259,PUBLISHED,Published,,2010,2010,,AFR,Africa,,CPV,Cabo Verde,,No,,,,,,
TOBACCO_0000000369,Bupropion - legally sold,https://www.who.int/data/gho/indicator-metadata-registry/imr-details/1259,PUBLISHED,Published,,2010,2010,,AFR,Africa,,CAF,Central African Republic,,No,,,,,,
TOBACCO_0000000369,Bupropion - legally sold,https://www.who.int/data/gho/indicator-metadata-registry/imr-details/1259,PUBLISHED,Published,,2010,2010,,AFR,Africa,,TCD,Chad,,No,,,,,,
TOBACCO_0000000369,Bupropion - legally sold,https://www.who.int/data/gho/indicator-metadata-registry/imr-details/1259,PUBLISHED,Published,,2010,2010,,AMR,Americas,,CHL,Chile,,Yes,,,,,,
TOBACCO_0000000369,Bupropion - legally sold,https://www.who.int/data/gho/indicator-metadata-registry/imr-details/1259,PUBLISHED,Published,,2010,2010,,WPR,Western Pacific,,CHN,China,,Yes,,,,,,
TOBACCO_0000000369,Bupropion - legally sold,https://www.who.int/data/gho/indicator-metadata-registry/imr-details/1259,PUBLISHED,Published,,2010,2010,,AMR,Americas,,COL,Colombia,,Yes,,,,,,
TOBACCO_0000000369,Bupropion - legally sold,https://www.who.int/data/gho/indicator-metadata-registry/imr-details/1259,PUBLISHED,Published,,2010,2010,,AFR,Africa,,COM,Comoros,,No,,,,,,
TOBACCO_0000000369,Bupropion - legally sold,https://www.who.int/data/gho/indicator-metadata-registry/imr-details/1259,PUBLISHED,Published,,2010,2010,,AFR,Africa,,COG,Congo,,Yes,,,,,,
TOBACCO_0000000369,Bupropion - legally sold,https://www.who.int/data/gho/indicator-metadata-registry/imr-details/1259,PUBLISHED,Published,,2010,2010,,WPR,Western Pacific,,COK,Cook Islands,,No,,,,,,
TOBACCO_0000000369,Bupropion - legally sold,https://www.who.int/data/gho/indicator-metadata-registry/imr-details/1259,PUBLISHED,Published,,2010,2010,,AMR,Americas,,CRI,Costa Rica,,Yes,,,,,,
TOBACCO_0000000369,Bupropion - legally sold,https://www.who.int/data/gho/indicator-metadata-registry/imr-details/1259,PUBLISHED,Published,,2010,2010,,EUR,Europe,,HRV,Croatia,,Yes,,,,,,
TOBACCO_0000000369,Bupropion - legally sold,https://www.who.int/data/gho/indicator-metadata-registry/imr-details/1259,PUBLISHED,Published,,2010,2010,,AMR,Americas,,CUB,Cuba,,No,,,,,,
TOBACCO_0000000369,Bupropion - legally sold,https://www.who.int/data/gho/indicator-metadata-registry/imr-details/1259,PUBLISHED,Published,,2010,2010,,EUR,Europe,,CYP,Cyprus,,No,,,,,,
TOBACCO_0000000369,Bupropion - legally sold,https://www.who.int/data/gho/indicator-metadata-registry/imr-details/1259,PUBLISHED,Published,,2010,2010,,EUR,Europe,,CZE,Czechia,,Yes,,,,,,
TOBACCO_0000000369,Bupropion - legally sold,https://www.who.int/data/gho/indicator-metadata-registry/imr-details/1259,PUBLISHED,Published,,2010,2010,,SEAR,South-East Asia,,PRK,Democratic People's Republic of Korea,,. . .,,,,,,
TOBACCO_0000000369,Bupropion - legally sold,https://www.who.int/data/gho/indicator-metadata-registry/imr-details/1259,PUBLISHED,Published,,2010,2010,,AFR,Africa,,COD,Democratic Republic of the Congo,,Yes,,,,,,
TOBACCO_0000000369,Bupropion - legally sold,https://www.who.int/data/gho/indicator-metadata-registry/imr-details/1259,PUBLISHED,Published,,2010,2010,,EUR,Europe,,DNK,Denmark,,Yes,,,,,,
TOBACCO_0000000369,Bupropion - legally sold,https://www.who.int/data/gho/indicator-metadata-registry/imr-details/1259,PUBLISHED,Published,,2010,2010,,EMR,Eastern Mediterranean,,DJI,Djibouti,,Yes,,,,,,
TOBACCO_0000000369,Bupropion - legally sold,https://www.who.int/data/gho/indicator-metadata-registry/imr-details/1259,PUBLISHED,Published,,2010,2010,,AMR,Americas,,DMA,Dominica,,Yes,,,,,,
TOBACCO_0000000369,Bupropion - legally sold,https://www.who.int/data/gho/indicator-metadata-registry/imr-details/1259,PUBLISHED,Published,,2010,2010,,AMR,Americas,,DOM,Dominican Republic,,Yes,,,,,,
TOBACCO_0000000369,Bupropion - legally sold,https://www.who.int/data/gho/indicator-metadata-registry/imr-details/1259,PUBLISHED,Published,,2010,2010,,AMR,Americas,,ECU,Ecuador,,Yes,,,,,,
TOBACCO_0000000369,Bupropion - legally sold,https://www.who.int/data/gho/indicator-metadata-registry/imr-details/1259,PUBLISHED,Published,,2010,2010,,EMR,Eastern Mediterranean,,EGY,Egypt,,No,,,,,,
TOBACCO_0000000369,Bupropion - legally sold,https://www.who.int/data/gho/indicator-metadata-registry/imr-details/1259,PUBLISHED,Published,,2010,2010,,AMR,Americas,,SLV,El Salvador,,Yes,,,,,,
TOBACCO_0000000369,Bupropion - legally sold,https://www.who.int/data/gho/indicator-metadata-registry/imr-details/1259,PUBLISHED,Published,,2010,2010,,AFR,Africa,,GNQ,Equatorial Guinea,,No,,,,,,
TOBACCO_0000000369,Bupropion - legally sold,https://www.who.int/data/gho/indicator-metadata-registry/imr-details/1259,PUBLISHED,Published,,2010,2010,,AFR,Africa,,ERI,Eritrea,,No,,,,,,
TOBACCO_0000000369,Bupropion - legally sold,https://www.who.int/data/gho/indicator-metadata-registry/imr-details/1259,PUBLISHED,Published,,2010,2010,,EUR,Europe,,EST,Estonia,,Yes,,,,,,
TOBACCO_0000000369,Bupropion - legally sold,https://www.who.int/data/gho/indicator-metadata-registry/imr-details/1259,PUBLISHED,Published,,2010,2010,,AFR,Africa,,ETH,Ethiopia,,No,,,,,,
TOBACCO_0000000369,Bupropion - legally sold,https://www.who.int/data/gho/indicator-metadata-registry/imr-details/1259,PUBLISHED,Published,,2010,2010,,WPR,Western Pacific,,FJI,Fiji,,No,,,,,,
TOBACCO_0000000369,Bupropion - legally sold,https://www.who.int/data/gho/indicator-metadata-registry/imr-details/1259,PUBLISHED,Published,,2010,2010,,EUR,Europe,,FIN,Finland,,Yes,,,,,,
TOBACCO_0000000369,Bupropion - legally sold,https://www.who.int/data/gho/indicator-metadata-registry/imr-details/1259,PUBLISHED,Published,,2010,2010,,EUR,Europe,,FRA,France,,Yes,,,,,,
TOBACCO_0000000369,Bupropion - legally sold,https://www.who.int/data/gho/indicator-metadata-registry/imr-details/1259,PUBLISHED,Published,,2010,2010,,AFR,Africa,,GAB,Gabon,,Yes,,,,,,
TOBACCO_0000000369,Bupropion - legally sold,https://www.who.int/data/gho/indicator-metadata-registry/imr-details/1259,PUBLISHED,Published,,2010,2010,,AFR,Africa,,GMB,Gambia,,No,,,,,,
TOBACCO_0000000369,Bupropion - legally sold,https://www.who.int/data/gho/indicator-metadata-registry/imr-details/1259,PUBLISHED,Published,,2010,2010,,EUR,Europe,,GEO,Georgia,,No,,,,,,
TOBACCO_0000000369,Bupropion - legally sold,https://www.who.int/data/gho/indicator-metadata-registry/imr-details/1259,PUBLISHED,Published,,2010,2010,,EUR,Europe,,DEU,Germany,,Yes,,,,,,
TOBACCO_0000000369,Bupropion - legally sold,https://www.who.int/data/gho/indicator-metadata-registry/imr-details/1259,PUBLISHED,Published,,2010,2010,,AFR,Africa,,GHA,Ghana,,No,,,,,,
TOBACCO_0000000369,Bupropion - legally sold,https://www.who.int/data/gho/indicator-metadata-registry/imr-details/1259,PUBLISHED,Published,,2010,2010,,EUR,Europe,,GRC,Greece,,Yes,,,,,,
TOBACCO_0000000369,Bupropion - legally sold,https://www.who.int/data/gho/indicator-metadata-registry/imr-details/1259,PUBLISHED,Published,,2010,2010,,AMR,Americas,,GRD,Grenada,,Yes,,,,,,
TOBACCO_0000000369,Bupropion - legally sold,https://www.who.int/data/gho/indicator-metadata-registry/imr-details/1259,PUBLISHED,Published,,2010,2010,,AMR,Americas,,GTM,Guatemala,,Yes,,,,,,
TOBACCO_0000000369,Bupropion - legally sold,https://www.who.int/data/gho/indicator-metadata-registry/imr-details/1259,PUBLISHED,Published,,2010,2010,,AFR,Africa,,GIN,Guinea,,Yes,,,,,,
TOBACCO_0000000369,Bupropion - legally sold,https://www.who.int/data/gho/indicator-metadata-registry/imr-details/1259,PUBLISHED,Published,,2010,2010,,AFR,Africa,,GNB,Guinea-Bissau,,No,,,,,,
TOBACCO_0000000369,Bupropion - legally sold,https://www.who.int/data/gho/indicator-metadata-registry/imr-details/1259,PUBLISHED,Published,,2010,2010,,AMR,Americas,,GUY,Guyana,,Yes,,,,,,
TOBACCO_0000000369,Bupropion - legally sold,https://www.who.int/data/gho/indicator-metadata-registry/imr-details/1259,PUBLISHED,Published,,2010,2010,,AMR,Americas,,HTI,Haiti,,No,,,,,,
TOBACCO_0000000369,Bupropion - legally sold,https://www.who.int/data/gho/indicator-metadata-registry/imr-details/1259,PUBLISHED,Published,,2010,2010,,AMR,Americas,,HND,Honduras,,Yes,,,,,,
TOBACCO_0000000369,Bupropion - legally sold,https://www.who.int/data/gho/indicator-metadata-registry/imr-details/1259,PUBLISHED,Published,,2010,2010,,EUR,Europe,,HUN,Hungary,,No,,,,,,
TOBACCO_0000000369,Bupropion - legally sold,https://www.who.int/data/gho/indicator-metadata-registry/imr-details/1259,PUBLISHED,Published,,2010,2010,,EUR,Europe,,ISL,Iceland,,Yes,,,,,,
TOBACCO_0000000369,Bupropion - legally sold,https://www.who.int/data/gho/indicator-metadata-registry/imr-details/1259,PUBLISHED,Published,,2010,2010,,SEAR,South-East Asia,,IND,India,,Yes,,,,,,
TOBACCO_0000000369,Bupropion - legally sold,https://www.who.int/data/gho/indicator-metadata-registry/imr-details/1259,PUBLISHED,Published,,2010,2010,,SEAR,South-East Asia,,IDN,Indonesia,,No,,,,,,
TOBACCO_0000000369,Bupropion - legally sold,https://www.who.int/data/gho/indicator-metadata-registry/imr-details/1259,PUBLISHED,Published,,2010,2010,,EMR,Eastern Mediterranean,,IRN,Iran (Islamic Republic of),,Yes,,,,,,
TOBACCO_0000000369,Bupropion - legally sold,https://www.who.int/data/gho/indicator-metadata-registry/imr-details/1259,PUBLISHED,Published,,2010,2010,,EMR,Eastern Mediterranean,,IRQ,Iraq,,No,,,,,,
TOBACCO_0000000369,Bupropion - legally sold,https://www.who.int/data/gho/indicator-metadata-registry/imr-details/1259,PUBLISHED,Published,,2010,2010,,EUR,Europe,,IRL,Ireland,,Yes,,,,,,
TOBACCO_0000000369,Bupropion - legally sold,https://www.who.int/data/gho/indicator-metadata-registry/imr-details/1259,PUBLISHED,Published,,2010,2010,,EUR,Europe,,ISR,Israel,,Yes,,,,,,
TOBACCO_0000000369,Bupropion - legally sold,https://www.who.int/data/gho/indicator-metadata-registry/imr-details/1259,PUBLISHED,Published,,2010,2010,,EUR,Europe,,ITA,Italy,,Yes,,,,,,
TOBACCO_0000000369,Bupropion - legally sold,https://www.who.int/data/gho/indicator-metadata-registry/imr-details/1259,PUBLISHED,Published,,2010,2010,,AMR,Americas,,JAM,Jamaica,,Yes,,,,,,
TOBACCO_0000000369,Bupropion - legally sold,https://www.who.int/data/gho/indicator-metadata-registry/imr-details/1259,PUBLISHED,Published,,2010,2010,,WPR,Western Pacific,,JPN,Japan,,No,,,,,,
TOBACCO_0000000369,Bupropion - legally sold,https://www.who.int/data/gho/indicator-metadata-registry/imr-details/1259,PUBLISHED,Published,,2010,2010,,EMR,Eastern Mediterranean,,JOR,Jordan,,No,,,,,,
TOBACCO_0000000369,Bupropion - legally sold,https://www.who.int/data/gho/indicator-metadata-registry/imr-details/1259,PUBLISHED,Published,,2010,2010,,EUR,Europe,,KAZ,Kazakhstan,,Yes,,,,,,
TOBACCO_0000000369,Bupropion - legally sold,https://www.who.int/data/gho/indicator-metadata-registry/imr-details/1259,PUBLISHED,Published,,2010,2010,,AFR,Africa,,KEN,Kenya,,Yes,,,,,,
TOBACCO_0000000369,Bupropion - legally sold,https://www.who.int/data/gho/indicator-metadata-registry/imr-details/1259,PUBLISHED,Published,,2010,2010,,WPR,Western Pacific,,KIR,Kiribati,,. . .,,,,,,
TOBACCO_0000000369,Bupropion - legally sold,https://www.who.int/data/gho/indicator-metadata-registry/imr-details/1259,PUBLISHED,Published,,2010,2010,,EMR,Eastern Mediterranean,,KWT,Kuwait,,No,,,,,,
TOBACCO_0000000369,Bupropion - legally sold,https://www.who.int/data/gho/indicator-metadata-registry/imr-details/1259,PUBLISHED,Published,,2010,2010,,EUR,Europe,,KGZ,Kyrgyzstan,,No,,,,,,
TOBACCO_0000000369,Bupropion - legally sold,https://www.who.int/data/gho/indicator-metadata-registry/imr-details/1259,PUBLISHED,Published,,2010,2010,,WPR,Western Pacific,,LAO,Lao People's Democratic Republic,,No,,,,,,
TOBACCO_0000000369,Bupropion - legally sold,https://www.who.int/data/gho/indicator-metadata-registry/imr-details/1259,PUBLISHED,Published,,2010,2010,,EUR,Europe,,LVA,Latvia,,Yes,,,,,,
TOBACCO_0000000369,Bupropion - legally sold,https://www.who.int/data/gho/indicator-metadata-registry/imr-details/1259,PUBLISHED,Published,,2010,2010,,EMR,Eastern Mediterranean,,LBN,Lebanon,,Yes,,,,,,
TOBACCO_0000000369,Bupropion - legally sold,https://www.who.int/data/gho/indicator-metadata-registry/imr-details/1259,PUBLISHED,Published,,2010,2010,,AFR,Africa,,LSO,Lesotho,,No,,,,,,
TOBACCO_0000000369,Bupropion - legally sold,https://www.who.int/data/gho/indicator-metadata-registry/imr-details/1259,PUBLISHED,Published,,2010,2010,,AFR,Africa,,LBR,Liberia,,No,,,,,,
TOBACCO_0000000369,Bupropion - legally sold,https://www.who.int/data/gho/indicator-metadata-registry/imr-details/1259,PUBLISHED,Published,,2010,2010,,EMR,Eastern Mediterranean,,LBY,Libya,,Yes,,,,,,
TOBACCO_0000000369,Bupropion - legally sold,https://www.who.int/data/gho/indicator-metadata-registry/imr-details/1259,PUBLISHED,Published,,2010,2010,,EUR,Europe,,LTU,Lithuania,,Yes,,,,,,
TOBACCO_0000000369,Bupropion - legally sold,https://www.who.int/data/gho/indicator-metadata-registry/imr-details/1259,PUBLISHED,Published,,2010,2010,,EUR,Europe,,LUX,Luxembourg,,Yes,,,,,,
TOBACCO_0000000369,Bupropion - legally sold,https://www.who.int/data/gho/indicator-metadata-registry/imr-details/1259,PUBLISHED,Published,,2010,2010,,AFR,Africa,,MDG,Madagascar,,No,,,,,,
TOBACCO_0000000369,Bupropion - legally sold,https://www.who.int/data/gho/indicator-metadata-registry/imr-details/1259,PUBLISHED,Published,,2010,2010,,AFR,Africa,,MWI,Malawi,,No,,,,,,
TOBACCO_0000000369,Bupropion - legally sold,https://www.who.int/data/gho/indicator-metadata-registry/imr-details/1259,PUBLISHED,Published,,2010,2010,,WPR,Western Pacific,,MYS,Malaysia,,Yes,,,,,,
TOBACCO_0000000369,Bupropion - legally sold,https://www.who.int/data/gho/indicator-metadata-registry/imr-details/1259,PUBLISHED,Published,,2010,2010,,SEAR,South-East Asia,,MDV,Maldives,,No,,,,,,
TOBACCO_0000000369,Bupropion - legally sold,https://www.who.int/data/gho/indicator-metadata-registry/imr-details/1259,PUBLISHED,Published,,2010,2010,,AFR,Africa,,MLI,Mali,,No,,,,,,
TOBACCO_0000000369,Bupropion - legally sold,https://www.who.int/data/gho/indicator-metadata-registry/imr-details/1259,PUBLISHED,Published,,2010,2010,,EUR,Europe,,MLT,Malta,,Yes,,,,,,
TOBACCO_0000000369,Bupropion - legally sold,https://www.who.int/data/gho/indicator-metadata-registry/imr-details/1259,PUBLISHED,Published,,2010,2010,,WPR,Western Pacific,,MHL,Marshall Islands,,Yes,,,,,,
TOBACCO_0000000369,Bupropion - legally sold,https://www.who.int/data/gho/indicator-metadata-registry/imr-details/1259,PUBLISHED,Published,,2010,2010,,AFR,Africa,,MRT,Mauritania,,No,,,,,,
TOBACCO_0000000369,Bupropion - legally sold,https://www.who.int/data/gho/indicator-metadata-registry/imr-details/1259,PUBLISHED,Published,,2010,2010,,AFR,Africa,,MUS,Mauritius,,No,,,,,,
TOBACCO_0000000369,Bupropion - legally sold,https://www.who.int/data/gho/indicator-metadata-registry/imr-details/1259,PUBLISHED,Published,,2010,2010,,AMR,Americas,,MEX,Mexico,,Yes,,,,,,
TOBACCO_0000000369,Bupropion - legally sold,https://www.who.int/data/gho/indicator-metadata-registry/imr-details/1259,PUBLISHED,Published,,2010,2010,,WPR,Western Pacific,,FSM,Micronesia (Federated States of),,Yes,,,,,,
TOBACCO_0000000369,Bupropion - legally sold,https://www.who.int/data/gho/indicator-metadata-registry/imr-details/1259,PUBLISHED,Published,,2010,2010,,EUR,Europe,,MCO,Monaco,,Yes,,,,,,
TOBACCO_0000000369,Bupropion - legally sold,https://www.who.int/data/gho/indicator-metadata-registry/imr-details/1259,PUBLISHED,Published,,2010,2010,,WPR,Western Pacific,,MNG,Mongolia,,No,,,,,,
TOBACCO_0000000369,Bupropion - legally sold,https://www.who.int/data/gho/indicator-metadata-registry/imr-details/1259,PUBLISHED,Published,,2010,2010,,EMR,Eastern Mediterranean,,MAR,Morocco,,Yes,,,,,,
TOBACCO_0000000369,Bupropion - legally sold,https://www.who.int/data/gho/indicator-metadata-registry/imr-details/1259,PUBLISHED,Published,,2010,2010,,AFR,Africa,,MOZ,Mozambique,,No,,,,,,
TOBACCO_0000000369,Bupropion - legally sold,https://www.who.int/data/gho/indicator-metadata-registry/imr-details/1259,PUBLISHED,Published,,2010,2010,,SEAR,South-East Asia,,MMR,Myanmar,,Yes,,,,,,
TOBACCO_0000000369,Bupropion - legally sold,https://www.who.int/data/gho/indicator-metadata-registry/imr-details/1259,PUBLISHED,Published,,2010,2010,,AFR,Africa,,NAM,Namibia,,Yes,,,,,,
TOBACCO_0000000369,Bupropion - legally sold,https://www.who.int/data/gho/indicator-metadata-registry/imr-details/1259,PUBLISHED,Published,,2010,2010,,WPR,Western Pacific,,NRU,Nauru,,No,,,,,,
TOBACCO_0000000369,Bupropion - legally sold,https://www.who.int/data/gho/indicator-metadata-registry/imr-details/1259,PUBLISHED,Published,,2010,2010,,SEAR,South-East Asia,,NPL,Nepal,,No,,,,,,
TOBACCO_0000000369,Bupropion - legally sold,https://www.who.int/data/gho/indicator-metadata-registry/imr-details/1259,PUBLISHED,Published,,2010,2010,,EUR,Europe,,NLD,Netherlands,,Yes,,,,,,
TOBACCO_0000000369,Bupropion - legally sold,https://www.who.int/data/gho/indicator-metadata-registry/imr-details/1259,PUBLISHED,Published,,2010,2010,,WPR,Western Pacific,,NZL,New Zealand,,Yes,,,,,,
TOBACCO_0000000369,Bupropion - legally sold,https://www.who.int/data/gho/indicator-metadata-registry/imr-details/1259,PUBLISHED,Published,,2010,2010,,AMR,Americas,,NIC,Nicaragua,,No,,,,,,
TOBACCO_0000000369,Bupropion - legally sold,https://www.who.int/data/gho/indicator-metadata-registry/imr-details/1259,PUBLISHED,Published,,2010,2010,,AFR,Africa,,NER,Niger,,No,,,,,,
TOBACCO_0000000369,Bupropion - legally sold,https://www.who.int/data/gho/indicator-metadata-registry/imr-details/1259,PUBLISHED,Published,,2010,2010,,AFR,Africa,,NGA,Nigeria,,Yes,,,,,,
TOBACCO_0000000369,Bupropion - legally sold,https://www.who.int/data/gho/indicator-metadata-registry/imr-details/1259,PUBLISHED,Published,,2010,2010,,WPR,Western Pacific,,NIU,Niue,,No,,,,,,
TOBACCO_0000000369,Bupropion - legally sold,https://www.who.int/data/gho/indicator-metadata-registry/imr-details/1259,PUBLISHED,Published,,2010,2010,,EUR,Europe,,NOR,Norway,,Yes,,,,,,
TOBACCO_0000000369,Bupropion - legally sold,https://www.who.int/data/gho/indicator-metadata-registry/imr-details/1259,PUBLISHED,Published,,2010,2010,,EMR,Eastern Mediterranean,,OMN,Oman,,No,,,,,,
TOBACCO_0000000369,Bupropion - legally sold,https://www.who.int/data/gho/indicator-metadata-registry/imr-details/1259,PUBLISHED,Published,,2010,2010,,EMR,Eastern Mediterranean,,PAK,Pakistan,,Yes,,,,,,
TOBACCO_0000000369,Bupropion - legally sold,https://www.who.int/data/gho/indicator-metadata-registry/imr-details/1259,PUBLISHED,Published,,2010,2010,,WPR,Western Pacific,,PLW,Palau,,Yes,,,,,,
TOBACCO_0000000369,Bupropion - legally sold,https://www.who.int/data/gho/indicator-metadata-registry/imr-details/1259,PUBLISHED,Published,,2010,2010,,AMR,Americas,,PAN,Panama,,Yes,,,,,,
TOBACCO_0000000369,Bupropion - legally sold,https://www.who.int/data/gho/indicator-metadata-registry/imr-details/1259,PUBLISHED,Published,,2010,2010,,WPR,Western Pacific,,PNG,Papua New Guinea,,. . .,,,,,,
TOBACCO_0000000369,Bupropion - legally sold,https://www.who.int/data/gho/indicator-metadata-registry/imr-details/1259,PUBLISHED,Published,,2010,2010,,AMR,Americas,,PRY,Paraguay,,Yes,,,,,,
TOBACCO_0000000369,Bupropion - legally sold,https://www.who.int/data/gho/indicator-metadata-registry/imr-details/1259,PUBLISHED,Published,,2010,2010,,AMR,Americas,,PER,Peru,,Yes,,,,,,
TOBACCO_0000000369,Bupropion - legally sold,https://www.who.int/data/gho/indicator-metadata-registry/imr-details/1259,PUBLISHED,Published,,2010,2010,,WPR,Western Pacific,,PHL,Philippines,,No,,,,,,
TOBACCO_0000000369,Bupropion - legally sold,https://www.who.int/data/gho/indicator-metadata-registry/imr-details/1259,PUBLISHED,Published,,2010,2010,,EUR,Europe,,POL,Poland,,Yes,,,,,,
TOBACCO_0000000369,Bupropion - legally sold,https://www.who.int/data/gho/indicator-metadata-registry/imr-details/1259,PUBLISHED,Published,,2010,2010,,EUR,Europe,,PRT,Portugal,,Yes,,,,,,
TOBACCO_0000000369,Bupropion - legally sold,https://www.who.int/data/gho/indicator-metadata-registry/imr-details/1259,PUBLISHED,Published,,2010,2010,,EMR,Eastern Mediterranean,,QAT,Qatar,,No,,,,,,
TOBACCO_0000000369,Bupropion - legally sold,https://www.who.int/data/gho/indicator-metadata-registry/imr-details/1259,PUBLISHED,Published,,2010,2010,,WPR,Western Pacific,,KOR,Republic of Korea,,Yes,,,,,,
TOBACCO_0000000369,Bupropion - legally sold,https://www.who.int/data/gho/indicator-metadata-registry/imr-details/1259,PUBLISHED,Published,,2010,2010,,EUR,Europe,,MDA,Republic of Moldova,,No,,,,,,
TOBACCO_0000000369,Bupropion - legally sold,https://www.who.int/data/gho/indicator-metadata-registry/imr-details/1259,PUBLISHED,Published,,2010,2010,,EUR,Europe,,ROU,Romania,,Yes,,,,,,
TOBACCO_0000000369,Bupropion - legally sold,https://www.who.int/data/gho/indicator-metadata-registry/imr-details/1259,PUBLISHED,Published,,2010,2010,,EUR,Europe,,RUS,Russian Federation,,No,,,,,,
TOBACCO_0000000369,Bupropion - legally sold,https://www.who.int/data/gho/indicator-metadata-registry/imr-details/1259,PUBLISHED,Published,,2010,2010,,AFR,Africa,,RWA,Rwanda,,No,,,,,,
TOBACCO_0000000369,Bupropion - legally sold,https://www.who.int/data/gho/indicator-metadata-registry/imr-details/1259,PUBLISHED,Published,,2010,2010,,AMR,Americas,,KNA,Saint Kitts and Nevis,,. . .,,,,,,
TOBACCO_0000000369,Bupropion - legally sold,https://www.who.int/data/gho/indicator-metadata-registry/imr-details/1259,PUBLISHED,Published,,2010,2010,,AMR,Americas,,LCA,Saint Lucia,,. . .,,,,,,
TOBACCO_0000000369,Bupropion - legally sold,https://www.who.int/data/gho/indicator-metadata-registry/imr-details/1259,PUBLISHED,Published,,2010,2010,,AMR,Americas,,VCT,Saint Vincent and the Grenadines,,No,,,,,,
TOBACCO_0000000369,Bupropion - legally sold,https://www.who.int/data/gho/indicator-metadata-registry/imr-details/1259,PUBLISHED,Published,,2010,2010,,WPR,Western Pacific,,WSM,Samoa,,No,,,,,,
TOBACCO_0000000369,Bupropion - legally sold,https://www.who.int/data/gho/indicator-metadata-registry/imr-details/1259,PUBLISHED,Published,,2010,2010,,EUR,Europe,,SMR,San Marino,,. . .,,,,,,
TOBACCO_0000000369,Bupropion - legally sold,https://www.who.int/data/gho/indicator-metadata-registry/imr-details/1259,PUBLISHED,Published,,2010,2010,,AFR,Africa,,STP,Sao Tome and Principe,,No,,,,,,
TOBACCO_0000000369,Bupropion - legally sold,https://www.who.int/data/gho/indicator-metadata-registry/imr-details/1259,PUBLISHED,Published,,2010,2010,,EMR,Eastern Mediterranean,,SAU,Saudi Arabia,,No,,,,,,
TOBACCO_0000000369,Bupropion - legally sold,https://www.who.int/data/gho/indicator-metadata-registry/imr-details/1259,PUBLISHED,Published,,2010,2010,,AFR,Africa,,SEN,Senegal,,Yes,,,,,,
TOBACCO_0000000369,Bupropion - legally sold,https://www.who.int/data/gho/indicator-metadata-registry/imr-details/1259,PUBLISHED,Published,,2010,2010,,EUR,Europe,,SRB,Serbia,,Yes,,,,,,
TOBACCO_0000000369,Bupropion - legally sold,https://www.who.int/data/gho/indicator-metadata-registry/imr-details/1259,PUBLISHED,Published,,2010,2010,,AFR,Africa,,SYC,Seychelles,,Yes,,,,,,
TOBACCO_0000000369,Bupropion - legally sold,https://www.who.int/data/gho/indicator-metadata-registry/imr-details/1259,PUBLISHED,Published,,2010,2010,,AFR,Africa,,SLE,Sierra Leone,,No,,,,,,
TOBACCO_0000000369,Bupropion - legally sold,https://www.who.int/data/gho/indicator-metadata-registry/imr-details/1259,PUBLISHED,Published,,2010,2010,,WPR,Western Pacific,,SGP,Singapore,,Yes,,,,,,
TOBACCO_0000000369,Bupropion - legally sold,https://www.who.int/data/gho/indicator-metadata-registry/imr-details/1259,PUBLISHED,Published,,2010,2010,,EUR,Europe,,SVK,Slovakia,,Yes,,,,,,
TOBACCO_0000000369,Bupropion - legally sold,https://www.who.int/data/gho/indicator-metadata-registry/imr-details/1259,PUBLISHED,Published,,2010,2010,,EUR,Europe,,SVN,Slovenia,,Yes,,,,,,
TOBACCO_0000000369,Bupropion - legally sold,https://www.who.int/data/gho/indicator-metadata-registry/imr-details/1259,PUBLISHED,Published,,2010,2010,,WPR,Western Pacific,,SLB,Solomon Islands,,No,,,,,,
TOBACCO_0000000369,Bupropion - legally sold,https://www.who.int/data/gho/indicator-metadata-registry/imr-details/1259,PUBLISHED,Published,,2010,2010,,EMR,Eastern Mediterranean,,SOM,Somalia,,No,,,,,,
TOBACCO_0000000369,Bupropion - legally sold,https://www.who.int/data/gho/indicator-metadata-registry/imr-details/1259,PUBLISHED,Published,,2010,2010,,AFR,Africa,,ZAF,South Africa,,Yes,,,,,,
TOBACCO_0000000369,Bupropion - legally sold,https://www.who.int/data/gho/indicator-metadata-registry/imr-details/1259,PUBLISHED,Published,,2010,2010,,EUR,Europe,,ESP,Spain,,Yes,,,,,,
TOBACCO_0000000369,Bupropion - legally sold,https://www.who.int/data/gho/indicator-metadata-registry/imr-details/1259,PUBLISHED,Published,,2010,2010,,SEAR,South-East Asia,,LKA,Sri Lanka,,Yes,,,,,,
TOBACCO_0000000369,Bupropion - legally sold,https://www.who.int/data/gho/indicator-metadata-registry/imr-details/1259,PUBLISHED,Published,,2010,2010,,EMR,Eastern Mediterranean,,SDN,Sudan,,No,,,,,,
TOBACCO_0000000369,Bupropion - legally sold,https://www.who.int/data/gho/indicator-metadata-registry/imr-details/1259,PUBLISHED,Published,,2010,2010,,AMR,Americas,,SUR,Suriname,,No,,,,,,
TOBACCO_0000000369,Bupropion - legally sold,https://www.who.int/data/gho/indicator-metadata-registry/imr-details/1259,PUBLISHED,Published,,2010,2010,,AFR,Africa,,SWZ,Eswatini,,Yes,,,,,,
TOBACCO_0000000369,Bupropion - legally sold,https://www.who.int/data/gho/indicator-metadata-registry/imr-details/1259,PUBLISHED,Published,,2010,2010,,EUR,Europe,,SWE,Sweden,,Yes,,,,,,
TOBACCO_0000000369,Bupropion - legally sold,https://www.who.int/data/gho/indicator-metadata-registry/imr-details/1259,PUBLISHED,Published,,2010,2010,,EUR,Europe,,CHE,Switzerland,,Yes,,,,,,
TOBACCO_0000000369,Bupropion - legally sold,https://www.who.int/data/gho/indicator-metadata-registry/imr-details/1259,PUBLISHED,Published,,2010,2010,,EMR,Eastern Mediterranean,,SYR,Syrian Arab Republic,,No,,,,,,
TOBACCO_0000000369,Bupropion - legally sold,https://www.who.int/data/gho/indicator-metadata-registry/imr-details/1259,PUBLISHED,Published,,2010,2010,,EUR,Europe,,TJK,Tajikistan,,. . .,,,,,,
TOBACCO_0000000369,Bupropion - legally sold,https://www.who.int/data/gho/indicator-metadata-registry/imr-details/1259,PUBLISHED,Published,,2010,2010,,SEAR,South-East Asia,,THA,Thailand,,Yes,,,,,,
TOBACCO_0000000369,Bupropion - legally sold,https://www.who.int/data/gho/indicator-metadata-registry/imr-details/1259,PUBLISHED,Published,,2010,2010,,EUR,Europe,,MKD,Republic of North Macedonia,,No,,,,,,
TOBACCO_0000000369,Bupropion - legally sold,https://www.who.int/data/gho/indicator-metadata-registry/imr-details/1259,PUBLISHED,Published,,2010,2010,,SEAR,South-East Asia,,TLS,Timor-Leste,,No,,,,,,
TOBACCO_0000000369,Bupropion - legally sold,https://www.who.int/data/gho/indicator-metadata-registry/imr-details/1259,PUBLISHED,Published,,2010,2010,,AFR,Africa,,TGO,Togo,,No,,,,,,
TOBACCO_0000000369,Bupropion - legally sold,https://www.who.int/data/gho/indicator-metadata-registry/imr-details/1259,PUBLISHED,Published,,2010,2010,,WPR,Western Pacific,,TON,Tonga,,Yes,,,,,,
TOBACCO_0000000369,Bupropion - legally sold,https://www.who.int/data/gho/indicator-metadata-registry/imr-details/1259,PUBLISHED,Published,,2010,2010,,AMR,Americas,,TTO,Trinidad and Tobago,,Yes,,,,,,
TOBACCO_0000000369,Bupropion - legally sold,https://www.who.int/data/gho/indicator-metadata-registry/imr-details/1259,PUBLISHED,Published,,2010,2010,,EMR,Eastern Mediterranean,,TUN,Tunisia,,No,,,,,,
TOBACCO_0000000369,Bupropion - legally sold,https://www.who.int/data/gho/indicator-metadata-registry/imr-details/1259,PUBLISHED,Published,,2010,2010,,EUR,Europe,,TUR,Turkey,,Yes,,,,,,
TOBACCO_0000000369,Bupropion - legally sold,https://www.who.int/data/gho/indicator-metadata-registry/imr-details/1259,PUBLISHED,Published,,2010,2010,,EUR,Europe,,TKM,Turkmenistan,,. . .,,,,,,
TOBACCO_0000000369,Bupropion - legally sold,https://www.who.int/data/gho/indicator-metadata-registry/imr-details/1259,PUBLISHED,Published,,2010,2010,,WPR,Western Pacific,,TUV,Tuvalu,,No,,,,,,
TOBACCO_0000000369,Bupropion - legally sold,https://www.who.int/data/gho/indicator-metadata-registry/imr-details/1259,PUBLISHED,Published,,2010,2010,,AFR,Africa,,UGA,Uganda,,No,,,,,,
TOBACCO_0000000369,Bupropion - legally sold,https://www.who.int/data/gho/indicator-metadata-registry/imr-details/1259,PUBLISHED,Published,,2010,2010,,EUR,Europe,,UKR,Ukraine,,Yes,,,,,,
TOBACCO_0000000369,Bupropion - legally sold,https://www.who.int/data/gho/indicator-metadata-registry/imr-details/1259,PUBLISHED,Published,,2010,2010,,EMR,Eastern Mediterranean,,ARE,United Arab Emirates,,Yes,,,,,,
TOBACCO_0000000369,Bupropion - legally sold,https://www.who.int/data/gho/indicator-metadata-registry/imr-details/1259,PUBLISHED,Published,,2010,2010,,EUR,Europe,,GBR,United Kingdom of Great Britain and Northern Ireland,,Yes,,,,,,
TOBACCO_0000000369,Bupropion - legally sold,https://www.who.int/data/gho/indicator-metadata-registry/imr-details/1259,PUBLISHED,Published,,2010,2010,,AFR,Africa,,TZA,United Republic of Tanzania,,No,,,,,,
TOBACCO_0000000369,Bupropion - legally sold,https://www.who.int/data/gho/indicator-metadata-registry/imr-details/1259,PUBLISHED,Published,,2010,2010,,AMR,Americas,,USA,United States of America,,Yes,,,,,,
TOBACCO_0000000369,Bupropion - legally sold,https://www.who.int/data/gho/indicator-metadata-registry/imr-details/1259,PUBLISHED,Published,,2010,2010,,AMR,Americas,,URY,Uruguay,,Yes,,,,,,
TOBACCO_0000000369,Bupropion - legally sold,https://www.who.int/data/gho/indicator-metadata-registry/imr-details/1259,PUBLISHED,Published,,2010,2010,,EUR,Europe,,UZB,Uzbekistan,,Yes,,,,,,
TOBACCO_0000000369,Bupropion - legally sold,https://www.who.int/data/gho/indicator-metadata-registry/imr-details/1259,PUBLISHED,Published,,2010,2010,,WPR,Western Pacific,,VUT,Vanuatu,,Yes,,,,,,
TOBACCO_0000000369,Bupropion - legally sold,https://www.who.int/data/gho/indicator-metadata-registry/imr-details/1259,PUBLISHED,Published,,2010,2010,,AMR,Americas,,VEN,Venezuela (Bolivarian Republic of),,Yes,,,,,,
TOBACCO_0000000369,Bupropion - legally sold,https://www.who.int/data/gho/indicator-metadata-registry/imr-details/1259,PUBLISHED,Published,,2010,2010,,WPR,Western Pacific,,VNM,Viet Nam,,Yes,,,,,,
TOBACCO_0000000369,Bupropion - legally sold,https://www.who.int/data/gho/indicator-metadata-registry/imr-details/1259,PUBLISHED,Published,,2010,2010,,EMR,Eastern Mediterranean,,YEM,Yemen,,No,,,,,,
TOBACCO_0000000369,Bupropion - legally sold,https://www.who.int/data/gho/indicator-metadata-registry/imr-details/1259,PUBLISHED,Published,,2010,2010,,AFR,Africa,,ZMB,Zambia,,Yes,,,,,,
TOBACCO_0000000369,Bupropion - legally sold,https://www.who.int/data/gho/indicator-metadata-registry/imr-details/1259,PUBLISHED,Published,,2010,2010,,AFR,Africa,,ZWE,Zimbabwe,,Yes,,,,,,
TOBACCO_0000000369,Bupropion - legally sold,https://www.who.int/data/gho/indicator-metadata-registry/imr-details/1259,PUBLISHED,Published,,2010,2010,,EUR,Europe,,MNE,Montenegro,,. . .,,,,,,
TOBACCO_0000000369,Bupropion - legally sold,https://www.who.int/data/gho/indicator-metadata-registry/imr-details/1259,PUBLISHED,Published,,2010,2010,,AFR,Africa,,CIV,Côte d'Ivoire,,Yes,,,,,,
TOBACCO_0000000369,Bupropion - legally sold,https://www.who.int/data/gho/indicator-metadata-registry/imr-details/1259,PUBLISHED,Published,,2008,2008,,EMR,Eastern Mediterranean,,AFG,Afghanistan,,No,,,,,,
TOBACCO_0000000369,Bupropion - legally sold,https://www.who.int/data/gho/indicator-metadata-registry/imr-details/1259,PUBLISHED,Published,,2008,2008,,EUR,Europe,,ALB,Albania,,No,,,,,,
TOBACCO_0000000369,Bupropion - legally sold,https://www.who.int/data/gho/indicator-metadata-registry/imr-details/1259,PUBLISHED,Published,,2008,2008,,AFR,Africa,,DZA,Algeria,,No,,,,,,
TOBACCO_0000000369,Bupropion - legally sold,https://www.who.int/data/gho/indicator-metadata-registry/imr-details/1259,PUBLISHED,Published,,2008,2008,,EUR,Europe,,AND,Andorra,,Yes,,,,,,
TOBACCO_0000000369,Bupropion - legally sold,https://www.who.int/data/gho/indicator-metadata-registry/imr-details/1259,PUBLISHED,Published,,2008,2008,,AFR,Africa,,AGO,Angola,,No,,,,,,
TOBACCO_0000000369,Bupropion - legally sold,https://www.who.int/data/gho/indicator-metadata-registry/imr-details/1259,PUBLISHED,Published,,2008,2008,,AMR,Americas,,ATG,Antigua and Barbuda,,Yes,,,,,,
TOBACCO_0000000369,Bupropion - legally sold,https://www.who.int/data/gho/indicator-metadata-registry/imr-details/1259,PUBLISHED,Published,,2008,2008,,AMR,Americas,,ARG,Argentina,,Yes,,,,,,
TOBACCO_0000000369,Bupropion - legally sold,https://www.who.int/data/gho/indicator-metadata-registry/imr-details/1259,PUBLISHED,Published,,2008,2008,,EUR,Europe,,ARM,Armenia,,Yes,,,,,,
TOBACCO_0000000369,Bupropion - legally sold,https://www.who.int/data/gho/indicator-metadata-registry/imr-details/1259,PUBLISHED,Published,,2008,2008,,WPR,Western Pacific,,AUS,Australia,,Yes,,,,,,
TOBACCO_0000000369,Bupropion - legally sold,https://www.who.int/data/gho/indicator-metadata-registry/imr-details/1259,PUBLISHED,Published,,2008,2008,,EUR,Europe,,AUT,Austria,,Yes,,,,,,
TOBACCO_0000000369,Bupropion - legally sold,https://www.who.int/data/gho/indicator-metadata-registry/imr-details/1259,PUBLISHED,Published,,2008,2008,,EUR,Europe,,AZE,Azerbaijan,,No,,,,,,
TOBACCO_0000000369,Bupropion - legally sold,https://www.who.int/data/gho/indicator-metadata-registry/imr-details/1259,PUBLISHED,Published,,2008,2008,,AMR,Americas,,BHS,Bahamas,,Yes,,,,,,
TOBACCO_0000000369,Bupropion - legally sold,https://www.who.int/data/gho/indicator-metadata-registry/imr-details/1259,PUBLISHED,Published,,2008,2008,,EMR,Eastern Mediterranean,,BHR,Bahrain,,Yes,,,,,,
TOBACCO_0000000369,Bupropion - legally sold,https://www.who.int/data/gho/indicator-metadata-registry/imr-details/1259,PUBLISHED,Published,,2008,2008,,SEAR,South-East Asia,,BGD,Bangladesh,,No,,,,,,
TOBACCO_0000000369,Bupropion - legally sold,https://www.who.int/data/gho/indicator-metadata-registry/imr-details/1259,PUBLISHED,Published,,2008,2008,,AMR,Americas,,BRB,Barbados,,No,,,,,,
TOBACCO_0000000369,Bupropion - legally sold,https://www.who.int/data/gho/indicator-metadata-registry/imr-details/1259,PUBLISHED,Published,,2008,2008,,EUR,Europe,,BLR,Belarus,,No,,,,,,
TOBACCO_0000000369,Bupropion - legally sold,https://www.who.int/data/gho/indicator-metadata-registry/imr-details/1259,PUBLISHED,Published,,2008,2008,,EUR,Europe,,BEL,Belgium,,Yes,,,,,,
TOBACCO_0000000369,Bupropion - legally sold,https://www.who.int/data/gho/indicator-metadata-registry/imr-details/1259,PUBLISHED,Published,,2008,2008,,AMR,Americas,,BLZ,Belize,,No,,,,,,
TOBACCO_0000000369,Bupropion - legally sold,https://www.who.int/data/gho/indicator-metadata-registry/imr-details/1259,PUBLISHED,Published,,2008,2008,,AFR,Africa,,BEN,Benin,,No,,,,,,
TOBACCO_0000000369,Bupropion - legally sold,https://www.who.int/data/gho/indicator-metadata-registry/imr-details/1259,PUBLISHED,Published,,2008,2008,,SEAR,South-East Asia,,BTN,Bhutan,,No,,,,,,
TOBACCO_0000000369,Bupropion - legally sold,https://www.who.int/data/gho/indicator-metadata-registry/imr-details/1259,PUBLISHED,Published,,2008,2008,,AMR,Americas,,BOL,Bolivia (Plurinational State of),,Yes,,,,,,
TOBACCO_0000000369,Bupropion - legally sold,https://www.who.int/data/gho/indicator-metadata-registry/imr-details/1259,PUBLISHED,Published,,2008,2008,,EUR,Europe,,BIH,Bosnia and Herzegovina,,Yes,,,,,,
TOBACCO_0000000369,Bupropion - legally sold,https://www.who.int/data/gho/indicator-metadata-registry/imr-details/1259,PUBLISHED,Published,,2008,2008,,AFR,Africa,,BWA,Botswana,,Yes,,,,,,
TOBACCO_0000000369,Bupropion - legally sold,https://www.who.int/data/gho/indicator-metadata-registry/imr-details/1259,PUBLISHED,Published,,2008,2008,,AMR,Americas,,BRA,Brazil,,Yes,,,,,,
TOBACCO_0000000369,Bupropion - legally sold,https://www.who.int/data/gho/indicator-metadata-registry/imr-details/1259,PUBLISHED,Published,,2008,2008,,WPR,Western Pacific,,BRN,Brunei Darussalam,,No,,,,,,
TOBACCO_0000000369,Bupropion - legally sold,https://www.who.int/data/gho/indicator-metadata-registry/imr-details/1259,PUBLISHED,Published,,2008,2008,,EUR,Europe,,BGR,Bulgaria,,No,,,,,,
TOBACCO_0000000369,Bupropion - legally sold,https://www.who.int/data/gho/indicator-metadata-registry/imr-details/1259,PUBLISHED,Published,,2008,2008,,AFR,Africa,,BFA,Burkina Faso,,No,,,,,,
TOBACCO_0000000369,Bupropion - legally sold,https://www.who.int/data/gho/indicator-metadata-registry/imr-details/1259,PUBLISHED,Published,,2008,2008,,AFR,Africa,,BDI,Burundi,,No,,,,,,
TOBACCO_0000000369,Bupropion - legally sold,https://www.who.int/data/gho/indicator-metadata-registry/imr-details/1259,PUBLISHED,Published,,2008,2008,,WPR,Western Pacific,,KHM,Cambodia,,Yes,,,,,,
TOBACCO_0000000369,Bupropion - legally sold,https://www.who.int/data/gho/indicator-metadata-registry/imr-details/1259,PUBLISHED,Published,,2008,2008,,AFR,Africa,,CMR,Cameroon,,Yes,,,,,,
TOBACCO_0000000369,Bupropion - legally sold,https://www.who.int/data/gho/indicator-metadata-registry/imr-details/1259,PUBLISHED,Published,,2008,2008,,AMR,Americas,,CAN,Canada,,Yes,,,,,,
TOBACCO_0000000369,Bupropion - legally sold,https://www.who.int/data/gho/indicator-metadata-registry/imr-details/1259,PUBLISHED,Published,,2008,2008,,AFR,Africa,,CPV,Cabo Verde,,No,,,,,,
TOBACCO_0000000369,Bupropion - legally sold,https://www.who.int/data/gho/indicator-metadata-registry/imr-details/1259,PUBLISHED,Published,,2008,2008,,AFR,Africa,,CAF,Central African Republic,,No,,,,,,
TOBACCO_0000000369,Bupropion - legally sold,https://www.who.int/data/gho/indicator-metadata-registry/imr-details/1259,PUBLISHED,Published,,2008,2008,,AFR,Africa,,TCD,Chad,,No,,,,,,
TOBACCO_0000000369,Bupropion - legally sold,https://www.who.int/data/gho/indicator-metadata-registry/imr-details/1259,PUBLISHED,Published,,2008,2008,,AMR,Americas,,CHL,Chile,,Yes,,,,,,
TOBACCO_0000000369,Bupropion - legally sold,https://www.who.int/data/gho/indicator-metadata-registry/imr-details/1259,PUBLISHED,Published,,2008,2008,,WPR,Western Pacific,,CHN,China,,Yes,,,,,,
TOBACCO_0000000369,Bupropion - legally sold,https://www.who.int/data/gho/indicator-metadata-registry/imr-details/1259,PUBLISHED,Published,,2008,2008,,AMR,Americas,,COL,Colombia,,Yes,,,,,,
TOBACCO_0000000369,Bupropion - legally sold,https://www.who.int/data/gho/indicator-metadata-registry/imr-details/1259,PUBLISHED,Published,,2008,2008,,AFR,Africa,,COM,Comoros,,No,,,,,,
TOBACCO_0000000369,Bupropion - legally sold,https://www.who.int/data/gho/indicator-metadata-registry/imr-details/1259,PUBLISHED,Published,,2008,2008,,AFR,Africa,,COG,Congo,,Yes,,,,,,
TOBACCO_0000000369,Bupropion - legally sold,https://www.who.int/data/gho/indicator-metadata-registry/imr-details/1259,PUBLISHED,Published,,2008,2008,,WPR,Western Pacific,,COK,Cook Islands,,No,,,,,,
TOBACCO_0000000369,Bupropion - legally sold,https://www.who.int/data/gho/indicator-metadata-registry/imr-details/1259,PUBLISHED,Published,,2008,2008,,AMR,Americas,,CRI,Costa Rica,,Yes,,,,,,
TOBACCO_0000000369,Bupropion - legally sold,https://www.who.int/data/gho/indicator-metadata-registry/imr-details/1259,PUBLISHED,Published,,2008,2008,,EUR,Europe,,HRV,Croatia,,Yes,,,,,,
TOBACCO_0000000369,Bupropion - legally sold,https://www.who.int/data/gho/indicator-metadata-registry/imr-details/1259,PUBLISHED,Published,,2008,2008,,AMR,Americas,,CUB,Cuba,,No,,,,,,
TOBACCO_0000000369,Bupropion - legally sold,https://www.who.int/data/gho/indicator-metadata-registry/imr-details/1259,PUBLISHED,Published,,2008,2008,,EUR,Europe,,CYP,Cyprus,,No,,,,,,
TOBACCO_0000000369,Bupropion - legally sold,https://www.who.int/data/gho/indicator-metadata-registry/imr-details/1259,PUBLISHED,Published,,2008,2008,,EUR,Europe,,CZE,Czechia,,Yes,,,,,,
TOBACCO_0000000369,Bupropion - legally sold,https://www.who.int/data/gho/indicator-metadata-registry/imr-details/1259,PUBLISHED,Published,,2008,2008,,SEAR,South-East Asia,,PRK,Democratic People's Republic of Korea,,. . .,,,,,,
TOBACCO_0000000369,Bupropion - legally sold,https://www.who.int/data/gho/indicator-metadata-registry/imr-details/1259,PUBLISHED,Published,,2008,2008,,AFR,Africa,,COD,Democratic Republic of the Congo,,Yes,,,,,,
TOBACCO_0000000369,Bupropion - legally sold,https://www.who.int/data/gho/indicator-metadata-registry/imr-details/1259,PUBLISHED,Published,,2008,2008,,EUR,Europe,,DNK,Denmark,,Yes,,,,,,
TOBACCO_0000000369,Bupropion - legally sold,https://www.who.int/data/gho/indicator-metadata-registry/imr-details/1259,PUBLISHED,Published,,2008,2008,,EMR,Eastern Mediterranean,,DJI,Djibouti,,Yes,,,,,,
TOBACCO_0000000369,Bupropion - legally sold,https://www.who.int/data/gho/indicator-metadata-registry/imr-details/1259,PUBLISHED,Published,,2008,2008,,AMR,Americas,,DMA,Dominica,,Yes,,,,,,
TOBACCO_0000000369,Bupropion - legally sold,https://www.who.int/data/gho/indicator-metadata-registry/imr-details/1259,PUBLISHED,Published,,2008,2008,,AMR,Americas,,DOM,Dominican Republic,,Yes,,,,,,
TOBACCO_0000000369,Bupropion - legally sold,https://www.who.int/data/gho/indicator-metadata-registry/imr-details/1259,PUBLISHED,Published,,2008,2008,,AMR,Americas,,ECU,Ecuador,,Yes,,,,,,
TOBACCO_0000000369,Bupropion - legally sold,https://www.who.int/data/gho/indicator-metadata-registry/imr-details/1259,PUBLISHED,Published,,2008,2008,,EMR,Eastern Mediterranean,,EGY,Egypt,,No,,,,,,
TOBACCO_0000000369,Bupropion - legally sold,https://www.who.int/data/gho/indicator-metadata-registry/imr-details/1259,PUBLISHED,Published,,2008,2008,,AMR,Americas,,SLV,El Salvador,,Yes,,,,,,
TOBACCO_0000000369,Bupropion - legally sold,https://www.who.int/data/gho/indicator-metadata-registry/imr-details/1259,PUBLISHED,Published,,2008,2008,,AFR,Africa,,GNQ,Equatorial Guinea,,No,,,,,,
TOBACCO_0000000369,Bupropion - legally sold,https://www.who.int/data/gho/indicator-metadata-registry/imr-details/1259,PUBLISHED,Published,,2008,2008,,AFR,Africa,,ERI,Eritrea,,No,,,,,,
TOBACCO_0000000369,Bupropion - legally sold,https://www.who.int/data/gho/indicator-metadata-registry/imr-details/1259,PUBLISHED,Published,,2008,2008,,EUR,Europe,,EST,Estonia,,Yes,,,,,,
TOBACCO_0000000369,Bupropion - legally sold,https://www.who.int/data/gho/indicator-metadata-registry/imr-details/1259,PUBLISHED,Published,,2008,2008,,AFR,Africa,,ETH,Ethiopia,,No,,,,,,
TOBACCO_0000000369,Bupropion - legally sold,https://www.who.int/data/gho/indicator-metadata-registry/imr-details/1259,PUBLISHED,Published,,2008,2008,,WPR,Western Pacific,,FJI,Fiji,,No,,,,,,
TOBACCO_0000000369,Bupropion - legally sold,https://www.who.int/data/gho/indicator-metadata-registry/imr-details/1259,PUBLISHED,Published,,2008,2008,,EUR,Europe,,FIN,Finland,,Yes,,,,,,
TOBACCO_0000000369,Bupropion - legally sold,https://www.who.int/data/gho/indicator-metadata-registry/imr-details/1259,PUBLISHED,Published,,2008,2008,,EUR,Europe,,FRA,France,,Yes,,,,,,
TOBACCO_0000000369,Bupropion - legally sold,https://www.who.int/data/gho/indicator-metadata-registry/imr-details/1259,PUBLISHED,Published,,2008,2008,,AFR,Africa,,GAB,Gabon,,Yes,,,,,,
TOBACCO_0000000369,Bupropion - legally sold,https://www.who.int/data/gho/indicator-metadata-registry/imr-details/1259,PUBLISHED,Published,,2008,2008,,AFR,Africa,,GMB,Gambia,,No,,,,,,
TOBACCO_0000000369,Bupropion - legally sold,https://www.who.int/data/gho/indicator-metadata-registry/imr-details/1259,PUBLISHED,Published,,2008,2008,,EUR,Europe,,GEO,Georgia,,No,,,,,,
TOBACCO_0000000369,Bupropion - legally sold,https://www.who.int/data/gho/indicator-metadata-registry/imr-details/1259,PUBLISHED,Published,,2008,2008,,EUR,Europe,,DEU,Germany,,Yes,,,,,,
TOBACCO_0000000369,Bupropion - legally sold,https://www.who.int/data/gho/indicator-metadata-registry/imr-details/1259,PUBLISHED,Published,,2008,2008,,AFR,Africa,,GHA,Ghana,,No,,,,,,
TOBACCO_0000000369,Bupropion - legally sold,https://www.who.int/data/gho/indicator-metadata-registry/imr-details/1259,PUBLISHED,Published,,2008,2008,,EUR,Europe,,GRC,Greece,,Yes,,,,,,
TOBACCO_0000000369,Bupropion - legally sold,https://www.who.int/data/gho/indicator-metadata-registry/imr-details/1259,PUBLISHED,Published,,2008,2008,,AMR,Americas,,GRD,Grenada,,Yes,,,,,,
TOBACCO_0000000369,Bupropion - legally sold,https://www.who.int/data/gho/indicator-metadata-registry/imr-details/1259,PUBLISHED,Published,,2008,2008,,AMR,Americas,,GTM,Guatemala,,Yes,,,,,,
TOBACCO_0000000369,Bupropion - legally sold,https://www.who.int/data/gho/indicator-metadata-registry/imr-details/1259,PUBLISHED,Published,,2008,2008,,AFR,Africa,,GIN,Guinea,,Yes,,,,,,
TOBACCO_0000000369,Bupropion - legally sold,https://www.who.int/data/gho/indicator-metadata-registry/imr-details/1259,PUBLISHED,Published,,2008,2008,,AFR,Africa,,GNB,Guinea-Bissau,,No,,,,,,
TOBACCO_0000000369,Bupropion - legally sold,https://www.who.int/data/gho/indicator-metadata-registry/imr-details/1259,PUBLISHED,Published,,2008,2008,,AMR,Americas,,GUY,Guyana,,Yes,,,,,,
TOBACCO_0000000369,Bupropion - legally sold,https://www.who.int/data/gho/indicator-metadata-registry/imr-details/1259,PUBLISHED,Published,,2008,2008,,AMR,Americas,,HTI,Haiti,,No,,,,,,
TOBACCO_0000000369,Bupropion - legally sold,https://www.who.int/data/gho/indicator-metadata-registry/imr-details/1259,PUBLISHED,Published,,2008,2008,,AMR,Americas,,HND,Honduras,,Yes,,,,,,
TOBACCO_0000000369,Bupropion - legally sold,https://www.who.int/data/gho/indicator-metadata-registry/imr-details/1259,PUBLISHED,Published,,2008,2008,,EUR,Europe,,HUN,Hungary,,No,,,,,,
TOBACCO_0000000369,Bupropion - legally sold,https://www.who.int/data/gho/indicator-metadata-registry/imr-details/1259,PUBLISHED,Published,,2008,2008,,EUR,Europe,,ISL,Iceland,,Yes,,,,,,
TOBACCO_0000000369,Bupropion - legally sold,https://www.who.int/data/gho/indicator-metadata-registry/imr-details/1259,PUBLISHED,Published,,2008,2008,,SEAR,South-East Asia,,IND,India,,Yes,,,,,,
TOBACCO_0000000369,Bupropion - legally sold,https://www.who.int/data/gho/indicator-metadata-registry/imr-details/1259,PUBLISHED,Published,,2008,2008,,SEAR,South-East Asia,,IDN,Indonesia,,No,,,,,,
TOBACCO_0000000369,Bupropion - legally sold,https://www.who.int/data/gho/indicator-metadata-registry/imr-details/1259,PUBLISHED,Published,,2008,2008,,EMR,Eastern Mediterranean,,IRN,Iran (Islamic Republic of),,Yes,,,,,,
TOBACCO_0000000369,Bupropion - legally sold,https://www.who.int/data/gho/indicator-metadata-registry/imr-details/1259,PUBLISHED,Published,,2008,2008,,EMR,Eastern Mediterranean,,IRQ,Iraq,,No,,,,,,
TOBACCO_0000000369,Bupropion - legally sold,https://www.who.int/data/gho/indicator-metadata-registry/imr-details/1259,PUBLISHED,Published,,2008,2008,,EUR,Europe,,IRL,Ireland,,Yes,,,,,,
TOBACCO_0000000369,Bupropion - legally sold,https://www.who.int/data/gho/indicator-metadata-registry/imr-details/1259,PUBLISHED,Published,,2008,2008,,EUR,Europe,,ISR,Israel,,Yes,,,,,,
TOBACCO_0000000369,Bupropion - legally sold,https://www.who.int/data/gho/indicator-metadata-registry/imr-details/1259,PUBLISHED,Published,,2008,2008,,EUR,Europe,,ITA,Italy,,Yes,,,,,,
TOBACCO_0000000369,Bupropion - legally sold,https://www.who.int/data/gho/indicator-metadata-registry/imr-details/1259,PUBLISHED,Published,,2008,2008,,AMR,Americas,,JAM,Jamaica,,Yes,,,,,,
TOBACCO_0000000369,Bupropion - legally sold,https://www.who.int/data/gho/indicator-metadata-registry/imr-details/1259,PUBLISHED,Published,,2008,2008,,WPR,Western Pacific,,JPN,Japan,,No,,,,,,
TOBACCO_0000000369,Bupropion - legally sold,https://www.who.int/data/gho/indicator-metadata-registry/imr-details/1259,PUBLISHED,Published,,2008,2008,,EMR,Eastern Mediterranean,,JOR,Jordan,,No,,,,,,
TOBACCO_0000000369,Bupropion - legally sold,https://www.who.int/data/gho/indicator-metadata-registry/imr-details/1259,PUBLISHED,Published,,2008,2008,,EUR,Europe,,KAZ,Kazakhstan,,Yes,,,,,,
TOBACCO_0000000369,Bupropion - legally sold,https://www.who.int/data/gho/indicator-metadata-registry/imr-details/1259,PUBLISHED,Published,,2008,2008,,AFR,Africa,,KEN,Kenya,,Yes,,,,,,
TOBACCO_0000000369,Bupropion - legally sold,https://www.who.int/data/gho/indicator-metadata-registry/imr-details/1259,PUBLISHED,Published,,2008,2008,,WPR,Western Pacific,,KIR,Kiribati,,. . .,,,,,,
TOBACCO_0000000369,Bupropion - legally sold,https://www.who.int/data/gho/indicator-metadata-registry/imr-details/1259,PUBLISHED,Published,,2008,2008,,EMR,Eastern Mediterranean,,KWT,Kuwait,,No,,,,,,
TOBACCO_0000000369,Bupropion - legally sold,https://www.who.int/data/gho/indicator-metadata-registry/imr-details/1259,PUBLISHED,Published,,2008,2008,,EUR,Europe,,KGZ,Kyrgyzstan,,No,,,,,,
TOBACCO_0000000369,Bupropion - legally sold,https://www.who.int/data/gho/indicator-metadata-registry/imr-details/1259,PUBLISHED,Published,,2008,2008,,WPR,Western Pacific,,LAO,Lao People's Democratic Republic,,No,,,,,,
TOBACCO_0000000369,Bupropion - legally sold,https://www.who.int/data/gho/indicator-metadata-registry/imr-details/1259,PUBLISHED,Published,,2008,2008,,EUR,Europe,,LVA,Latvia,,Yes,,,,,,
TOBACCO_0000000369,Bupropion - legally sold,https://www.who.int/data/gho/indicator-metadata-registry/imr-details/1259,PUBLISHED,Published,,2008,2008,,EMR,Eastern Mediterranean,,LBN,Lebanon,,Yes,,,,,,
TOBACCO_0000000369,Bupropion - legally sold,https://www.who.int/data/gho/indicator-metadata-registry/imr-details/1259,PUBLISHED,Published,,2008,2008,,AFR,Africa,,LSO,Lesotho,,No,,,,,,
TOBACCO_0000000369,Bupropion - legally sold,https://www.who.int/data/gho/indicator-metadata-registry/imr-details/1259,PUBLISHED,Published,,2008,2008,,AFR,Africa,,LBR,Liberia,,No,,,,,,
TOBACCO_0000000369,Bupropion - legally sold,https://www.who.int/data/gho/indicator-metadata-registry/imr-details/1259,PUBLISHED,Published,,2008,2008,,EMR,Eastern Mediterranean,,LBY,Libya,,Yes,,,,,,
TOBACCO_0000000369,Bupropion - legally sold,https://www.who.int/data/gho/indicator-metadata-registry/imr-details/1259,PUBLISHED,Published,,2008,2008,,EUR,Europe,,LTU,Lithuania,,Yes,,,,,,
TOBACCO_0000000369,Bupropion - legally sold,https://www.who.int/data/gho/indicator-metadata-registry/imr-details/1259,PUBLISHED,Published,,2008,2008,,EUR,Europe,,LUX,Luxembourg,,. . .,,,,,,
TOBACCO_0000000369,Bupropion - legally sold,https://www.who.int/data/gho/indicator-metadata-registry/imr-details/1259,PUBLISHED,Published,,2008,2008,,AFR,Africa,,MDG,Madagascar,,No,,,,,,
TOBACCO_0000000369,Bupropion - legally sold,https://www.who.int/data/gho/indicator-metadata-registry/imr-details/1259,PUBLISHED,Published,,2008,2008,,AFR,Africa,,MWI,Malawi,,No,,,,,,
TOBACCO_0000000369,Bupropion - legally sold,https://www.who.int/data/gho/indicator-metadata-registry/imr-details/1259,PUBLISHED,Published,,2008,2008,,WPR,Western Pacific,,MYS,Malaysia,,Yes,,,,,,
TOBACCO_0000000369,Bupropion - legally sold,https://www.who.int/data/gho/indicator-metadata-registry/imr-details/1259,PUBLISHED,Published,,2008,2008,,SEAR,South-East Asia,,MDV,Maldives,,No,,,,,,
TOBACCO_0000000369,Bupropion - legally sold,https://www.who.int/data/gho/indicator-metadata-registry/imr-details/1259,PUBLISHED,Published,,2008,2008,,AFR,Africa,,MLI,Mali,,No,,,,,,
TOBACCO_0000000369,Bupropion - legally sold,https://www.who.int/data/gho/indicator-metadata-registry/imr-details/1259,PUBLISHED,Published,,2008,2008,,EUR,Europe,,MLT,Malta,,Yes,,,,,,
TOBACCO_0000000369,Bupropion - legally sold,https://www.who.int/data/gho/indicator-metadata-registry/imr-details/1259,PUBLISHED,Published,,2008,2008,,WPR,Western Pacific,,MHL,Marshall Islands,,Yes,,,,,,
TOBACCO_0000000369,Bupropion - legally sold,https://www.who.int/data/gho/indicator-metadata-registry/imr-details/1259,PUBLISHED,Published,,2008,2008,,AFR,Africa,,MRT,Mauritania,,No,,,,,,
TOBACCO_0000000369,Bupropion - legally sold,https://www.who.int/data/gho/indicator-metadata-registry/imr-details/1259,PUBLISHED,Published,,2008,2008,,AFR,Africa,,MUS,Mauritius,,Yes,,,,,,
TOBACCO_0000000369,Bupropion - legally sold,https://www.who.int/data/gho/indicator-metadata-registry/imr-details/1259,PUBLISHED,Published,,2008,2008,,AMR,Americas,,MEX,Mexico,,Yes,,,,,,
TOBACCO_0000000369,Bupropion - legally sold,https://www.who.int/data/gho/indicator-metadata-registry/imr-details/1259,PUBLISHED,Published,,2008,2008,,WPR,Western Pacific,,FSM,Micronesia (Federated States of),,Yes,,,,,,
TOBACCO_0000000369,Bupropion - legally sold,https://www.who.int/data/gho/indicator-metadata-registry/imr-details/1259,PUBLISHED,Published,,2008,2008,,EUR,Europe,,MCO,Monaco,,Yes,,,,,,
TOBACCO_0000000369,Bupropion - legally sold,https://www.who.int/data/gho/indicator-metadata-registry/imr-details/1259,PUBLISHED,Published,,2008,2008,,WPR,Western Pacific,,MNG,Mongolia,,No,,,,,,
TOBACCO_0000000369,Bupropion - legally sold,https://www.who.int/data/gho/indicator-metadata-registry/imr-details/1259,PUBLISHED,Published,,2008,2008,,EMR,Eastern Mediterranean,,MAR,Morocco,,Yes,,,,,,
TOBACCO_0000000369,Bupropion - legally sold,https://www.who.int/data/gho/indicator-metadata-registry/imr-details/1259,PUBLISHED,Published,,2008,2008,,AFR,Africa,,MOZ,Mozambique,,No,,,,,,
TOBACCO_0000000369,Bupropion - legally sold,https://www.who.int/data/gho/indicator-metadata-registry/imr-details/1259,PUBLISHED,Published,,2008,2008,,SEAR,South-East Asia,,MMR,Myanmar,,Yes,,,,,,
TOBACCO_0000000369,Bupropion - legally sold,https://www.who.int/data/gho/indicator-metadata-registry/imr-details/1259,PUBLISHED,Published,,2008,2008,,AFR,Africa,,NAM,Namibia,,Yes,,,,,,
TOBACCO_0000000369,Bupropion - legally sold,https://www.who.int/data/gho/indicator-metadata-registry/imr-details/1259,PUBLISHED,Published,,2008,2008,,WPR,Western Pacific,,NRU,Nauru,,No,,,,,,
TOBACCO_0000000369,Bupropion - legally sold,https://www.who.int/data/gho/indicator-metadata-registry/imr-details/1259,PUBLISHED,Published,,2008,2008,,SEAR,South-East Asia,,NPL,Nepal,,No,,,,,,
TOBACCO_0000000369,Bupropion - legally sold,https://www.who.int/data/gho/indicator-metadata-registry/imr-details/1259,PUBLISHED,Published,,2008,2008,,EUR,Europe,,NLD,Netherlands,,Yes,,,,,,
TOBACCO_0000000369,Bupropion - legally sold,https://www.who.int/data/gho/indicator-metadata-registry/imr-details/1259,PUBLISHED,Published,,2008,2008,,WPR,Western Pacific,,NZL,New Zealand,,Yes,,,,,,
TOBACCO_0000000369,Bupropion - legally sold,https://www.who.int/data/gho/indicator-metadata-registry/imr-details/1259,PUBLISHED,Published,,2008,2008,,AMR,Americas,,NIC,Nicaragua,,No,,,,,,
TOBACCO_0000000369,Bupropion - legally sold,https://www.who.int/data/gho/indicator-metadata-registry/imr-details/1259,PUBLISHED,Published,,2008,2008,,AFR,Africa,,NER,Niger,,No,,,,,,
TOBACCO_0000000369,Bupropion - legally sold,https://www.who.int/data/gho/indicator-metadata-registry/imr-details/1259,PUBLISHED,Published,,2008,2008,,AFR,Africa,,NGA,Nigeria,,Yes,,,,,,
TOBACCO_0000000369,Bupropion - legally sold,https://www.who.int/data/gho/indicator-metadata-registry/imr-details/1259,PUBLISHED,Published,,2008,2008,,WPR,Western Pacific,,NIU,Niue,,No,,,,,,
TOBACCO_0000000369,Bupropion - legally sold,https://www.who.int/data/gho/indicator-metadata-registry/imr-details/1259,PUBLISHED,Published,,2008,2008,,EUR,Europe,,NOR,Norway,,Yes,,,,,,
TOBACCO_0000000369,Bupropion - legally sold,https://www.who.int/data/gho/indicator-metadata-registry/imr-details/1259,PUBLISHED,Published,,2008,2008,,EMR,Eastern Mediterranean,,OMN,Oman,,No,,,,,,
TOBACCO_0000000369,Bupropion - legally sold,https://www.who.int/data/gho/indicator-metadata-registry/imr-details/1259,PUBLISHED,Published,,2008,2008,,EMR,Eastern Mediterranean,,PAK,Pakistan,,Yes,,,,,,
TOBACCO_0000000369,Bupropion - legally sold,https://www.who.int/data/gho/indicator-metadata-registry/imr-details/1259,PUBLISHED,Published,,2008,2008,,WPR,Western Pacific,,PLW,Palau,,Yes,,,,,,
TOBACCO_0000000369,Bupropion - legally sold,https://www.who.int/data/gho/indicator-metadata-registry/imr-details/1259,PUBLISHED,Published,,2008,2008,,AMR,Americas,,PAN,Panama,,Yes,,,,,,
TOBACCO_0000000369,Bupropion - legally sold,https://www.who.int/data/gho/indicator-metadata-registry/imr-details/1259,PUBLISHED,Published,,2008,2008,,WPR,Western Pacific,,PNG,Papua New Guinea,,. . .,,,,,,
TOBACCO_0000000369,Bupropion - legally sold,https://www.who.int/data/gho/indicator-metadata-registry/imr-details/1259,PUBLISHED,Published,,2008,2008,,AMR,Americas,,PRY,Paraguay,,Yes,,,,,,
TOBACCO_0000000369,Bupropion - legally sold,https://www.who.int/data/gho/indicator-metadata-registry/imr-details/1259,PUBLISHED,Published,,2008,2008,,AMR,Americas,,PER,Peru,,Yes,,,,,,
TOBACCO_0000000369,Bupropion - legally sold,https://www.who.int/data/gho/indicator-metadata-registry/imr-details/1259,PUBLISHED,Published,,2008,2008,,WPR,Western Pacific,,PHL,Philippines,,No,,,,,,
TOBACCO_0000000369,Bupropion - legally sold,https://www.who.int/data/gho/indicator-metadata-registry/imr-details/1259,PUBLISHED,Published,,2008,2008,,EUR,Europe,,POL,Poland,,Yes,,,,,,
TOBACCO_0000000369,Bupropion - legally sold,https://www.who.int/data/gho/indicator-metadata-registry/imr-details/1259,PUBLISHED,Published,,2008,2008,,EUR,Europe,,PRT,Portugal,,Yes,,,,,,
TOBACCO_0000000369,Bupropion - legally sold,https://www.who.int/data/gho/indicator-metadata-registry/imr-details/1259,PUBLISHED,Published,,2008,2008,,EMR,Eastern Mediterranean,,QAT,Qatar,,No,,,,,,
TOBACCO_0000000369,Bupropion - legally sold,https://www.who.int/data/gho/indicator-metadata-registry/imr-details/1259,PUBLISHED,Published,,2008,2008,,WPR,Western Pacific,,KOR,Republic of Korea,,Yes,,,,,,
TOBACCO_0000000369,Bupropion - legally sold,https://www.who.int/data/gho/indicator-metadata-registry/imr-details/1259,PUBLISHED,Published,,2008,2008,,EUR,Europe,,MDA,Republic of Moldova,,No,,,,,,
TOBACCO_0000000369,Bupropion - legally sold,https://www.who.int/data/gho/indicator-metadata-registry/imr-details/1259,PUBLISHED,Published,,2008,2008,,EUR,Europe,,ROU,Romania,,Yes,,,,,,
TOBACCO_0000000369,Bupropion - legally sold,https://www.who.int/data/gho/indicator-metadata-registry/imr-details/1259,PUBLISHED,Published,,2008,2008,,EUR,Europe,,RUS,Russian Federation,,No,,,,,,
TOBACCO_0000000369,Bupropion - legally sold,https://www.who.int/data/gho/indicator-metadata-registry/imr-details/1259,PUBLISHED,Published,,2008,2008,,AFR,Africa,,RWA,Rwanda,,No,,,,,,
TOBACCO_0000000369,Bupropion - legally sold,https://www.who.int/data/gho/indicator-metadata-registry/imr-details/1259,PUBLISHED,Published,,2008,2008,,AMR,Americas,,KNA,Saint Kitts and Nevis,,. . .,,,,,,
TOBACCO_0000000369,Bupropion - legally sold,https://www.who.int/data/gho/indicator-metadata-registry/imr-details/1259,PUBLISHED,Published,,2008,2008,,AMR,Americas,,LCA,Saint Lucia,,. . .,,,,,,
TOBACCO_0000000369,Bupropion - legally sold,https://www.who.int/data/gho/indicator-metadata-registry/imr-details/1259,PUBLISHED,Published,,2008,2008,,AMR,Americas,,VCT,Saint Vincent and the Grenadines,,No,,,,,,
TOBACCO_0000000369,Bupropion - legally sold,https://www.who.int/data/gho/indicator-metadata-registry/imr-details/1259,PUBLISHED,Published,,2008,2008,,WPR,Western Pacific,,WSM,Samoa,,No,,,,,,
TOBACCO_0000000369,Bupropion - legally sold,https://www.who.int/data/gho/indicator-metadata-registry/imr-details/1259,PUBLISHED,Published,,2008,2008,,EUR,Europe,,SMR,San Marino,,. . .,,,,,,
TOBACCO_0000000369,Bupropion - legally sold,https://www.who.int/data/gho/indicator-metadata-registry/imr-details/1259,PUBLISHED,Published,,2008,2008,,AFR,Africa,,STP,Sao Tome and Principe,,No,,,,,,
TOBACCO_0000000369,Bupropion - legally sold,https://www.who.int/data/gho/indicator-metadata-registry/imr-details/1259,PUBLISHED,Published,,2008,2008,,EMR,Eastern Mediterranean,,SAU,Saudi Arabia,,No,,,,,,
TOBACCO_0000000369,Bupropion - legally sold,https://www.who.int/data/gho/indicator-metadata-registry/imr-details/1259,PUBLISHED,Published,,2008,2008,,AFR,Africa,,SEN,Senegal,,Yes,,,,,,
TOBACCO_0000000369,Bupropion - legally sold,https://www.who.int/data/gho/indicator-metadata-registry/imr-details/1259,PUBLISHED,Published,,2008,2008,,EUR,Europe,,SRB,Serbia,,Yes,,,,,,
TOBACCO_0000000369,Bupropion - legally sold,https://www.who.int/data/gho/indicator-metadata-registry/imr-details/1259,PUBLISHED,Published,,2008,2008,,AFR,Africa,,SYC,Seychelles,,No,,,,,,
TOBACCO_0000000369,Bupropion - legally sold,https://www.who.int/data/gho/indicator-metadata-registry/imr-details/1259,PUBLISHED,Published,,2008,2008,,AFR,Africa,,SLE,Sierra Leone,,No,,,,,,
TOBACCO_0000000369,Bupropion - legally sold,https://www.who.int/data/gho/indicator-metadata-registry/imr-details/1259,PUBLISHED,Published,,2008,2008,,WPR,Western Pacific,,SGP,Singapore,,Yes,,,,,,
TOBACCO_0000000369,Bupropion - legally sold,https://www.who.int/data/gho/indicator-metadata-registry/imr-details/1259,PUBLISHED,Published,,2008,2008,,EUR,Europe,,SVK,Slovakia,,Yes,,,,,,
TOBACCO_0000000369,Bupropion - legally sold,https://www.who.int/data/gho/indicator-metadata-registry/imr-details/1259,PUBLISHED,Published,,2008,2008,,EUR,Europe,,SVN,Slovenia,,Yes,,,,,,
TOBACCO_0000000369,Bupropion - legally sold,https://www.who.int/data/gho/indicator-metadata-registry/imr-details/1259,PUBLISHED,Published,,2008,2008,,WPR,Western Pacific,,SLB,Solomon Islands,,No,,,,,,
TOBACCO_0000000369,Bupropion - legally sold,https://www.who.int/data/gho/indicator-metadata-registry/imr-details/1259,PUBLISHED,Published,,2008,2008,,EMR,Eastern Mediterranean,,SOM,Somalia,,No,,,,,,
TOBACCO_0000000369,Bupropion - legally sold,https://www.who.int/data/gho/indicator-metadata-registry/imr-details/1259,PUBLISHED,Published,,2008,2008,,AFR,Africa,,ZAF,South Africa,,Yes,,,,,,
TOBACCO_0000000369,Bupropion - legally sold,https://www.who.int/data/gho/indicator-metadata-registry/imr-details/1259,PUBLISHED,Published,,2008,2008,,EUR,Europe,,ESP,Spain,,Yes,,,,,,
TOBACCO_0000000369,Bupropion - legally sold,https://www.who.int/data/gho/indicator-metadata-registry/imr-details/1259,PUBLISHED,Published,,2008,2008,,SEAR,South-East Asia,,LKA,Sri Lanka,,Yes,,,,,,
TOBACCO_0000000369,Bupropion - legally sold,https://www.who.int/data/gho/indicator-metadata-registry/imr-details/1259,PUBLISHED,Published,,2008,2008,,EMR,Eastern Mediterranean,,SDN,Sudan,,No,,,,,,
TOBACCO_0000000369,Bupropion - legally sold,https://www.who.int/data/gho/indicator-metadata-registry/imr-details/1259,PUBLISHED,Published,,2008,2008,,AMR,Americas,,SUR,Suriname,,No,,,,,,
TOBACCO_0000000369,Bupropion - legally sold,https://www.who.int/data/gho/indicator-metadata-registry/imr-details/1259,PUBLISHED,Published,,2008,2008,,AFR,Africa,,SWZ,Eswatini,,Yes,,,,,,
TOBACCO_0000000369,Bupropion - legally sold,https://www.who.int/data/gho/indicator-metadata-registry/imr-details/1259,PUBLISHED,Published,,2008,2008,,EUR,Europe,,SWE,Sweden,,Yes,,,,,,
TOBACCO_0000000369,Bupropion - legally sold,https://www.who.int/data/gho/indicator-metadata-registry/imr-details/1259,PUBLISHED,Published,,2008,2008,,EUR,Europe,,CHE,Switzerland,,Yes,,,,,,
TOBACCO_0000000369,Bupropion - legally sold,https://www.who.int/data/gho/indicator-metadata-registry/imr-details/1259,PUBLISHED,Published,,2008,2008,,EMR,Eastern Mediterranean,,SYR,Syrian Arab Republic,,No,,,,,,
TOBACCO_0000000369,Bupropion - legally sold,https://www.who.int/data/gho/indicator-metadata-registry/imr-details/1259,PUBLISHED,Published,,2008,2008,,EUR,Europe,,TJK,Tajikistan,,. . .,,,,,,
TOBACCO_0000000369,Bupropion - legally sold,https://www.who.int/data/gho/indicator-metadata-registry/imr-details/1259,PUBLISHED,Published,,2008,2008,,SEAR,South-East Asia,,THA,Thailand,,Yes,,,,,,
TOBACCO_0000000369,Bupropion - legally sold,https://www.who.int/data/gho/indicator-metadata-registry/imr-details/1259,PUBLISHED,Published,,2008,2008,,EUR,Europe,,MKD,Republic of North Macedonia,,No,,,,,,
TOBACCO_0000000369,Bupropion - legally sold,https://www.who.int/data/gho/indicator-metadata-registry/imr-details/1259,PUBLISHED,Published,,2008,2008,,SEAR,South-East Asia,,TLS,Timor-Leste,,No,,,,,,
TOBACCO_0000000369,Bupropion - legally sold,https://www.who.int/data/gho/indicator-metadata-registry/imr-details/1259,PUBLISHED,Published,,2008,2008,,AFR,Africa,,TGO,Togo,,No,,,,,,
TOBACCO_0000000369,Bupropion - legally sold,https://www.who.int/data/gho/indicator-metadata-registry/imr-details/1259,PUBLISHED,Published,,2008,2008,,WPR,Western Pacific,,TON,Tonga,,Yes,,,,,,
TOBACCO_0000000369,Bupropion - legally sold,https://www.who.int/data/gho/indicator-metadata-registry/imr-details/1259,PUBLISHED,Published,,2008,2008,,AMR,Americas,,TTO,Trinidad and Tobago,,Yes,,,,,,
TOBACCO_0000000369,Bupropion - legally sold,https://www.who.int/data/gho/indicator-metadata-registry/imr-details/1259,PUBLISHED,Published,,2008,2008,,EMR,Eastern Mediterranean,,TUN,Tunisia,,No,,,,,,
TOBACCO_0000000369,Bupropion - legally sold,https://www.who.int/data/gho/indicator-metadata-registry/imr-details/1259,PUBLISHED,Published,,2008,2008,,EUR,Europe,,TUR,Turkey,,Yes,,,,,,
TOBACCO_0000000369,Bupropion - legally sold,https://www.who.int/data/gho/indicator-metadata-registry/imr-details/1259,PUBLISHED,Published,,2008,2008,,EUR,Europe,,TKM,Turkmenistan,,. . .,,,,,,
TOBACCO_0000000369,Bupropion - legally sold,https://www.who.int/data/gho/indicator-metadata-registry/imr-details/1259,PUBLISHED,Published,,2008,2008,,WPR,Western Pacific,,TUV,Tuvalu,,No,,,,,,
TOBACCO_0000000369,Bupropion - legally sold,https://www.who.int/data/gho/indicator-metadata-registry/imr-details/1259,PUBLISHED,Published,,2008,2008,,AFR,Africa,,UGA,Uganda,,No,,,,,,
TOBACCO_0000000369,Bupropion - legally sold,https://www.who.int/data/gho/indicator-metadata-registry/imr-details/1259,PUBLISHED,Published,,2008,2008,,EUR,Europe,,UKR,Ukraine,,Yes,,,,,,
TOBACCO_0000000369,Bupropion - legally sold,https://www.who.int/data/gho/indicator-metadata-registry/imr-details/1259,PUBLISHED,Published,,2008,2008,,EMR,Eastern Mediterranean,,ARE,United Arab Emirates,,Yes,,,,,,
TOBACCO_0000000369,Bupropion - legally sold,https://www.who.int/data/gho/indicator-metadata-registry/imr-details/1259,PUBLISHED,Published,,2008,2008,,EUR,Europe,,GBR,United Kingdom of Great Britain and Northern Ireland,,Yes,,,,,,
TOBACCO_0000000369,Bupropion - legally sold,https://www.who.int/data/gho/indicator-metadata-registry/imr-details/1259,PUBLISHED,Published,,2008,2008,,AFR,Africa,,TZA,United Republic of Tanzania,,No,,,,,,
TOBACCO_0000000369,Bupropion - legally sold,https://www.who.int/data/gho/indicator-metadata-registry/imr-details/1259,PUBLISHED,Published,,2008,2008,,AMR,Americas,,USA,United States of America,,Yes,,,,,,
TOBACCO_0000000369,Bupropion - legally sold,https://www.who.int/data/gho/indicator-metadata-registry/imr-details/1259,PUBLISHED,Published,,2008,2008,,AMR,Americas,,URY,Uruguay,,Yes,,,,,,
TOBACCO_0000000369,Bupropion - legally sold,https://www.who.int/data/gho/indicator-metadata-registry/imr-details/1259,PUBLISHED,Published,,2008,2008,,EUR,Europe,,UZB,Uzbekistan,,Yes,,,,,,
TOBACCO_0000000369,Bupropion - legally sold,https://www.who.int/data/gho/indicator-metadata-registry/imr-details/1259,PUBLISHED,Published,,2008,2008,,WPR,Western Pacific,,VUT,Vanuatu,,Yes,,,,,,
TOBACCO_0000000369,Bupropion - legally sold,https://www.who.int/data/gho/indicator-metadata-registry/imr-details/1259,PUBLISHED,Published,,2008,2008,,AMR,Americas,,VEN,Venezuela (Bolivarian Republic of),,Yes,,,,,,
TOBACCO_0000000369,Bupropion - legally sold,https://www.who.int/data/gho/indicator-metadata-registry/imr-details/1259,PUBLISHED,Published,,2008,2008,,WPR,Western Pacific,,VNM,Viet Nam,,Yes,,,,,,
TOBACCO_0000000369,Bupropion - legally sold,https://www.who.int/data/gho/indicator-metadata-registry/imr-details/1259,PUBLISHED,Published,,2008,2008,,EMR,Eastern Mediterranean,,YEM,Yemen,,No,,,,,,
TOBACCO_0000000369,Bupropion - legally sold,https://www.who.int/data/gho/indicator-metadata-registry/imr-details/1259,PUBLISHED,Published,,2008,2008,,AFR,Africa,,ZMB,Zambia,,Yes,,,,,,
TOBACCO_0000000369,Bupropion - legally sold,https://www.who.int/data/gho/indicator-metadata-registry/imr-details/1259,PUBLISHED,Published,,2008,2008,,AFR,Africa,,ZWE,Zimbabwe,,No,,,,,,
TOBACCO_0000000369,Bupropion - legally sold,https://www.who.int/data/gho/indicator-metadata-registry/imr-details/1259,PUBLISHED,Published,,2008,2008,,EUR,Europe,,MNE,Montenegro,,. . .,,,,,,
TOBACCO_0000000369,Bupropion - legally sold,https://www.who.int/data/gho/indicator-metadata-registry/imr-details/1259,PUBLISHED,Published,,2008,2008,,AFR,Africa,,CIV,Côte d'Ivoire,,Yes,,,,,,
