GHO (CODE),GHO (DISPLAY),GHO (URL),PUBLISHSTATE (CODE),PUBLISHSTATE (DISPLAY),PUBLISHSTATE (URL),YEAR (CODE),YEAR (DISPLAY),YEAR (URL),REGION (CODE),REGION (DISPLAY),REGION (URL),COUNTRY (CODE),COUNTRY (DISPLAY),COUNTRY (URL),Display Value,Numeric,Low,High,StdErr,StdDev,Comments
TOBACCO_0000000396,Health warnings on other smoked tobacco packaging must include a photograph or graphic,,PUBLISHED,Published,,2008,2008,,EMR,Eastern Mediterranean,,AFG,Afghanistan,,...,,,,,,
TOBACCO_0000000396,Health warnings on other smoked tobacco packaging must include a photograph or graphic,,PUBLISHED,Published,,2008,2008,,EUR,Europe,,ALB,Albania,,No,,,,,,
TOBACCO_0000000396,Health warnings on other smoked tobacco packaging must include a photograph or graphic,,PUBLISHED,Published,,2008,2008,,AFR,Africa,,DZA,Algeria,,...,,,,,,
TOBACCO_0000000396,Health warnings on other smoked tobacco packaging must include a photograph or graphic,,PUBLISHED,Published,,2008,2008,,EUR,Europe,,AND,Andorra,,...,,,,,,
TOBACCO_0000000396,Health warnings on other smoked tobacco packaging must include a photograph or graphic,,PUBLISHED,Published,,2008,2008,,AFR,Africa,,AGO,Angola,,...,,,,,,
TOBACCO_0000000396,Health warnings on other smoked tobacco packaging must include a photograph or graphic,,PUBLISHED,Published,,2008,2008,,AMR,Americas,,ATG,Antigua and Barbuda,,...,,,,,,
TOBACCO_0000000396,Health warnings on other smoked tobacco packaging must include a photograph or graphic,,PUBLISHED,Published,,2008,2008,,AMR,Americas,,ARG,Argentina,,No,,,,,,
TOBACCO_0000000396,Health warnings on other smoked tobacco packaging must include a photograph or graphic,,PUBLISHED,Published,,2008,2008,,EUR,Europe,,ARM,Armenia,,No,,,,,,
TOBACCO_0000000396,Health warnings on other smoked tobacco packaging must include a photograph or graphic,,PUBLISHED,Published,,2008,2008,,WPR,Western Pacific,,AUS,Australia,,Yes,,,,,,
TOBACCO_0000000396,Health warnings on other smoked tobacco packaging must include a photograph or graphic,,PUBLISHED,Published,,2008,2008,,EUR,Europe,,AUT,Austria,,No,,,,,,
TOBACCO_0000000396,Health warnings on other smoked tobacco packaging must include a photograph or graphic,,PUBLISHED,Published,,2008,2008,,EUR,Europe,,AZE,Azerbaijan,,...,,,,,,
TOBACCO_0000000396,Health warnings on other smoked tobacco packaging must include a photograph or graphic,,PUBLISHED,Published,,2008,2008,,AMR,Americas,,BHS,Bahamas,,No,,,,,,
TOBACCO_0000000396,Health warnings on other smoked tobacco packaging must include a photograph or graphic,,PUBLISHED,Published,,2008,2008,,EMR,Eastern Mediterranean,,BHR,Bahrain,,...,,,,,,
TOBACCO_0000000396,Health warnings on other smoked tobacco packaging must include a photograph or graphic,,PUBLISHED,Published,,2008,2008,,SEAR,South-East Asia,,BGD,Bangladesh,,No,,,,,,
TOBACCO_0000000396,Health warnings on other smoked tobacco packaging must include a photograph or graphic,,PUBLISHED,Published,,2008,2008,,AMR,Americas,,BRB,Barbados,,...,,,,,,
TOBACCO_0000000396,Health warnings on other smoked tobacco packaging must include a photograph or graphic,,PUBLISHED,Published,,2008,2008,,EUR,Europe,,BLR,Belarus,,No,,,,,,
TOBACCO_0000000396,Health warnings on other smoked tobacco packaging must include a photograph or graphic,,PUBLISHED,Published,,2008,2008,,EUR,Europe,,BEL,Belgium,,...,,,,,,
TOBACCO_0000000396,Health warnings on other smoked tobacco packaging must include a photograph or graphic,,PUBLISHED,Published,,2008,2008,,AMR,Americas,,BLZ,Belize,,...,,,,,,
TOBACCO_0000000396,Health warnings on other smoked tobacco packaging must include a photograph or graphic,,PUBLISHED,Published,,2008,2008,,AFR,Africa,,BEN,Benin,,No,,,,,,
TOBACCO_0000000396,Health warnings on other smoked tobacco packaging must include a photograph or graphic,,PUBLISHED,Published,,2008,2008,,SEAR,South-East Asia,,BTN,Bhutan,,...,,,,,,
TOBACCO_0000000396,Health warnings on other smoked tobacco packaging must include a photograph or graphic,,PUBLISHED,Published,,2008,2008,,AMR,Americas,,BOL,Bolivia (Plurinational State of),,...,,,,,,
TOBACCO_0000000396,Health warnings on other smoked tobacco packaging must include a photograph or graphic,,PUBLISHED,Published,,2008,2008,,EUR,Europe,,BIH,Bosnia and Herzegovina,,...,,,,,,
TOBACCO_0000000396,Health warnings on other smoked tobacco packaging must include a photograph or graphic,,PUBLISHED,Published,,2008,2008,,AFR,Africa,,BWA,Botswana,,...,,,,,,
TOBACCO_0000000396,Health warnings on other smoked tobacco packaging must include a photograph or graphic,,PUBLISHED,Published,,2008,2008,,AMR,Americas,,BRA,Brazil,,...,,,,,,
TOBACCO_0000000396,Health warnings on other smoked tobacco packaging must include a photograph or graphic,,PUBLISHED,Published,,2008,2008,,WPR,Western Pacific,,BRN,Brunei Darussalam,,...,,,,,,
TOBACCO_0000000396,Health warnings on other smoked tobacco packaging must include a photograph or graphic,,PUBLISHED,Published,,2008,2008,,EUR,Europe,,BGR,Bulgaria,,No,,,,,,
TOBACCO_0000000396,Health warnings on other smoked tobacco packaging must include a photograph or graphic,,PUBLISHED,Published,,2008,2008,,AFR,Africa,,BFA,Burkina Faso,,...,,,,,,
TOBACCO_0000000396,Health warnings on other smoked tobacco packaging must include a photograph or graphic,,PUBLISHED,Published,,2008,2008,,AFR,Africa,,BDI,Burundi,,...,,,,,,
TOBACCO_0000000396,Health warnings on other smoked tobacco packaging must include a photograph or graphic,,PUBLISHED,Published,,2008,2008,,WPR,Western Pacific,,KHM,Cambodia,,...,,,,,,
TOBACCO_0000000396,Health warnings on other smoked tobacco packaging must include a photograph or graphic,,PUBLISHED,Published,,2008,2008,,AFR,Africa,,CMR,Cameroon,,...,,,,,,
TOBACCO_0000000396,Health warnings on other smoked tobacco packaging must include a photograph or graphic,,PUBLISHED,Published,,2008,2008,,AMR,Americas,,CAN,Canada,,Yes,,,,,,
TOBACCO_0000000396,Health warnings on other smoked tobacco packaging must include a photograph or graphic,,PUBLISHED,Published,,2008,2008,,AFR,Africa,,CPV,Cabo Verde,,...,,,,,,
TOBACCO_0000000396,Health warnings on other smoked tobacco packaging must include a photograph or graphic,,PUBLISHED,Published,,2008,2008,,AFR,Africa,,CAF,Central African Republic,,...,,,,,,
TOBACCO_0000000396,Health warnings on other smoked tobacco packaging must include a photograph or graphic,,PUBLISHED,Published,,2008,2008,,AFR,Africa,,TCD,Chad,,...,,,,,,
TOBACCO_0000000396,Health warnings on other smoked tobacco packaging must include a photograph or graphic,,PUBLISHED,Published,,2008,2008,,AMR,Americas,,CHL,Chile,,Yes,,,,,,
TOBACCO_0000000396,Health warnings on other smoked tobacco packaging must include a photograph or graphic,,PUBLISHED,Published,,2008,2008,,WPR,Western Pacific,,CHN,China,,...,,,,,,
TOBACCO_0000000396,Health warnings on other smoked tobacco packaging must include a photograph or graphic,,PUBLISHED,Published,,2008,2008,,AMR,Americas,,COL,Colombia,,...,,,,,,
TOBACCO_0000000396,Health warnings on other smoked tobacco packaging must include a photograph or graphic,,PUBLISHED,Published,,2008,2008,,AFR,Africa,,COM,Comoros,,...,,,,,,
TOBACCO_0000000396,Health warnings on other smoked tobacco packaging must include a photograph or graphic,,PUBLISHED,Published,,2008,2008,,AFR,Africa,,COG,Congo,,...,,,,,,
TOBACCO_0000000396,Health warnings on other smoked tobacco packaging must include a photograph or graphic,,PUBLISHED,Published,,2008,2008,,WPR,Western Pacific,,COK,Cook Islands,,...,,,,,,
TOBACCO_0000000396,Health warnings on other smoked tobacco packaging must include a photograph or graphic,,PUBLISHED,Published,,2008,2008,,AMR,Americas,,CRI,Costa Rica,,...,,,,,,
TOBACCO_0000000396,Health warnings on other smoked tobacco packaging must include a photograph or graphic,,PUBLISHED,Published,,2008,2008,,EUR,Europe,,HRV,Croatia,,No,,,,,,
TOBACCO_0000000396,Health warnings on other smoked tobacco packaging must include a photograph or graphic,,PUBLISHED,Published,,2008,2008,,AMR,Americas,,CUB,Cuba,,No,,,,,,
TOBACCO_0000000396,Health warnings on other smoked tobacco packaging must include a photograph or graphic,,PUBLISHED,Published,,2008,2008,,EUR,Europe,,CYP,Cyprus,,...,,,,,,
TOBACCO_0000000396,Health warnings on other smoked tobacco packaging must include a photograph or graphic,,PUBLISHED,Published,,2008,2008,,EUR,Europe,,CZE,Czechia,,No,,,,,,
TOBACCO_0000000396,Health warnings on other smoked tobacco packaging must include a photograph or graphic,,PUBLISHED,Published,,2008,2008,,SEAR,South-East Asia,,PRK,Democratic People's Republic of Korea,,...,,,,,,
TOBACCO_0000000396,Health warnings on other smoked tobacco packaging must include a photograph or graphic,,PUBLISHED,Published,,2008,2008,,AFR,Africa,,COD,Democratic Republic of the Congo,,No,,,,,,
TOBACCO_0000000396,Health warnings on other smoked tobacco packaging must include a photograph or graphic,,PUBLISHED,Published,,2008,2008,,EUR,Europe,,DNK,Denmark,,No,,,,,,
TOBACCO_0000000396,Health warnings on other smoked tobacco packaging must include a photograph or graphic,,PUBLISHED,Published,,2008,2008,,EMR,Eastern Mediterranean,,DJI,Djibouti,,Yes,,,,,,
TOBACCO_0000000396,Health warnings on other smoked tobacco packaging must include a photograph or graphic,,PUBLISHED,Published,,2008,2008,,AMR,Americas,,DMA,Dominica,,...,,,,,,
TOBACCO_0000000396,Health warnings on other smoked tobacco packaging must include a photograph or graphic,,PUBLISHED,Published,,2008,2008,,AMR,Americas,,DOM,Dominican Republic,,No,,,,,,
TOBACCO_0000000396,Health warnings on other smoked tobacco packaging must include a photograph or graphic,,PUBLISHED,Published,,2008,2008,,AMR,Americas,,ECU,Ecuador,,No,,,,,,
TOBACCO_0000000396,Health warnings on other smoked tobacco packaging must include a photograph or graphic,,PUBLISHED,Published,,2008,2008,,EMR,Eastern Mediterranean,,EGY,Egypt,,Yes,,,,,,
TOBACCO_0000000396,Health warnings on other smoked tobacco packaging must include a photograph or graphic,,PUBLISHED,Published,,2008,2008,,AMR,Americas,,SLV,El Salvador,,No,,,,,,
TOBACCO_0000000396,Health warnings on other smoked tobacco packaging must include a photograph or graphic,,PUBLISHED,Published,,2008,2008,,AFR,Africa,,GNQ,Equatorial Guinea,,...,,,,,,
TOBACCO_0000000396,Health warnings on other smoked tobacco packaging must include a photograph or graphic,,PUBLISHED,Published,,2008,2008,,AFR,Africa,,ERI,Eritrea,,...,,,,,,
TOBACCO_0000000396,Health warnings on other smoked tobacco packaging must include a photograph or graphic,,PUBLISHED,Published,,2008,2008,,EUR,Europe,,EST,Estonia,,No,,,,,,
TOBACCO_0000000396,Health warnings on other smoked tobacco packaging must include a photograph or graphic,,PUBLISHED,Published,,2008,2008,,AFR,Africa,,ETH,Ethiopia,,...,,,,,,
TOBACCO_0000000396,Health warnings on other smoked tobacco packaging must include a photograph or graphic,,PUBLISHED,Published,,2008,2008,,WPR,Western Pacific,,FJI,Fiji,,...,,,,,,
TOBACCO_0000000396,Health warnings on other smoked tobacco packaging must include a photograph or graphic,,PUBLISHED,Published,,2008,2008,,EUR,Europe,,FIN,Finland,,No,,,,,,
TOBACCO_0000000396,Health warnings on other smoked tobacco packaging must include a photograph or graphic,,PUBLISHED,Published,,2008,2008,,EUR,Europe,,FRA,France,,...,,,,,,
TOBACCO_0000000396,Health warnings on other smoked tobacco packaging must include a photograph or graphic,,PUBLISHED,Published,,2008,2008,,AFR,Africa,,GAB,Gabon,,No,,,,,,
TOBACCO_0000000396,Health warnings on other smoked tobacco packaging must include a photograph or graphic,,PUBLISHED,Published,,2008,2008,,AFR,Africa,,GMB,Gambia,,...,,,,,,
TOBACCO_0000000396,Health warnings on other smoked tobacco packaging must include a photograph or graphic,,PUBLISHED,Published,,2008,2008,,EUR,Europe,,GEO,Georgia,,...,,,,,,
TOBACCO_0000000396,Health warnings on other smoked tobacco packaging must include a photograph or graphic,,PUBLISHED,Published,,2008,2008,,EUR,Europe,,DEU,Germany,,...,,,,,,
TOBACCO_0000000396,Health warnings on other smoked tobacco packaging must include a photograph or graphic,,PUBLISHED,Published,,2008,2008,,AFR,Africa,,GHA,Ghana,,...,,,,,,
TOBACCO_0000000396,Health warnings on other smoked tobacco packaging must include a photograph or graphic,,PUBLISHED,Published,,2008,2008,,EUR,Europe,,GRC,Greece,,...,,,,,,
TOBACCO_0000000396,Health warnings on other smoked tobacco packaging must include a photograph or graphic,,PUBLISHED,Published,,2008,2008,,AMR,Americas,,GRD,Grenada,,...,,,,,,
TOBACCO_0000000396,Health warnings on other smoked tobacco packaging must include a photograph or graphic,,PUBLISHED,Published,,2008,2008,,AMR,Americas,,GTM,Guatemala,,No,,,,,,
TOBACCO_0000000396,Health warnings on other smoked tobacco packaging must include a photograph or graphic,,PUBLISHED,Published,,2008,2008,,AFR,Africa,,GIN,Guinea,,No,,,,,,
TOBACCO_0000000396,Health warnings on other smoked tobacco packaging must include a photograph or graphic,,PUBLISHED,Published,,2008,2008,,AFR,Africa,,GNB,Guinea-Bissau,,...,,,,,,
TOBACCO_0000000396,Health warnings on other smoked tobacco packaging must include a photograph or graphic,,PUBLISHED,Published,,2008,2008,,AMR,Americas,,GUY,Guyana,,...,,,,,,
TOBACCO_0000000396,Health warnings on other smoked tobacco packaging must include a photograph or graphic,,PUBLISHED,Published,,2008,2008,,AMR,Americas,,HTI,Haiti,,...,,,,,,
TOBACCO_0000000396,Health warnings on other smoked tobacco packaging must include a photograph or graphic,,PUBLISHED,Published,,2008,2008,,AMR,Americas,,HND,Honduras,,No,,,,,,
TOBACCO_0000000396,Health warnings on other smoked tobacco packaging must include a photograph or graphic,,PUBLISHED,Published,,2008,2008,,EUR,Europe,,HUN,Hungary,,...,,,,,,
TOBACCO_0000000396,Health warnings on other smoked tobacco packaging must include a photograph or graphic,,PUBLISHED,Published,,2008,2008,,EUR,Europe,,ISL,Iceland,,No,,,,,,
TOBACCO_0000000396,Health warnings on other smoked tobacco packaging must include a photograph or graphic,,PUBLISHED,Published,,2008,2008,,SEAR,South-East Asia,,IND,India,,Yes,,,,,,
TOBACCO_0000000396,Health warnings on other smoked tobacco packaging must include a photograph or graphic,,PUBLISHED,Published,,2008,2008,,SEAR,South-East Asia,,IDN,Indonesia,,No,,,,,,
TOBACCO_0000000396,Health warnings on other smoked tobacco packaging must include a photograph or graphic,,PUBLISHED,Published,,2008,2008,,EMR,Eastern Mediterranean,,IRN,Iran (Islamic Republic of),,Yes,,,,,,
TOBACCO_0000000396,Health warnings on other smoked tobacco packaging must include a photograph or graphic,,PUBLISHED,Published,,2008,2008,,EMR,Eastern Mediterranean,,IRQ,Iraq,,...,,,,,,
TOBACCO_0000000396,Health warnings on other smoked tobacco packaging must include a photograph or graphic,,PUBLISHED,Published,,2008,2008,,EUR,Europe,,IRL,Ireland,,No,,,,,,
TOBACCO_0000000396,Health warnings on other smoked tobacco packaging must include a photograph or graphic,,PUBLISHED,Published,,2008,2008,,EUR,Europe,,ISR,Israel,,No,,,,,,
TOBACCO_0000000396,Health warnings on other smoked tobacco packaging must include a photograph or graphic,,PUBLISHED,Published,,2008,2008,,EUR,Europe,,ITA,Italy,,No,,,,,,
TOBACCO_0000000396,Health warnings on other smoked tobacco packaging must include a photograph or graphic,,PUBLISHED,Published,,2008,2008,,AMR,Americas,,JAM,Jamaica,,No,,,,,,
TOBACCO_0000000396,Health warnings on other smoked tobacco packaging must include a photograph or graphic,,PUBLISHED,Published,,2008,2008,,WPR,Western Pacific,,JPN,Japan,,No,,,,,,
TOBACCO_0000000396,Health warnings on other smoked tobacco packaging must include a photograph or graphic,,PUBLISHED,Published,,2008,2008,,EMR,Eastern Mediterranean,,JOR,Jordan,,Yes,,,,,,
TOBACCO_0000000396,Health warnings on other smoked tobacco packaging must include a photograph or graphic,,PUBLISHED,Published,,2008,2008,,EUR,Europe,,KAZ,Kazakhstan,,...,,,,,,
TOBACCO_0000000396,Health warnings on other smoked tobacco packaging must include a photograph or graphic,,PUBLISHED,Published,,2008,2008,,AFR,Africa,,KEN,Kenya,,No,,,,,,
TOBACCO_0000000396,Health warnings on other smoked tobacco packaging must include a photograph or graphic,,PUBLISHED,Published,,2008,2008,,WPR,Western Pacific,,KIR,Kiribati,,...,,,,,,
TOBACCO_0000000396,Health warnings on other smoked tobacco packaging must include a photograph or graphic,,PUBLISHED,Published,,2008,2008,,EMR,Eastern Mediterranean,,KWT,Kuwait,,No,,,,,,
TOBACCO_0000000396,Health warnings on other smoked tobacco packaging must include a photograph or graphic,,PUBLISHED,Published,,2008,2008,,EUR,Europe,,KGZ,Kyrgyzstan,,...,,,,,,
TOBACCO_0000000396,Health warnings on other smoked tobacco packaging must include a photograph or graphic,,PUBLISHED,Published,,2008,2008,,WPR,Western Pacific,,LAO,Lao People's Democratic Republic,,...,,,,,,
TOBACCO_0000000396,Health warnings on other smoked tobacco packaging must include a photograph or graphic,,PUBLISHED,Published,,2008,2008,,EUR,Europe,,LVA,Latvia,,...,,,,,,
TOBACCO_0000000396,Health warnings on other smoked tobacco packaging must include a photograph or graphic,,PUBLISHED,Published,,2008,2008,,EMR,Eastern Mediterranean,,LBN,Lebanon,,No,,,,,,
TOBACCO_0000000396,Health warnings on other smoked tobacco packaging must include a photograph or graphic,,PUBLISHED,Published,,2008,2008,,AFR,Africa,,LSO,Lesotho,,...,,,,,,
TOBACCO_0000000396,Health warnings on other smoked tobacco packaging must include a photograph or graphic,,PUBLISHED,Published,,2008,2008,,AFR,Africa,,LBR,Liberia,,...,,,,,,
TOBACCO_0000000396,Health warnings on other smoked tobacco packaging must include a photograph or graphic,,PUBLISHED,Published,,2008,2008,,EMR,Eastern Mediterranean,,LBY,Libya,,...,,,,,,
TOBACCO_0000000396,Health warnings on other smoked tobacco packaging must include a photograph or graphic,,PUBLISHED,Published,,2008,2008,,EUR,Europe,,LTU,Lithuania,,No,,,,,,
TOBACCO_0000000396,Health warnings on other smoked tobacco packaging must include a photograph or graphic,,PUBLISHED,Published,,2008,2008,,EUR,Europe,,LUX,Luxembourg,,...,,,,,,
TOBACCO_0000000396,Health warnings on other smoked tobacco packaging must include a photograph or graphic,,PUBLISHED,Published,,2008,2008,,AFR,Africa,,MDG,Madagascar,,...,,,,,,
TOBACCO_0000000396,Health warnings on other smoked tobacco packaging must include a photograph or graphic,,PUBLISHED,Published,,2008,2008,,AFR,Africa,,MWI,Malawi,,...,,,,,,
TOBACCO_0000000396,Health warnings on other smoked tobacco packaging must include a photograph or graphic,,PUBLISHED,Published,,2008,2008,,WPR,Western Pacific,,MYS,Malaysia,,...,,,,,,
TOBACCO_0000000396,Health warnings on other smoked tobacco packaging must include a photograph or graphic,,PUBLISHED,Published,,2008,2008,,SEAR,South-East Asia,,MDV,Maldives,,...,,,,,,
TOBACCO_0000000396,Health warnings on other smoked tobacco packaging must include a photograph or graphic,,PUBLISHED,Published,,2008,2008,,AFR,Africa,,MLI,Mali,,...,,,,,,
TOBACCO_0000000396,Health warnings on other smoked tobacco packaging must include a photograph or graphic,,PUBLISHED,Published,,2008,2008,,EUR,Europe,,MLT,Malta,,No,,,,,,
TOBACCO_0000000396,Health warnings on other smoked tobacco packaging must include a photograph or graphic,,PUBLISHED,Published,,2008,2008,,WPR,Western Pacific,,MHL,Marshall Islands,,...,,,,,,
TOBACCO_0000000396,Health warnings on other smoked tobacco packaging must include a photograph or graphic,,PUBLISHED,Published,,2008,2008,,AFR,Africa,,MRT,Mauritania,,...,,,,,,
TOBACCO_0000000396,Health warnings on other smoked tobacco packaging must include a photograph or graphic,,PUBLISHED,Published,,2008,2008,,AFR,Africa,,MUS,Mauritius,,...,,,,,,
TOBACCO_0000000396,Health warnings on other smoked tobacco packaging must include a photograph or graphic,,PUBLISHED,Published,,2008,2008,,AMR,Americas,,MEX,Mexico,,...,,,,,,
TOBACCO_0000000396,Health warnings on other smoked tobacco packaging must include a photograph or graphic,,PUBLISHED,Published,,2008,2008,,WPR,Western Pacific,,FSM,Micronesia (Federated States of),,...,,,,,,
TOBACCO_0000000396,Health warnings on other smoked tobacco packaging must include a photograph or graphic,,PUBLISHED,Published,,2008,2008,,EUR,Europe,,MCO,Monaco,,...,,,,,,
TOBACCO_0000000396,Health warnings on other smoked tobacco packaging must include a photograph or graphic,,PUBLISHED,Published,,2008,2008,,WPR,Western Pacific,,MNG,Mongolia,,...,,,,,,
TOBACCO_0000000396,Health warnings on other smoked tobacco packaging must include a photograph or graphic,,PUBLISHED,Published,,2008,2008,,EMR,Eastern Mediterranean,,MAR,Morocco,,...,,,,,,
TOBACCO_0000000396,Health warnings on other smoked tobacco packaging must include a photograph or graphic,,PUBLISHED,Published,,2008,2008,,AFR,Africa,,MOZ,Mozambique,,...,,,,,,
TOBACCO_0000000396,Health warnings on other smoked tobacco packaging must include a photograph or graphic,,PUBLISHED,Published,,2008,2008,,SEAR,South-East Asia,,MMR,Myanmar,,No,,,,,,
TOBACCO_0000000396,Health warnings on other smoked tobacco packaging must include a photograph or graphic,,PUBLISHED,Published,,2008,2008,,AFR,Africa,,NAM,Namibia,,...,,,,,,
TOBACCO_0000000396,Health warnings on other smoked tobacco packaging must include a photograph or graphic,,PUBLISHED,Published,,2008,2008,,WPR,Western Pacific,,NRU,Nauru,,...,,,,,,
TOBACCO_0000000396,Health warnings on other smoked tobacco packaging must include a photograph or graphic,,PUBLISHED,Published,,2008,2008,,SEAR,South-East Asia,,NPL,Nepal,,...,,,,,,
TOBACCO_0000000396,Health warnings on other smoked tobacco packaging must include a photograph or graphic,,PUBLISHED,Published,,2008,2008,,EUR,Europe,,NLD,Netherlands,,No,,,,,,
TOBACCO_0000000396,Health warnings on other smoked tobacco packaging must include a photograph or graphic,,PUBLISHED,Published,,2008,2008,,WPR,Western Pacific,,NZL,New Zealand,,Yes,,,,,,
TOBACCO_0000000396,Health warnings on other smoked tobacco packaging must include a photograph or graphic,,PUBLISHED,Published,,2008,2008,,AMR,Americas,,NIC,Nicaragua,,...,,,,,,
TOBACCO_0000000396,Health warnings on other smoked tobacco packaging must include a photograph or graphic,,PUBLISHED,Published,,2008,2008,,AFR,Africa,,NER,Niger,,...,,,,,,
TOBACCO_0000000396,Health warnings on other smoked tobacco packaging must include a photograph or graphic,,PUBLISHED,Published,,2008,2008,,AFR,Africa,,NGA,Nigeria,,No,,,,,,
TOBACCO_0000000396,Health warnings on other smoked tobacco packaging must include a photograph or graphic,,PUBLISHED,Published,,2008,2008,,WPR,Western Pacific,,NIU,Niue,,...,,,,,,
TOBACCO_0000000396,Health warnings on other smoked tobacco packaging must include a photograph or graphic,,PUBLISHED,Published,,2008,2008,,EUR,Europe,,NOR,Norway,,No,,,,,,
TOBACCO_0000000396,Health warnings on other smoked tobacco packaging must include a photograph or graphic,,PUBLISHED,Published,,2008,2008,,EMR,Eastern Mediterranean,,OMN,Oman,,No,,,,,,
TOBACCO_0000000396,Health warnings on other smoked tobacco packaging must include a photograph or graphic,,PUBLISHED,Published,,2008,2008,,EMR,Eastern Mediterranean,,PAK,Pakistan,,...,,,,,,
TOBACCO_0000000396,Health warnings on other smoked tobacco packaging must include a photograph or graphic,,PUBLISHED,Published,,2008,2008,,WPR,Western Pacific,,PLW,Palau,,...,,,,,,
TOBACCO_0000000396,Health warnings on other smoked tobacco packaging must include a photograph or graphic,,PUBLISHED,Published,,2008,2008,,AMR,Americas,,PAN,Panama,,...,,,,,,
TOBACCO_0000000396,Health warnings on other smoked tobacco packaging must include a photograph or graphic,,PUBLISHED,Published,,2008,2008,,WPR,Western Pacific,,PNG,Papua New Guinea,,No,,,,,,
TOBACCO_0000000396,Health warnings on other smoked tobacco packaging must include a photograph or graphic,,PUBLISHED,Published,,2008,2008,,AMR,Americas,,PRY,Paraguay,,...,,,,,,
TOBACCO_0000000396,Health warnings on other smoked tobacco packaging must include a photograph or graphic,,PUBLISHED,Published,,2008,2008,,AMR,Americas,,PER,Peru,,...,,,,,,
TOBACCO_0000000396,Health warnings on other smoked tobacco packaging must include a photograph or graphic,,PUBLISHED,Published,,2008,2008,,WPR,Western Pacific,,PHL,Philippines,,No,,,,,,
TOBACCO_0000000396,Health warnings on other smoked tobacco packaging must include a photograph or graphic,,PUBLISHED,Published,,2008,2008,,EUR,Europe,,POL,Poland,,...,,,,,,
TOBACCO_0000000396,Health warnings on other smoked tobacco packaging must include a photograph or graphic,,PUBLISHED,Published,,2008,2008,,EUR,Europe,,PRT,Portugal,,No,,,,,,
TOBACCO_0000000396,Health warnings on other smoked tobacco packaging must include a photograph or graphic,,PUBLISHED,Published,,2008,2008,,EMR,Eastern Mediterranean,,QAT,Qatar,,No,,,,,,
TOBACCO_0000000396,Health warnings on other smoked tobacco packaging must include a photograph or graphic,,PUBLISHED,Published,,2008,2008,,WPR,Western Pacific,,KOR,Republic of Korea,,...,,,,,,
TOBACCO_0000000396,Health warnings on other smoked tobacco packaging must include a photograph or graphic,,PUBLISHED,Published,,2008,2008,,EUR,Europe,,MDA,Republic of Moldova,,...,,,,,,
TOBACCO_0000000396,Health warnings on other smoked tobacco packaging must include a photograph or graphic,,PUBLISHED,Published,,2008,2008,,EUR,Europe,,ROU,Romania,,Yes,,,,,,
TOBACCO_0000000396,Health warnings on other smoked tobacco packaging must include a photograph or graphic,,PUBLISHED,Published,,2008,2008,,EUR,Europe,,RUS,Russian Federation,,...,,,,,,
TOBACCO_0000000396,Health warnings on other smoked tobacco packaging must include a photograph or graphic,,PUBLISHED,Published,,2008,2008,,AFR,Africa,,RWA,Rwanda,,...,,,,,,
TOBACCO_0000000396,Health warnings on other smoked tobacco packaging must include a photograph or graphic,,PUBLISHED,Published,,2008,2008,,AMR,Americas,,KNA,Saint Kitts and Nevis,,...,,,,,,
TOBACCO_0000000396,Health warnings on other smoked tobacco packaging must include a photograph or graphic,,PUBLISHED,Published,,2008,2008,,AMR,Americas,,LCA,Saint Lucia,,...,,,,,,
TOBACCO_0000000396,Health warnings on other smoked tobacco packaging must include a photograph or graphic,,PUBLISHED,Published,,2008,2008,,AMR,Americas,,VCT,Saint Vincent and the Grenadines,,...,,,,,,
TOBACCO_0000000396,Health warnings on other smoked tobacco packaging must include a photograph or graphic,,PUBLISHED,Published,,2008,2008,,WPR,Western Pacific,,WSM,Samoa,,...,,,,,,
TOBACCO_0000000396,Health warnings on other smoked tobacco packaging must include a photograph or graphic,,PUBLISHED,Published,,2008,2008,,EUR,Europe,,SMR,San Marino,,...,,,,,,
TOBACCO_0000000396,Health warnings on other smoked tobacco packaging must include a photograph or graphic,,PUBLISHED,Published,,2008,2008,,AFR,Africa,,STP,Sao Tome and Principe,,...,,,,,,
TOBACCO_0000000396,Health warnings on other smoked tobacco packaging must include a photograph or graphic,,PUBLISHED,Published,,2008,2008,,EMR,Eastern Mediterranean,,SAU,Saudi Arabia,,...,,,,,,
TOBACCO_0000000396,Health warnings on other smoked tobacco packaging must include a photograph or graphic,,PUBLISHED,Published,,2008,2008,,AFR,Africa,,SEN,Senegal,,No,,,,,,
TOBACCO_0000000396,Health warnings on other smoked tobacco packaging must include a photograph or graphic,,PUBLISHED,Published,,2008,2008,,EUR,Europe,,SRB,Serbia,,No,,,,,,
TOBACCO_0000000396,Health warnings on other smoked tobacco packaging must include a photograph or graphic,,PUBLISHED,Published,,2008,2008,,AFR,Africa,,SYC,Seychelles,,...,,,,,,
TOBACCO_0000000396,Health warnings on other smoked tobacco packaging must include a photograph or graphic,,PUBLISHED,Published,,2008,2008,,AFR,Africa,,SLE,Sierra Leone,,...,,,,,,
TOBACCO_0000000396,Health warnings on other smoked tobacco packaging must include a photograph or graphic,,PUBLISHED,Published,,2008,2008,,WPR,Western Pacific,,SGP,Singapore,,No,,,,,,
TOBACCO_0000000396,Health warnings on other smoked tobacco packaging must include a photograph or graphic,,PUBLISHED,Published,,2008,2008,,EUR,Europe,,SVK,Slovakia,,...,,,,,,
TOBACCO_0000000396,Health warnings on other smoked tobacco packaging must include a photograph or graphic,,PUBLISHED,Published,,2008,2008,,EUR,Europe,,SVN,Slovenia,,...,,,,,,
TOBACCO_0000000396,Health warnings on other smoked tobacco packaging must include a photograph or graphic,,PUBLISHED,Published,,2008,2008,,WPR,Western Pacific,,SLB,Solomon Islands,,...,,,,,,
TOBACCO_0000000396,Health warnings on other smoked tobacco packaging must include a photograph or graphic,,PUBLISHED,Published,,2008,2008,,EMR,Eastern Mediterranean,,SOM,Somalia,,...,,,,,,
TOBACCO_0000000396,Health warnings on other smoked tobacco packaging must include a photograph or graphic,,PUBLISHED,Published,,2008,2008,,AFR,Africa,,ZAF,South Africa,,No,,,,,,
TOBACCO_0000000396,Health warnings on other smoked tobacco packaging must include a photograph or graphic,,PUBLISHED,Published,,2008,2008,,EUR,Europe,,ESP,Spain,,No,,,,,,
TOBACCO_0000000396,Health warnings on other smoked tobacco packaging must include a photograph or graphic,,PUBLISHED,Published,,2008,2008,,SEAR,South-East Asia,,LKA,Sri Lanka,,...,,,,,,
TOBACCO_0000000396,Health warnings on other smoked tobacco packaging must include a photograph or graphic,,PUBLISHED,Published,,2008,2008,,EMR,Eastern Mediterranean,,SDN,Sudan,,...,,,,,,
TOBACCO_0000000396,Health warnings on other smoked tobacco packaging must include a photograph or graphic,,PUBLISHED,Published,,2008,2008,,AMR,Americas,,SUR,Suriname,,...,,,,,,
TOBACCO_0000000396,Health warnings on other smoked tobacco packaging must include a photograph or graphic,,PUBLISHED,Published,,2008,2008,,AFR,Africa,,SWZ,Eswatini,,...,,,,,,
TOBACCO_0000000396,Health warnings on other smoked tobacco packaging must include a photograph or graphic,,PUBLISHED,Published,,2008,2008,,EUR,Europe,,SWE,Sweden,,...,,,,,,
TOBACCO_0000000396,Health warnings on other smoked tobacco packaging must include a photograph or graphic,,PUBLISHED,Published,,2008,2008,,EUR,Europe,,CHE,Switzerland,,...,,,,,,
TOBACCO_0000000396,Health warnings on other smoked tobacco packaging must include a photograph or graphic,,PUBLISHED,Published,,2008,2008,,EMR,Eastern Mediterranean,,SYR,Syrian Arab Republic,,No,,,,,,
TOBACCO_0000000396,Health warnings on other smoked tobacco packaging must include a photograph or graphic,,PUBLISHED,Published,,2008,2008,,EUR,Europe,,TJK,Tajikistan,,...,,,,,,
TOBACCO_0000000396,Health warnings on other smoked tobacco packaging must include a photograph or graphic,,PUBLISHED,Published,,2008,2008,,SEAR,South-East Asia,,THA,Thailand,,Yes,,,,,,
TOBACCO_0000000396,Health warnings on other smoked tobacco packaging must include a photograph or graphic,,PUBLISHED,Published,,2008,2008,,EUR,Europe,,MKD,Republic of North Macedonia,,...,,,,,,
TOBACCO_0000000396,Health warnings on other smoked tobacco packaging must include a photograph or graphic,,PUBLISHED,Published,,2008,2008,,SEAR,South-East Asia,,TLS,Timor-Leste,,No,,,,,,
TOBACCO_0000000396,Health warnings on other smoked tobacco packaging must include a photograph or graphic,,PUBLISHED,Published,,2008,2008,,AFR,Africa,,TGO,Togo,,...,,,,,,
TOBACCO_0000000396,Health warnings on other smoked tobacco packaging must include a photograph or graphic,,PUBLISHED,Published,,2008,2008,,WPR,Western Pacific,,TON,Tonga,,No,,,,,,
TOBACCO_0000000396,Health warnings on other smoked tobacco packaging must include a photograph or graphic,,PUBLISHED,Published,,2008,2008,,AMR,Americas,,TTO,Trinidad and Tobago,,No,,,,,,
TOBACCO_0000000396,Health warnings on other smoked tobacco packaging must include a photograph or graphic,,PUBLISHED,Published,,2008,2008,,EMR,Eastern Mediterranean,,TUN,Tunisia,,No,,,,,,
TOBACCO_0000000396,Health warnings on other smoked tobacco packaging must include a photograph or graphic,,PUBLISHED,Published,,2008,2008,,EUR,Europe,,TUR,Turkey,,No,,,,,,
TOBACCO_0000000396,Health warnings on other smoked tobacco packaging must include a photograph or graphic,,PUBLISHED,Published,,2008,2008,,EUR,Europe,,TKM,Turkmenistan,,...,,,,,,
TOBACCO_0000000396,Health warnings on other smoked tobacco packaging must include a photograph or graphic,,PUBLISHED,Published,,2008,2008,,WPR,Western Pacific,,TUV,Tuvalu,,No,,,,,,
TOBACCO_0000000396,Health warnings on other smoked tobacco packaging must include a photograph or graphic,,PUBLISHED,Published,,2008,2008,,AFR,Africa,,UGA,Uganda,,...,,,,,,
TOBACCO_0000000396,Health warnings on other smoked tobacco packaging must include a photograph or graphic,,PUBLISHED,Published,,2008,2008,,EUR,Europe,,UKR,Ukraine,,No,,,,,,
TOBACCO_0000000396,Health warnings on other smoked tobacco packaging must include a photograph or graphic,,PUBLISHED,Published,,2008,2008,,EMR,Eastern Mediterranean,,ARE,United Arab Emirates,,...,,,,,,
TOBACCO_0000000396,Health warnings on other smoked tobacco packaging must include a photograph or graphic,,PUBLISHED,Published,,2008,2008,,EUR,Europe,,GBR,United Kingdom of Great Britain and Northern Ireland,,No,,,,,,
TOBACCO_0000000396,Health warnings on other smoked tobacco packaging must include a photograph or graphic,,PUBLISHED,Published,,2008,2008,,AFR,Africa,,TZA,United Republic of Tanzania,,No,,,,,,
TOBACCO_0000000396,Health warnings on other smoked tobacco packaging must include a photograph or graphic,,PUBLISHED,Published,,2008,2008,,AMR,Americas,,USA,United States of America,,...,,,,,,
TOBACCO_0000000396,Health warnings on other smoked tobacco packaging must include a photograph or graphic,,PUBLISHED,Published,,2008,2008,,AMR,Americas,,URY,Uruguay,,Yes,,,,,,
TOBACCO_0000000396,Health warnings on other smoked tobacco packaging must include a photograph or graphic,,PUBLISHED,Published,,2008,2008,,EUR,Europe,,UZB,Uzbekistan,,...,,,,,,
TOBACCO_0000000396,Health warnings on other smoked tobacco packaging must include a photograph or graphic,,PUBLISHED,Published,,2008,2008,,WPR,Western Pacific,,VUT,Vanuatu,,...,,,,,,
TOBACCO_0000000396,Health warnings on other smoked tobacco packaging must include a photograph or graphic,,PUBLISHED,Published,,2008,2008,,AMR,Americas,,VEN,Venezuela (Bolivarian Republic of),,...,,,,,,
TOBACCO_0000000396,Health warnings on other smoked tobacco packaging must include a photograph or graphic,,PUBLISHED,Published,,2008,2008,,WPR,Western Pacific,,VNM,Viet Nam,,...,,,,,,
TOBACCO_0000000396,Health warnings on other smoked tobacco packaging must include a photograph or graphic,,PUBLISHED,Published,,2008,2008,,EMR,Eastern Mediterranean,,YEM,Yemen,,...,,,,,,
TOBACCO_0000000396,Health warnings on other smoked tobacco packaging must include a photograph or graphic,,PUBLISHED,Published,,2008,2008,,AFR,Africa,,ZMB,Zambia,,...,,,,,,
TOBACCO_0000000396,Health warnings on other smoked tobacco packaging must include a photograph or graphic,,PUBLISHED,Published,,2008,2008,,AFR,Africa,,ZWE,Zimbabwe,,No,,,,,,
TOBACCO_0000000396,Health warnings on other smoked tobacco packaging must include a photograph or graphic,,PUBLISHED,Published,,2008,2008,,EUR,Europe,,MNE,Montenegro,,...,,,,,,
TOBACCO_0000000396,Health warnings on other smoked tobacco packaging must include a photograph or graphic,,PUBLISHED,Published,,2008,2008,,AFR,Africa,,CIV,Côte d'Ivoire,,No,,,,,,
TOBACCO_0000000396,Health warnings on other smoked tobacco packaging must include a photograph or graphic,,PUBLISHED,Published,,2008,2008,,EMR,Eastern Mediterranean,,AFG,Afghanistan,,...,,,,,,
TOBACCO_0000000396,Health warnings on other smoked tobacco packaging must include a photograph or graphic,,PUBLISHED,Published,,2008,2008,,EUR,Europe,,ALB,Albania,,No,,,,,,
TOBACCO_0000000396,Health warnings on other smoked tobacco packaging must include a photograph or graphic,,PUBLISHED,Published,,2008,2008,,AFR,Africa,,DZA,Algeria,,...,,,,,,
TOBACCO_0000000396,Health warnings on other smoked tobacco packaging must include a photograph or graphic,,PUBLISHED,Published,,2008,2008,,EUR,Europe,,AND,Andorra,,...,,,,,,
TOBACCO_0000000396,Health warnings on other smoked tobacco packaging must include a photograph or graphic,,PUBLISHED,Published,,2008,2008,,AFR,Africa,,AGO,Angola,,...,,,,,,
TOBACCO_0000000396,Health warnings on other smoked tobacco packaging must include a photograph or graphic,,PUBLISHED,Published,,2008,2008,,AMR,Americas,,ATG,Antigua and Barbuda,,...,,,,,,
TOBACCO_0000000396,Health warnings on other smoked tobacco packaging must include a photograph or graphic,,PUBLISHED,Published,,2008,2008,,AMR,Americas,,ARG,Argentina,,No,,,,,,
TOBACCO_0000000396,Health warnings on other smoked tobacco packaging must include a photograph or graphic,,PUBLISHED,Published,,2008,2008,,EUR,Europe,,ARM,Armenia,,No,,,,,,
TOBACCO_0000000396,Health warnings on other smoked tobacco packaging must include a photograph or graphic,,PUBLISHED,Published,,2008,2008,,WPR,Western Pacific,,AUS,Australia,,Yes,,,,,,
TOBACCO_0000000396,Health warnings on other smoked tobacco packaging must include a photograph or graphic,,PUBLISHED,Published,,2008,2008,,EUR,Europe,,AUT,Austria,,No,,,,,,
TOBACCO_0000000396,Health warnings on other smoked tobacco packaging must include a photograph or graphic,,PUBLISHED,Published,,2008,2008,,EUR,Europe,,AZE,Azerbaijan,,...,,,,,,
TOBACCO_0000000396,Health warnings on other smoked tobacco packaging must include a photograph or graphic,,PUBLISHED,Published,,2008,2008,,AMR,Americas,,BHS,Bahamas,,No,,,,,,
TOBACCO_0000000396,Health warnings on other smoked tobacco packaging must include a photograph or graphic,,PUBLISHED,Published,,2008,2008,,EMR,Eastern Mediterranean,,BHR,Bahrain,,...,,,,,,
TOBACCO_0000000396,Health warnings on other smoked tobacco packaging must include a photograph or graphic,,PUBLISHED,Published,,2008,2008,,SEAR,South-East Asia,,BGD,Bangladesh,,No,,,,,,
TOBACCO_0000000396,Health warnings on other smoked tobacco packaging must include a photograph or graphic,,PUBLISHED,Published,,2008,2008,,AMR,Americas,,BRB,Barbados,,...,,,,,,
TOBACCO_0000000396,Health warnings on other smoked tobacco packaging must include a photograph or graphic,,PUBLISHED,Published,,2008,2008,,EUR,Europe,,BLR,Belarus,,No,,,,,,
TOBACCO_0000000396,Health warnings on other smoked tobacco packaging must include a photograph or graphic,,PUBLISHED,Published,,2008,2008,,EUR,Europe,,BEL,Belgium,,...,,,,,,
TOBACCO_0000000396,Health warnings on other smoked tobacco packaging must include a photograph or graphic,,PUBLISHED,Published,,2008,2008,,AMR,Americas,,BLZ,Belize,,...,,,,,,
TOBACCO_0000000396,Health warnings on other smoked tobacco packaging must include a photograph or graphic,,PUBLISHED,Published,,2008,2008,,AFR,Africa,,BEN,Benin,,No,,,,,,
TOBACCO_0000000396,Health warnings on other smoked tobacco packaging must include a photograph or graphic,,PUBLISHED,Published,,2008,2008,,SEAR,South-East Asia,,BTN,Bhutan,,...,,,,,,
TOBACCO_0000000396,Health warnings on other smoked tobacco packaging must include a photograph or graphic,,PUBLISHED,Published,,2008,2008,,AMR,Americas,,BOL,Bolivia (Plurinational State of),,...,,,,,,
TOBACCO_0000000396,Health warnings on other smoked tobacco packaging must include a photograph or graphic,,PUBLISHED,Published,,2008,2008,,EUR,Europe,,BIH,Bosnia and Herzegovina,,...,,,,,,
TOBACCO_0000000396,Health warnings on other smoked tobacco packaging must include a photograph or graphic,,PUBLISHED,Published,,2008,2008,,AFR,Africa,,BWA,Botswana,,...,,,,,,
TOBACCO_0000000396,Health warnings on other smoked tobacco packaging must include a photograph or graphic,,PUBLISHED,Published,,2008,2008,,AMR,Americas,,BRA,Brazil,,...,,,,,,
TOBACCO_0000000396,Health warnings on other smoked tobacco packaging must include a photograph or graphic,,PUBLISHED,Published,,2008,2008,,WPR,Western Pacific,,BRN,Brunei Darussalam,,...,,,,,,
TOBACCO_0000000396,Health warnings on other smoked tobacco packaging must include a photograph or graphic,,PUBLISHED,Published,,2008,2008,,EUR,Europe,,BGR,Bulgaria,,No,,,,,,
TOBACCO_0000000396,Health warnings on other smoked tobacco packaging must include a photograph or graphic,,PUBLISHED,Published,,2008,2008,,AFR,Africa,,BFA,Burkina Faso,,...,,,,,,
TOBACCO_0000000396,Health warnings on other smoked tobacco packaging must include a photograph or graphic,,PUBLISHED,Published,,2008,2008,,AFR,Africa,,BDI,Burundi,,...,,,,,,
TOBACCO_0000000396,Health warnings on other smoked tobacco packaging must include a photograph or graphic,,PUBLISHED,Published,,2008,2008,,WPR,Western Pacific,,KHM,Cambodia,,...,,,,,,
TOBACCO_0000000396,Health warnings on other smoked tobacco packaging must include a photograph or graphic,,PUBLISHED,Published,,2008,2008,,AFR,Africa,,CMR,Cameroon,,...,,,,,,
TOBACCO_0000000396,Health warnings on other smoked tobacco packaging must include a photograph or graphic,,PUBLISHED,Published,,2008,2008,,AMR,Americas,,CAN,Canada,,Yes,,,,,,
TOBACCO_0000000396,Health warnings on other smoked tobacco packaging must include a photograph or graphic,,PUBLISHED,Published,,2008,2008,,AFR,Africa,,CPV,Cabo Verde,,...,,,,,,
TOBACCO_0000000396,Health warnings on other smoked tobacco packaging must include a photograph or graphic,,PUBLISHED,Published,,2008,2008,,AFR,Africa,,CAF,Central African Republic,,...,,,,,,
TOBACCO_0000000396,Health warnings on other smoked tobacco packaging must include a photograph or graphic,,PUBLISHED,Published,,2008,2008,,AFR,Africa,,TCD,Chad,,...,,,,,,
TOBACCO_0000000396,Health warnings on other smoked tobacco packaging must include a photograph or graphic,,PUBLISHED,Published,,2008,2008,,AMR,Americas,,CHL,Chile,,Yes,,,,,,
TOBACCO_0000000396,Health warnings on other smoked tobacco packaging must include a photograph or graphic,,PUBLISHED,Published,,2008,2008,,WPR,Western Pacific,,CHN,China,,...,,,,,,
TOBACCO_0000000396,Health warnings on other smoked tobacco packaging must include a photograph or graphic,,PUBLISHED,Published,,2008,2008,,AMR,Americas,,COL,Colombia,,...,,,,,,
TOBACCO_0000000396,Health warnings on other smoked tobacco packaging must include a photograph or graphic,,PUBLISHED,Published,,2008,2008,,AFR,Africa,,COM,Comoros,,...,,,,,,
TOBACCO_0000000396,Health warnings on other smoked tobacco packaging must include a photograph or graphic,,PUBLISHED,Published,,2008,2008,,AFR,Africa,,COG,Congo,,...,,,,,,
TOBACCO_0000000396,Health warnings on other smoked tobacco packaging must include a photograph or graphic,,PUBLISHED,Published,,2008,2008,,WPR,Western Pacific,,COK,Cook Islands,,...,,,,,,
TOBACCO_0000000396,Health warnings on other smoked tobacco packaging must include a photograph or graphic,,PUBLISHED,Published,,2008,2008,,AMR,Americas,,CRI,Costa Rica,,...,,,,,,
TOBACCO_0000000396,Health warnings on other smoked tobacco packaging must include a photograph or graphic,,PUBLISHED,Published,,2008,2008,,EUR,Europe,,HRV,Croatia,,No,,,,,,
TOBACCO_0000000396,Health warnings on other smoked tobacco packaging must include a photograph or graphic,,PUBLISHED,Published,,2008,2008,,AMR,Americas,,CUB,Cuba,,No,,,,,,
TOBACCO_0000000396,Health warnings on other smoked tobacco packaging must include a photograph or graphic,,PUBLISHED,Published,,2008,2008,,EUR,Europe,,CYP,Cyprus,,...,,,,,,
TOBACCO_0000000396,Health warnings on other smoked tobacco packaging must include a photograph or graphic,,PUBLISHED,Published,,2008,2008,,EUR,Europe,,CZE,Czechia,,No,,,,,,
TOBACCO_0000000396,Health warnings on other smoked tobacco packaging must include a photograph or graphic,,PUBLISHED,Published,,2008,2008,,SEAR,South-East Asia,,PRK,Democratic People's Republic of Korea,,...,,,,,,
TOBACCO_0000000396,Health warnings on other smoked tobacco packaging must include a photograph or graphic,,PUBLISHED,Published,,2008,2008,,AFR,Africa,,COD,Democratic Republic of the Congo,,No,,,,,,
TOBACCO_0000000396,Health warnings on other smoked tobacco packaging must include a photograph or graphic,,PUBLISHED,Published,,2008,2008,,EUR,Europe,,DNK,Denmark,,No,,,,,,
TOBACCO_0000000396,Health warnings on other smoked tobacco packaging must include a photograph or graphic,,PUBLISHED,Published,,2008,2008,,EMR,Eastern Mediterranean,,DJI,Djibouti,,Yes,,,,,,
TOBACCO_0000000396,Health warnings on other smoked tobacco packaging must include a photograph or graphic,,PUBLISHED,Published,,2008,2008,,AMR,Americas,,DMA,Dominica,,...,,,,,,
TOBACCO_0000000396,Health warnings on other smoked tobacco packaging must include a photograph or graphic,,PUBLISHED,Published,,2008,2008,,AMR,Americas,,DOM,Dominican Republic,,No,,,,,,
TOBACCO_0000000396,Health warnings on other smoked tobacco packaging must include a photograph or graphic,,PUBLISHED,Published,,2008,2008,,AMR,Americas,,ECU,Ecuador,,No,,,,,,
TOBACCO_0000000396,Health warnings on other smoked tobacco packaging must include a photograph or graphic,,PUBLISHED,Published,,2008,2008,,EMR,Eastern Mediterranean,,EGY,Egypt,,Yes,,,,,,
TOBACCO_0000000396,Health warnings on other smoked tobacco packaging must include a photograph or graphic,,PUBLISHED,Published,,2008,2008,,AMR,Americas,,SLV,El Salvador,,No,,,,,,
TOBACCO_0000000396,Health warnings on other smoked tobacco packaging must include a photograph or graphic,,PUBLISHED,Published,,2008,2008,,AFR,Africa,,GNQ,Equatorial Guinea,,...,,,,,,
TOBACCO_0000000396,Health warnings on other smoked tobacco packaging must include a photograph or graphic,,PUBLISHED,Published,,2008,2008,,AFR,Africa,,ERI,Eritrea,,...,,,,,,
TOBACCO_0000000396,Health warnings on other smoked tobacco packaging must include a photograph or graphic,,PUBLISHED,Published,,2008,2008,,EUR,Europe,,EST,Estonia,,No,,,,,,
TOBACCO_0000000396,Health warnings on other smoked tobacco packaging must include a photograph or graphic,,PUBLISHED,Published,,2008,2008,,AFR,Africa,,ETH,Ethiopia,,...,,,,,,
TOBACCO_0000000396,Health warnings on other smoked tobacco packaging must include a photograph or graphic,,PUBLISHED,Published,,2008,2008,,WPR,Western Pacific,,FJI,Fiji,,...,,,,,,
TOBACCO_0000000396,Health warnings on other smoked tobacco packaging must include a photograph or graphic,,PUBLISHED,Published,,2008,2008,,EUR,Europe,,FIN,Finland,,No,,,,,,
TOBACCO_0000000396,Health warnings on other smoked tobacco packaging must include a photograph or graphic,,PUBLISHED,Published,,2008,2008,,EUR,Europe,,FRA,France,,...,,,,,,
TOBACCO_0000000396,Health warnings on other smoked tobacco packaging must include a photograph or graphic,,PUBLISHED,Published,,2008,2008,,AFR,Africa,,GAB,Gabon,,No,,,,,,
TOBACCO_0000000396,Health warnings on other smoked tobacco packaging must include a photograph or graphic,,PUBLISHED,Published,,2008,2008,,AFR,Africa,,GMB,Gambia,,...,,,,,,
TOBACCO_0000000396,Health warnings on other smoked tobacco packaging must include a photograph or graphic,,PUBLISHED,Published,,2008,2008,,EUR,Europe,,GEO,Georgia,,...,,,,,,
TOBACCO_0000000396,Health warnings on other smoked tobacco packaging must include a photograph or graphic,,PUBLISHED,Published,,2008,2008,,EUR,Europe,,DEU,Germany,,...,,,,,,
TOBACCO_0000000396,Health warnings on other smoked tobacco packaging must include a photograph or graphic,,PUBLISHED,Published,,2008,2008,,AFR,Africa,,GHA,Ghana,,...,,,,,,
TOBACCO_0000000396,Health warnings on other smoked tobacco packaging must include a photograph or graphic,,PUBLISHED,Published,,2008,2008,,EUR,Europe,,GRC,Greece,,...,,,,,,
TOBACCO_0000000396,Health warnings on other smoked tobacco packaging must include a photograph or graphic,,PUBLISHED,Published,,2008,2008,,AMR,Americas,,GRD,Grenada,,...,,,,,,
TOBACCO_0000000396,Health warnings on other smoked tobacco packaging must include a photograph or graphic,,PUBLISHED,Published,,2008,2008,,AMR,Americas,,GTM,Guatemala,,No,,,,,,
TOBACCO_0000000396,Health warnings on other smoked tobacco packaging must include a photograph or graphic,,PUBLISHED,Published,,2008,2008,,AFR,Africa,,GIN,Guinea,,No,,,,,,
TOBACCO_0000000396,Health warnings on other smoked tobacco packaging must include a photograph or graphic,,PUBLISHED,Published,,2008,2008,,AFR,Africa,,GNB,Guinea-Bissau,,...,,,,,,
TOBACCO_0000000396,Health warnings on other smoked tobacco packaging must include a photograph or graphic,,PUBLISHED,Published,,2008,2008,,AMR,Americas,,GUY,Guyana,,...,,,,,,
TOBACCO_0000000396,Health warnings on other smoked tobacco packaging must include a photograph or graphic,,PUBLISHED,Published,,2008,2008,,AMR,Americas,,HTI,Haiti,,...,,,,,,
TOBACCO_0000000396,Health warnings on other smoked tobacco packaging must include a photograph or graphic,,PUBLISHED,Published,,2008,2008,,AMR,Americas,,HND,Honduras,,No,,,,,,
TOBACCO_0000000396,Health warnings on other smoked tobacco packaging must include a photograph or graphic,,PUBLISHED,Published,,2008,2008,,EUR,Europe,,HUN,Hungary,,...,,,,,,
TOBACCO_0000000396,Health warnings on other smoked tobacco packaging must include a photograph or graphic,,PUBLISHED,Published,,2008,2008,,EUR,Europe,,ISL,Iceland,,No,,,,,,
TOBACCO_0000000396,Health warnings on other smoked tobacco packaging must include a photograph or graphic,,PUBLISHED,Published,,2008,2008,,SEAR,South-East Asia,,IND,India,,Yes,,,,,,
TOBACCO_0000000396,Health warnings on other smoked tobacco packaging must include a photograph or graphic,,PUBLISHED,Published,,2008,2008,,SEAR,South-East Asia,,IDN,Indonesia,,No,,,,,,
TOBACCO_0000000396,Health warnings on other smoked tobacco packaging must include a photograph or graphic,,PUBLISHED,Published,,2008,2008,,EMR,Eastern Mediterranean,,IRN,Iran (Islamic Republic of),,Yes,,,,,,
TOBACCO_0000000396,Health warnings on other smoked tobacco packaging must include a photograph or graphic,,PUBLISHED,Published,,2008,2008,,EMR,Eastern Mediterranean,,IRQ,Iraq,,...,,,,,,
TOBACCO_0000000396,Health warnings on other smoked tobacco packaging must include a photograph or graphic,,PUBLISHED,Published,,2008,2008,,EUR,Europe,,IRL,Ireland,,No,,,,,,
TOBACCO_0000000396,Health warnings on other smoked tobacco packaging must include a photograph or graphic,,PUBLISHED,Published,,2008,2008,,EUR,Europe,,ISR,Israel,,No,,,,,,
TOBACCO_0000000396,Health warnings on other smoked tobacco packaging must include a photograph or graphic,,PUBLISHED,Published,,2008,2008,,EUR,Europe,,ITA,Italy,,No,,,,,,
TOBACCO_0000000396,Health warnings on other smoked tobacco packaging must include a photograph or graphic,,PUBLISHED,Published,,2008,2008,,AMR,Americas,,JAM,Jamaica,,No,,,,,,
TOBACCO_0000000396,Health warnings on other smoked tobacco packaging must include a photograph or graphic,,PUBLISHED,Published,,2008,2008,,WPR,Western Pacific,,JPN,Japan,,No,,,,,,
TOBACCO_0000000396,Health warnings on other smoked tobacco packaging must include a photograph or graphic,,PUBLISHED,Published,,2008,2008,,EMR,Eastern Mediterranean,,JOR,Jordan,,Yes,,,,,,
TOBACCO_0000000396,Health warnings on other smoked tobacco packaging must include a photograph or graphic,,PUBLISHED,Published,,2008,2008,,EUR,Europe,,KAZ,Kazakhstan,,...,,,,,,
TOBACCO_0000000396,Health warnings on other smoked tobacco packaging must include a photograph or graphic,,PUBLISHED,Published,,2008,2008,,AFR,Africa,,KEN,Kenya,,No,,,,,,
TOBACCO_0000000396,Health warnings on other smoked tobacco packaging must include a photograph or graphic,,PUBLISHED,Published,,2008,2008,,WPR,Western Pacific,,KIR,Kiribati,,...,,,,,,
TOBACCO_0000000396,Health warnings on other smoked tobacco packaging must include a photograph or graphic,,PUBLISHED,Published,,2008,2008,,EMR,Eastern Mediterranean,,KWT,Kuwait,,No,,,,,,
TOBACCO_0000000396,Health warnings on other smoked tobacco packaging must include a photograph or graphic,,PUBLISHED,Published,,2008,2008,,EUR,Europe,,KGZ,Kyrgyzstan,,...,,,,,,
TOBACCO_0000000396,Health warnings on other smoked tobacco packaging must include a photograph or graphic,,PUBLISHED,Published,,2008,2008,,WPR,Western Pacific,,LAO,Lao People's Democratic Republic,,...,,,,,,
TOBACCO_0000000396,Health warnings on other smoked tobacco packaging must include a photograph or graphic,,PUBLISHED,Published,,2008,2008,,EUR,Europe,,LVA,Latvia,,...,,,,,,
TOBACCO_0000000396,Health warnings on other smoked tobacco packaging must include a photograph or graphic,,PUBLISHED,Published,,2008,2008,,EMR,Eastern Mediterranean,,LBN,Lebanon,,No,,,,,,
TOBACCO_0000000396,Health warnings on other smoked tobacco packaging must include a photograph or graphic,,PUBLISHED,Published,,2008,2008,,AFR,Africa,,LSO,Lesotho,,...,,,,,,
TOBACCO_0000000396,Health warnings on other smoked tobacco packaging must include a photograph or graphic,,PUBLISHED,Published,,2008,2008,,AFR,Africa,,LBR,Liberia,,...,,,,,,
TOBACCO_0000000396,Health warnings on other smoked tobacco packaging must include a photograph or graphic,,PUBLISHED,Published,,2008,2008,,EMR,Eastern Mediterranean,,LBY,Libya,,...,,,,,,
TOBACCO_0000000396,Health warnings on other smoked tobacco packaging must include a photograph or graphic,,PUBLISHED,Published,,2008,2008,,EUR,Europe,,LTU,Lithuania,,No,,,,,,
TOBACCO_0000000396,Health warnings on other smoked tobacco packaging must include a photograph or graphic,,PUBLISHED,Published,,2008,2008,,EUR,Europe,,LUX,Luxembourg,,...,,,,,,
TOBACCO_0000000396,Health warnings on other smoked tobacco packaging must include a photograph or graphic,,PUBLISHED,Published,,2008,2008,,AFR,Africa,,MDG,Madagascar,,...,,,,,,
TOBACCO_0000000396,Health warnings on other smoked tobacco packaging must include a photograph or graphic,,PUBLISHED,Published,,2008,2008,,AFR,Africa,,MWI,Malawi,,...,,,,,,
TOBACCO_0000000396,Health warnings on other smoked tobacco packaging must include a photograph or graphic,,PUBLISHED,Published,,2008,2008,,WPR,Western Pacific,,MYS,Malaysia,,...,,,,,,
TOBACCO_0000000396,Health warnings on other smoked tobacco packaging must include a photograph or graphic,,PUBLISHED,Published,,2008,2008,,SEAR,South-East Asia,,MDV,Maldives,,...,,,,,,
TOBACCO_0000000396,Health warnings on other smoked tobacco packaging must include a photograph or graphic,,PUBLISHED,Published,,2008,2008,,AFR,Africa,,MLI,Mali,,...,,,,,,
TOBACCO_0000000396,Health warnings on other smoked tobacco packaging must include a photograph or graphic,,PUBLISHED,Published,,2008,2008,,EUR,Europe,,MLT,Malta,,No,,,,,,
TOBACCO_0000000396,Health warnings on other smoked tobacco packaging must include a photograph or graphic,,PUBLISHED,Published,,2008,2008,,WPR,Western Pacific,,MHL,Marshall Islands,,...,,,,,,
TOBACCO_0000000396,Health warnings on other smoked tobacco packaging must include a photograph or graphic,,PUBLISHED,Published,,2008,2008,,AFR,Africa,,MRT,Mauritania,,...,,,,,,
TOBACCO_0000000396,Health warnings on other smoked tobacco packaging must include a photograph or graphic,,PUBLISHED,Published,,2008,2008,,AFR,Africa,,MUS,Mauritius,,...,,,,,,
TOBACCO_0000000396,Health warnings on other smoked tobacco packaging must include a photograph or graphic,,PUBLISHED,Published,,2008,2008,,AMR,Americas,,MEX,Mexico,,...,,,,,,
TOBACCO_0000000396,Health warnings on other smoked tobacco packaging must include a photograph or graphic,,PUBLISHED,Published,,2008,2008,,WPR,Western Pacific,,FSM,Micronesia (Federated States of),,...,,,,,,
TOBACCO_0000000396,Health warnings on other smoked tobacco packaging must include a photograph or graphic,,PUBLISHED,Published,,2008,2008,,EUR,Europe,,MCO,Monaco,,...,,,,,,
TOBACCO_0000000396,Health warnings on other smoked tobacco packaging must include a photograph or graphic,,PUBLISHED,Published,,2008,2008,,WPR,Western Pacific,,MNG,Mongolia,,...,,,,,,
TOBACCO_0000000396,Health warnings on other smoked tobacco packaging must include a photograph or graphic,,PUBLISHED,Published,,2008,2008,,EMR,Eastern Mediterranean,,MAR,Morocco,,...,,,,,,
TOBACCO_0000000396,Health warnings on other smoked tobacco packaging must include a photograph or graphic,,PUBLISHED,Published,,2008,2008,,AFR,Africa,,MOZ,Mozambique,,...,,,,,,
TOBACCO_0000000396,Health warnings on other smoked tobacco packaging must include a photograph or graphic,,PUBLISHED,Published,,2008,2008,,SEAR,South-East Asia,,MMR,Myanmar,,No,,,,,,
TOBACCO_0000000396,Health warnings on other smoked tobacco packaging must include a photograph or graphic,,PUBLISHED,Published,,2008,2008,,AFR,Africa,,NAM,Namibia,,...,,,,,,
TOBACCO_0000000396,Health warnings on other smoked tobacco packaging must include a photograph or graphic,,PUBLISHED,Published,,2008,2008,,WPR,Western Pacific,,NRU,Nauru,,...,,,,,,
TOBACCO_0000000396,Health warnings on other smoked tobacco packaging must include a photograph or graphic,,PUBLISHED,Published,,2008,2008,,SEAR,South-East Asia,,NPL,Nepal,,...,,,,,,
TOBACCO_0000000396,Health warnings on other smoked tobacco packaging must include a photograph or graphic,,PUBLISHED,Published,,2008,2008,,EUR,Europe,,NLD,Netherlands,,No,,,,,,
TOBACCO_0000000396,Health warnings on other smoked tobacco packaging must include a photograph or graphic,,PUBLISHED,Published,,2008,2008,,WPR,Western Pacific,,NZL,New Zealand,,Yes,,,,,,
TOBACCO_0000000396,Health warnings on other smoked tobacco packaging must include a photograph or graphic,,PUBLISHED,Published,,2008,2008,,AMR,Americas,,NIC,Nicaragua,,...,,,,,,
TOBACCO_0000000396,Health warnings on other smoked tobacco packaging must include a photograph or graphic,,PUBLISHED,Published,,2008,2008,,AFR,Africa,,NER,Niger,,...,,,,,,
TOBACCO_0000000396,Health warnings on other smoked tobacco packaging must include a photograph or graphic,,PUBLISHED,Published,,2008,2008,,AFR,Africa,,NGA,Nigeria,,No,,,,,,
TOBACCO_0000000396,Health warnings on other smoked tobacco packaging must include a photograph or graphic,,PUBLISHED,Published,,2008,2008,,WPR,Western Pacific,,NIU,Niue,,...,,,,,,
TOBACCO_0000000396,Health warnings on other smoked tobacco packaging must include a photograph or graphic,,PUBLISHED,Published,,2008,2008,,EUR,Europe,,NOR,Norway,,No,,,,,,
TOBACCO_0000000396,Health warnings on other smoked tobacco packaging must include a photograph or graphic,,PUBLISHED,Published,,2008,2008,,EMR,Eastern Mediterranean,,OMN,Oman,,No,,,,,,
TOBACCO_0000000396,Health warnings on other smoked tobacco packaging must include a photograph or graphic,,PUBLISHED,Published,,2008,2008,,EMR,Eastern Mediterranean,,PAK,Pakistan,,...,,,,,,
TOBACCO_0000000396,Health warnings on other smoked tobacco packaging must include a photograph or graphic,,PUBLISHED,Published,,2008,2008,,WPR,Western Pacific,,PLW,Palau,,...,,,,,,
TOBACCO_0000000396,Health warnings on other smoked tobacco packaging must include a photograph or graphic,,PUBLISHED,Published,,2008,2008,,AMR,Americas,,PAN,Panama,,...,,,,,,
TOBACCO_0000000396,Health warnings on other smoked tobacco packaging must include a photograph or graphic,,PUBLISHED,Published,,2008,2008,,WPR,Western Pacific,,PNG,Papua New Guinea,,No,,,,,,
TOBACCO_0000000396,Health warnings on other smoked tobacco packaging must include a photograph or graphic,,PUBLISHED,Published,,2008,2008,,AMR,Americas,,PRY,Paraguay,,...,,,,,,
TOBACCO_0000000396,Health warnings on other smoked tobacco packaging must include a photograph or graphic,,PUBLISHED,Published,,2008,2008,,AMR,Americas,,PER,Peru,,...,,,,,,
TOBACCO_0000000396,Health warnings on other smoked tobacco packaging must include a photograph or graphic,,PUBLISHED,Published,,2008,2008,,WPR,Western Pacific,,PHL,Philippines,,No,,,,,,
TOBACCO_0000000396,Health warnings on other smoked tobacco packaging must include a photograph or graphic,,PUBLISHED,Published,,2008,2008,,EUR,Europe,,POL,Poland,,...,,,,,,
TOBACCO_0000000396,Health warnings on other smoked tobacco packaging must include a photograph or graphic,,PUBLISHED,Published,,2008,2008,,EUR,Europe,,PRT,Portugal,,No,,,,,,
TOBACCO_0000000396,Health warnings on other smoked tobacco packaging must include a photograph or graphic,,PUBLISHED,Published,,2008,2008,,EMR,Eastern Mediterranean,,QAT,Qatar,,No,,,,,,
TOBACCO_0000000396,Health warnings on other smoked tobacco packaging must include a photograph or graphic,,PUBLISHED,Published,,2008,2008,,WPR,Western Pacific,,KOR,Republic of Korea,,...,,,,,,
TOBACCO_0000000396,Health warnings on other smoked tobacco packaging must include a photograph or graphic,,PUBLISHED,Published,,2008,2008,,EUR,Europe,,MDA,Republic of Moldova,,...,,,,,,
TOBACCO_0000000396,Health warnings on other smoked tobacco packaging must include a photograph or graphic,,PUBLISHED,Published,,2008,2008,,EUR,Europe,,ROU,Romania,,Yes,,,,,,
TOBACCO_0000000396,Health warnings on other smoked tobacco packaging must include a photograph or graphic,,PUBLISHED,Published,,2008,2008,,EUR,Europe,,RUS,Russian Federation,,...,,,,,,
TOBACCO_0000000396,Health warnings on other smoked tobacco packaging must include a photograph or graphic,,PUBLISHED,Published,,2008,2008,,AFR,Africa,,RWA,Rwanda,,...,,,,,,
TOBACCO_0000000396,Health warnings on other smoked tobacco packaging must include a photograph or graphic,,PUBLISHED,Published,,2008,2008,,AMR,Americas,,KNA,Saint Kitts and Nevis,,...,,,,,,
TOBACCO_0000000396,Health warnings on other smoked tobacco packaging must include a photograph or graphic,,PUBLISHED,Published,,2008,2008,,AMR,Americas,,LCA,Saint Lucia,,...,,,,,,
TOBACCO_0000000396,Health warnings on other smoked tobacco packaging must include a photograph or graphic,,PUBLISHED,Published,,2008,2008,,AMR,Americas,,VCT,Saint Vincent and the Grenadines,,...,,,,,,
TOBACCO_0000000396,Health warnings on other smoked tobacco packaging must include a photograph or graphic,,PUBLISHED,Published,,2008,2008,,WPR,Western Pacific,,WSM,Samoa,,...,,,,,,
TOBACCO_0000000396,Health warnings on other smoked tobacco packaging must include a photograph or graphic,,PUBLISHED,Published,,2008,2008,,EUR,Europe,,SMR,San Marino,,...,,,,,,
TOBACCO_0000000396,Health warnings on other smoked tobacco packaging must include a photograph or graphic,,PUBLISHED,Published,,2008,2008,,AFR,Africa,,STP,Sao Tome and Principe,,...,,,,,,
TOBACCO_0000000396,Health warnings on other smoked tobacco packaging must include a photograph or graphic,,PUBLISHED,Published,,2008,2008,,EMR,Eastern Mediterranean,,SAU,Saudi Arabia,,...,,,,,,
TOBACCO_0000000396,Health warnings on other smoked tobacco packaging must include a photograph or graphic,,PUBLISHED,Published,,2008,2008,,AFR,Africa,,SEN,Senegal,,No,,,,,,
TOBACCO_0000000396,Health warnings on other smoked tobacco packaging must include a photograph or graphic,,PUBLISHED,Published,,2008,2008,,EUR,Europe,,SRB,Serbia,,No,,,,,,
TOBACCO_0000000396,Health warnings on other smoked tobacco packaging must include a photograph or graphic,,PUBLISHED,Published,,2008,2008,,AFR,Africa,,SYC,Seychelles,,...,,,,,,
TOBACCO_0000000396,Health warnings on other smoked tobacco packaging must include a photograph or graphic,,PUBLISHED,Published,,2008,2008,,AFR,Africa,,SLE,Sierra Leone,,...,,,,,,
TOBACCO_0000000396,Health warnings on other smoked tobacco packaging must include a photograph or graphic,,PUBLISHED,Published,,2008,2008,,WPR,Western Pacific,,SGP,Singapore,,No,,,,,,
TOBACCO_0000000396,Health warnings on other smoked tobacco packaging must include a photograph or graphic,,PUBLISHED,Published,,2008,2008,,EUR,Europe,,SVK,Slovakia,,...,,,,,,
TOBACCO_0000000396,Health warnings on other smoked tobacco packaging must include a photograph or graphic,,PUBLISHED,Published,,2008,2008,,EUR,Europe,,SVN,Slovenia,,...,,,,,,
TOBACCO_0000000396,Health warnings on other smoked tobacco packaging must include a photograph or graphic,,PUBLISHED,Published,,2008,2008,,WPR,Western Pacific,,SLB,Solomon Islands,,...,,,,,,
TOBACCO_0000000396,Health warnings on other smoked tobacco packaging must include a photograph or graphic,,PUBLISHED,Published,,2008,2008,,EMR,Eastern Mediterranean,,SOM,Somalia,,...,,,,,,
TOBACCO_0000000396,Health warnings on other smoked tobacco packaging must include a photograph or graphic,,PUBLISHED,Published,,2008,2008,,AFR,Africa,,ZAF,South Africa,,No,,,,,,
TOBACCO_0000000396,Health warnings on other smoked tobacco packaging must include a photograph or graphic,,PUBLISHED,Published,,2008,2008,,EUR,Europe,,ESP,Spain,,No,,,,,,
TOBACCO_0000000396,Health warnings on other smoked tobacco packaging must include a photograph or graphic,,PUBLISHED,Published,,2008,2008,,SEAR,South-East Asia,,LKA,Sri Lanka,,...,,,,,,
TOBACCO_0000000396,Health warnings on other smoked tobacco packaging must include a photograph or graphic,,PUBLISHED,Published,,2008,2008,,EMR,Eastern Mediterranean,,SDN,Sudan,,...,,,,,,
TOBACCO_0000000396,Health warnings on other smoked tobacco packaging must include a photograph or graphic,,PUBLISHED,Published,,2008,2008,,AMR,Americas,,SUR,Suriname,,...,,,,,,
TOBACCO_0000000396,Health warnings on other smoked tobacco packaging must include a photograph or graphic,,PUBLISHED,Published,,2008,2008,,AFR,Africa,,SWZ,Eswatini,,...,,,,,,
TOBACCO_0000000396,Health warnings on other smoked tobacco packaging must include a photograph or graphic,,PUBLISHED,Published,,2008,2008,,EUR,Europe,,SWE,Sweden,,...,,,,,,
TOBACCO_0000000396,Health warnings on other smoked tobacco packaging must include a photograph or graphic,,PUBLISHED,Published,,2008,2008,,EUR,Europe,,CHE,Switzerland,,...,,,,,,
TOBACCO_0000000396,Health warnings on other smoked tobacco packaging must include a photograph or graphic,,PUBLISHED,Published,,2008,2008,,EMR,Eastern Mediterranean,,SYR,Syrian Arab Republic,,No,,,,,,
TOBACCO_0000000396,Health warnings on other smoked tobacco packaging must include a photograph or graphic,,PUBLISHED,Published,,2008,2008,,EUR,Europe,,TJK,Tajikistan,,...,,,,,,
TOBACCO_0000000396,Health warnings on other smoked tobacco packaging must include a photograph or graphic,,PUBLISHED,Published,,2008,2008,,SEAR,South-East Asia,,THA,Thailand,,Yes,,,,,,
TOBACCO_0000000396,Health warnings on other smoked tobacco packaging must include a photograph or graphic,,PUBLISHED,Published,,2008,2008,,EUR,Europe,,MKD,Republic of North Macedonia,,...,,,,,,
TOBACCO_0000000396,Health warnings on other smoked tobacco packaging must include a photograph or graphic,,PUBLISHED,Published,,2008,2008,,SEAR,South-East Asia,,TLS,Timor-Leste,,No,,,,,,
TOBACCO_0000000396,Health warnings on other smoked tobacco packaging must include a photograph or graphic,,PUBLISHED,Published,,2008,2008,,AFR,Africa,,TGO,Togo,,...,,,,,,
TOBACCO_0000000396,Health warnings on other smoked tobacco packaging must include a photograph or graphic,,PUBLISHED,Published,,2008,2008,,WPR,Western Pacific,,TON,Tonga,,No,,,,,,
TOBACCO_0000000396,Health warnings on other smoked tobacco packaging must include a photograph or graphic,,PUBLISHED,Published,,2008,2008,,AMR,Americas,,TTO,Trinidad and Tobago,,No,,,,,,
TOBACCO_0000000396,Health warnings on other smoked tobacco packaging must include a photograph or graphic,,PUBLISHED,Published,,2008,2008,,EMR,Eastern Mediterranean,,TUN,Tunisia,,No,,,,,,
TOBACCO_0000000396,Health warnings on other smoked tobacco packaging must include a photograph or graphic,,PUBLISHED,Published,,2008,2008,,EUR,Europe,,TUR,Turkey,,No,,,,,,
TOBACCO_0000000396,Health warnings on other smoked tobacco packaging must include a photograph or graphic,,PUBLISHED,Published,,2008,2008,,EUR,Europe,,TKM,Turkmenistan,,...,,,,,,
TOBACCO_0000000396,Health warnings on other smoked tobacco packaging must include a photograph or graphic,,PUBLISHED,Published,,2008,2008,,WPR,Western Pacific,,TUV,Tuvalu,,No,,,,,,
TOBACCO_0000000396,Health warnings on other smoked tobacco packaging must include a photograph or graphic,,PUBLISHED,Published,,2008,2008,,AFR,Africa,,UGA,Uganda,,...,,,,,,
TOBACCO_0000000396,Health warnings on other smoked tobacco packaging must include a photograph or graphic,,PUBLISHED,Published,,2008,2008,,EUR,Europe,,UKR,Ukraine,,No,,,,,,
TOBACCO_0000000396,Health warnings on other smoked tobacco packaging must include a photograph or graphic,,PUBLISHED,Published,,2008,2008,,EMR,Eastern Mediterranean,,ARE,United Arab Emirates,,...,,,,,,
TOBACCO_0000000396,Health warnings on other smoked tobacco packaging must include a photograph or graphic,,PUBLISHED,Published,,2008,2008,,EUR,Europe,,GBR,United Kingdom of Great Britain and Northern Ireland,,No,,,,,,
TOBACCO_0000000396,Health warnings on other smoked tobacco packaging must include a photograph or graphic,,PUBLISHED,Published,,2008,2008,,AFR,Africa,,TZA,United Republic of Tanzania,,No,,,,,,
TOBACCO_0000000396,Health warnings on other smoked tobacco packaging must include a photograph or graphic,,PUBLISHED,Published,,2008,2008,,AMR,Americas,,USA,United States of America,,...,,,,,,
TOBACCO_0000000396,Health warnings on other smoked tobacco packaging must include a photograph or graphic,,PUBLISHED,Published,,2008,2008,,AMR,Americas,,URY,Uruguay,,Yes,,,,,,
TOBACCO_0000000396,Health warnings on other smoked tobacco packaging must include a photograph or graphic,,PUBLISHED,Published,,2008,2008,,EUR,Europe,,UZB,Uzbekistan,,...,,,,,,
TOBACCO_0000000396,Health warnings on other smoked tobacco packaging must include a photograph or graphic,,PUBLISHED,Published,,2008,2008,,WPR,Western Pacific,,VUT,Vanuatu,,...,,,,,,
TOBACCO_0000000396,Health warnings on other smoked tobacco packaging must include a photograph or graphic,,PUBLISHED,Published,,2008,2008,,AMR,Americas,,VEN,Venezuela (Bolivarian Republic of),,...,,,,,,
TOBACCO_0000000396,Health warnings on other smoked tobacco packaging must include a photograph or graphic,,PUBLISHED,Published,,2008,2008,,WPR,Western Pacific,,VNM,Viet Nam,,...,,,,,,
TOBACCO_0000000396,Health warnings on other smoked tobacco packaging must include a photograph or graphic,,PUBLISHED,Published,,2008,2008,,EMR,Eastern Mediterranean,,YEM,Yemen,,...,,,,,,
TOBACCO_0000000396,Health warnings on other smoked tobacco packaging must include a photograph or graphic,,PUBLISHED,Published,,2008,2008,,AFR,Africa,,ZMB,Zambia,,...,,,,,,
TOBACCO_0000000396,Health warnings on other smoked tobacco packaging must include a photograph or graphic,,PUBLISHED,Published,,2008,2008,,AFR,Africa,,ZWE,Zimbabwe,,No,,,,,,
TOBACCO_0000000396,Health warnings on other smoked tobacco packaging must include a photograph or graphic,,PUBLISHED,Published,,2008,2008,,EUR,Europe,,MNE,Montenegro,,...,,,,,,
TOBACCO_0000000396,Health warnings on other smoked tobacco packaging must include a photograph or graphic,,PUBLISHED,Published,,2008,2008,,AFR,Africa,,CIV,Côte d'Ivoire,,No,,,,,,
