GHO (CODE),GHO (DISPLAY),GHO (URL),PUBLISHSTATE (CODE),PUBLISHSTATE (DISPLAY),PUBLISHSTATE (URL),YEAR (CODE),YEAR (DISPLAY),YEAR (URL),REGION (CODE),REGION (DISPLAY),REGION (URL),COUNTRY (CODE),COUNTRY (DISPLAY),COUNTRY (URL),Display Value,Numeric,Low,High,StdErr,StdDev,Comments
VIOLENCE_EXTENTIMP_YOUTHLIFESKILLS,Youth violence: Extent of implementation of life-skills and social development programmes,,PUBLISHED,Published,,2012-2014,2012-2014,,AFR,Africa,,BWA,Botswana,,Larger scale,,,,,,
VIOLENCE_EXTENTIMP_YOUTHLIFESKILLS,Youth violence: Extent of implementation of life-skills and social development programmes,,PUBLISHED,Published,,2012-2014,2012-2014,,AFR,Africa,,GAB,Gabon,,None,,,,,,
VIOLENCE_EXTENTIMP_YOUTHLIFESKILLS,Youth violence: Extent of implementation of life-skills and social development programmes,,PUBLISHED,Published,,2012-2014,2012-2014,,AFR,Africa,,LBR,Liberia,,Limited,,,,,,
VIOLENCE_EXTENTIMP_YOUTHLIFESKILLS,Youth violence: Extent of implementation of life-skills and social development programmes,,PUBLISHED,Published,,2012-2014,2012-2014,,AFR,Africa,,MOZ,Mozambique,,Limited,,,,,,
VIOLENCE_EXTENTIMP_YOUTHLIFESKILLS,Youth violence: Extent of implementation of life-skills and social development programmes,,PUBLISHED,Published,,2012-2014,2012-2014,,AFR,Africa,,SEN,Senegal,,Limited,,,,,,
VIOLENCE_EXTENTIMP_YOUTHLIFESKILLS,Youth violence: Extent of implementation of life-skills and social development programmes,,PUBLISHED,Published,,2012-2014,2012-2014,,AFR,Africa,,UGA,Uganda,,Limited,,,,,,
VIOLENCE_EXTENTIMP_YOUTHLIFESKILLS,Youth violence: Extent of implementation of life-skills and social development programmes,,PUBLISHED,Published,,2012-2014,2012-2014,,AMR,Americas,,BLZ,Belize,,Larger scale,,,,,,
VIOLENCE_EXTENTIMP_YOUTHLIFESKILLS,Youth violence: Extent of implementation of life-skills and social development programmes,,PUBLISHED,Published,,2012-2014,2012-2014,,AMR,Americas,,COL,Colombia,,Larger scale,,,,,,
VIOLENCE_EXTENTIMP_YOUTHLIFESKILLS,Youth violence: Extent of implementation of life-skills and social development programmes,,PUBLISHED,Published,,2012-2014,2012-2014,,AMR,Americas,,DOM,Dominican Republic,,Larger scale,,,,,,
VIOLENCE_EXTENTIMP_YOUTHLIFESKILLS,Youth violence: Extent of implementation of life-skills and social development programmes,,PUBLISHED,Published,,2012-2014,2012-2014,,AMR,Americas,,HND,Honduras,,None,,,,,,
VIOLENCE_EXTENTIMP_YOUTHLIFESKILLS,Youth violence: Extent of implementation of life-skills and social development programmes,,PUBLISHED,Published,,2012-2014,2012-2014,,AMR,Americas,,PAN,Panama,,Limited,,,,,,
VIOLENCE_EXTENTIMP_YOUTHLIFESKILLS,Youth violence: Extent of implementation of life-skills and social development programmes,,PUBLISHED,Published,,2012-2014,2012-2014,,EMR,Eastern Mediterranean,,AFG,Afghanistan,,Limited,,,,,,
VIOLENCE_EXTENTIMP_YOUTHLIFESKILLS,Youth violence: Extent of implementation of life-skills and social development programmes,,PUBLISHED,Published,,2012-2014,2012-2014,,EMR,Eastern Mediterranean,,IRQ,Iraq,,Larger scale,,,,,,
VIOLENCE_EXTENTIMP_YOUTHLIFESKILLS,Youth violence: Extent of implementation of life-skills and social development programmes,,PUBLISHED,Published,,2012-2014,2012-2014,,EMR,Eastern Mediterranean,,OMN,Oman,,Larger scale,,,,,,
VIOLENCE_EXTENTIMP_YOUTHLIFESKILLS,Youth violence: Extent of implementation of life-skills and social development programmes,,PUBLISHED,Published,,2012-2014,2012-2014,,EMR,Eastern Mediterranean,,TUN,Tunisia,,None,,,,,,
VIOLENCE_EXTENTIMP_YOUTHLIFESKILLS,Youth violence: Extent of implementation of life-skills and social development programmes,,PUBLISHED,Published,,2012-2014,2012-2014,,EUR,Europe,,AUT,Austria,,Larger scale,,,,,,
VIOLENCE_EXTENTIMP_YOUTHLIFESKILLS,Youth violence: Extent of implementation of life-skills and social development programmes,,PUBLISHED,Published,,2012-2014,2012-2014,,EUR,Europe,,CYP,Cyprus,,Limited,,,,,,
VIOLENCE_EXTENTIMP_YOUTHLIFESKILLS,Youth violence: Extent of implementation of life-skills and social development programmes,,PUBLISHED,Published,,2012-2014,2012-2014,,EUR,Europe,,GEO,Georgia,,Larger scale,,,,,,
VIOLENCE_EXTENTIMP_YOUTHLIFESKILLS,Youth violence: Extent of implementation of life-skills and social development programmes,,PUBLISHED,Published,,2012-2014,2012-2014,,EUR,Europe,,ITA,Italy,,Larger scale,,,,,,
VIOLENCE_EXTENTIMP_YOUTHLIFESKILLS,Youth violence: Extent of implementation of life-skills and social development programmes,,PUBLISHED,Published,,2012-2014,2012-2014,,EUR,Europe,,MNE,Montenegro,,Larger scale,,,,,,
VIOLENCE_EXTENTIMP_YOUTHLIFESKILLS,Youth violence: Extent of implementation of life-skills and social development programmes,,PUBLISHED,Published,,2012-2014,2012-2014,,EUR,Europe,,PRT,Portugal,,Larger scale,,,,,,
VIOLENCE_EXTENTIMP_YOUTHLIFESKILLS,Youth violence: Extent of implementation of life-skills and social development programmes,,PUBLISHED,Published,,2012-2014,2012-2014,,EUR,Europe,,SMR,San Marino,,None,,,,,,
VIOLENCE_EXTENTIMP_YOUTHLIFESKILLS,Youth violence: Extent of implementation of life-skills and social development programmes,,PUBLISHED,Published,,2012-2014,2012-2014,,EUR,Europe,,ESP,Spain,,Larger scale,,,,,,
VIOLENCE_EXTENTIMP_YOUTHLIFESKILLS,Youth violence: Extent of implementation of life-skills and social development programmes,,PUBLISHED,Published,,2012-2014,2012-2014,,EUR,Europe,,TJK,Tajikistan,,Limited,,,,,,
VIOLENCE_EXTENTIMP_YOUTHLIFESKILLS,Youth violence: Extent of implementation of life-skills and social development programmes,,PUBLISHED,Published,,2012-2014,2012-2014,,SEAR,South-East Asia,,IND,India,,Larger scale,,,,,,
VIOLENCE_EXTENTIMP_YOUTHLIFESKILLS,Youth violence: Extent of implementation of life-skills and social development programmes,,PUBLISHED,Published,,2012-2014,2012-2014,,SEAR,South-East Asia,,THA,Thailand,,Larger scale,,,,,,
VIOLENCE_EXTENTIMP_YOUTHLIFESKILLS,Youth violence: Extent of implementation of life-skills and social development programmes,,PUBLISHED,Published,,2012-2014,2012-2014,,WPR,Western Pacific,,CHN,China,,Larger scale,,,,,,
VIOLENCE_EXTENTIMP_YOUTHLIFESKILLS,Youth violence: Extent of implementation of life-skills and social development programmes,,PUBLISHED,Published,,2012-2014,2012-2014,,WPR,Western Pacific,,KIR,Kiribati,,Limited,,,,,,
VIOLENCE_EXTENTIMP_YOUTHLIFESKILLS,Youth violence: Extent of implementation of life-skills and social development programmes,,PUBLISHED,Published,,2012-2014,2012-2014,,WPR,Western Pacific,,NZL,New Zealand,,Larger scale,,,,,,
VIOLENCE_EXTENTIMP_YOUTHLIFESKILLS,Youth violence: Extent of implementation of life-skills and social development programmes,,PUBLISHED,Published,,2012-2014,2012-2014,,WPR,Western Pacific,,SGP,Singapore,,Larger scale,,,,,,
VIOLENCE_EXTENTIMP_YOUTHLIFESKILLS,Youth violence: Extent of implementation of life-skills and social development programmes,,PUBLISHED,Published,,2012-2014,2012-2014,,WPR,Western Pacific,,VNM,Viet Nam,,Limited,,,,,,
VIOLENCE_EXTENTIMP_YOUTHLIFESKILLS,Youth violence: Extent of implementation of life-skills and social development programmes,,PUBLISHED,Published,,2012-2014,2012-2014,,AFR,Africa,,BFA,Burkina Faso,,None,,,,,,
VIOLENCE_EXTENTIMP_YOUTHLIFESKILLS,Youth violence: Extent of implementation of life-skills and social development programmes,,PUBLISHED,Published,,2012-2014,2012-2014,,AFR,Africa,,GHA,Ghana,,Larger scale,,,,,,
VIOLENCE_EXTENTIMP_YOUTHLIFESKILLS,Youth violence: Extent of implementation of life-skills and social development programmes,,PUBLISHED,Published,,2012-2014,2012-2014,,AFR,Africa,,MDG,Madagascar,,Limited,,,,,,
VIOLENCE_EXTENTIMP_YOUTHLIFESKILLS,Youth violence: Extent of implementation of life-skills and social development programmes,,PUBLISHED,Published,,2012-2014,2012-2014,,AFR,Africa,,NER,Niger,,Limited,,,,,,
VIOLENCE_EXTENTIMP_YOUTHLIFESKILLS,Youth violence: Extent of implementation of life-skills and social development programmes,,PUBLISHED,Published,,2012-2014,2012-2014,,AFR,Africa,,NGA,Nigeria,,Limited,,,,,,
VIOLENCE_EXTENTIMP_YOUTHLIFESKILLS,Youth violence: Extent of implementation of life-skills and social development programmes,,PUBLISHED,Published,,2012-2014,2012-2014,,AFR,Africa,,SYC,Seychelles,,Larger scale,,,,,,
VIOLENCE_EXTENTIMP_YOUTHLIFESKILLS,Youth violence: Extent of implementation of life-skills and social development programmes,,PUBLISHED,Published,,2012-2014,2012-2014,,AFR,Africa,,TZA,United Republic of Tanzania,,Limited,,,,,,
VIOLENCE_EXTENTIMP_YOUTHLIFESKILLS,Youth violence: Extent of implementation of life-skills and social development programmes,,PUBLISHED,Published,,2012-2014,2012-2014,,AMR,Americas,,BOL,Bolivia (Plurinational State of),,Limited,,,,,,
VIOLENCE_EXTENTIMP_YOUTHLIFESKILLS,Youth violence: Extent of implementation of life-skills and social development programmes,,PUBLISHED,Published,,2012-2014,2012-2014,,AMR,Americas,,CRI,Costa Rica,,Larger scale,,,,,,
VIOLENCE_EXTENTIMP_YOUTHLIFESKILLS,Youth violence: Extent of implementation of life-skills and social development programmes,,PUBLISHED,Published,,2012-2014,2012-2014,,AMR,Americas,,ECU,Ecuador,,Larger scale,,,,,,
VIOLENCE_EXTENTIMP_YOUTHLIFESKILLS,Youth violence: Extent of implementation of life-skills and social development programmes,,PUBLISHED,Published,,2012-2014,2012-2014,,AMR,Americas,,JAM,Jamaica,,Larger scale,,,,,,
VIOLENCE_EXTENTIMP_YOUTHLIFESKILLS,Youth violence: Extent of implementation of life-skills and social development programmes,,PUBLISHED,Published,,2012-2014,2012-2014,,AMR,Americas,,PER,Peru,,Larger scale,,,,,,
VIOLENCE_EXTENTIMP_YOUTHLIFESKILLS,Youth violence: Extent of implementation of life-skills and social development programmes,,PUBLISHED,Published,,2012-2014,2012-2014,,EMR,Eastern Mediterranean,,BHR,Bahrain,,Larger scale,,,,,,
VIOLENCE_EXTENTIMP_YOUTHLIFESKILLS,Youth violence: Extent of implementation of life-skills and social development programmes,,PUBLISHED,Published,,2012-2014,2012-2014,,EMR,Eastern Mediterranean,,JOR,Jordan,,Larger scale,,,,,,
VIOLENCE_EXTENTIMP_YOUTHLIFESKILLS,Youth violence: Extent of implementation of life-skills and social development programmes,,PUBLISHED,Published,,2012-2014,2012-2014,,EMR,Eastern Mediterranean,,QAT,Qatar,,Larger scale,,,,,,
VIOLENCE_EXTENTIMP_YOUTHLIFESKILLS,Youth violence: Extent of implementation of life-skills and social development programmes,,PUBLISHED,Published,,2012-2014,2012-2014,,EMR,Eastern Mediterranean,,ARE,United Arab Emirates,,Don't know,,,,,,
VIOLENCE_EXTENTIMP_YOUTHLIFESKILLS,Youth violence: Extent of implementation of life-skills and social development programmes,,PUBLISHED,Published,,2012-2014,2012-2014,,EUR,Europe,,AZE,Azerbaijan,,Limited,,,,,,
VIOLENCE_EXTENTIMP_YOUTHLIFESKILLS,Youth violence: Extent of implementation of life-skills and social development programmes,,PUBLISHED,Published,,2012-2014,2012-2014,,EUR,Europe,,HRV,Croatia,,Larger scale,,,,,,
VIOLENCE_EXTENTIMP_YOUTHLIFESKILLS,Youth violence: Extent of implementation of life-skills and social development programmes,,PUBLISHED,Published,,2012-2014,2012-2014,,EUR,Europe,,FIN,Finland,,Larger scale,,,,,,
VIOLENCE_EXTENTIMP_YOUTHLIFESKILLS,Youth violence: Extent of implementation of life-skills and social development programmes,,PUBLISHED,Published,,2012-2014,2012-2014,,EUR,Europe,,ISR,Israel,,Larger scale,,,,,,
VIOLENCE_EXTENTIMP_YOUTHLIFESKILLS,Youth violence: Extent of implementation of life-skills and social development programmes,,PUBLISHED,Published,,2012-2014,2012-2014,,EUR,Europe,,LTU,Lithuania,,Larger scale,,,,,,
VIOLENCE_EXTENTIMP_YOUTHLIFESKILLS,Youth violence: Extent of implementation of life-skills and social development programmes,,PUBLISHED,Published,,2012-2014,2012-2014,,EUR,Europe,,POL,Poland,,Larger scale,,,,,,
VIOLENCE_EXTENTIMP_YOUTHLIFESKILLS,Youth violence: Extent of implementation of life-skills and social development programmes,,PUBLISHED,Published,,2012-2014,2012-2014,,EUR,Europe,,RUS,Russian Federation,,Limited,,,,,,
VIOLENCE_EXTENTIMP_YOUTHLIFESKILLS,Youth violence: Extent of implementation of life-skills and social development programmes,,PUBLISHED,Published,,2012-2014,2012-2014,,EUR,Europe,,SVN,Slovenia,,Larger scale,,,,,,
VIOLENCE_EXTENTIMP_YOUTHLIFESKILLS,Youth violence: Extent of implementation of life-skills and social development programmes,,PUBLISHED,Published,,2012-2014,2012-2014,,EUR,Europe,,MKD,Republic of North Macedonia,,Limited,,,,,,
VIOLENCE_EXTENTIMP_YOUTHLIFESKILLS,Youth violence: Extent of implementation of life-skills and social development programmes,,PUBLISHED,Published,,2012-2014,2012-2014,,EUR,Europe,,UZB,Uzbekistan,,Limited,,,,,,
VIOLENCE_EXTENTIMP_YOUTHLIFESKILLS,Youth violence: Extent of implementation of life-skills and social development programmes,,PUBLISHED,Published,,2012-2014,2012-2014,,EUR,Europe,,BEL,Belgium,,Larger scale,,,,,,
VIOLENCE_EXTENTIMP_YOUTHLIFESKILLS,Youth violence: Extent of implementation of life-skills and social development programmes,,PUBLISHED,Published,,2012-2014,2012-2014,,SEAR,South-East Asia,,IDN,Indonesia,,Limited,,,,,,
VIOLENCE_EXTENTIMP_YOUTHLIFESKILLS,Youth violence: Extent of implementation of life-skills and social development programmes,,PUBLISHED,Published,,2012-2014,2012-2014,,WPR,Western Pacific,,AUS,Australia,,None,,,,,,
VIOLENCE_EXTENTIMP_YOUTHLIFESKILLS,Youth violence: Extent of implementation of life-skills and social development programmes,,PUBLISHED,Published,,2012-2014,2012-2014,,WPR,Western Pacific,,COK,Cook Islands,,None,,,,,,
VIOLENCE_EXTENTIMP_YOUTHLIFESKILLS,Youth violence: Extent of implementation of life-skills and social development programmes,,PUBLISHED,Published,,2012-2014,2012-2014,,WPR,Western Pacific,,LAO,Lao People's Democratic Republic,,Limited,,,,,,
VIOLENCE_EXTENTIMP_YOUTHLIFESKILLS,Youth violence: Extent of implementation of life-skills and social development programmes,,PUBLISHED,Published,,2012-2014,2012-2014,,WPR,Western Pacific,,PNG,Papua New Guinea,,Limited,,,,,,
VIOLENCE_EXTENTIMP_YOUTHLIFESKILLS,Youth violence: Extent of implementation of life-skills and social development programmes,,PUBLISHED,Published,,2012-2014,2012-2014,,WPR,Western Pacific,,SLB,Solomon Islands,,Limited,,,,,,
VIOLENCE_EXTENTIMP_YOUTHLIFESKILLS,Youth violence: Extent of implementation of life-skills and social development programmes,,PUBLISHED,Published,,2012-2014,2012-2014,,AFR,Africa,,DZA,Algeria,,Larger scale,,,,,,
VIOLENCE_EXTENTIMP_YOUTHLIFESKILLS,Youth violence: Extent of implementation of life-skills and social development programmes,,PUBLISHED,Published,,2012-2014,2012-2014,,AFR,Africa,,BDI,Burundi,,None,,,,,,
VIOLENCE_EXTENTIMP_YOUTHLIFESKILLS,Youth violence: Extent of implementation of life-skills and social development programmes,,PUBLISHED,Published,,2012-2014,2012-2014,,AFR,Africa,,GIN,Guinea,,None,,,,,,
VIOLENCE_EXTENTIMP_YOUTHLIFESKILLS,Youth violence: Extent of implementation of life-skills and social development programmes,,PUBLISHED,Published,,2012-2014,2012-2014,,AFR,Africa,,MWI,Malawi,,Larger scale,,,,,,
VIOLENCE_EXTENTIMP_YOUTHLIFESKILLS,Youth violence: Extent of implementation of life-skills and social development programmes,,PUBLISHED,Published,,2012-2014,2012-2014,,AFR,Africa,,RWA,Rwanda,,Larger scale,,,,,,
VIOLENCE_EXTENTIMP_YOUTHLIFESKILLS,Youth violence: Extent of implementation of life-skills and social development programmes,,PUBLISHED,Published,,2012-2014,2012-2014,,AFR,Africa,,ZAF,South Africa,,Larger scale,,,,,,
VIOLENCE_EXTENTIMP_YOUTHLIFESKILLS,Youth violence: Extent of implementation of life-skills and social development programmes,,PUBLISHED,Published,,2012-2014,2012-2014,,AFR,Africa,,ZMB,Zambia,,None,,,,,,
VIOLENCE_EXTENTIMP_YOUTHLIFESKILLS,Youth violence: Extent of implementation of life-skills and social development programmes,,PUBLISHED,Published,,2012-2014,2012-2014,,AMR,Americas,,BRA,Brazil,,Larger scale,,,,,,
VIOLENCE_EXTENTIMP_YOUTHLIFESKILLS,Youth violence: Extent of implementation of life-skills and social development programmes,,PUBLISHED,Published,,2012-2014,2012-2014,,AMR,Americas,,CUB,Cuba,,Larger scale,,,,,,
VIOLENCE_EXTENTIMP_YOUTHLIFESKILLS,Youth violence: Extent of implementation of life-skills and social development programmes,,PUBLISHED,Published,,2012-2014,2012-2014,,AMR,Americas,,SLV,El Salvador,,Limited,,,,,,
VIOLENCE_EXTENTIMP_YOUTHLIFESKILLS,Youth violence: Extent of implementation of life-skills and social development programmes,,PUBLISHED,Published,,2012-2014,2012-2014,,AMR,Americas,,MEX,Mexico,,Larger scale,,,,,,
VIOLENCE_EXTENTIMP_YOUTHLIFESKILLS,Youth violence: Extent of implementation of life-skills and social development programmes,,PUBLISHED,Published,,2012-2014,2012-2014,,AMR,Americas,,TTO,Trinidad and Tobago,,Larger scale,,,,,,
VIOLENCE_EXTENTIMP_YOUTHLIFESKILLS,Youth violence: Extent of implementation of life-skills and social development programmes,,PUBLISHED,Published,,2012-2014,2012-2014,,EMR,Eastern Mediterranean,,EGY,Egypt,,Limited,,,,,,
VIOLENCE_EXTENTIMP_YOUTHLIFESKILLS,Youth violence: Extent of implementation of life-skills and social development programmes,,PUBLISHED,Published,,2012-2014,2012-2014,,EMR,Eastern Mediterranean,,KWT,Kuwait,,Larger scale,,,,,,
VIOLENCE_EXTENTIMP_YOUTHLIFESKILLS,Youth violence: Extent of implementation of life-skills and social development programmes,,PUBLISHED,Published,,2012-2014,2012-2014,,EMR,Eastern Mediterranean,,SAU,Saudi Arabia,,Limited,,,,,,
VIOLENCE_EXTENTIMP_YOUTHLIFESKILLS,Youth violence: Extent of implementation of life-skills and social development programmes,,PUBLISHED,Published,,2012-2014,2012-2014,,EMR,Eastern Mediterranean,,YEM,Yemen,,Limited,,,,,,
VIOLENCE_EXTENTIMP_YOUTHLIFESKILLS,Youth violence: Extent of implementation of life-skills and social development programmes,,PUBLISHED,Published,,2012-2014,2012-2014,,EUR,Europe,,ALB,Albania,,Limited,,,,,,
VIOLENCE_EXTENTIMP_YOUTHLIFESKILLS,Youth violence: Extent of implementation of life-skills and social development programmes,,PUBLISHED,Published,,2012-2014,2012-2014,,EUR,Europe,,BLR,Belarus,,Larger scale,,,,,,
VIOLENCE_EXTENTIMP_YOUTHLIFESKILLS,Youth violence: Extent of implementation of life-skills and social development programmes,,PUBLISHED,Published,,2012-2014,2012-2014,,EUR,Europe,,BGR,Bulgaria,,Limited,,,,,,
VIOLENCE_EXTENTIMP_YOUTHLIFESKILLS,Youth violence: Extent of implementation of life-skills and social development programmes,,PUBLISHED,Published,,2012-2014,2012-2014,,EUR,Europe,,EST,Estonia,,Limited,,,,,,
VIOLENCE_EXTENTIMP_YOUTHLIFESKILLS,Youth violence: Extent of implementation of life-skills and social development programmes,,PUBLISHED,Published,,2012-2014,2012-2014,,EUR,Europe,,ISL,Iceland,,Limited,,,,,,
VIOLENCE_EXTENTIMP_YOUTHLIFESKILLS,Youth violence: Extent of implementation of life-skills and social development programmes,,PUBLISHED,Published,,2012-2014,2012-2014,,EUR,Europe,,LVA,Latvia,,Limited,,,,,,
VIOLENCE_EXTENTIMP_YOUTHLIFESKILLS,Youth violence: Extent of implementation of life-skills and social development programmes,,PUBLISHED,Published,,2012-2014,2012-2014,,EUR,Europe,,NOR,Norway,,Limited,,,,,,
VIOLENCE_EXTENTIMP_YOUTHLIFESKILLS,Youth violence: Extent of implementation of life-skills and social development programmes,,PUBLISHED,Published,,2012-2014,2012-2014,,EUR,Europe,,ROU,Romania,,Larger scale,,,,,,
VIOLENCE_EXTENTIMP_YOUTHLIFESKILLS,Youth violence: Extent of implementation of life-skills and social development programmes,,PUBLISHED,Published,,2012-2014,2012-2014,,EUR,Europe,,SVK,Slovakia,,Larger scale,,,,,,
VIOLENCE_EXTENTIMP_YOUTHLIFESKILLS,Youth violence: Extent of implementation of life-skills and social development programmes,,PUBLISHED,Published,,2012-2014,2012-2014,,EUR,Europe,,CHE,Switzerland,,Larger scale,,,,,,
VIOLENCE_EXTENTIMP_YOUTHLIFESKILLS,Youth violence: Extent of implementation of life-skills and social development programmes,,PUBLISHED,Published,,2012-2014,2012-2014,,EUR,Europe,,GBR,United Kingdom of Great Britain and Northern Ireland,,Larger scale,,,,,,
VIOLENCE_EXTENTIMP_YOUTHLIFESKILLS,Youth violence: Extent of implementation of life-skills and social development programmes,,PUBLISHED,Published,,2012-2014,2012-2014,,SEAR,South-East Asia,,BGD,Bangladesh,,Limited,,,,,,
VIOLENCE_EXTENTIMP_YOUTHLIFESKILLS,Youth violence: Extent of implementation of life-skills and social development programmes,,PUBLISHED,Published,,2012-2014,2012-2014,,SEAR,South-East Asia,,MDV,Maldives,,Larger scale,,,,,,
VIOLENCE_EXTENTIMP_YOUTHLIFESKILLS,Youth violence: Extent of implementation of life-skills and social development programmes,,PUBLISHED,Published,,2012-2014,2012-2014,,WPR,Western Pacific,,BRN,Brunei Darussalam,,Limited,,,,,,
VIOLENCE_EXTENTIMP_YOUTHLIFESKILLS,Youth violence: Extent of implementation of life-skills and social development programmes,,PUBLISHED,Published,,2012-2014,2012-2014,,WPR,Western Pacific,,FJI,Fiji,,Limited,,,,,,
VIOLENCE_EXTENTIMP_YOUTHLIFESKILLS,Youth violence: Extent of implementation of life-skills and social development programmes,,PUBLISHED,Published,,2012-2014,2012-2014,,WPR,Western Pacific,,MYS,Malaysia,,Limited,,,,,,
VIOLENCE_EXTENTIMP_YOUTHLIFESKILLS,Youth violence: Extent of implementation of life-skills and social development programmes,,PUBLISHED,Published,,2012-2014,2012-2014,,WPR,Western Pacific,,PHL,Philippines,,Larger scale,,,,,,
VIOLENCE_EXTENTIMP_YOUTHLIFESKILLS,Youth violence: Extent of implementation of life-skills and social development programmes,,PUBLISHED,Published,,2012-2014,2012-2014,,WPR,Western Pacific,,TUV,Tuvalu,,Larger scale,,,,,,
VIOLENCE_EXTENTIMP_YOUTHLIFESKILLS,Youth violence: Extent of implementation of life-skills and social development programmes,,PUBLISHED,Published,,2012-2014,2012-2014,,AFR,Africa,,BEN,Benin,,Larger scale,,,,,,
VIOLENCE_EXTENTIMP_YOUTHLIFESKILLS,Youth violence: Extent of implementation of life-skills and social development programmes,,PUBLISHED,Published,,2012-2014,2012-2014,,AFR,Africa,,CMR,Cameroon,,Limited,,,,,,
VIOLENCE_EXTENTIMP_YOUTHLIFESKILLS,Youth violence: Extent of implementation of life-skills and social development programmes,,PUBLISHED,Published,,2012-2014,2012-2014,,AFR,Africa,,KEN,Kenya,,Limited,,,,,,
VIOLENCE_EXTENTIMP_YOUTHLIFESKILLS,Youth violence: Extent of implementation of life-skills and social development programmes,,PUBLISHED,Published,,2012-2014,2012-2014,,AFR,Africa,,MRT,Mauritania,,None,,,,,,
VIOLENCE_EXTENTIMP_YOUTHLIFESKILLS,Youth violence: Extent of implementation of life-skills and social development programmes,,PUBLISHED,Published,,2012-2014,2012-2014,,AFR,Africa,,STP,Sao Tome and Principe,,None,,,,,,
VIOLENCE_EXTENTIMP_YOUTHLIFESKILLS,Youth violence: Extent of implementation of life-skills and social development programmes,,PUBLISHED,Published,,2012-2014,2012-2014,,AFR,Africa,,SWZ,Eswatini,,Larger scale,,,,,,
VIOLENCE_EXTENTIMP_YOUTHLIFESKILLS,Youth violence: Extent of implementation of life-skills and social development programmes,,PUBLISHED,Published,,2012-2014,2012-2014,,AFR,Africa,,ZWE,Zimbabwe,,None,,,,,,
VIOLENCE_EXTENTIMP_YOUTHLIFESKILLS,Youth violence: Extent of implementation of life-skills and social development programmes,,PUBLISHED,Published,,2012-2014,2012-2014,,AMR,Americas,,CAN,Canada,,Larger scale,,,,,,
VIOLENCE_EXTENTIMP_YOUTHLIFESKILLS,Youth violence: Extent of implementation of life-skills and social development programmes,,PUBLISHED,Published,,2012-2014,2012-2014,,AMR,Americas,,DMA,Dominica,,None,,,,,,
VIOLENCE_EXTENTIMP_YOUTHLIFESKILLS,Youth violence: Extent of implementation of life-skills and social development programmes,,PUBLISHED,Published,,2012-2014,2012-2014,,AMR,Americas,,GTM,Guatemala,,Larger scale,,,,,,
VIOLENCE_EXTENTIMP_YOUTHLIFESKILLS,Youth violence: Extent of implementation of life-skills and social development programmes,,PUBLISHED,Published,,2012-2014,2012-2014,,AMR,Americas,,GUY,Guyana,,Limited,,,,,,
VIOLENCE_EXTENTIMP_YOUTHLIFESKILLS,Youth violence: Extent of implementation of life-skills and social development programmes,,PUBLISHED,Published,,2012-2014,2012-2014,,AMR,Americas,,NIC,Nicaragua,,Larger scale,,,,,,
VIOLENCE_EXTENTIMP_YOUTHLIFESKILLS,Youth violence: Extent of implementation of life-skills and social development programmes,,PUBLISHED,Published,,2012-2014,2012-2014,,AMR,Americas,,USA,United States of America,,Larger scale,,,,,,
VIOLENCE_EXTENTIMP_YOUTHLIFESKILLS,Youth violence: Extent of implementation of life-skills and social development programmes,,PUBLISHED,Published,,2012-2014,2012-2014,,EMR,Eastern Mediterranean,,IRN,Iran (Islamic Republic of),,Larger scale,,,,,,
VIOLENCE_EXTENTIMP_YOUTHLIFESKILLS,Youth violence: Extent of implementation of life-skills and social development programmes,,PUBLISHED,Published,,2012-2014,2012-2014,,EMR,Eastern Mediterranean,,MAR,Morocco,,Larger scale,,,,,,
VIOLENCE_EXTENTIMP_YOUTHLIFESKILLS,Youth violence: Extent of implementation of life-skills and social development programmes,,PUBLISHED,Published,,2012-2014,2012-2014,,EMR,Eastern Mediterranean,,SDN,Sudan,,Larger scale,,,,,,
VIOLENCE_EXTENTIMP_YOUTHLIFESKILLS,Youth violence: Extent of implementation of life-skills and social development programmes,,PUBLISHED,Published,,2012-2014,2012-2014,,EUR,Europe,,ARM,Armenia,,Limited,,,,,,
VIOLENCE_EXTENTIMP_YOUTHLIFESKILLS,Youth violence: Extent of implementation of life-skills and social development programmes,,PUBLISHED,Published,,2012-2014,2012-2014,,EUR,Europe,,CZE,Czechia,,Larger scale,,,,,,
VIOLENCE_EXTENTIMP_YOUTHLIFESKILLS,Youth violence: Extent of implementation of life-skills and social development programmes,,PUBLISHED,Published,,2012-2014,2012-2014,,EUR,Europe,,DEU,Germany,,Larger scale,,,,,,
VIOLENCE_EXTENTIMP_YOUTHLIFESKILLS,Youth violence: Extent of implementation of life-skills and social development programmes,,PUBLISHED,Published,,2012-2014,2012-2014,,EUR,Europe,,KAZ,Kazakhstan,,Larger scale,,,,,,
VIOLENCE_EXTENTIMP_YOUTHLIFESKILLS,Youth violence: Extent of implementation of life-skills and social development programmes,,PUBLISHED,Published,,2012-2014,2012-2014,,EUR,Europe,,KGZ,Kyrgyzstan,,Larger scale,,,,,,
VIOLENCE_EXTENTIMP_YOUTHLIFESKILLS,Youth violence: Extent of implementation of life-skills and social development programmes,,PUBLISHED,Published,,2012-2014,2012-2014,,EUR,Europe,,NLD,Netherlands,,Larger scale,,,,,,
VIOLENCE_EXTENTIMP_YOUTHLIFESKILLS,Youth violence: Extent of implementation of life-skills and social development programmes,,PUBLISHED,Published,,2012-2014,2012-2014,,EUR,Europe,,MDA,Republic of Moldova,,Larger scale,,,,,,
VIOLENCE_EXTENTIMP_YOUTHLIFESKILLS,Youth violence: Extent of implementation of life-skills and social development programmes,,PUBLISHED,Published,,2012-2014,2012-2014,,EUR,Europe,,SRB,Serbia,,Larger scale,,,,,,
VIOLENCE_EXTENTIMP_YOUTHLIFESKILLS,Youth violence: Extent of implementation of life-skills and social development programmes,,PUBLISHED,Published,,2012-2014,2012-2014,,EUR,Europe,,SWE,Sweden,,Larger scale,,,,,,
VIOLENCE_EXTENTIMP_YOUTHLIFESKILLS,Youth violence: Extent of implementation of life-skills and social development programmes,,PUBLISHED,Published,,2012-2014,2012-2014,,EUR,Europe,,TUR,Turkey,,Larger scale,,,,,,
VIOLENCE_EXTENTIMP_YOUTHLIFESKILLS,Youth violence: Extent of implementation of life-skills and social development programmes,,PUBLISHED,Published,,2012-2014,2012-2014,,SEAR,South-East Asia,,BTN,Bhutan,,Limited,,,,,,
VIOLENCE_EXTENTIMP_YOUTHLIFESKILLS,Youth violence: Extent of implementation of life-skills and social development programmes,,PUBLISHED,Published,,2012-2014,2012-2014,,SEAR,South-East Asia,,MMR,Myanmar,,Limited,,,,,,
VIOLENCE_EXTENTIMP_YOUTHLIFESKILLS,Youth violence: Extent of implementation of life-skills and social development programmes,,PUBLISHED,Published,,2012-2014,2012-2014,,SEAR,South-East Asia,,NPL,Nepal,,Limited,,,,,,
VIOLENCE_EXTENTIMP_YOUTHLIFESKILLS,Youth violence: Extent of implementation of life-skills and social development programmes,,PUBLISHED,Published,,2012-2014,2012-2014,,WPR,Western Pacific,,KHM,Cambodia,,None,,,,,,
VIOLENCE_EXTENTIMP_YOUTHLIFESKILLS,Youth violence: Extent of implementation of life-skills and social development programmes,,PUBLISHED,Published,,2012-2014,2012-2014,,WPR,Western Pacific,,JPN,Japan,,None,,,,,,
VIOLENCE_EXTENTIMP_YOUTHLIFESKILLS,Youth violence: Extent of implementation of life-skills and social development programmes,,PUBLISHED,Published,,2012-2014,2012-2014,,WPR,Western Pacific,,MNG,Mongolia,,Larger scale,,,,,,
VIOLENCE_EXTENTIMP_YOUTHLIFESKILLS,Youth violence: Extent of implementation of life-skills and social development programmes,,PUBLISHED,Published,,2012-2014,2012-2014,,WPR,Western Pacific,,WSM,Samoa,,None,,,,,,
VIOLENCE_EXTENTIMP_YOUTHLIFESKILLS,Youth violence: Extent of implementation of life-skills and social development programmes,,PUBLISHED,Published,,2012-2014,2012-2014,,WPR,Western Pacific,,VUT,Vanuatu,,None,,,,,,
